id,start_datetime,zone,corridor,duration_minutes,impact_class,oof_duration_pred,oof_impact_class_pred,oof_prob_Critical,oof_prob_High,oof_prob_Low,oof_prob_Medium
FKID005760,2023-11-09 19:24:48.154000+00:00,0,11,203.8,Medium,0.0,Critical,0.0,0.0,0.0,0.0
FKID005767,2023-11-09 22:35:52.555000+00:00,1,11,97.6,Medium,0.0,Critical,0.0,0.0,0.0,0.0
FKID005770,2023-11-10 00:31:14.562000+00:00,1,10,29.4,Low,0.0,Critical,0.0,0.0,0.0,0.0
FKID005198,2023-11-10 01:22:07.058000+00:00,4,14,62.7,Low,0.0,Critical,0.0,0.0,0.0,0.0
FKID005775,2023-11-10 03:13:04.389000+00:00,9,10,59.2,Medium,0.0,Critical,0.0,0.0,0.0,0.0
FKID005778,2023-11-10 03:21:00.257000+00:00,8,19,18.2,Low,0.0,Critical,0.0,0.0,0.0,0.0
FKID005199,2023-11-10 03:34:33.419000+00:00,5,2,82.5,Medium,0.0,Critical,0.0,0.0,0.0,0.0
FKID005779,2023-11-10 03:36:34.159000+00:00,8,19,52.7,Medium,0.0,Critical,0.0,0.0,0.0,0.0
FKID005781,2023-11-10 06:05:28.736000+00:00,6,11,119.3,Medium,0.0,Critical,0.0,0.0,0.0,0.0
FKID005200,2023-11-10 06:06:31.253000+00:00,4,6,75.2,Medium,0.0,Critical,0.0,0.0,0.0,0.0
FKID004410,2023-11-10 07:33:05.108000+00:00,2,11,45.7,Low,0.0,Critical,0.0,0.0,0.0,0.0
FKID005786,2023-11-10 08:43:53.240000+00:00,1,11,22.1,Low,0.0,Critical,0.0,0.0,0.0,0.0
FKID005788,2023-11-10 19:23:34.823000+00:00,7,7,88.4,Medium,0.0,Critical,0.0,0.0,0.0,0.0
FKID005201,2023-11-10 19:28:39.194000+00:00,5,15,10.7,Low,0.0,Critical,0.0,0.0,0.0,0.0
FKID005791,2023-11-10 20:01:00.064000+00:00,1,10,35.2,Low,0.0,Critical,0.0,0.0,0.0,0.0
FKID005807,2023-11-11 01:11:03.087000+00:00,9,11,71.2,Low,0.0,Critical,0.0,0.0,0.0,0.0
FKID005809,2023-11-11 03:45:53.353000+00:00,1,10,43.4,Medium,0.0,Critical,0.0,0.0,0.0,0.0
FKID005811,2023-11-11 04:31:20.436000+00:00,1,11,31.1,Low,0.0,Critical,0.0,0.0,0.0,0.0
FKID005202,2023-11-11 04:48:47.417000+00:00,3,11,159.3,High,0.0,Critical,0.0,0.0,0.0,0.0
FKID005812,2023-11-11 04:50:51.264000+00:00,4,14,91.4,Medium,0.0,Critical,0.0,0.0,0.0,0.0
FKID005813,2023-11-11 04:52:08.891000+00:00,1,11,50.2,Low,0.0,Critical,0.0,0.0,0.0,0.0
FKID005814,2023-11-11 05:42:13.019000+00:00,9,19,30.3,Low,0.0,Critical,0.0,0.0,0.0,0.0
FKID004433,2023-11-11 12:45:29.415000+00:00,8,15,47.2,High,0.0,Critical,0.0,0.0,0.0,0.0
FKID005823,2023-11-11 19:12:42.988000+00:00,1,10,99.4,High,0.0,Critical,0.0,0.0,0.0,0.0
FKID005825,2023-11-11 20:06:30.999000+00:00,1,11,107.3,Medium,0.0,Critical,0.0,0.0,0.0,0.0
FKID004440,2023-11-11 20:39:07.208000+00:00,5,2,84.8,Medium,0.0,Critical,0.0,0.0,0.0,0.0
FKID005827,2023-11-11 21:01:05.939000+00:00,1,11,44.5,Low,0.0,Critical,0.0,0.0,0.0,0.0
FKID005828,2023-11-11 21:31:53.606000+00:00,1,10,53.1,High,0.0,Critical,0.0,0.0,0.0,0.0
FKID005831,2023-11-11 21:44:37.907000+00:00,9,2,114.1,Medium,0.0,Critical,0.0,0.0,0.0,0.0
FKID005836,2023-11-12 00:21:45.465000+00:00,4,14,301.0,High,0.0,Critical,0.0,0.0,0.0,0.0
FKID005837,2023-11-12 00:57:28.944000+00:00,4,14,68.3,Low,0.0,Critical,0.0,0.0,0.0,0.0
FKID005838,2023-11-12 00:59:57.974000+00:00,5,3,20.4,Low,0.0,Critical,0.0,0.0,0.0,0.0
FKID005839,2023-11-12 02:02:26.448000+00:00,1,11,52.0,Medium,0.0,Critical,0.0,0.0,0.0,0.0
FKID005204,2023-11-12 02:50:44.442000+00:00,8,11,17.3,Low,0.0,Critical,0.0,0.0,0.0,0.0
FKID005842,2023-11-12 03:35:58.978000+00:00,1,11,71.0,Medium,0.0,Critical,0.0,0.0,0.0,0.0
FKID005844,2023-11-12 04:44:50.996000+00:00,5,3,141.8,Medium,0.0,Critical,0.0,0.0,0.0,0.0
FKID005845,2023-11-12 05:22:00.746000+00:00,9,19,58.3,Medium,0.0,Critical,0.0,0.0,0.0,0.0
FKID004467,2023-11-12 22:14:10.715000+00:00,8,11,2.6,Low,0.0,Critical,0.0,0.0,0.0,0.0
FKID005855,2023-11-13 03:55:33.794000+00:00,1,11,64.2,Medium,0.0,Critical,0.0,0.0,0.0,0.0
FKID005856,2023-11-13 05:40:01.447000+00:00,5,3,16.3,Low,0.0,Critical,0.0,0.0,0.0,0.0
FKID005857,2023-11-13 05:48:26.114000+00:00,5,3,14.4,Low,0.0,Critical,0.0,0.0,0.0,0.0
FKID005860,2023-11-13 08:37:56.440000+00:00,1,11,44.0,Low,0.0,Critical,0.0,0.0,0.0,0.0
FKID004490,2023-11-13 19:25:13.070000+00:00,3,0,413.5,Critical,0.0,Critical,0.0,0.0,0.0,0.0
FKID005862,2023-11-13 20:14:26.870000+00:00,1,10,23.0,Low,0.0,Critical,0.0,0.0,0.0,0.0
FKID005205,2023-11-13 20:39:23.837000+00:00,2,13,746.4,Critical,0.0,Critical,0.0,0.0,0.0,0.0
FKID005206,2023-11-13 20:47:18.867000+00:00,2,12,40.8,Medium,0.0,Critical,0.0,0.0,0.0,0.0
FKID004497,2023-11-13 20:48:32.053000+00:00,1,2,77.1,Medium,0.0,Critical,0.0,0.0,0.0,0.0
FKID005865,2023-11-13 20:49:57.819000+00:00,2,11,32.8,Low,0.0,Critical,0.0,0.0,0.0,0.0
FKID005868,2023-11-13 21:43:18.376000+00:00,1,11,49.2,Low,0.0,Critical,0.0,0.0,0.0,0.0
FKID005872,2023-11-13 21:59:44.429000+00:00,1,11,60.2,Medium,0.0,Critical,0.0,0.0,0.0,0.0
FKID005873,2023-11-13 22:08:19.586000+00:00,6,11,42.6,Low,0.0,Critical,0.0,0.0,0.0,0.0
FKID005875,2023-11-13 23:13:26.598000+00:00,4,14,443.3,Critical,0.0,Critical,0.0,0.0,0.0,0.0
FKID005877,2023-11-13 23:59:16.944000+00:00,1,11,662.5,Critical,0.0,Critical,0.0,0.0,0.0,0.0
FKID005209,2023-11-14 01:30:18.438000+00:00,6,11,13.2,Low,0.0,Critical,0.0,0.0,0.0,0.0
FKID005880,2023-11-14 01:32:54.012000+00:00,6,11,19.0,Low,0.0,Critical,0.0,0.0,0.0,0.0
FKID005881,2023-11-14 02:01:21.512000+00:00,9,10,24.4,Medium,0.0,Critical,0.0,0.0,0.0,0.0
FKID005883,2023-11-14 02:25:51.726000+00:00,1,10,90.3,High,0.0,Critical,0.0,0.0,0.0,0.0
FKID005210,2023-11-14 02:29:38.088000+00:00,8,11,67.3,Low,0.0,Critical,0.0,0.0,0.0,0.0
FKID005884,2023-11-14 03:05:49.001000+00:00,8,16,51.1,Medium,0.0,Critical,0.0,0.0,0.0,0.0
FKID005886,2023-11-14 03:51:25.199000+00:00,1,11,10.2,Low,0.0,Critical,0.0,0.0,0.0,0.0
FKID005887,2023-11-14 04:13:05.841000+00:00,7,8,21.3,Medium,0.0,Critical,0.0,0.0,0.0,0.0
FKID005888,2023-11-14 05:00:00.447000+00:00,0,10,75.2,Low,0.0,Critical,0.0,0.0,0.0,0.0
FKID004512,2023-11-14 05:22:03.832884+00:00,5,11,36.7,Low,0.0,Critical,0.0,0.0,0.0,0.0
FKID005892,2023-11-14 06:23:12.182000+00:00,2,20,53.1,Medium,0.0,Critical,0.0,0.0,0.0,0.0
FKID005893,2023-11-14 07:10:54.803000+00:00,8,11,13.7,Low,0.0,Critical,0.0,0.0,0.0,0.0
FKID005894,2023-11-14 07:31:09.801000+00:00,4,0,51.9,Medium,0.0,Critical,0.0,0.0,0.0,0.0
FKID005895,2023-11-14 08:29:03.998000+00:00,9,19,63.9,Medium,0.0,Critical,0.0,0.0,0.0,0.0
FKID005899,2023-11-14 19:24:07.677000+00:00,1,11,53.4,Low,0.0,Critical,0.0,0.0,0.0,0.0
FKID005211,2023-11-14 19:27:14.312000+00:00,3,11,531.4,Medium,0.0,Critical,0.0,0.0,0.0,0.0
FKID004555,2023-11-14 20:54:58.344000+00:00,2,13,730.8,High,0.0,Critical,0.0,0.0,0.0,0.0
FKID005902,2023-11-14 20:55:02.629000+00:00,1,10,42.9,Low,0.0,Critical,0.0,0.0,0.0,0.0
FKID005904,2023-11-14 21:01:51.316000+00:00,8,19,40.5,Low,0.0,Critical,0.0,0.0,0.0,0.0
FKID004535,2023-11-14 22:57:07.409000+00:00,1,11,18.2,Low,0.0,Critical,0.0,0.0,0.0,0.0
FKID004536,2023-11-14 23:45:04.122000+00:00,8,9,34.9,Medium,0.0,Critical,0.0,0.0,0.0,0.0
FKID005915,2023-11-15 00:24:50.113000+00:00,6,11,62.6,Low,0.0,Critical,0.0,0.0,0.0,0.0
FKID005916,2023-11-15 01:17:59.091000+00:00,2,12,115.0,Medium,0.0,Critical,0.0,0.0,0.0,0.0
FKID005918,2023-11-15 01:51:41.669000+00:00,1,11,55.5,Low,0.0,Critical,0.0,0.0,0.0,0.0
FKID004546,2023-11-15 04:03:41.064000+00:00,2,11,13.9,Low,0.0,Critical,0.0,0.0,0.0,0.0
FKID004551,2023-11-15 04:53:44.640000+00:00,4,0,875.4,Critical,0.0,Critical,0.0,0.0,0.0,0.0
FKID004552,2023-11-15 05:40:35.620000+00:00,2,12,29.6,Low,0.0,Critical,0.0,0.0,0.0,0.0
FKID005924,2023-11-15 05:45:32.623000+00:00,7,8,47.1,Medium,0.0,Critical,0.0,0.0,0.0,0.0
FKID005213,2023-11-15 06:20:33.479000+00:00,0,17,1.6,Low,0.0,Critical,0.0,0.0,0.0,0.0
FKID005214,2023-11-15 07:26:05.112000+00:00,5,2,14.1,Low,0.0,Critical,0.0,0.0,0.0,0.0
FKID005928,2023-11-15 09:39:37.262000+00:00,5,11,85.2,Low,0.0,Critical,0.0,0.0,0.0,0.0
FKID005929,2023-11-15 09:53:10.689000+00:00,9,10,5.6,Low,0.0,Critical,0.0,0.0,0.0,0.0
FKID005931,2023-11-15 19:07:57.478000+00:00,5,3,7.9,Low,0.0,Critical,0.0,0.0,0.0,0.0
FKID004563,2023-11-15 20:54:54.089000+00:00,2,13,730.9,High,0.0,Critical,0.0,0.0,0.0,0.0
FKID005939,2023-11-15 21:10:06.211000+00:00,2,20,78.7,Medium,0.0,Critical,0.0,0.0,0.0,0.0
FKID005942,2023-11-15 21:28:29.638000+00:00,2,12,1417.0,High,0.0,Critical,0.0,0.0,0.0,0.0
FKID005943,2023-11-15 21:31:42.001000+00:00,0,17,4.6,Low,0.0,Critical,0.0,0.0,0.0,0.0
FKID004569,2023-11-15 21:43:26.893000+00:00,1,11,98.9,Low,0.0,Critical,0.0,0.0,0.0,0.0
FKID005946,2023-11-15 23:12:41.203000+00:00,1,11,41.4,Low,0.0,Critical,0.0,0.0,0.0,0.0
FKID005216,2023-11-15 23:42:29.770000+00:00,4,15,347.3,High,0.0,Critical,0.0,0.0,0.0,0.0
FKID005948,2023-11-15 23:50:33.280000+00:00,4,14,400.2,Critical,0.0,Critical,0.0,0.0,0.0,0.0
FKID005950,2023-11-16 00:25:52.730000+00:00,1,5,90.4,Low,0.0,Critical,0.0,0.0,0.0,0.0
FKID005953,2023-11-16 02:14:24.917000+00:00,5,3,250.2,High,0.0,Critical,0.0,0.0,0.0,0.0
FKID005961,2023-11-16 04:45:45.042000+00:00,1,11,40.9,Low,0.0,Critical,0.0,0.0,0.0,0.0
FKID004589,2023-11-16 06:03:32.364000+00:00,7,12,89.8,Medium,0.0,Critical,0.0,0.0,0.0,0.0
FKID005964,2023-11-16 06:48:45.916000+00:00,8,11,50.3,Low,0.0,Critical,0.0,0.0,0.0,0.0
FKID005965,2023-11-16 06:50:55.756000+00:00,5,3,68.2,Low,0.0,Critical,0.0,0.0,0.0,0.0
FKID005970,2023-11-16 07:45:57.709000+00:00,5,3,103.6,Medium,0.0,Critical,0.0,0.0,0.0,0.0
FKID005975,2023-11-16 20:03:14.191000+00:00,8,11,27.8,Low,0.0,Critical,0.0,0.0,0.0,0.0
FKID005976,2023-11-16 20:06:19.686000+00:00,1,11,54.7,Low,0.0,Critical,0.0,0.0,0.0,0.0
FKID004600,2023-11-16 20:14:24.759000+00:00,8,15,70.7,Medium,0.0,Critical,0.0,0.0,0.0,0.0
FKID005977,2023-11-16 20:25:43.455000+00:00,8,19,36.7,Low,0.0,Critical,0.0,0.0,0.0,0.0
FKID005979,2023-11-16 20:36:55.601000+00:00,3,17,5.8,Low,0.0,Critical,0.0,0.0,0.0,0.0
FKID004596,2023-11-16 20:55:20.317000+00:00,5,11,86.9,Medium,0.0,Critical,0.0,0.0,0.0,0.0
FKID004597,2023-11-16 20:58:51.550000+00:00,2,13,726.9,High,0.0,Critical,0.0,0.0,0.0,0.0
FKID004601,2023-11-16 21:10:15.793000+00:00,5,11,44.7,Low,0.0,Critical,0.0,0.0,0.0,0.0
FKID005986,2023-11-16 22:18:50.862000+00:00,8,10,38.8,Medium,0.0,Critical,0.0,0.0,0.0,0.0
FKID005987,2023-11-16 22:38:33.642000+00:00,0,18,43.6,Medium,0.0,Critical,0.0,0.0,0.0,0.0
FKID005990,2023-11-16 23:03:49.512000+00:00,0,11,105.1,Medium,0.0,Critical,0.0,0.0,0.0,0.0
FKID005991,2023-11-16 23:17:30.182000+00:00,9,19,15.3,Low,0.0,Critical,0.0,0.0,0.0,0.0
FKID005993,2023-11-17 00:44:17.062000+00:00,1,11,9.1,Low,0.0,Critical,0.0,0.0,0.0,0.0
FKID005994,2023-11-17 00:50:29.091000+00:00,0,10,40.4,Low,0.0,Critical,0.0,0.0,0.0,0.0
FKID005995,2023-11-17 00:56:44.332000+00:00,4,6,33.7,Low,0.0,Critical,0.0,0.0,0.0,0.0
FKID004606,2023-11-17 01:10:29.045000+00:00,5,2,33.7,Low,0.0,Critical,0.0,0.0,0.0,0.0
FKID005997,2023-11-17 01:58:55.220000+00:00,2,12,77.9,Medium,0.0,Critical,0.0,0.0,0.0,0.0
FKID005998,2023-11-17 03:42:07.102000+00:00,4,3,15.6,Low,0.0,Critical,0.0,0.0,0.0,0.0
FKID006001,2023-11-17 03:58:57.946000+00:00,1,11,84.3,Medium,0.0,Critical,0.0,0.0,0.0,0.0
FKID006002,2023-11-17 04:22:31.126000+00:00,1,11,9.7,Low,0.0,Critical,0.0,0.0,0.0,0.0
FKID006003,2023-11-17 05:10:53.441000+00:00,3,11,84.8,Medium,0.0,Critical,0.0,0.0,0.0,0.0
FKID005221,2023-11-17 05:38:28.352000+00:00,5,2,36.8,Low,0.0,Critical,0.0,0.0,0.0,0.0
FKID005222,2023-11-17 05:46:13.415000+00:00,0,17,63.5,Medium,0.0,Critical,0.0,0.0,0.0,0.0
FKID004609,2023-11-17 07:19:27.655000+00:00,8,11,240.3,Medium,0.0,Critical,0.0,0.0,0.0,0.0
FKID006007,2023-11-17 14:04:05.449000+00:00,5,3,59.4,Low,0.0,Critical,0.0,0.0,0.0,0.0
FKID004612,2023-11-17 20:22:41.420000+00:00,8,11,39.6,Low,0.0,Critical,0.0,0.0,0.0,0.0
FKID006010,2023-11-17 20:43:18.334000+00:00,9,11,77.6,Low,0.0,Critical,0.0,0.0,0.0,0.0
FKID006011,2023-11-17 20:45:58.895000+00:00,9,16,72.5,Medium,0.0,Critical,0.0,0.0,0.0,0.0
FKID004613,2023-11-17 21:02:50.145000+00:00,1,11,32.5,Low,0.0,Critical,0.0,0.0,0.0,0.0
FKID005223,2023-11-17 21:23:30.932000+00:00,2,13,702.3,High,0.0,Critical,0.0,0.0,0.0,0.0
FKID006012,2023-11-17 21:31:31.276000+00:00,9,9,104.0,Medium,0.0,Critical,0.0,0.0,0.0,0.0
FKID004615,2023-11-17 22:10:32.150000+00:00,1,2,452.1,High,0.0,Critical,0.0,0.0,0.0,0.0
FKID006016,2023-11-17 23:20:41.626000+00:00,2,17,84.9,Low,0.0,Critical,0.0,0.0,0.0,0.0
FKID004620,2023-11-18 01:05:10.777000+00:00,3,11,14.0,Low,0.0,Critical,0.0,0.0,0.0,0.0
FKID006023,2023-11-18 01:27:06.111000+00:00,2,12,78.3,Medium,0.0,Critical,0.0,0.0,0.0,0.0
FKID006024,2023-11-18 01:41:48.468000+00:00,9,10,14.9,Low,0.0,Critical,0.0,0.0,0.0,0.0
FKID004625,2023-11-18 02:47:56.847000+00:00,5,15,205.9,High,0.0,Critical,0.0,0.0,0.0,0.0
FKID006026,2023-11-18 02:52:33.977000+00:00,9,11,37.4,Low,0.0,Critical,0.0,0.0,0.0,0.0
FKID006028,2023-11-18 04:36:41.962000+00:00,5,2,32.3,Low,0.0,Critical,0.0,0.0,0.0,0.0
FKID004627,2023-11-18 05:03:16.464000+00:00,1,2,94.7,Medium,0.0,Critical,0.0,0.0,0.0,0.0
FKID004629,2023-11-18 06:12:44.254000+00:00,8,9,83.0,Low,0.0,Critical,0.0,0.0,0.0,0.0
FKID006031,2023-11-18 06:47:05.466000+00:00,2,12,23.4,Low,0.0,Critical,0.0,0.0,0.0,0.0
FKID006034,2023-11-18 07:42:58.176000+00:00,9,2,136.8,Medium,0.0,Critical,0.0,0.0,0.0,0.0
FKID004634,2023-11-18 09:24:48.962284+00:00,5,11,26.4,Low,0.0,Critical,0.0,0.0,0.0,0.0
FKID006036,2023-11-18 09:40:27.425000+00:00,9,11,13.5,Low,0.0,Critical,0.0,0.0,0.0,0.0
FKID006038,2023-11-18 19:21:45.653000+00:00,1,2,28.9,Low,0.0,Critical,0.0,0.0,0.0,0.0
FKID004643,2023-11-18 19:45:36.785000+00:00,3,13,72.5,Medium,0.0,Critical,0.0,0.0,0.0,0.0
FKID004646,2023-11-18 21:03:07.423000+00:00,2,13,722.6,High,0.0,Critical,0.0,0.0,0.0,0.0
FKID004132,2023-11-18 21:45:09.637000+00:00,1,11,37.7,Low,0.0,Critical,0.0,0.0,0.0,0.0
FKID004647,2023-11-18 22:03:12.241000+00:00,9,2,40.7,Low,0.0,Critical,0.0,0.0,0.0,0.0
FKID006046,2023-11-18 22:41:25.852000+00:00,5,15,10.3,Low,0.0,Critical,0.0,0.0,0.0,0.0
FKID006047,2023-11-18 23:45:32.575000+00:00,5,11,36.7,Low,0.0,Critical,0.0,0.0,0.0,0.0
FKID006049,2023-11-19 00:11:35.476000+00:00,0,18,3.1,Low,0.0,Critical,0.0,0.0,0.0,0.0
FKID006050,2023-11-19 00:13:11.488000+00:00,9,11,12.6,Low,0.0,Critical,0.0,0.0,0.0,0.0
FKID006051,2023-11-19 00:20:33.282000+00:00,5,11,3.4,Low,0.0,Critical,0.0,0.0,0.0,0.0
FKID006054,2023-11-19 01:27:46.454000+00:00,1,10,74.2,Low,0.0,Critical,0.0,0.0,0.0,0.0
FKID006058,2023-11-19 02:28:53.300000+00:00,4,15,6.1,Low,0.0,Critical,0.0,0.0,0.0,0.0
FKID004660,2023-11-19 02:45:48.779000+00:00,5,2,185.8,Medium,0.0,Critical,0.0,0.0,0.0,0.0
FKID006060,2023-11-19 04:39:44.397000+00:00,2,20,162.0,Medium,0.0,Critical,0.0,0.0,0.0,0.0
FKID006061,2023-11-19 04:44:16.765000+00:00,7,7,15.5,Low,0.0,Critical,0.0,0.0,0.0,0.0
FKID006062,2023-11-19 05:33:46.018000+00:00,1,10,81.5,Medium,0.0,Critical,0.0,0.0,0.0,0.0
FKID006067,2023-11-19 18:45:33.601000+00:00,2,11,26.4,Low,0.0,Critical,0.0,0.0,0.0,0.0
FKID006068,2023-11-19 19:15:08.738000+00:00,9,19,50.5,Low,0.0,Critical,0.0,0.0,0.0,0.0
FKID004682,2023-11-19 19:40:29.591000+00:00,8,11,392.2,Medium,0.0,Critical,0.0,0.0,0.0,0.0
FKID006069,2023-11-19 19:52:57.691000+00:00,1,11,51.4,Low,0.0,Critical,0.0,0.0,0.0,0.0
FKID004685,2023-11-19 20:09:57.865000+00:00,4,2,83.2,Critical,0.0,Critical,0.0,0.0,0.0,0.0
FKID006072,2023-11-19 20:58:06.516000+00:00,4,3,75.0,Medium,0.0,Critical,0.0,0.0,0.0,0.0
FKID004687,2023-11-19 21:07:41.992000+00:00,1,2,85.1,Low,0.0,Critical,0.0,0.0,0.0,0.0
FKID004689,2023-11-19 21:52:26.750000+00:00,8,11,102.0,Low,0.0,Critical,0.0,0.0,0.0,0.0
FKID006073,2023-11-19 22:33:03.054000+00:00,4,3,117.0,High,0.0,Critical,0.0,0.0,0.0,0.0
FKID004698,2023-11-19 23:17:00.794000+00:00,3,11,41.7,Low,0.0,Critical,0.0,0.0,0.0,0.0
FKID006075,2023-11-19 23:36:49.238000+00:00,0,8,74.1,Medium,0.0,Critical,0.0,0.0,0.0,0.0
FKID004699,2023-11-19 23:50:32.035000+00:00,2,11,41.0,Low,0.0,Critical,0.0,0.0,0.0,0.0
FKID004700,2023-11-20 00:26:36.551000+00:00,9,21,121.2,Medium,0.0,Critical,0.0,0.0,0.0,0.0
FKID006076,2023-11-20 00:29:18.079000+00:00,9,10,11.4,Low,0.0,Critical,0.0,0.0,0.0,0.0
FKID006078,2023-11-20 01:12:25.593000+00:00,9,2,68.0,Medium,0.0,Critical,0.0,0.0,0.0,0.0
FKID005226,2023-11-20 01:20:59.110000+00:00,8,11,1143.4,Medium,0.0,Critical,0.0,0.0,0.0,0.0
FKID005227,2023-11-20 01:48:16.799000+00:00,5,11,126.8,Medium,0.0,Critical,0.0,0.0,0.0,0.0
FKID006080,2023-11-20 03:14:14.911000+00:00,1,11,111.0,Low,0.0,Critical,0.0,0.0,0.0,0.0
FKID004702,2023-11-20 03:49:23.025000+00:00,8,9,60.1,Medium,0.0,Critical,0.0,0.0,0.0,0.0
FKID006083,2023-11-20 09:15:15.745000+00:00,1,11,16.7,Low,0.0,Critical,0.0,0.0,0.0,0.0
FKID006085,2023-11-20 13:05:54.666000+00:00,7,7,286.8,High,0.0,Critical,0.0,0.0,0.0,0.0
FKID006087,2023-11-20 18:54:12.932000+00:00,3,11,127.1,Medium,0.0,Critical,0.0,0.0,0.0,0.0
FKID004710,2023-11-20 19:28:18.166000+00:00,3,11,99.2,Low,0.0,Critical,0.0,0.0,0.0,0.0
FKID006091,2023-11-20 19:32:14.524000+00:00,4,6,219.5,Medium,0.0,Critical,0.0,0.0,0.0,0.0
FKID006077,2023-11-20 19:53:38.164000+00:00,1,11,98.2,Medium,0.0,Critical,0.0,0.0,0.0,0.0
FKID005231,2023-11-20 20:48:51.103000+00:00,9,2,16.3,Low,0.0,Critical,0.0,0.0,0.0,0.0
FKID005232,2023-11-20 20:55:05.145000+00:00,0,11,87.9,Medium,0.0,Critical,0.0,0.0,0.0,0.0
FKID006097,2023-11-20 21:31:51.866000+00:00,6,16,20.8,Low,0.0,Critical,0.0,0.0,0.0,0.0
FKID006102,2023-11-20 22:34:44.699000+00:00,0,17,69.8,Medium,0.0,Critical,0.0,0.0,0.0,0.0
FKID006103,2023-11-20 22:44:45.710000+00:00,9,19,2.1,Low,0.0,Critical,0.0,0.0,0.0,0.0
FKID006104,2023-11-20 22:52:37.745000+00:00,1,10,159.8,High,0.0,Critical,0.0,0.0,0.0,0.0
FKID006107,2023-11-21 00:24:09.322000+00:00,8,19,75.3,Medium,0.0,Critical,0.0,0.0,0.0,0.0
FKID004724,2023-11-21 02:22:22.951000+00:00,5,15,13.8,Low,0.0,Critical,0.0,0.0,0.0,0.0
FKID006109,2023-11-21 02:42:50.654000+00:00,0,10,70.4,Medium,0.0,Critical,0.0,0.0,0.0,0.0
FKID006110,2023-11-21 02:46:36.113000+00:00,1,11,105.8,Medium,0.0,Critical,0.0,0.0,0.0,0.0
FKID006111,2023-11-21 03:38:23.959000+00:00,5,3,37.2,Low,0.0,Critical,0.0,0.0,0.0,0.0
FKID006113,2023-11-21 05:24:33.168000+00:00,9,21,61.7,Medium,0.0,Critical,0.0,0.0,0.0,0.0
FKID006114,2023-11-21 06:17:26.599000+00:00,8,10,65.5,Medium,0.0,Critical,0.0,0.0,0.0,0.0
FKID006115,2023-11-21 06:26:43.162000+00:00,0,18,74.6,Low,0.0,Critical,0.0,0.0,0.0,0.0
FKID006116,2023-11-21 06:52:10.203000+00:00,1,11,59.1,Low,0.0,Critical,0.0,0.0,0.0,0.0
FKID006118,2023-11-21 08:23:00.469000+00:00,7,12,4.8,Low,0.0,Critical,0.0,0.0,0.0,0.0
FKID004731,2023-11-21 08:29:29.201000+00:00,5,11,92.4,Medium,0.0,Critical,0.0,0.0,0.0,0.0
FKID004732,2023-11-21 08:48:30.866000+00:00,9,9,79.7,Medium,0.0,Critical,0.0,0.0,0.0,0.0
FKID006124,2023-11-21 19:37:57.607000+00:00,4,14,21.8,Low,0.0,Critical,0.0,0.0,0.0,0.0
FKID006126,2023-11-21 20:20:18.888000+00:00,1,10,34.8,Low,0.0,Critical,0.0,0.0,0.0,0.0
FKID006127,2023-11-21 20:29:57.955000+00:00,9,21,13.0,Low,0.0,Critical,0.0,0.0,0.0,0.0
FKID006129,2023-11-21 20:38:34.192000+00:00,4,6,124.5,Medium,0.0,Critical,0.0,0.0,0.0,0.0
FKID004766,2023-11-21 21:00:50.212000+00:00,2,13,724.9,High,0.0,Critical,0.0,0.0,0.0,0.0
FKID006130,2023-11-21 21:05:49.951000+00:00,4,6,97.2,Low,0.0,Critical,0.0,0.0,0.0,0.0
FKID006134,2023-11-21 21:41:37.549000+00:00,0,17,59.5,Low,0.0,Critical,0.0,0.0,0.0,0.0
FKID006135,2023-11-21 22:00:11.454000+00:00,1,11,97.9,Low,0.0,Critical,0.0,0.0,0.0,0.0
FKID006136,2023-11-21 22:37:29.234000+00:00,5,3,111.7,High,0.0,Critical,0.0,0.0,0.0,0.0
FKID006140,2023-11-22 00:48:50.357000+00:00,8,11,75.9,Low,0.0,Critical,0.0,0.0,0.0,0.0
FKID004748,2023-11-22 00:49:01.318000+00:00,5,15,26.2,Low,0.0,Critical,0.0,0.0,0.0,0.0
FKID005235,2023-11-22 00:55:25.585000+00:00,3,13,695.0,High,0.0,Critical,0.0,0.0,0.0,0.0
FKID005234,2023-11-22 00:55:45.340000+00:00,9,2,1356.0,Critical,0.0,Critical,0.0,0.0,0.0,0.0
FKID006141,2023-11-22 01:39:03.012000+00:00,0,10,23.3,Low,0.0,Critical,0.0,0.0,0.0,0.0
FKID005236,2023-11-22 01:47:07.379000+00:00,8,9,6.5,Low,0.0,Critical,0.0,0.0,0.0,0.0
FKID004754,2023-11-22 03:38:33.175000+00:00,5,2,61.2,Medium,0.0,Critical,0.0,0.0,0.0,0.0
FKID006142,2023-11-22 03:39:47.127000+00:00,1,10,34.0,Low,0.0,Critical,0.0,0.0,0.0,0.0
FKID006143,2023-11-22 03:54:50.763000+00:00,8,19,7.5,Low,0.0,Critical,0.0,0.0,0.0,0.0
FKID004756,2023-11-22 04:08:50.180000+00:00,2,12,1319.2,Critical,0.0,Critical,0.0,0.0,0.0,0.0
FKID006146,2023-11-22 05:03:04.463000+00:00,0,17,144.9,High,0.0,Critical,0.0,0.0,0.0,0.0
FKID006147,2023-11-22 05:39:47.779000+00:00,0,18,10.7,Low,0.0,Critical,0.0,0.0,0.0,0.0
FKID006149,2023-11-22 06:16:13.466000+00:00,1,10,53.0,Low,0.0,Critical,0.0,0.0,0.0,0.0
FKID006150,2023-11-22 06:54:24.776000+00:00,1,9,69.1,Low,0.0,Critical,0.0,0.0,0.0,0.0
FKID005237,2023-11-22 06:57:10.465000+00:00,5,2,43.0,Low,0.0,Critical,0.0,0.0,0.0,0.0
FKID006151,2023-11-22 07:06:31.860000+00:00,8,11,146.4,Medium,0.0,Critical,0.0,0.0,0.0,0.0
FKID006153,2023-11-22 07:44:01.912000+00:00,0,11,22.9,Low,0.0,Critical,0.0,0.0,0.0,0.0
FKID004764,2023-11-22 08:53:45.376000+00:00,5,11,12.9,Low,0.0,Critical,0.0,0.0,0.0,0.0
FKID004770,2023-11-22 13:59:31.290000+00:00,3,11,44.1,Low,0.0,Critical,0.0,0.0,0.0,0.0
FKID006160,2023-11-22 18:34:54.041000+00:00,7,12,606.3,High,0.0,Critical,0.0,0.0,0.0,0.0
FKID006161,2023-11-22 18:46:57.493000+00:00,8,19,29.7,Low,0.0,Critical,0.0,0.0,0.0,0.0
FKID004784,2023-11-22 20:57:12.687000+00:00,2,13,728.6,High,0.0,Critical,0.0,0.0,0.0,0.0
FKID005239,2023-11-22 21:20:41.117000+00:00,2,12,2.1,Low,0.0,Critical,0.0,0.0,0.0,0.0
FKID006167,2023-11-22 21:50:11.097000+00:00,2,17,219.0,Medium,0.0,Critical,0.0,0.0,0.0,0.0
FKID006169,2023-11-22 22:20:43.544000+00:00,2,20,39.0,Medium,0.0,Critical,0.0,0.0,0.0,0.0
FKID006174,2023-11-23 00:58:24.093000+00:00,7,7,31.4,Low,0.0,Critical,0.0,0.0,0.0,0.0
FKID005240,2023-11-23 01:19:44.024000+00:00,4,11,29.9,Low,0.0,Critical,0.0,0.0,0.0,0.0
FKID006176,2023-11-23 02:12:14.670000+00:00,1,5,33.0,Low,0.0,Critical,0.0,0.0,0.0,0.0
FKID006178,2023-11-23 02:28:06.583000+00:00,9,3,55.0,Medium,0.0,Critical,0.0,0.0,0.0,0.0
FKID006180,2023-11-23 04:00:05.970000+00:00,5,2,6.4,Low,0.0,Critical,0.0,0.0,0.0,0.0
FKID005241,2023-11-23 04:11:07.563000+00:00,5,2,23.7,Low,0.0,Critical,0.0,0.0,0.0,0.0
FKID006181,2023-11-23 04:13:57.359000+00:00,6,7,9.6,Low,0.0,Critical,0.0,0.0,0.0,0.0
FKID004797,2023-11-23 05:09:59.682000+00:00,8,11,52.4,Low,0.0,Critical,0.0,0.0,0.0,0.0
FKID004801,2023-11-23 05:21:12.288000+00:00,8,9,120.5,Medium,0.0,Critical,0.0,0.0,0.0,0.0
FKID006182,2023-11-23 06:06:59.976000+00:00,9,10,152.4,Medium,0.0,Critical,0.0,0.0,0.0,0.0
FKID004808,2023-11-23 07:55:36.229000+00:00,9,2,91.0,Medium,0.0,Critical,0.0,0.0,0.0,0.0
FKID006185,2023-11-23 18:25:39.926000+00:00,9,2,3.1,Low,0.0,Critical,0.0,0.0,0.0,0.0
FKID004822,2023-11-23 20:07:10.432000+00:00,3,11,3.4,Low,0.0,Critical,0.0,0.0,0.0,0.0
FKID004823,2023-11-23 20:10:38.669000+00:00,3,11,329.1,High,0.0,Critical,0.0,0.0,0.0,0.0
FKID006188,2023-11-23 22:24:13.948000+00:00,9,21,106.8,Medium,0.0,Critical,0.0,0.0,0.0,0.0
FKID006190,2023-11-24 00:47:29.029000+00:00,1,5,97.4,Medium,0.0,Critical,0.0,0.0,0.0,0.0
FKID006191,2023-11-24 04:42:05.721000+00:00,1,2,48.4,Low,0.0,Critical,0.0,0.0,0.0,0.0
FKID006193,2023-11-24 05:47:57.829000+00:00,7,7,865.5,High,0.0,Critical,0.0,0.0,0.0,0.0
FKID006194,2023-11-24 08:00:55.130000+00:00,1,10,2.8,Low,0.0,Critical,0.0,0.0,0.0,0.0
FKID006195,2023-11-24 08:07:44.687000+00:00,0,11,2.7,Low,0.0,Critical,0.0,0.0,0.0,0.0
FKID004827,2023-11-24 20:03:33.494000+00:00,3,11,63.6,Low,0.0,Critical,0.0,0.0,0.0,0.0
FKID006197,2023-11-24 20:33:24.002000+00:00,6,1,11.8,Low,0.0,Critical,0.0,0.0,0.0,0.0
FKID006198,2023-11-24 20:55:48.768000+00:00,9,19,115.9,High,0.0,Critical,0.0,0.0,0.0,0.0
FKID006199,2023-11-24 21:35:24.362000+00:00,9,21,14.5,Medium,0.0,Critical,0.0,0.0,0.0,0.0
FKID006201,2023-11-24 22:18:28.515000+00:00,0,10,38.1,Low,0.0,Critical,0.0,0.0,0.0,0.0
FKID006205,2023-11-24 23:42:28.265000+00:00,5,2,6.2,Low,0.0,Critical,0.0,0.0,0.0,0.0
FKID006206,2023-11-25 01:07:09.329000+00:00,1,10,37.5,Low,0.0,Critical,0.0,0.0,0.0,0.0
FKID006208,2023-11-25 04:13:15.286000+00:00,9,10,44.5,Medium,0.0,Critical,0.0,0.0,0.0,0.0
FKID006212,2023-11-25 04:39:09.637000+00:00,5,3,53.1,Medium,0.0,Critical,0.0,0.0,0.0,0.0
FKID004840,2023-11-25 04:39:39.224000+00:00,4,6,50.4,Medium,0.0,Critical,0.0,0.0,0.0,0.0
FKID004841,2023-11-25 05:03:37.967000+00:00,4,3,44.6,Low,0.0,Critical,0.0,0.0,0.0,0.0
FKID004844,2023-11-25 05:40:10.246000+00:00,5,15,74.6,Medium,0.0,Critical,0.0,0.0,0.0,0.0
FKID004845,2023-11-25 05:45:04.080000+00:00,2,20,54.5,Low,0.0,Critical,0.0,0.0,0.0,0.0
FKID004846,2023-11-25 06:54:33.771000+00:00,5,2,96.5,Medium,0.0,Critical,0.0,0.0,0.0,0.0
FKID004139,2023-11-25 06:55:56.225000+00:00,5,3,133.6,High,0.0,Critical,0.0,0.0,0.0,0.0
FKID006214,2023-11-25 07:10:33.660000+00:00,8,19,31.9,Low,0.0,Critical,0.0,0.0,0.0,0.0
FKID006215,2023-11-25 19:13:05.773000+00:00,5,3,99.0,Medium,0.0,Critical,0.0,0.0,0.0,0.0
FKID006217,2023-11-25 21:37:16.003000+00:00,9,19,26.7,Low,0.0,Critical,0.0,0.0,0.0,0.0
FKID004855,2023-11-25 23:03:37.333000+00:00,3,11,79.9,Low,0.0,Critical,0.0,0.0,0.0,0.0
FKID004857,2023-11-25 23:42:35.994000+00:00,4,14,36.7,Low,0.0,Critical,0.0,0.0,0.0,0.0
FKID004859,2023-11-25 23:45:48.021000+00:00,8,11,8.8,Low,0.0,Critical,0.0,0.0,0.0,0.0
FKID004860,2023-11-26 01:16:49.650000+00:00,1,11,68.5,Low,0.0,Critical,0.0,0.0,0.0,0.0
FKID004862,2023-11-26 01:26:47.426000+00:00,5,3,79.2,Medium,0.0,Critical,0.0,0.0,0.0,0.0
FKID006224,2023-11-26 03:50:54.501000+00:00,5,15,36.8,Low,0.0,Critical,0.0,0.0,0.0,0.0
FKID006225,2023-11-26 03:54:55.646000+00:00,1,10,150.9,High,0.0,Critical,0.0,0.0,0.0,0.0
FKID006226,2023-11-26 04:12:17.691000+00:00,8,19,50.6,Medium,0.0,Critical,0.0,0.0,0.0,0.0
FKID006229,2023-11-26 05:15:52.700000+00:00,6,11,16.6,Low,0.0,Critical,0.0,0.0,0.0,0.0
FKID004873,2023-11-26 05:48:11.768000+00:00,1,11,9.7,Low,0.0,Critical,0.0,0.0,0.0,0.0
FKID004875,2023-11-26 06:32:02.176000+00:00,8,11,18.1,Low,0.0,Critical,0.0,0.0,0.0,0.0
FKID004885,2023-11-26 10:36:43.938000+00:00,1,11,60.0,Low,0.0,Critical,0.0,0.0,0.0,0.0
FKID004887,2023-11-26 10:42:59.612000+00:00,1,11,52.8,Low,0.0,Critical,0.0,0.0,0.0,0.0
FKID004884,2023-11-26 10:42:59.612000+00:00,1,11,52.8,Low,0.0,Critical,0.0,0.0,0.0,0.0
FKID006233,2023-11-26 20:05:41.182000+00:00,5,2,288.8,Critical,0.0,Critical,0.0,0.0,0.0,0.0
FKID006237,2023-11-26 22:38:17.055000+00:00,1,10,137.3,Medium,0.0,Critical,0.0,0.0,0.0,0.0
FKID006238,2023-11-26 22:53:27.950000+00:00,1,11,124.7,Medium,0.0,Critical,0.0,0.0,0.0,0.0
FKID006240,2023-11-27 00:23:20.856000+00:00,7,12,39.3,Low,0.0,Critical,0.0,0.0,0.0,0.0
FKID004889,2023-11-27 00:23:54.700000+00:00,8,21,38.2,Medium,0.0,Critical,0.0,0.0,0.0,0.0
FKID004891,2023-11-27 01:00:15.320000+00:00,8,9,8.9,Low,0.0,Critical,0.0,0.0,0.0,0.0
FKID006242,2023-11-27 01:46:45.689000+00:00,9,21,9.6,Low,0.0,Critical,0.0,0.0,0.0,0.0
FKID004900,2023-11-27 03:04:55.278000+00:00,9,2,7.3,Low,0.0,Critical,0.0,0.0,0.0,0.0
FKID004902,2023-11-27 03:44:35.705000+00:00,5,11,166.8,Medium,0.0,Critical,0.0,0.0,0.0,0.0
FKID006243,2023-11-27 03:47:02.828000+00:00,1,10,3.6,Low,0.0,Critical,0.0,0.0,0.0,0.0
FKID006244,2023-11-27 04:58:15.321000+00:00,3,11,43.0,Medium,0.0,Critical,0.0,0.0,0.0,0.0
FKID004906,2023-11-27 05:39:16.191000+00:00,2,11,241.5,Medium,0.0,Critical,0.0,0.0,0.0,0.0
FKID006245,2023-11-27 06:09:51.197000+00:00,8,9,30.0,Low,0.0,Critical,0.0,0.0,0.0,0.0
FKID006248,2023-11-27 06:25:47.912000+00:00,5,3,190.0,Medium,0.0,Critical,0.0,0.0,0.0,0.0
FKID006251,2023-11-27 07:40:09.297000+00:00,1,9,141.0,Medium,0.0,Critical,0.0,0.0,0.0,0.0
FKID004915,2023-11-27 18:47:56.845000+00:00,1,2,110.6,Medium,0.0,Critical,0.0,0.0,0.0,0.0
FKID004914,2023-11-27 19:04:48.648000+00:00,9,10,35.0,Low,0.0,Critical,0.0,0.0,0.0,0.0
FKID006252,2023-11-27 19:20:09.001000+00:00,8,9,64.0,High,0.0,Critical,0.0,0.0,0.0,0.0
FKID006255,2023-11-27 19:48:02.285000+00:00,2,12,100.0,Medium,0.0,Critical,0.0,0.0,0.0,0.0
FKID004916,2023-11-27 20:32:33.805000+00:00,5,11,29.1,Low,0.0,Critical,0.0,0.0,0.0,0.0
FKID004919,2023-11-27 20:37:54.439000+00:00,8,19,19.7,Low,0.0,Critical,0.0,0.0,0.0,0.0
FKID006257,2023-11-27 20:59:11.463000+00:00,8,10,36.4,Low,0.0,Critical,0.0,0.0,0.0,0.0
FKID006263,2023-11-27 22:09:25.255000+00:00,9,16,116.5,Medium,0.0,Critical,0.0,0.0,0.0,0.0
FKID006264,2023-11-27 22:16:20.793000+00:00,4,2,32.6,Medium,0.0,Critical,0.0,0.0,0.0,0.0
FKID006269,2023-11-27 23:32:27.120000+00:00,8,19,17.1,Low,0.0,Critical,0.0,0.0,0.0,0.0
FKID006271,2023-11-28 00:14:07.320000+00:00,7,12,24.4,Low,0.0,Critical,0.0,0.0,0.0,0.0
FKID006273,2023-11-28 01:20:09.639000+00:00,1,5,245.9,Medium,0.0,Critical,0.0,0.0,0.0,0.0
FKID006274,2023-11-28 03:24:29.915000+00:00,5,2,61.0,Low,0.0,Critical,0.0,0.0,0.0,0.0
FKID006275,2023-11-28 03:25:06.881000+00:00,1,11,75.1,Low,0.0,Critical,0.0,0.0,0.0,0.0
FKID006278,2023-11-28 03:31:41.415000+00:00,8,11,63.0,Medium,0.0,Critical,0.0,0.0,0.0,0.0
FKID006281,2023-11-28 03:36:31.545000+00:00,2,12,66.1,Medium,0.0,Critical,0.0,0.0,0.0,0.0
FKID005247,2023-11-28 04:33:40.141000+00:00,6,11,80.2,Medium,0.0,Critical,0.0,0.0,0.0,0.0
FKID004142,2023-11-28 05:30:33.835000+00:00,1,11,58.1,Low,0.0,Critical,0.0,0.0,0.0,0.0
FKID006285,2023-11-28 06:10:34.936000+00:00,1,10,4.3,Low,0.0,Critical,0.0,0.0,0.0,0.0
FKID004138,2023-11-28 06:29:56.409000+00:00,8,11,92.6,Medium,0.0,Critical,0.0,0.0,0.0,0.0
FKID006288,2023-11-28 06:54:59.417000+00:00,9,10,101.4,Medium,0.0,Critical,0.0,0.0,0.0,0.0
FKID005253,2023-11-28 07:01:34.136000+00:00,5,11,46.1,Low,0.0,Critical,0.0,0.0,0.0,0.0
FKID006292,2023-11-28 08:11:05.729000+00:00,9,2,71.7,Low,0.0,Critical,0.0,0.0,0.0,0.0
FKID006294,2023-11-28 08:31:28.744000+00:00,8,19,15.9,Low,0.0,Critical,0.0,0.0,0.0,0.0
FKID004176,2023-11-28 19:15:48.386000+00:00,5,2,73.4,Medium,0.0,Critical,0.0,0.0,0.0,0.0
FKID006296,2023-11-28 20:31:15.825000+00:00,9,2,26.9,Low,0.0,Critical,0.0,0.0,0.0,0.0
FKID006297,2023-11-28 20:34:28.456000+00:00,3,11,22.2,Low,0.0,Critical,0.0,0.0,0.0,0.0
FKID006298,2023-11-28 20:36:42.676000+00:00,8,19,52.3,Medium,0.0,Critical,0.0,0.0,0.0,0.0
FKID005255,2023-11-28 21:06:30.001000+00:00,2,13,719.3,High,0.0,Critical,0.0,0.0,0.0,0.0
FKID006300,2023-11-28 21:13:22.433000+00:00,0,11,8.7,Low,0.0,Critical,0.0,0.0,0.0,0.0
FKID006304,2023-11-28 21:58:52.355000+00:00,7,12,37.5,Low,0.0,Critical,0.0,0.0,0.0,0.0
FKID006307,2023-11-28 23:32:15.147000+00:00,9,21,53.4,Medium,0.0,Critical,0.0,0.0,0.0,0.0
FKID005256,2023-11-29 00:10:24.484000+00:00,2,11,23.3,Low,0.0,Critical,0.0,0.0,0.0,0.0
FKID006308,2023-11-29 00:26:10.183000+00:00,1,10,7.6,Low,0.0,Critical,0.0,0.0,0.0,0.0
FKID006309,2023-11-29 01:33:55.616000+00:00,1,10,18.3,Low,0.0,Critical,0.0,0.0,0.0,0.0
FKID006310,2023-11-29 03:11:26.755000+00:00,9,11,25.9,Low,0.0,Critical,0.0,0.0,0.0,0.0
FKID006312,2023-11-29 05:06:58.281000+00:00,9,16,57.3,Low,0.0,Critical,0.0,0.0,0.0,0.0
FKID006313,2023-11-29 05:44:53.601000+00:00,9,16,146.2,High,0.0,Critical,0.0,0.0,0.0,0.0
FKID006316,2023-11-29 06:23:36.460000+00:00,9,16,56.0,Low,0.0,Critical,0.0,0.0,0.0,0.0
FKID006317,2023-11-29 06:36:11.844000+00:00,7,7,36.5,Low,0.0,Critical,0.0,0.0,0.0,0.0
FKID004257,2023-11-29 07:19:36.539000+00:00,6,15,91.4,Medium,0.0,Critical,0.0,0.0,0.0,0.0
FKID004262,2023-11-29 08:34:42.734000+00:00,8,11,76.0,Low,0.0,Critical,0.0,0.0,0.0,0.0
FKID004264,2023-11-29 19:38:49.753000+00:00,4,2,119.7,High,0.0,Critical,0.0,0.0,0.0,0.0
FKID004272,2023-11-29 19:57:23.621000+00:00,3,11,2.4,Low,0.0,Critical,0.0,0.0,0.0,0.0
FKID006325,2023-11-29 20:08:01.121000+00:00,1,11,89.0,Low,0.0,Critical,0.0,0.0,0.0,0.0
FKID006329,2023-11-29 20:33:24.731000+00:00,9,11,32.3,Low,0.0,Critical,0.0,0.0,0.0,0.0
FKID006327,2023-11-29 20:33:58.294000+00:00,2,11,1346.6,Medium,0.0,Critical,0.0,0.0,0.0,0.0
FKID006330,2023-11-29 20:37:30.607000+00:00,2,11,1343.1,Medium,0.0,Critical,0.0,0.0,0.0,0.0
FKID005258,2023-11-29 20:52:42.996000+00:00,2,13,733.1,High,0.0,Critical,0.0,0.0,0.0,0.0
FKID006331,2023-11-29 20:54:03.746000+00:00,9,2,31.6,Low,0.0,Critical,0.0,0.0,0.0,0.0
FKID006332,2023-11-29 21:11:34.473000+00:00,1,10,20.9,Low,0.0,Critical,0.0,0.0,0.0,0.0
FKID006333,2023-11-29 21:52:18.292000+00:00,8,11,75.5,Low,0.0,Critical,0.0,0.0,0.0,0.0
FKID004274,2023-11-29 22:27:55.735000+00:00,0,14,52.8,Low,0.0,Critical,0.0,0.0,0.0,0.0
FKID006339,2023-11-29 23:45:50.690000+00:00,3,14,9.4,Low,0.0,Critical,0.0,0.0,0.0,0.0
FKID004281,2023-11-30 00:39:03.874000+00:00,4,14,19.1,Low,0.0,Critical,0.0,0.0,0.0,0.0
FKID005259,2023-11-30 00:46:09.615000+00:00,8,9,77.7,Low,0.0,Critical,0.0,0.0,0.0,0.0
FKID006346,2023-11-30 02:27:32.889000+00:00,0,18,49.6,Low,0.0,Critical,0.0,0.0,0.0,0.0
FKID004284,2023-11-30 03:47:12.367000+00:00,8,10,7.9,Low,0.0,Critical,0.0,0.0,0.0,0.0
FKID006348,2023-11-30 04:23:01.188000+00:00,9,9,72.4,Medium,0.0,Critical,0.0,0.0,0.0,0.0
FKID006362,2023-11-30 18:27:07.521000+00:00,3,11,2.1,Low,0.0,Critical,0.0,0.0,0.0,0.0
FKID006365,2023-11-30 19:20:47.629000+00:00,4,3,61.2,Low,0.0,Critical,0.0,0.0,0.0,0.0
FKID006368,2023-11-30 19:54:49.767000+00:00,5,15,33.2,Low,0.0,Critical,0.0,0.0,0.0,0.0
FKID006371,2023-11-30 20:57:11.118000+00:00,1,5,135.6,Medium,0.0,Critical,0.0,0.0,0.0,0.0
FKID004299,2023-11-30 20:59:39.933000+00:00,2,13,726.1,High,0.0,Critical,0.0,0.0,0.0,0.0
FKID006372,2023-11-30 21:04:01.351000+00:00,8,11,74.8,Low,0.0,Critical,0.0,0.0,0.0,0.0
FKID004311,2023-11-30 21:05:35.432000+00:00,2,11,147.5,Medium,0.0,Critical,0.0,0.0,0.0,0.0
FKID004302,2023-11-30 21:57:57.787000+00:00,5,11,45.3,Low,0.0,Critical,0.0,0.0,0.0,0.0
FKID006375,2023-11-30 22:35:59.243000+00:00,1,9,66.2,Medium,0.0,Critical,0.0,0.0,0.0,0.0
FKID004312,2023-11-30 23:28:35.932000+00:00,0,12,79.8,Medium,0.0,Critical,0.0,0.0,0.0,0.0
FKID006379,2023-12-01 01:23:44.985000+00:00,1,11,39.1,Low,0.0,Critical,0.0,0.0,0.0,0.0
FKID004317,2023-12-01 01:39:14.674000+00:00,2,11,108.0,Medium,0.0,Critical,0.0,0.0,0.0,0.0
FKID004316,2023-12-01 02:53:57.430000+00:00,5,11,8.5,Low,0.0,Critical,0.0,0.0,0.0,0.0
FKID006380,2023-12-01 03:32:15.728000+00:00,8,19,5.7,Low,0.0,Critical,0.0,0.0,0.0,0.0
FKID006381,2023-12-01 03:40:25.189000+00:00,1,11,69.6,Low,0.0,Critical,0.0,0.0,0.0,0.0
FKID004319,2023-12-01 03:47:04.057000+00:00,8,19,71.7,Medium,0.0,Critical,0.0,0.0,0.0,0.0
FKID004318,2023-12-01 03:54:22.962000+00:00,5,11,15.1,Low,0.0,Critical,0.0,0.0,0.0,0.0
FKID005263,2023-12-01 05:11:33.664000+00:00,3,11,4.2,Low,0.0,Critical,0.0,0.0,0.0,0.0
FKID006386,2023-12-01 05:42:01.090000+00:00,6,11,131.7,Medium,0.0,Critical,0.0,0.0,0.0,0.0
FKID006387,2023-12-01 05:46:58.733000+00:00,7,7,24.1,Low,0.0,Critical,0.0,0.0,0.0,0.0
FKID006388,2023-12-01 05:53:31.990000+00:00,1,10,54.6,Medium,0.0,Critical,0.0,0.0,0.0,0.0
FKID006391,2023-12-01 05:59:28.219000+00:00,5,3,12.5,Low,0.0,Critical,0.0,0.0,0.0,0.0
FKID005265,2023-12-01 07:00:16.286000+00:00,8,11,15.7,Low,0.0,Critical,0.0,0.0,0.0,0.0
FKID006393,2023-12-01 07:36:07.294000+00:00,1,10,10.4,Low,0.0,Critical,0.0,0.0,0.0,0.0
FKID004326,2023-12-01 09:15:18.262000+00:00,5,11,52.8,Low,0.0,Critical,0.0,0.0,0.0,0.0
FKID005266,2023-12-01 19:43:39.435000+00:00,3,11,414.5,Medium,0.0,Critical,0.0,0.0,0.0,0.0
FKID006400,2023-12-01 19:43:58.350000+00:00,7,7,162.6,High,0.0,Critical,0.0,0.0,0.0,0.0
FKID004362,2023-12-01 21:08:04.179000+00:00,2,13,717.7,High,0.0,Critical,0.0,0.0,0.0,0.0
FKID006403,2023-12-01 21:53:32.337000+00:00,2,12,39.9,Low,0.0,Critical,0.0,0.0,0.0,0.0
FKID006405,2023-12-01 22:59:43.476000+00:00,4,0,19.6,Low,0.0,Critical,0.0,0.0,0.0,0.0
FKID004335,2023-12-01 23:21:12.999000+00:00,5,11,212.5,Medium,0.0,Critical,0.0,0.0,0.0,0.0
FKID006406,2023-12-02 00:15:35.929000+00:00,1,11,18.2,Low,0.0,Critical,0.0,0.0,0.0,0.0
FKID006412,2023-12-02 04:05:58.168000+00:00,5,3,8.5,Low,0.0,Critical,0.0,0.0,0.0,0.0
FKID006414,2023-12-02 05:20:38.517000+00:00,1,11,87.4,Medium,0.0,Critical,0.0,0.0,0.0,0.0
FKID006415,2023-12-02 06:04:20.462000+00:00,7,12,81.6,Medium,0.0,Critical,0.0,0.0,0.0,0.0
FKID006416,2023-12-02 06:09:14.932000+00:00,5,2,7.9,Low,0.0,Critical,0.0,0.0,0.0,0.0
FKID004358,2023-12-02 07:20:20.335000+00:00,9,2,1019.1,High,0.0,Critical,0.0,0.0,0.0,0.0
FKID006418,2023-12-02 08:01:46.295000+00:00,8,19,15.3,Low,0.0,Critical,0.0,0.0,0.0,0.0
FKID006419,2023-12-02 11:25:50.828000+00:00,5,15,426.0,High,0.0,Critical,0.0,0.0,0.0,0.0
FKID006420,2023-12-02 18:57:20.351000+00:00,3,14,84.5,Medium,0.0,Critical,0.0,0.0,0.0,0.0
FKID006421,2023-12-02 19:11:20.752000+00:00,9,10,7.5,Low,0.0,Critical,0.0,0.0,0.0,0.0
FKID005270,2023-12-02 19:24:04.043000+00:00,6,11,69.2,Low,0.0,Critical,0.0,0.0,0.0,0.0
FKID006422,2023-12-02 19:28:00.746000+00:00,8,19,30.7,Low,0.0,Critical,0.0,0.0,0.0,0.0
FKID006423,2023-12-02 20:07:13.632000+00:00,8,19,66.0,Medium,0.0,Critical,0.0,0.0,0.0,0.0
FKID006424,2023-12-02 20:31:16.613000+00:00,1,10,28.8,Low,0.0,Critical,0.0,0.0,0.0,0.0
FKID006426,2023-12-02 21:05:19.837000+00:00,5,2,282.7,Medium,0.0,Critical,0.0,0.0,0.0,0.0
FKID006427,2023-12-02 21:07:44.293000+00:00,1,10,13.2,Low,0.0,Critical,0.0,0.0,0.0,0.0
FKID005271,2023-12-02 21:11:01.894000+00:00,1,11,84.7,Low,0.0,Critical,0.0,0.0,0.0,0.0
FKID006433,2023-12-02 22:27:11.915000+00:00,0,18,78.6,Low,0.0,Critical,0.0,0.0,0.0,0.0
FKID006434,2023-12-02 22:34:12.203000+00:00,0,18,149.9,Medium,0.0,Critical,0.0,0.0,0.0,0.0
FKID006435,2023-12-02 22:56:20.227000+00:00,4,11,50.0,Low,0.0,Critical,0.0,0.0,0.0,0.0
FKID006439,2023-12-03 00:16:14.656000+00:00,1,5,187.3,High,0.0,Critical,0.0,0.0,0.0,0.0
FKID004371,2023-12-03 00:24:02.352000+00:00,5,2,14.1,Low,0.0,Critical,0.0,0.0,0.0,0.0
FKID006442,2023-12-03 00:45:40.817000+00:00,9,10,19.1,Low,0.0,Critical,0.0,0.0,0.0,0.0
FKID004376,2023-12-03 02:06:34.973000+00:00,8,11,38.0,Low,0.0,Critical,0.0,0.0,0.0,0.0
FKID004380,2023-12-03 04:47:01.173000+00:00,5,2,15.2,Low,0.0,Critical,0.0,0.0,0.0,0.0
FKID005273,2023-12-03 05:47:12.860000+00:00,9,9,240.6,Medium,0.0,Critical,0.0,0.0,0.0,0.0
FKID006450,2023-12-03 05:48:15.713000+00:00,9,19,17.2,Low,0.0,Critical,0.0,0.0,0.0,0.0
FKID004386,2023-12-03 05:49:59.482000+00:00,9,9,239.8,Medium,0.0,Critical,0.0,0.0,0.0,0.0
FKID004393,2023-12-03 06:34:55.963000+00:00,2,11,36.3,Low,0.0,Critical,0.0,0.0,0.0,0.0
FKID006452,2023-12-03 06:52:26.563000+00:00,7,7,1.4,Low,0.0,Critical,0.0,0.0,0.0,0.0
FKID004394,2023-12-03 07:26:36.734000+00:00,9,9,17.3,Low,0.0,Critical,0.0,0.0,0.0,0.0
FKID004395,2023-12-03 07:38:51.301000+00:00,5,11,81.4,Medium,0.0,Critical,0.0,0.0,0.0,0.0
FKID006454,2023-12-03 07:47:25.774000+00:00,8,10,90.0,Medium,0.0,Critical,0.0,0.0,0.0,0.0
FKID006455,2023-12-03 08:06:51.278000+00:00,6,7,59.6,Low,0.0,Critical,0.0,0.0,0.0,0.0
FKID006456,2023-12-03 08:13:40.888000+00:00,8,15,89.7,Medium,0.0,Critical,0.0,0.0,0.0,0.0
FKID006458,2023-12-03 12:53:42.819000+00:00,5,2,285.1,Critical,0.0,Critical,0.0,0.0,0.0,0.0
FKID006463,2023-12-03 20:52:08.263000+00:00,1,9,31.2,Low,0.0,Critical,0.0,0.0,0.0,0.0
FKID006464,2023-12-03 21:01:38.734000+00:00,6,11,56.1,Low,0.0,Critical,0.0,0.0,0.0,0.0
FKID006465,2023-12-03 21:11:30.437000+00:00,7,7,114.6,Medium,0.0,Critical,0.0,0.0,0.0,0.0
FKID005274,2023-12-03 21:35:36.306000+00:00,8,10,99.9,Low,0.0,Critical,0.0,0.0,0.0,0.0
FKID004416,2023-12-03 23:42:14.605000+00:00,3,11,422.8,Medium,0.0,Critical,0.0,0.0,0.0,0.0
FKID006469,2023-12-04 03:08:41.020000+00:00,0,18,35.7,Low,0.0,Critical,0.0,0.0,0.0,0.0
FKID006470,2023-12-04 03:43:04.494000+00:00,9,10,32.9,Medium,0.0,Critical,0.0,0.0,0.0,0.0
FKID004424,2023-12-04 03:50:37.404000+00:00,3,11,80.0,Medium,0.0,Critical,0.0,0.0,0.0,0.0
FKID006472,2023-12-04 03:59:54.979000+00:00,8,9,82.0,High,0.0,Critical,0.0,0.0,0.0,0.0
FKID006473,2023-12-04 04:34:08.961000+00:00,4,3,120.6,Medium,0.0,Critical,0.0,0.0,0.0,0.0
FKID006475,2023-12-04 04:51:18.871000+00:00,1,11,91.1,Medium,0.0,Critical,0.0,0.0,0.0,0.0
FKID006478,2023-12-04 06:29:29.168000+00:00,9,19,96.7,Medium,0.0,Critical,0.0,0.0,0.0,0.0
FKID006479,2023-12-04 07:04:11.485000+00:00,4,3,33.6,Low,0.0,Critical,0.0,0.0,0.0,0.0
FKID006488,2023-12-05 01:06:54.751000+00:00,1,9,1.7,Low,0.0,Critical,0.0,0.0,0.0,0.0
FKID006489,2023-12-05 01:24:12.748000+00:00,8,19,34.0,Low,0.0,Critical,0.0,0.0,0.0,0.0
FKID006492,2023-12-05 03:40:21.238000+00:00,0,18,46.5,Medium,0.0,Critical,0.0,0.0,0.0,0.0
FKID006493,2023-12-05 03:45:23.856000+00:00,1,11,140.9,Medium,0.0,Critical,0.0,0.0,0.0,0.0
FKID006494,2023-12-05 04:54:57.945000+00:00,1,11,30.7,Low,0.0,Critical,0.0,0.0,0.0,0.0
FKID006496,2023-12-05 05:42:04.551000+00:00,7,8,41.9,Low,0.0,Critical,0.0,0.0,0.0,0.0
FKID006499,2023-12-05 08:39:30.034000+00:00,1,11,18.1,Low,0.0,Critical,0.0,0.0,0.0,0.0
FKID006503,2023-12-05 20:05:04.786000+00:00,7,7,22.3,Low,0.0,Critical,0.0,0.0,0.0,0.0
FKID004437,2023-12-05 20:05:38.864000+00:00,5,15,119.5,Medium,0.0,Critical,0.0,0.0,0.0,0.0
FKID006504,2023-12-05 20:23:16.087000+00:00,9,9,35.6,Low,0.0,Critical,0.0,0.0,0.0,0.0
FKID006505,2023-12-05 20:34:58.278000+00:00,3,11,61.5,Low,0.0,Critical,0.0,0.0,0.0,0.0
FKID004477,2023-12-05 20:59:31.089000+00:00,2,13,726.2,High,0.0,Critical,0.0,0.0,0.0,0.0
FKID006508,2023-12-05 21:24:50.286000+00:00,9,10,69.2,Medium,0.0,Critical,0.0,0.0,0.0,0.0
FKID004446,2023-12-05 21:32:14.452000+00:00,3,11,117.6,Low,73.66599777306782,Low,0.01213703466456758,0.028016294354127357,0.7495374287995155,0.21030924218178956
FKID006510,2023-12-05 21:37:57.409000+00:00,0,17,21.8,Low,37.19714737226619,Low,0.005858014562327638,0.03304164062625308,0.8259431266257373,0.13515721818568194
FKID006515,2023-12-05 22:24:03.732000+00:00,8,19,6.3,Low,25.71115059728408,Low,0.009552650065464912,0.020929297271304072,0.6326843811793351,0.336833671483896
FKID006522,2023-12-06 00:25:00.375000+00:00,5,3,38.4,Low,570.1258005485988,High,0.029400376545414025,0.6675544634239499,0.11838291998847102,0.18466224004216522
FKID004456,2023-12-06 00:52:27.811000+00:00,5,15,88.3,Low,138.33321605932272,Low,0.009373137658152945,0.025285339347689017,0.9133803185130335,0.051961204481124464
FKID006524,2023-12-06 02:10:07.389000+00:00,9,11,14.4,Low,34.11625127523912,Low,0.011002194181257011,0.022658145414042822,0.8219347277295384,0.14440493267516183
FKID006525,2023-12-06 02:35:54.164000+00:00,5,2,115.1,High,89.09066427579569,Medium,0.04057111526806249,0.13406316227706117,0.04734450633483153,0.7780212161200448
FKID006526,2023-12-06 02:41:14.360000+00:00,1,11,109.4,High,55.874591739261334,Low,0.028093479702694563,0.10200940471812271,0.471425179402836,0.3984719361763466
FKID004458,2023-12-06 02:58:09.742000+00:00,9,2,1080.1,Critical,309.03650783493396,High,0.3108229091453711,0.3947604092021804,0.12738629143244357,0.167030390220005
FKID006527,2023-12-06 03:27:40.607000+00:00,9,9,2.3,Low,73.97310797313459,Low,0.007591510013529532,0.01933278713317516,0.8902562879083233,0.08281941494497219
FKID006528,2023-12-06 03:29:59.869000+00:00,9,9,86.0,Medium,73.97310797313459,Low,0.0074110091044267785,0.018873117627792303,0.8690889484705158,0.10462692479726535
FKID006529,2023-12-06 03:39:45.674000+00:00,8,19,43.4,Medium,31.74176826105849,Medium,0.015886668274719653,0.1691673421079548,0.34697421382559873,0.46797177579172683
FKID006531,2023-12-06 04:39:57.286000+00:00,1,11,78.5,Low,63.67171667903969,Medium,0.01582832686617175,0.02119408116092388,0.27137513840071636,0.6916024535721881
FKID006534,2023-12-06 05:14:04.103000+00:00,1,10,54.0,Medium,40.13576901809984,Medium,0.015231130206364097,0.03387403147715623,0.29801646972881535,0.6528783685876643
FKID004463,2023-12-06 05:18:54.865000+00:00,3,11,34.3,Low,133.27833771520528,Low,0.00610730367402247,0.009619416049592808,0.8550599852367415,0.12921329503964313
FKID006535,2023-12-06 05:27:20.266000+00:00,8,9,125.3,Medium,47.42233454844461,Low,0.011745673868133775,0.02755626687039383,0.5104802694994902,0.4502177897619822
FKID005277,2023-12-06 07:00:40.511000+00:00,8,10,24.5,Low,55.18629916245822,Medium,0.01617740743034604,0.075117164740345,0.2654414806974377,0.6432639471318712
FKID006539,2023-12-06 08:43:44.041000+00:00,1,11,22.3,Low,43.533484581623526,Low,0.09703733453216164,0.0801438647767422,0.7204909003609391,0.10232790033015697
FKID006541,2023-12-06 19:01:31.305000+00:00,7,7,48.6,Low,52.165196889076455,Low,0.008471465834225332,0.044386414009603775,0.8556103312159783,0.09153178894019251
FKID006543,2023-12-06 19:24:17.952000+00:00,1,10,63.3,Low,51.25370778515083,Low,0.008685835743882354,0.036270221247676496,0.8293407153418442,0.12570322766659703
FKID006545,2023-12-06 20:50:51.605000+00:00,5,3,30.1,Low,244.49053705827336,High,0.015548437990233813,0.5187275467230283,0.16280865276818368,0.30291536251855405
FKID004537,2023-12-06 21:27:15.779000+00:00,2,13,698.5,High,720.8214972524432,High,0.012266171975224912,0.9551776380440707,0.011674821064404555,0.02088136891629993
FKID006547,2023-12-06 21:39:34.405000+00:00,7,11,146.2,Low,252.135852607958,Medium,0.008494565189745574,0.01748838752736497,0.1288648615357165,0.845152185747173
FKID006555,2023-12-07 01:18:23.446000+00:00,9,19,82.1,Medium,31.795656914081256,Low,0.012714610617819649,0.019125949444584,0.6070926396149615,0.36106680032263483
FKID006557,2023-12-07 02:01:09.893000+00:00,4,0,100.9,High,74.02555085060443,Medium,0.02593165300964513,0.1337364365254434,0.1579715871764858,0.6823603232884257
FKID004513,2023-12-07 02:29:11.302000+00:00,2,20,7.9,Low,37.508647795150736,Low,0.004180498103486029,0.010112720030745712,0.9587668186103933,0.026939963255375052
FKID006565,2023-12-07 04:04:05.356000+00:00,2,20,11.1,Low,43.55396230595516,Low,0.02637096856754963,0.050558071642740385,0.6268916820678966,0.29617927772181335
FKID006566,2023-12-07 04:14:11.586000+00:00,2,11,39.3,Low,156.87840996583026,Low,0.008122071556075776,0.010339795963298369,0.9287915035614526,0.0527466289191733
FKID006569,2023-12-07 04:19:18.378000+00:00,9,5,62.1,Medium,52.56368988605987,Medium,0.020787004559549717,0.14047241403931976,0.1534387545166813,0.6853018268844493
FKID006570,2023-12-07 04:20:49.585000+00:00,9,5,60.3,Medium,53.34282844879278,Medium,0.013871272446675775,0.04859116354580956,0.1880570396707814,0.7494805243367333
FKID006572,2023-12-07 04:25:28.465000+00:00,1,10,2.5,Low,37.504097355087055,Low,0.010057321013589133,0.09669100849675008,0.7791075826870472,0.11414408780261376
FKID006573,2023-12-07 04:29:29.309000+00:00,1,10,60.7,Medium,40.53742808687036,Low,0.01547416484582997,0.04197712495011528,0.5103507765539252,0.4321979336501294
FKID004522,2023-12-07 04:30:55.598000+00:00,6,16,96.0,Medium,96.55028669141325,Medium,0.024338708622498158,0.1466061915973268,0.23855280660724815,0.5905022931729269
FKID004524,2023-12-07 04:34:45.418000+00:00,5,10,96.8,Medium,45.13849784446299,Medium,0.014008598797843837,0.06400658532061375,0.1626966785864,0.7592881372951423
FKID006575,2023-12-07 04:47:53.659000+00:00,9,5,33.0,Low,45.51973793484296,Medium,0.015234799383826884,0.19158204001450993,0.2074735969144779,0.5857095636871853
FKID004529,2023-12-07 06:22:29.776000+00:00,8,10,112.8,Medium,69.4646323316248,Medium,0.005000376623270998,0.015395814649904927,0.025437469791046264,0.9541663389357778
FKID004532,2023-12-07 07:15:18.073000+00:00,7,7,76.1,Medium,52.90413836763838,Medium,0.01496286288688968,0.032175682093707754,0.3268077272321659,0.6260537277872368
FKID006578,2023-12-07 09:13:05.397000+00:00,0,17,774.0,High,313.1522395889957,Low,0.1284207942393711,0.2878092204962895,0.34175806901520883,0.24201191624913046
FKID004550,2023-12-07 19:36:11.456000+00:00,2,12,13.8,Low,54.485384470275584,Medium,0.022537472409159428,0.061708165378472075,0.4020947183345862,0.5136596438777823
FKID004603,2023-12-07 21:08:33.883000+00:00,2,13,717.2,High,720.8214972524432,High,0.010445220632747672,0.9650663084116926,0.010209201556579992,0.014279269398979654
FKID006581,2023-12-07 21:12:33.562000+00:00,7,11,180.2,Low,238.22404841791308,Medium,0.022099155513336455,0.04865571099297039,0.4337278913286274,0.49551724216506576
FKID004562,2023-12-07 22:19:56.906000+00:00,1,10,62.3,Medium,54.484939210412605,Low,0.01635937313275212,0.07542229854594007,0.6474838654358146,0.2607344628854933
FKID006588,2023-12-07 22:48:00.651000+00:00,9,2,71.1,Medium,74.5520263200413,Medium,0.014686359268598648,0.030560993377948847,0.11361650310080355,0.8411361442526489
FKID006590,2023-12-07 22:57:40.951000+00:00,1,5,11.8,Low,44.55466306414924,Low,0.014982445889993375,0.12555194933951352,0.5983303904321112,0.26113521433838194
FKID006593,2023-12-08 00:09:53.928000+00:00,2,20,355.9,High,293.440557302934,Medium,0.057657762049543974,0.4120745313465413,0.11637368709228572,0.4138940195116291
FKID006594,2023-12-08 00:14:27.178000+00:00,2,20,351.3,High,293.440557302934,High,0.04991666268796351,0.5268528658625533,0.10225064518813123,0.32097982626135196
FKID006596,2023-12-08 00:58:34.653000+00:00,0,11,29.8,Low,32.8314524835274,Low,0.005810008718798991,0.012410461744849308,0.8486907613389205,0.1330887681974313
FKID006597,2023-12-08 01:09:54.086000+00:00,8,10,30.2,Low,126.13160576203425,Medium,0.20670072934468067,0.16538076990376294,0.16324462551952643,0.46467387523202996
FKID006599,2023-12-08 01:58:02.820000+00:00,3,11,154.2,High,74.98792444496331,Medium,0.013295549864053196,0.03127393527574144,0.15178436539480444,0.8036461494654008
FKID004584,2023-12-08 02:36:32.619000+00:00,1,11,10.3,Low,36.21431439570201,Low,0.014745295697827525,0.05766784459618717,0.6964763004997626,0.23111055920622275
FKID004582,2023-12-08 02:39:04.490000+00:00,8,11,107.4,Low,36.072735087332816,Low,0.004648115029359819,0.006286939259015575,0.7952179898900982,0.19384695582152642
FKID006602,2023-12-08 02:59:46.107000+00:00,4,14,1389.0,Critical,585.7002453289754,High,0.18947816631026562,0.35806936669468165,0.1318304122333453,0.32062205476170735
FKID006604,2023-12-08 03:25:03.841000+00:00,9,2,20.3,Low,27.196147989565947,Medium,0.01690499617928836,0.030208690617456208,0.3203181194924285,0.632568193710827
FKID004593,2023-12-08 03:29:11.095000+00:00,8,11,57.2,Medium,28.525333331981592,Low,0.00847462082886511,0.022893728494350715,0.5135461196745763,0.45508553100220794
FKID006605,2023-12-08 04:01:17.122000+00:00,6,16,106.1,High,67.14169270705932,Medium,0.016312361931978988,0.15271072438581476,0.23660197147903372,0.5943749422031726
FKID006608,2023-12-08 04:52:21.929000+00:00,8,19,36.7,Medium,359.6011326960134,Medium,0.11996475112872441,0.1328887799193012,0.36131304287215027,0.385833426079824
FKID006609,2023-12-08 05:30:51.353000+00:00,8,19,43.0,Low,39.72868503860886,Low,0.008722768716572194,0.028282325937169107,0.8209911943223253,0.14200371102393333
FKID004599,2023-12-08 06:05:05.283000+00:00,3,11,91.6,Medium,59.33163820187606,Low,0.004646331482056365,0.006147903126695341,0.9330598784018853,0.05614588698936297
FKID005280,2023-12-08 06:23:40.516000+00:00,1,2,52.2,Medium,67.3439263324486,Medium,0.01541623807307392,0.08874395610838746,0.056927222876942886,0.8389125829415958
FKID004595,2023-12-08 07:10:51.172000+00:00,2,11,55.9,Low,61.40423245734713,Low,0.014850475930369334,0.018434305322581772,0.4932200726434839,0.473495146103565
FKID006611,2023-12-08 07:16:32.974000+00:00,1,11,85.5,Medium,63.31073481315226,Low,0.0736053441906666,0.021759080754247068,0.7866718317257327,0.11796374332935372
FKID006613,2023-12-08 07:49:59.549000+00:00,4,11,67.5,Low,74.13155999088512,Low,0.007993107013808174,0.010417735921679262,0.5208807527836538,0.46070840428085885
FKID004605,2023-12-08 08:45:17.382000+00:00,5,15,112.9,Medium,289.6069209794789,High,0.009653982600414892,0.6967471063887224,0.04785427299704908,0.24574463801381374
FKID004604,2023-12-08 10:13:32.377000+00:00,5,15,7.5,Low,49.14111164431125,Low,0.008907836168743424,0.04561342438874964,0.7592747795054958,0.18620395993701122
FKID006620,2023-12-08 11:34:24.208000+00:00,7,1,426.6,Critical,225.8362213870372,Critical,0.8582443670819113,0.08022483547429099,0.015204428360264303,0.0463263690835334
FKID004611,2023-12-08 19:18:07.272000+00:00,0,11,98.7,Low,53.74629826495426,Low,0.009221517814635026,0.013632315313591728,0.6667667842975344,0.3103793825742388
FKID004610,2023-12-08 19:22:24.068000+00:00,9,2,53.0,Medium,37.523156673182235,Low,0.03381200800082829,0.09105733561304444,0.5869940962142585,0.2881365601718689
FKID006624,2023-12-08 20:02:13.729000+00:00,1,2,32.6,Low,115.3698465938224,Low,0.04614691579824789,0.3546181429531239,0.4193444613124147,0.1798904799362135
FKID006625,2023-12-08 20:03:34.423000+00:00,8,10,34.0,Low,31.133476397282106,Low,0.00450341780067932,0.006879283066647683,0.953012660631824,0.035604638500848995
FKID006626,2023-12-08 20:48:12.539000+00:00,9,21,65.5,Low,40.86933044017821,Low,0.00684986977782738,0.01973922509779966,0.8875001652266005,0.08591073989777252
FKID006627,2023-12-08 20:49:19.277000+00:00,9,10,58.0,Medium,46.66992420851504,Low,0.014919519713001391,0.07040013050905403,0.5132792983569516,0.4014010514209931
FKID004662,2023-12-08 20:58:11.497000+00:00,2,13,727.6,High,720.8214972524432,High,0.018397902860008558,0.9484354105404091,0.014757733512461927,0.01840895308712025
FKID004618,2023-12-08 21:16:29.607000+00:00,5,15,142.5,Medium,219.6401507398863,High,0.00965225864322103,0.8194049387105405,0.108834182986574,0.06210861965966439
FKID006632,2023-12-08 22:35:01.925000+00:00,8,11,203.2,Medium,96.60996502120338,Low,0.030037614333157332,0.0295688405167198,0.6055845108855528,0.33480903426457015
FKID006635,2023-12-08 22:46:37.628000+00:00,5,3,720.1,High,260.39053212535197,High,0.02617166797924639,0.5161945599561005,0.1507969463262585,0.3068368257383945
FKID006636,2023-12-08 22:49:57.810000+00:00,1,11,26.7,Low,66.34313657222962,Medium,0.013244723897238317,0.03952432550429509,0.4202866695336245,0.526944281064842
FKID006642,2023-12-08 23:59:43.341000+00:00,1,10,1329.9,High,629.0952904799079,Low,0.1470003632435556,0.3323529497160851,0.35939464789539927,0.16125203914496009
FKID006643,2023-12-09 00:00:04.456000+00:00,1,10,1329.5,High,620.5505488441198,High,0.060688998956771004,0.6944322060323119,0.16544257982317487,0.07943621518774224
FKID004640,2023-12-09 00:40:20.242000+00:00,4,11,120.4,Medium,87.14683249316997,Low,0.08987566761869493,0.05845999090676029,0.6334042802318237,0.218260061242721
FKID006651,2023-12-09 04:20:57.607000+00:00,1,11,12.9,Low,55.28575859996732,Low,0.010785327869914436,0.014351230414478595,0.6210729090501008,0.35379053266550603
FKID006652,2023-12-09 05:05:33.317000+00:00,1,11,76.0,Low,60.91047436927525,Low,0.014311924552998295,0.01666951878657016,0.5423868316934811,0.42663172496695034
FKID004664,2023-12-09 10:02:29.969000+00:00,2,11,32.5,Low,82.27969122637212,Medium,0.0380156062216627,0.31960143850025813,0.3140346744798125,0.3283482807982667
FKID006664,2023-12-09 22:31:54.044000+00:00,0,10,140.1,High,70.23399478081659,Medium,0.006028054244608518,0.018382875262029957,0.07485732892202719,0.9007317415713344
FKID006665,2023-12-09 22:33:05.380000+00:00,4,15,114.4,Medium,82.77922944161448,Medium,0.0358779304324069,0.14238674221018585,0.22273489566051538,0.5990004316968919
FKID006666,2023-12-09 23:17:22.776000+00:00,0,10,3.4,Low,39.33348228287405,Low,0.02354788855733004,0.0810265459640508,0.5284380695827313,0.3669874958958878
FKID006668,2023-12-09 23:39:49.421000+00:00,8,11,380.5,High,203.48671930818844,High,0.0341251323549122,0.37439743232662,0.265480261671519,0.3259971736469489
FKID006674,2023-12-10 01:14:36.567000+00:00,0,11,29.4,Low,24.83926413467565,Low,0.004376980975245252,0.007675311128249916,0.8891794219930297,0.09876828590347514
FKID006675,2023-12-10 01:23:54.458000+00:00,1,10,11.7,Low,33.985914082146415,Low,0.011979611267345267,0.07355399432067083,0.8357617494030344,0.07870464500894933
FKID006676,2023-12-10 02:00:42.608000+00:00,7,1,25.6,Low,12.04575752912484,Low,0.005770146236064654,0.006947824707550999,0.9428414456755366,0.04444058338084765
FKID006677,2023-12-10 03:07:59.714000+00:00,1,4,11.1,Low,56.160857260114675,Low,0.019892301212372326,0.07571452462635365,0.5922522749847464,0.3121408991765276
FKID004709,2023-12-10 04:57:36.973000+00:00,3,11,7.3,Low,60.391310727190096,Low,0.010461230378977544,0.03640360665453086,0.8688632453199185,0.084271917646573
FKID006680,2023-12-10 05:04:03.604000+00:00,9,11,16.8,Low,21.708469576705447,Low,0.0028391336913667466,0.0034440246421645,0.9352047290804181,0.0585121125860506
FKID004713,2023-12-10 05:04:48.872000+00:00,5,15,9.2,Low,50.43014644946405,Low,0.021313942233861297,0.05737260395075394,0.5506351077428212,0.3706783460725635
FKID004715,2023-12-10 05:19:25.336000+00:00,5,15,11.6,Low,32.09631589521573,Low,0.00352269948143201,0.008823819356504696,0.9019214233087576,0.0857320578533058
FKID004716,2023-12-10 05:38:52.532000+00:00,5,11,10.4,Low,64.29294629882374,Medium,0.02028162423751634,0.02953793857350981,0.27474392858458874,0.6754365086043851
FKID006681,2023-12-10 06:08:34.611000+00:00,9,10,60.1,Medium,52.92353221920898,Medium,0.021771942573607834,0.08380765313408396,0.34992311323911435,0.5444972910531939
FKID006682,2023-12-10 06:16:12.904000+00:00,4,15,25.0,Low,60.931986680305585,Medium,0.01129592571583541,0.024171312458693126,0.3548276447114092,0.6097051171140623
FKID004717,2023-12-10 06:24:46.480000+00:00,4,14,16.3,Low,39.326398056543695,Low,0.0035974074105105613,0.005092628486188994,0.9486202022645446,0.04268976183875575
FKID005285,2023-12-10 08:34:49.149000+00:00,2,20,10.0,Low,36.88843787007173,Low,0.010426022587100122,0.028101951488923672,0.8238536469284654,0.13761837899551063
FKID004730,2023-12-10 18:42:44.298000+00:00,3,11,168.7,Medium,116.26229298955418,Medium,0.019366080435809847,0.08808725304590118,0.12839318502221883,0.7641534814960701
FKID006691,2023-12-10 20:17:36.641000+00:00,1,11,23.3,Low,92.67323993093994,Low,0.01978281182787342,0.007965456475210278,0.925345791719604,0.04690593997731229
FKID004760,2023-12-10 20:56:21.038000+00:00,4,15,720.4,High,292.79680226417616,High,0.1316042422094478,0.4286030117586965,0.24175695523682897,0.19803579079502676
FKID004733,2023-12-10 21:06:32.450000+00:00,9,2,40.3,Low,83.18167289773596,Low,0.040970120865758235,0.021279135994433717,0.7408151492210249,0.1969355939187832
FKID006696,2023-12-11 00:34:34.913000+00:00,4,14,571.2,High,280.15583959688144,Medium,0.08602157274085208,0.04401452247680244,0.053694158922777055,0.8162697458595685
FKID006697,2023-12-11 00:42:25.335000+00:00,8,19,35.0,Medium,31.081200587121465,Medium,0.010693853933852492,0.054988674384107136,0.22670008535436348,0.7076173863276769
FKID006698,2023-12-11 00:53:44.803000+00:00,9,10,5.2,Low,32.359519550973495,Medium,0.01689765512040582,0.059732545805410875,0.3304440923006125,0.5929257067735708
FKID004744,2023-12-11 00:55:35.765000+00:00,1,11,45.6,Low,31.1423222255742,Low,0.0074731952360383574,0.024801541269490728,0.9095370198668409,0.058188243627630025
FKID006699,2023-12-11 01:10:57.205000+00:00,8,19,21.5,Low,33.03801734249636,Medium,0.014788060471643145,0.021412658048525043,0.35854134261836645,0.6052579388614654
FKID004753,2023-12-11 03:23:57.755000+00:00,7,11,86.8,Low,100.85454014738887,Low,0.022309707741642194,0.031036576172046786,0.6094625527262747,0.3371911633600364
FKID006702,2023-12-11 04:22:25.314000+00:00,1,11,8.7,Low,612.6719897584629,Medium,0.1542859910251795,0.12960804127015227,0.3257759462817169,0.3903300214229513
FKID006704,2023-12-11 06:09:58.615000+00:00,1,11,42.0,Low,628.5957503156731,Low,0.23210859858425129,0.08048789548084379,0.4401989241989026,0.24720458173600235
FKID006705,2023-12-11 09:16:55.713000+00:00,0,18,26.9,Low,29.67303669971389,Low,0.005185853957219466,0.019592467904664342,0.9480229297275317,0.027198748410584492
FKID004795,2023-12-11 20:17:56.180000+00:00,4,0,419.1,High,354.87866976824523,Critical,0.6740662719311473,0.1053440982590405,0.055577859881801306,0.1650117699280109
FKID004799,2023-12-11 21:03:19.522000+00:00,2,13,722.4,High,720.8214972524432,High,0.22320582457633123,0.6452121041260185,0.05768904896429905,0.07389302233335132
FKID006710,2023-12-11 21:19:47.510000+00:00,1,18,38.2,Medium,47.0060572935794,Low,0.016282789325613698,0.13477492399950358,0.5987390065990242,0.25020328007585835
FKID006711,2023-12-11 22:34:32.915000+00:00,1,11,69.5,Low,76.55156280854597,Low,0.011898217666842513,0.02856456061425392,0.5147212643952553,0.44481595732364826
FKID006713,2023-12-12 00:09:43.401000+00:00,8,19,15.2,Low,30.504955461868644,Low,0.00625851064914884,0.011901206334123048,0.8523399009525066,0.12950038206422146
FKID006715,2023-12-12 00:29:30.609000+00:00,9,19,18.2,Low,40.09392440983176,Low,0.1317806147011678,0.049049744128127785,0.49937549096355616,0.3197941502071482
FKID006716,2023-12-12 00:43:06.957000+00:00,1,11,322.7,Medium,299.0687145648123,Medium,0.03485201981294308,0.11068622116593214,0.09060474078795303,0.7638570182331716
FKID006717,2023-12-12 01:02:40.917000+00:00,4,14,3.5,Low,45.48205044522005,Low,0.010536857816712797,0.016400900917168466,0.8358080192833751,0.13725422198274367
FKID004835,2023-12-12 01:38:36.250000+00:00,5,15,15.6,Low,102.65625557949802,Low,0.009257559792008081,0.011502247351567633,0.7068587181969246,0.2723814746594997
FKID006719,2023-12-12 02:03:10.346000+00:00,1,10,11.7,Low,21.21891551024572,Low,0.0029343002507766646,0.011320866229320518,0.9702088748823219,0.015535958637580869
FKID006721,2023-12-12 03:00:44.084000+00:00,0,7,84.1,Medium,84.49750468933208,Medium,0.024729548210564126,0.12230283609968509,0.22850179909171625,0.6244658165980345
FKID004843,2023-12-12 04:26:21.544000+00:00,2,11,41.3,Low,41.59635520347672,Low,0.012704836497700664,0.030791906809240276,0.6389053476335709,0.3175979090594883
FKID004849,2023-12-12 05:07:50.735000+00:00,2,11,15.6,Low,42.55470148382768,Low,0.011112671642205932,0.01775253931108012,0.6230184913389532,0.3481162977077607
FKID006726,2023-12-12 05:33:25.615000+00:00,1,10,22.0,Low,55.957774148027966,Medium,0.013393199021129076,0.265460661416922,0.30168053037838516,0.4194656091835637
FKID004851,2023-12-12 06:57:37.580000+00:00,4,11,6.6,Low,22.609826247718797,Low,0.03451325146033332,0.0714467132670978,0.7809085845043849,0.1131314507681839
FKID006729,2023-12-12 07:07:40.610000+00:00,8,11,81.3,Low,47.64156365115759,Low,0.009373650662628474,0.011499705186685626,0.7128676733351329,0.26625897081555305
FKID006730,2023-12-12 07:42:16.129000+00:00,9,9,100.3,Medium,95.5571647805772,Medium,0.009488923472467301,0.03240666287180344,0.059007395766589206,0.8990970178891401
FKID006731,2023-12-12 16:44:36.305000+00:00,4,3,61.2,Low,48.63158244544829,Low,0.004745153130223057,0.01610736973421598,0.8552807466243066,0.12386673051125431
FKID004876,2023-12-12 20:11:40.977000+00:00,9,2,9.1,Low,38.2451109331734,Low,0.0690375580810215,0.04795353270617195,0.6431511157210693,0.2398577934917372
FKID006734,2023-12-12 20:16:33.593000+00:00,1,11,111.7,Medium,79.11053222791284,Medium,0.05034962092907572,0.08475514862642257,0.2196477218829302,0.6452475085615714
FKID004895,2023-12-12 20:42:14.349000+00:00,8,11,115.3,Low,86.91591015802366,Medium,0.014795257155235796,0.021537800977244042,0.43462168643462007,0.5290452554329002
FKID006739,2023-12-12 21:15:06.636000+00:00,1,10,14.0,Low,45.90431933043732,Low,0.012596455128708044,0.14938231910672065,0.6937946974589481,0.14422652830562324
FKID006741,2023-12-12 22:02:47.118000+00:00,8,19,43.5,Medium,47.181337365103644,Low,0.017482876905085383,0.05620254979334733,0.7385459959395169,0.1877685773620504
FKID006742,2023-12-12 23:08:00.324000+00:00,9,9,21.3,Low,44.42293439493545,Medium,0.016022968930860013,0.09994287078416898,0.30226325967039186,0.5817709006145791
FKID006743,2023-12-12 23:22:42.768000+00:00,9,11,50.2,Low,57.65953665908864,Medium,0.010284232101914387,0.017206863659641757,0.38534567230289035,0.5871632319355534
FKID006744,2023-12-13 00:42:10.860000+00:00,0,10,64.4,Medium,52.556367866206486,Medium,0.008029928362550977,0.017482895485741824,0.26628897374327676,0.7081982024084305
FKID004910,2023-12-13 01:56:57.965000+00:00,0,11,1.8,Low,87.70487754966537,Low,0.045535612898028655,0.026042671649047985,0.8497689524892492,0.07865276296367425
FKID004918,2023-12-13 02:01:14.758000+00:00,0,11,3.5,Low,70.86143426430623,Low,0.044175392212529495,0.023207720698595172,0.8664974392847462,0.06611944780412907
FKID006745,2023-12-13 02:01:52.432000+00:00,1,10,6.3,Low,39.29158991268271,Low,0.013973114260663182,0.07225392353082286,0.678030126603114,0.2357428356053999
FKID004923,2023-12-13 04:11:33.260000+00:00,8,9,91.4,High,67.67370783299721,Low,0.056330917003198755,0.023427613781751646,0.7062368697997347,0.2140045994153149
FKID006746,2023-12-13 04:38:39.741000+00:00,1,11,35.7,Low,51.009253810388294,Medium,0.01083522246666943,0.012089007856171376,0.11750642442125586,0.8595693452559033
FKID004929,2023-12-13 04:59:33.798000+00:00,2,20,139.9,High,61.6763206547381,Medium,0.01901364103780293,0.03771671280174491,0.16437588746158013,0.778893758698872
FKID004947,2023-12-13 05:10:39.582000+00:00,3,0,780.1,Critical,359.40065791784957,Critical,0.8763352316265728,0.11133774095141083,0.006005580589227292,0.006321446832789198
FKID006684,2023-12-13 07:52:53.780000+00:00,1,11,60.7,Low,64.4356289786799,Low,0.013681784835790887,0.02924249852442498,0.5262357906692056,0.43083992597057863
FKID006748,2023-12-13 08:04:31.684000+00:00,7,11,14.7,Low,57.00307855418715,Medium,0.012201393416993564,0.0163540233342365,0.46813476639406937,0.5033098168547007
FKID006749,2023-12-13 08:25:55.486000+00:00,5,3,47.6,Low,44.465881747666586,Low,0.006173940738475726,0.04866219755560741,0.7901793218285289,0.15498453987738803
FKID006750,2023-12-13 08:53:14.589000+00:00,8,9,71.7,Medium,41.01215503366809,High,0.019414341263883538,0.5856072494111476,0.2706645997713764,0.12431380955359239
FKID006757,2023-12-13 19:48:59.739000+00:00,1,11,92.9,Medium,51.22715061203826,Low,0.01125034525417703,0.03241198037758464,0.7666601439734996,0.18967753039473878
FKID004949,2023-12-13 20:24:34.015000+00:00,1,11,90.8,Low,55.579082950331866,Low,0.020189902855694827,0.037739073678331965,0.5600323589389278,0.3820386645270453
FKID004954,2023-12-13 20:53:27.960000+00:00,1,11,46.3,Low,45.53795712583603,Low,0.006550602950922014,0.014859303830456366,0.9243813554961279,0.05420873772249372
FKID004956,2023-12-13 20:57:24.995000+00:00,2,13,728.4,High,720.8214972524432,High,0.012390511646387352,0.9633727962088837,0.009664067781172788,0.01457262436355623
FKID006765,2023-12-13 21:55:45.378000+00:00,9,16,50.1,Medium,69.67481078999938,Medium,0.015452348258880618,0.12594622037367778,0.3215662419373144,0.5370351894301272
FKID006767,2023-12-13 22:23:25.619000+00:00,5,3,97.1,Medium,75.52704112647764,Medium,0.016541922089316374,0.059768746970803636,0.15045064385895923,0.7732386870809208
FKID006768,2023-12-13 22:35:43.020000+00:00,9,11,17.6,Low,40.44891820409689,Low,0.007775751679158564,0.014322959026444199,0.8606979620012368,0.1172033272931606
FKID006770,2023-12-14 00:47:57.699000+00:00,8,9,43.2,Medium,64.61852545148608,Medium,0.013373731474207357,0.19083616062856093,0.32171589399698874,0.47407421390024296
FKID006774,2023-12-14 03:01:42.728000+00:00,1,10,22.6,Low,28.744658692364606,Low,0.002202441855810243,0.005684610722640344,0.9800043191567077,0.012108628264841489
FKID006775,2023-12-14 03:06:11.713000+00:00,7,11,215.3,High,150.48108583972174,Critical,0.3429394248046952,0.03998097261488508,0.33661406011599293,0.2804655424644267
FKID006762,2023-12-14 03:50:46.988000+00:00,7,11,55.8,Low,57.43662876254729,Medium,0.014630404444928653,0.0131455084352097,0.43297889360176384,0.5392451935180979
FKID006776,2023-12-14 04:10:28.298000+00:00,1,10,32.8,Medium,35.85299472560792,Medium,0.021058458598482637,0.0838332256287828,0.43117969377020815,0.4639286220025263
FKID006778,2023-12-14 04:24:28.040000+00:00,0,10,123.6,Medium,66.83217017565761,Low,0.01281027150395238,0.020673216483153848,0.5058542212240922,0.4606622907888015
FKID006785,2023-12-14 05:23:41.682000+00:00,1,11,46.7,Medium,77.15373710225438,Critical,0.44114577781446906,0.06319321542566761,0.2923516809590335,0.20330932580082994
FKID004985,2023-12-14 18:33:17.372000+00:00,4,11,127.5,Low,338.4574690233651,Medium,0.032203713894764924,0.07314181024884583,0.0711025551606157,0.8235519206957735
FKID006789,2023-12-14 18:44:34.350000+00:00,9,11,64.0,Low,79.43967557760367,Medium,0.010478665081845959,0.033883840626488713,0.4354795062193922,0.5201579880722732
FKID006791,2023-12-14 19:04:51.809000+00:00,5,15,52.3,Low,37.09992133050518,Low,0.0051687723468551985,0.02284709766622258,0.9086249378340365,0.06335919215288564
FKID006793,2023-12-14 19:15:13.964000+00:00,9,10,210.8,Medium,99.30117710382271,Low,0.00769287309954207,0.020575616628967206,0.7755543076635159,0.19617720260797478
FKID006792,2023-12-14 19:16:39.845000+00:00,0,11,87.1,Low,40.62130770602564,Low,0.011982718559885462,0.014810015283317494,0.6610231472649903,0.3121841188918069
FKID006799,2023-12-14 19:55:48.002000+00:00,0,7,103.1,Medium,74.67489548132879,Low,0.014774753986901614,0.03064819597423606,0.6959542089666322,0.25862284107223016
FKID006800,2023-12-14 19:59:17.835000+00:00,8,11,155.1,Medium,99.85071886889705,Medium,0.037895554873127825,0.18589124538912405,0.334167516064462,0.4420456836732862
FKID006801,2023-12-14 20:26:02.772000+00:00,8,19,104.3,Medium,69.25722335500203,Medium,0.011871178080042942,0.07263026923612227,0.12773549843185866,0.787763054251976
FKID005030,2023-12-14 20:47:16.768000+00:00,2,13,738.5,High,720.8214972524432,High,0.022301476741711082,0.8429465701821345,0.012837306233513921,0.12191464684264057
FKID006802,2023-12-14 21:27:47.122000+00:00,8,11,104.5,Medium,73.26619598922345,Medium,0.014285544213575566,0.06174755167415229,0.18262156840936816,0.741345335702904
FKID006803,2023-12-14 21:49:07.289000+00:00,8,11,569.9,Medium,704.5202397198087,Low,0.10614674714795887,0.06635880405317333,0.5179734871614236,0.3095209616374443
FKID005289,2023-12-14 22:54:32.355000+00:00,4,11,45.7,Low,76.48329379667157,Low,0.016883016291809046,0.04075994571650484,0.625407649478084,0.31694938851360205
FKID006805,2023-12-15 00:22:46.553000+00:00,9,19,29.1,Low,22.871119517172076,Low,0.0055736953386585275,0.007331025408900147,0.8916095203275329,0.09548575892490849
FKID005024,2023-12-15 03:56:39.730000+00:00,5,15,13.1,Low,37.6546350051504,Low,0.005890770830876534,0.00808904049191393,0.8897676737247996,0.09625251495240982
FKID005018,2023-12-15 04:36:41.347000+00:00,5,3,133.3,Medium,342.3254111206225,Low,0.011768373685193075,0.3029278050541455,0.4250723584219836,0.26023146283867776
FKID006816,2023-12-15 05:00:45.107000+00:00,1,11,49.0,Low,48.116709828260014,Low,0.01592641126494048,0.019521494671332795,0.5474713630926749,0.41708073097105197
FKID006817,2023-12-15 05:13:54.833000+00:00,1,10,51.8,Medium,64.1188931888438,Medium,0.024998950399422362,0.18364266070145088,0.10134836597116965,0.6900100229279571
FKID006819,2023-12-15 05:29:58.464000+00:00,2,12,78.0,Medium,41.582009202569395,Low,0.007364176815042108,0.010552586354539952,0.6765591416284782,0.30552409520193974
FKID006822,2023-12-15 06:05:10.046000+00:00,1,10,59.6,Low,640.0358694010052,High,0.11180920667472413,0.4955080222011367,0.2226173752943519,0.17006539582978714
FKID006823,2023-12-15 06:18:02.722000+00:00,3,11,37.1,Medium,93.7496777883807,Medium,0.04107240929759829,0.0199810328967063,0.08620698781241738,0.8527395699932779
FKID006826,2023-12-15 09:31:17.064000+00:00,4,11,31.1,Low,31.535633736173715,Low,0.006594239472198463,0.011975423377314448,0.8839291773845201,0.09750115976596686
FKID006829,2023-12-15 18:37:09.382000+00:00,1,2,107.8,Medium,54.686990683534205,Low,0.00995374396904731,0.01700424679626112,0.728283944095013,0.24475806513967854
FKID006831,2023-12-15 19:36:02.255000+00:00,9,16,76.2,Medium,63.792356321695706,Low,0.00939731495647499,0.02153293462749507,0.6169070207199524,0.3521627296960775
FKID005293,2023-12-15 19:49:19.392000+00:00,0,14,144.2,High,106.90217366245841,High,0.019557258772008226,0.5291897127102604,0.10852479789532521,0.3427282306224061
FKID006832,2023-12-15 19:54:20.675000+00:00,1,11,12.6,Low,56.408995605934344,Low,0.019683939703776847,0.12554421230161858,0.6340412081856255,0.2207306398089792
FKID005294,2023-12-15 20:02:12.175000+00:00,3,11,64.8,Low,51.48533434008789,Low,0.010271486294513802,0.012989274696174754,0.8211450797690427,0.15559415924026887
FKID006834,2023-12-15 20:32:42.275000+00:00,4,14,88.7,Low,29.97622320004196,Low,0.009529032882579605,0.01564184030367639,0.49692203690219894,0.4779070899115452
FKID005046,2023-12-15 21:01:38.834000+00:00,2,13,724.1,High,720.8214972524432,High,0.017813853647206033,0.952400910771191,0.012760226173369053,0.017025009408233933
FKID005045,2023-12-15 21:02:05.547000+00:00,2,13,49.7,Medium,64.97693958186656,Low,0.013305103949030108,0.0625291877205936,0.7194466907020399,0.20471901762833633
FKID005297,2023-12-15 21:11:39.732000+00:00,3,13,61.4,Medium,66.31271791355724,Low,0.015676891641480804,0.06327140976283188,0.5516430339583107,0.3694086646373765
FKID005044,2023-12-15 21:12:23.792000+00:00,4,14,17.6,Low,44.01566223746569,Low,0.00531845873041852,0.00937927289171485,0.9169581734851032,0.06834409489276319
FKID005298,2023-12-15 21:16:05.869000+00:00,5,15,56.5,Medium,50.07795218844799,Low,0.01587533147270705,0.05501753842224523,0.5257323285842813,0.4033748015207664
FKID005048,2023-12-15 21:42:21.701000+00:00,4,11,25.3,Low,47.30848654110953,Low,0.010281422859667357,0.01379274970860601,0.5883268794227001,0.38759894800902656
FKID005054,2023-12-15 22:40:58.560000+00:00,3,13,25.6,Low,122.82201141104719,Low,0.008588159187361185,0.016635185444254727,0.6974113587394668,0.27736529662891735
FKID006857,2023-12-15 22:56:52.919000+00:00,1,5,77.0,Medium,87.97357355157614,Medium,0.024056324864502543,0.291218761155755,0.21913571987997377,0.4655891940997688
FKID006867,2023-12-16 00:13:26.929000+00:00,5,3,1378.1,High,568.8029085657072,High,0.19278083619804603,0.6177073681983279,0.048052143284938204,0.1414596523186878
FKID006871,2023-12-16 01:05:03.673000+00:00,1,10,14.2,Low,16.19902752480315,Low,0.007809185280078656,0.03004911280153288,0.8020133833502292,0.1601283185681592
FKID005327,2023-12-16 02:12:32.339000+00:00,8,19,19.7,Low,31.088175422469735,Medium,0.007820389242241075,0.009890489042209252,0.39112872683670985,0.5911603948788398
FKID006896,2023-12-16 04:45:45.094000+00:00,1,5,169.5,Medium,45.47593223544314,Low,0.00676376385994258,0.020243452765155844,0.813444107525773,0.15954867584912863
FKID006918,2023-12-16 05:21:08.370000+00:00,9,21,11.2,Low,31.5287444253185,Low,0.004174330321952755,0.0118572200032766,0.941509932381052,0.04245851729371848
FKID006922,2023-12-16 05:27:59.587000+00:00,7,11,95.4,Low,122.85780625627041,Medium,0.019054574634310772,0.03459589211584154,0.4087582315889972,0.5375913016608505
FKID005339,2023-12-16 05:45:18.533000+00:00,6,16,75.4,Low,84.70808112525575,Low,0.010315924549356424,0.027879485925271095,0.6050192095625786,0.3567853799627939
FKID006930,2023-12-16 06:25:04.466000+00:00,1,11,12.0,Low,30.83638167621388,Low,0.0059623745439503955,0.007833219480297072,0.7074798475550935,0.27872455842065896
FKID006934,2023-12-16 09:37:35.848000+00:00,9,2,75.0,Medium,25.452447234049803,Low,0.013785089009798563,0.014994895538742989,0.9008442604621689,0.07037575498928957
FKID006936,2023-12-16 18:52:01.937000+00:00,8,19,40.0,Low,39.74511321572087,Low,0.00505380961178496,0.016387257184144834,0.9333802127414871,0.04517872046258311
FKID005086,2023-12-16 19:39:03.642000+00:00,4,0,901.7,High,326.2560304531163,High,0.034197925512570594,0.5830774369136654,0.03351228318922578,0.3492123543845382
FKID005342,2023-12-16 20:00:50.823000+00:00,7,7,20.6,Low,48.43596527298252,Low,0.006047553666611004,0.013166049307470019,0.8340976343811127,0.1466887626448062
FKID004160,2023-12-16 20:31:11.475000+00:00,5,3,25.1,Low,49.86518344800038,Medium,0.02428410202388446,0.19059507881489562,0.2503976721778911,0.5347231469833289
FKID005090,2023-12-16 22:10:23.844000+00:00,9,2,22.1,Low,62.158354598560464,Low,0.008318755564243378,0.01707732579650315,0.9406849195755612,0.03391899906369233
FKID006942,2023-12-16 23:03:58.563000+00:00,5,3,7.7,Low,578.3067208250523,High,0.02671669423742707,0.8822692773341824,0.04421780425583664,0.046796224172553975
FKID006949,2023-12-17 01:09:45.536000+00:00,1,11,8.6,Low,79.3294035042943,Medium,0.0186380149807775,0.08039640925169084,0.23752941989637114,0.6634361558711606
FKID005100,2023-12-17 02:07:42.781000+00:00,8,11,70.5,Medium,36.48020629281647,Low,0.012149544975655178,0.015942377291921085,0.744198131135293,0.22770994659713087
FKID005101,2023-12-17 02:10:03.844000+00:00,4,11,3.8,Low,32.84457625746192,Low,0.004863281000831784,0.022932466737639025,0.9005381731885669,0.07166607907296232
FKID006956,2023-12-17 02:52:30.446000+00:00,4,0,54.7,Medium,86.84510715687743,Medium,0.01820381078047073,0.3644092282312813,0.051556234190773244,0.5658307267974748
FKID006959,2023-12-17 03:51:55.859000+00:00,5,3,10.5,Low,351.7341086372366,High,0.029439544242178116,0.493370739676672,0.285789657076867,0.19140005900428295
FKID006961,2023-12-17 03:56:42.830000+00:00,4,3,33.3,Medium,43.032135855784965,Low,0.010845264749164977,0.03193832984974053,0.6232425222012001,0.33397388319989424
FKID006962,2023-12-17 04:21:10.912000+00:00,9,19,45.3,Medium,43.3023380066487,Medium,0.018263803147010215,0.029379925332308935,0.3130446583449413,0.6393116131757396
FKID006963,2023-12-17 05:08:57.747000+00:00,9,10,27.4,Low,38.72163743583571,Low,0.012662840575444137,0.024547386997635656,0.6266861588031113,0.33610361362380886
FKID006951,2023-12-17 05:39:39.694000+00:00,2,20,17.6,Low,51.10609767736625,Medium,0.017616439989186904,0.03311957341980812,0.4667941999286955,0.4824697866623095
FKID006952,2023-12-17 05:58:18.092000+00:00,8,19,4.1,Low,26.574718446546285,Low,0.03197552410991384,0.12289544092123833,0.4705058259675439,0.3746232090013039
FKID006966,2023-12-17 06:11:20.688000+00:00,0,11,126.5,Medium,102.26093316787669,Medium,0.030963615990822212,0.03310687464127139,0.10118950424989834,0.8347400051180079
FKID005106,2023-12-17 06:51:49.650000+00:00,9,9,16.7,Low,30.722228057830314,Medium,0.021478929742238518,0.07906654206785346,0.3433948866787986,0.5560596415111093
FKID006969,2023-12-17 07:30:48.632000+00:00,1,10,6.2,Low,52.18767822299873,Low,0.2066514419619094,0.09708546327590202,0.4104771680163503,0.2857859267458383
FKID005344,2023-12-17 07:42:44.013000+00:00,3,11,31.7,Low,162.16494710702875,Low,0.00764242959102642,0.01350276285297525,0.6202188505688785,0.3586359569871199
FKID006970,2023-12-17 07:44:52.517000+00:00,5,3,6.1,Low,45.988324805376735,Low,0.005974622280883764,0.010003491451324691,0.6900744955878447,0.29394739067994685
FKID006971,2023-12-17 07:51:00.055000+00:00,5,3,57.2,Medium,63.870332572176174,Medium,0.017641060543029004,0.05151676435661919,0.26460973784819647,0.6662324372521554
FKID005345,2023-12-17 08:30:40.435000+00:00,8,11,44.6,Low,33.53237585589052,Low,0.011561158667768943,0.020435861699826238,0.7591053567742815,0.2088976228581233
FKID006972,2023-12-17 08:44:07.332000+00:00,1,9,23.5,Low,21.861720763060987,Low,0.007809834192616355,0.018786677471142103,0.8411589965542288,0.13224449178201278
FKID005114,2023-12-17 19:15:48.209000+00:00,8,11,20.5,Low,36.28917300147171,Low,0.0035675352263462795,0.004429497950271826,0.9307155521886648,0.061287414634717034
FKID005347,2023-12-17 19:20:50.180000+00:00,8,11,15.4,Low,34.08319757670519,Low,0.0034550305516357787,0.004289810688784981,0.9169362527850283,0.07531890597455082
FKID005348,2023-12-17 20:57:48.005000+00:00,2,11,14.4,Low,39.96620488257775,Low,0.008247701012901997,0.012847454449946363,0.9173615978104493,0.06154324672670237
FKID005349,2023-12-17 21:53:28.043000+00:00,1,10,30.2,Low,75.61550723293635,Medium,0.014330434878519647,0.17395484877553086,0.26689199345366854,0.544822722892281
FKID006978,2023-12-17 22:55:37.035000+00:00,1,5,24.6,Low,121.41197804912943,Low,0.028517233839805155,0.045493794012184216,0.744760801930702,0.1812281702173085
FKID005125,2023-12-18 00:29:11.685000+00:00,5,11,180.6,Low,71.15091863059972,Low,0.02717603277885999,0.04930507854619407,0.5403273343624079,0.3831915543125381
FKID006979,2023-12-18 01:51:22.758000+00:00,1,11,27.5,Low,47.53345662846454,Low,0.01564826882354571,0.029715426953009057,0.5818404650974144,0.37279583912603076
FKID005127,2023-12-18 05:07:07.889000+00:00,4,11,58.2,Low,95.39691329036651,Low,0.011459763615282422,0.022939350171275543,0.8424361859546631,0.12316470025877885
FKID006982,2023-12-18 05:55:00.829000+00:00,5,3,50.7,Low,353.95916334325574,Low,0.0215475259586741,0.09141520726247616,0.8302526469537522,0.05678461982509741
FKID006985,2023-12-18 07:07:59.240000+00:00,7,7,64.5,Medium,84.13532087177812,Medium,0.008214675479488018,0.025313835220720008,0.11500479789498104,0.8514666914048109
FKID006990,2023-12-18 19:09:49.936000+00:00,9,10,44.1,Medium,43.04316373597715,Low,0.014875510267807165,0.05014928958982203,0.6666606296972708,0.2683145704450999
FKID005356,2023-12-18 20:04:44.014000+00:00,1,2,17.9,Low,47.51797246642064,Low,0.01595247177211722,0.011372880961228925,0.9566296133375928,0.01604503392906098
FKID006995,2023-12-18 20:37:04.675000+00:00,4,11,72.3,Medium,74.57186409785511,Medium,0.08566645638498536,0.01314211309538818,0.27577830865766834,0.6254131218619582
FKID005133,2023-12-18 20:54:19.968000+00:00,8,9,46.9,Low,30.263836852310828,Low,0.007467450117130107,0.033186145725269706,0.9011075821170724,0.058238822040527854
FKID006997,2023-12-18 20:56:03.266000+00:00,9,10,147.0,High,47.57553581755312,Low,0.02553358384000858,0.10931457680009105,0.439077776015216,0.42607406334468445
FKID005134,2023-12-18 21:02:38.892000+00:00,2,13,723.1,High,720.8214972524432,High,0.1999019548819409,0.6695580506067739,0.056572059579409056,0.07396793493187628
FKID005378,2023-12-18 23:17:12.359000+00:00,9,19,25.5,Low,59.83384988581581,Medium,0.0060923968891615655,0.00936368031159766,0.41254559799932666,0.5719983247999141
FKID005379,2023-12-18 23:17:50.522000+00:00,7,7,33.5,Low,20.72078832145857,Low,0.00396442302867344,0.0221947872130388,0.8831396735048102,0.09070111625347758
FKID005382,2023-12-19 02:22:05.197000+00:00,3,11,81.4,Medium,87.09423877421709,Medium,0.018526594939559087,0.05529465958229832,0.3111180089252694,0.6150607365528732
FKID007011,2023-12-19 03:05:08.026000+00:00,1,11,8.2,Low,50.45752675154609,Low,0.015694471340257428,0.01882935912682773,0.6310257513507656,0.3344504181821492
FKID007012,2023-12-19 03:18:49.265000+00:00,9,21,5.9,Low,84.62784017035212,Low,0.006708581061998683,0.0061007898948501555,0.8093621533688059,0.17782847567434526
FKID007013,2023-12-19 03:26:32.029000+00:00,9,21,2.2,Low,80.76745381390931,Low,0.006379380531585748,0.00729481709953732,0.8266688885276288,0.15965691384124803
FKID007015,2023-12-19 03:56:46.449000+00:00,3,14,27.5,Medium,66.31849088455843,Low,0.018947828356372213,0.07771758287010871,0.5170726745884797,0.3862619141850394
FKID007016,2023-12-19 04:06:47.898000+00:00,1,11,89.0,Low,125.75305357118411,Low,0.07046978428209494,0.018237435024128272,0.7829236372088159,0.1283691434849609
FKID007020,2023-12-19 05:07:30.100000+00:00,7,1,132.0,High,94.11042381523896,Medium,0.10507877035603225,0.09171751809117284,0.07064634068451639,0.7325573708682784
FKID007021,2023-12-19 05:08:48.571000+00:00,1,11,37.3,Low,46.80675392743913,Medium,0.005965755110649533,0.011519108202852808,0.24438872948245402,0.7381264072040437
FKID007022,2023-12-19 05:12:22.029000+00:00,1,11,15.5,Low,46.76560250775302,Low,0.01401118917598403,0.014233607572566028,0.527124369850616,0.444630833400834
FKID007025,2023-12-19 05:58:41.004000+00:00,0,7,86.5,Low,105.58254549039943,Low,0.010971178905825463,0.07410715860973294,0.6202944963618124,0.29462716612262924
FKID007026,2023-12-19 06:06:34.571000+00:00,9,11,45.6,Low,50.801105673333765,Medium,0.01397676361101083,0.02245527459505987,0.47884000081388767,0.48472796098004156
FKID007027,2023-12-19 06:10:42.967000+00:00,7,12,1.1,Low,80.91137795137469,Low,0.23503421980738692,0.02867920865553487,0.600320327530998,0.13596624400608026
FKID007030,2023-12-19 06:28:18.382000+00:00,0,11,20.9,Low,99.86037351046258,Low,0.019098518114000283,0.007451800144082919,0.9165203524740408,0.056929329267875896
FKID007031,2023-12-19 06:53:49.625000+00:00,2,20,128.2,High,80.81876935652191,Medium,0.025890393607510304,0.2858612755193979,0.07331031943855969,0.6149380114345322
FKID005394,2023-12-19 21:02:15.695000+00:00,2,13,723.5,High,720.8214972524432,High,0.045697914029772566,0.9224694352605506,0.01451550174620881,0.01731714896346807
FKID005402,2023-12-19 21:18:49.866528+00:00,2,11,216.1,Low,222.56419675247483,Low,0.022161885597020134,0.050152108153706215,0.4878973993776758,0.439788606871598
FKID007046,2023-12-19 21:56:24.482000+00:00,8,19,9.5,Low,30.08073971537519,Low,0.006754286992595999,0.01178650743956078,0.9374456299155602,0.04401357565228309
FKID005396,2023-12-19 22:24:37.015000+00:00,5,3,6.8,Low,30.039923094801853,Low,0.00411901895875858,0.007499249558340176,0.9200583243617703,0.06832340712113093
FKID005400,2023-12-19 23:16:52.740000+00:00,8,19,90.9,Medium,59.196219270850335,Medium,0.010106252156129382,0.034636935983928044,0.07401351152824295,0.8812433003316996
FKID007050,2023-12-20 01:22:49.055000+00:00,1,5,91.0,Low,91.57759278781612,Low,0.008095653930824618,0.015365622265446662,0.8933328824178121,0.08320584138591676
FKID007052,2023-12-20 03:33:12.039000+00:00,1,11,104.7,Medium,72.65942317627545,Medium,0.016732685815111937,0.012765180599895532,0.10658625713012979,0.8639158764548627
FKID005408,2023-12-20 05:29:44.948000+00:00,5,15,7.4,Low,114.86963776985641,Low,0.007279398355493499,0.017861358021999754,0.8416205670321343,0.13323867659037253
FKID005409,2023-12-20 05:46:03.227000+00:00,5,3,39.6,Low,556.4308133904176,Medium,0.1441416654224795,0.2608840639213184,0.2762956426686157,0.31867862798758634
FKID007053,2023-12-20 06:02:24.811000+00:00,5,11,49.6,Low,61.97164326930577,Low,0.020008284512139846,0.04575434489173511,0.6220883032739951,0.31214906732212994
FKID007056,2023-12-20 09:12:40.332000+00:00,0,18,19.6,Low,40.92735025721447,Low,0.01574732576022566,0.038979808694663845,0.7504730357916247,0.1947998297534858
FKID005412,2023-12-20 21:00:57.522000+00:00,2,13,724.8,High,720.8214972524432,High,0.028575443977780675,0.9320759834906334,0.017304139597745682,0.022044432933840428
FKID005415,2023-12-20 21:55:43.531000+00:00,0,12,81.2,Medium,82.42341499682955,Low,0.007623414912929531,0.03812920284281083,0.8894248600399689,0.06482252220429086
FKID005416,2023-12-20 22:19:29.184000+00:00,6,11,58.7,Low,59.64427362162007,Low,0.012235962558543154,0.03580511404488475,0.4887929203121225,0.4631660030844496
FKID005417,2023-12-20 22:30:12.314000+00:00,6,11,48.1,Low,67.08821020748711,Medium,0.021455312961286128,0.07900129326476696,0.42260270240666725,0.4769406913672797
FKID005419,2023-12-20 22:44:40.860000+00:00,4,11,44.7,Low,55.22841621348507,Low,0.018006532849809256,0.02859160857009404,0.623939478672201,0.3294623799078957
FKID005420,2023-12-20 22:55:27.056000+00:00,9,10,63.2,Low,719.3843117428233,High,0.058643848153946763,0.47138531070534645,0.38476703566505227,0.08520380547565437
FKID005421,2023-12-20 22:55:35.495000+00:00,6,11,22.9,Low,65.91813371250149,Low,0.01986529938840479,0.06495258002406348,0.7250465202577038,0.190135600329828
FKID005422,2023-12-20 23:50:53.047000+00:00,6,11,63.7,Low,60.02651388621109,Low,0.00687490018683878,0.008270343874771902,0.9106866029595014,0.07416815297888786
FKID007076,2023-12-21 02:18:17.464000+00:00,1,2,31.0,Medium,67.17644217620571,Medium,0.013543381863261785,0.023164319264135765,0.07302110720853736,0.8902711916640651
FKID005426,2023-12-21 02:44:24.988000+00:00,2,11,99.6,Medium,206.30813119648545,Medium,0.011050359759175687,0.11261065597139087,0.08733927784370474,0.7889997064257287
FKID007077,2023-12-21 03:16:41.583000+00:00,2,12,14.8,Low,129.79903191536638,Low,0.04442781352553235,0.08305806183020024,0.6032192527735473,0.26929487187072004
FKID007078,2023-12-21 04:18:10.349000+00:00,1,11,44.2,Low,57.883153708537726,Medium,0.010277291941703817,0.01172158718693048,0.34968667407737053,0.6283144467939952
FKID005429,2023-12-21 04:24:08.096000+00:00,3,13,92.9,High,53.7757195938839,Low,0.014464486669719131,0.04594782293473967,0.528980123291179,0.4106075671043621
FKID005428,2023-12-21 04:28:09.462000+00:00,5,2,19.8,Low,23.20886917135002,Low,0.010735460688776344,0.014243334612937822,0.9133104376216328,0.061710767076652975
FKID007079,2023-12-21 04:42:11.590000+00:00,1,11,27.3,Low,38.125955618037445,Low,0.008204066909460949,0.016691127596603343,0.8431072020084619,0.13199760348547385
FKID005430,2023-12-21 05:57:23.185000+00:00,5,2,147.6,High,49.06474593709784,Medium,0.030519977212220977,0.08789449034876634,0.3860609600383054,0.49552457240070724
FKID007084,2023-12-21 06:20:56.286000+00:00,1,10,47.8,Medium,41.92817600772401,Medium,0.027550404054810098,0.2539235409905716,0.2983167405077221,0.42020931444689613
FKID007085,2023-12-21 06:33:31.884000+00:00,1,10,6.0,Low,48.79759834531578,Medium,0.09819245775274449,0.06764713054300232,0.3742338140969582,0.4599265976072949
FKID007087,2023-12-21 08:39:49.689000+00:00,8,19,46.7,Low,47.57447114912593,Low,0.01361928483338005,0.014488268549606522,0.7913741510972083,0.18051829551980508
FKID005155,2023-12-21 19:10:20.255000+00:00,2,12,43.2,Medium,70.4790538891054,Medium,0.023706151381761097,0.21385188030986257,0.19507621716106893,0.5673657511473074
FKID005433,2023-12-21 19:17:48.357000+00:00,3,13,31.2,Low,70.84822335196209,Medium,0.015874243610105622,0.06632716677583868,0.15366645825888772,0.7641321313551679
FKID005434,2023-12-21 19:57:12.735000+00:00,3,11,112.7,Medium,413.52911366934654,Critical,0.6076044923350326,0.0911107575030951,0.17572733782326197,0.12555741233861026
FKID007094,2023-12-21 19:59:40.470000+00:00,1,10,71.9,Medium,76.3355855942399,Medium,0.01666488669942706,0.0332768365863657,0.47152583932146497,0.4785324373927421
FKID007096,2023-12-21 20:36:31.608000+00:00,8,19,173.4,High,41.87380849718694,Medium,0.027322193683863644,0.030564406241290996,0.30360687981766227,0.638506520257183
FKID007099,2023-12-21 21:09:46.935000+00:00,9,19,38.5,Low,44.33571548409853,Low,0.004876483751216978,0.011017157096300705,0.9182450817434602,0.06586127740902215
FKID007100,2023-12-21 21:24:47.737000+00:00,8,10,33.5,Low,40.74727212989652,Low,0.036411457936795275,0.13824677184560347,0.6048842710409333,0.22045749917666804
FKID007101,2023-12-21 21:26:05.223000+00:00,9,10,44.0,Medium,56.95457791795865,Medium,0.010085478554302139,0.03557195398084814,0.09559753713697101,0.8587450303278787
FKID007103,2023-12-21 22:18:21.503000+00:00,9,16,44.5,Medium,65.84374981254271,Medium,0.005942128780856715,0.01950110935765135,0.09261492851882237,0.8819418333426696
FKID007105,2023-12-21 22:42:22.298000+00:00,1,11,16.6,Low,68.25551582954603,Low,0.014153595556169705,0.024390134250684422,0.5485858025920811,0.4128704676010648
FKID007108,2023-12-21 23:33:19.348000+00:00,9,2,12.6,Low,33.69940865169804,Low,0.020499046688360768,0.0715196395668519,0.6041524541020329,0.30382885964275447
FKID005445,2023-12-21 23:35:34.517000+00:00,5,15,11.0,Low,26.647198623764282,Low,0.004770225571039179,0.006118048645625761,0.9306855449380611,0.05842618084527395
FKID007110,2023-12-22 00:23:07.112000+00:00,9,19,20.1,Low,32.865839481090255,Low,0.00558011156241543,0.007352373086804534,0.820862842730179,0.16620467262060107
FKID007111,2023-12-22 00:24:37.842000+00:00,1,11,6.9,Low,33.98680817695328,Low,0.004678799958723581,0.00723208266218043,0.9522127964134286,0.03587632096566741
FKID007112,2023-12-22 00:40:15.888000+00:00,7,11,74.3,Low,29.673590809129273,Low,0.005940241714299103,0.01715664139590381,0.8855292833704042,0.09137383351939303
FKID005447,2023-12-22 02:59:12.665000+00:00,5,3,402.9,High,367.9067886828022,Low,0.11575048616652643,0.36960151376511113,0.38102155411207894,0.13362644595628353
FKID007116,2023-12-22 04:34:29.273000+00:00,1,5,15.8,Low,54.46639163725867,Medium,0.01723992566658306,0.03958631254955237,0.18257668386895484,0.7605970779149097
FKID005449,2023-12-22 05:47:40.049000+00:00,8,21,81.2,Medium,116.60963895111432,Medium,0.018966967061859765,0.06826524155571617,0.2336025506501587,0.6791652407322654
FKID005451,2023-12-22 06:54:55.831000+00:00,8,11,50.9,Low,59.23045708817686,Low,0.008499179955515284,0.012368399461321329,0.897328078348434,0.08180434223472934
FKID007127,2023-12-22 19:33:48.380000+00:00,9,21,119.6,High,52.68619014841995,Medium,0.008791933601952183,0.046674400764221524,0.23206350742174212,0.7124701582120841
FKID005456,2023-12-22 20:27:31.617000+00:00,4,14,25.9,Low,35.90302193964729,Low,0.013464170527752941,0.052131150658321634,0.7315601448285058,0.20284453398541968
FKID007129,2023-12-22 20:56:56.255000+00:00,1,5,14.2,Low,52.00815087135559,Low,0.00768354421060252,0.019198481438008935,0.8936406520968413,0.07947732225454707
FKID005457,2023-12-22 20:59:29.032000+00:00,2,13,726.3,High,720.8214972524432,High,0.017708336275451313,0.9564128468980626,0.010870017753845423,0.015008799072640654
FKID007128,2023-12-22 21:01:47.309000+00:00,1,11,8.9,Low,72.33465724221941,Medium,0.016698802806486234,0.13788785108218193,0.13240828398614654,0.7130050621251853
FKID007133,2023-12-22 22:10:07.204000+00:00,1,2,143.3,Medium,50.450406163092744,Low,0.006281245552816176,0.008121337691148041,0.9540716369317641,0.03152577982427165
FKID005459,2023-12-22 22:13:42.377000+00:00,0,11,661.1,Medium,335.1412499579836,High,0.07128917420285379,0.48712901871124314,0.2607769365205561,0.18080487056534697
FKID004179,2023-12-22 23:02:37.636000+00:00,1,11,133.1,Medium,97.61485111783918,Medium,0.022226319866761525,0.05620557658476653,0.4162513256664639,0.505316777882008
FKID007136,2023-12-22 23:20:48.721000+00:00,5,3,1369.9,High,555.160107035992,High,0.020499087568211588,0.836655535002332,0.034901233261612534,0.10794414416784373
FKID005460,2023-12-23 00:39:22.773000+00:00,5,11,197.3,Medium,357.7676446207627,Medium,0.04697368847091744,0.10544474123344537,0.3348958177134611,0.5126857525821761
FKID007140,2023-12-23 01:52:00.300000+00:00,8,19,18.0,Low,25.967582023787543,Low,0.01198166682748801,0.06317677027572484,0.8166069478085585,0.10823461508822885
FKID005463,2023-12-23 03:51:20.252000+00:00,4,2,28.6,Low,74.82984696625746,Low,0.011995016255516584,0.013720571714279636,0.9124673118317291,0.0618171001984747
FKID005464,2023-12-23 03:58:21.406000+00:00,4,0,7.0,Low,58.96161590394567,Low,0.011581340473176946,0.028209510418424098,0.8870027189854807,0.07320643012291832
FKID005465,2023-12-23 05:08:11.498000+00:00,0,14,50.1,Low,21.898903256003614,Low,0.0038104800228426763,0.013291742898150659,0.9568146551369792,0.02608312194202752
FKID005467,2023-12-23 07:13:57.660000+00:00,8,11,56.6,Low,40.899041708843306,Low,0.011135137138906638,0.014393347300205734,0.5283085923785434,0.4461629231823441
FKID007159,2023-12-23 20:43:44.987000+00:00,9,16,78.4,Medium,76.70081787068352,Medium,0.01789175763230786,0.07318958451976404,0.08784354417710331,0.8210751136708249
FKID007160,2023-12-23 20:50:35.145000+00:00,1,11,261.9,Medium,217.70488170254188,Medium,0.02393843214484721,0.1801165690361445,0.27152780755554407,0.5244171912634642
FKID007161,2023-12-23 21:39:56.477000+00:00,1,9,85.8,Low,88.94185553732284,Low,0.013180638614048938,0.020734780504899526,0.5329987283469049,0.4330858525341467
FKID007162,2023-12-23 21:47:40.428000+00:00,8,19,22.3,Low,38.83501040096727,Low,0.011418110762519558,0.01680122432850321,0.6272149851569108,0.3445656797520664
FKID005482,2023-12-24 00:09:27.130000+00:00,5,2,13.9,Low,10.42037665879612,Low,0.005431339359270675,0.004307717921324376,0.953255270613306,0.03700567210609883
FKID005483,2023-12-24 03:22:20.828000+00:00,3,11,61.9,Low,80.60664057496943,Low,0.011622269592023983,0.012145699318376925,0.8650853369207713,0.11114669416882775
FKID005487,2023-12-24 04:25:02.609000+00:00,1,2,46.9,Low,31.07826821543568,Low,0.00643547846217442,0.029707105897769683,0.9359108523979052,0.027946563242150554
FKID007169,2023-12-24 05:25:19.834000+00:00,4,3,41.0,Medium,57.311461078958594,Medium,0.008405101168160168,0.017940565560998215,0.1763128074122275,0.7973415258586142
FKID007170,2023-12-24 06:01:02.733000+00:00,5,2,25.5,Low,41.522985027229545,Low,0.005610599280196908,0.005015553729695763,0.9364740552699655,0.05289979172014185
FKID005491,2023-12-24 06:42:06.937000+00:00,8,9,84.4,Low,86.03518000505832,Low,0.010013351690971343,0.023943804402638803,0.6332973296005586,0.33274551430583127
FKID007174,2023-12-24 07:11:01.322000+00:00,9,19,22.7,Low,59.271379175953044,Low,0.011101208507319205,0.0805347968957157,0.4866722554925582,0.4216917391044069
FKID005495,2023-12-24 09:05:05.136000+00:00,6,11,69.3,Low,76.86745970533254,Low,0.0057344058899186185,0.007692756989079479,0.867601527502775,0.11897130961822684
FKID007175,2023-12-24 12:27:48.107000+00:00,4,14,325.7,High,246.94264151450278,High,0.05252809537624354,0.8305679312124387,0.06462595981127031,0.052278013600047475
FKID007176,2023-12-24 19:21:52.614000+00:00,5,3,599.9,Critical,206.1780274933862,Medium,0.12198478184580329,0.2823607937608465,0.08658973199851933,0.5090646923948309
FKID007179,2023-12-24 21:55:51.042000+00:00,8,19,119.1,Medium,59.75713432951331,Low,0.006546684663189738,0.013799035288968229,0.9271883177833238,0.052465962264518246
FKID007180,2023-12-24 22:23:17.808000+00:00,1,11,96.7,High,78.0485603583596,Medium,0.2010590081260653,0.1552030364202628,0.27613245978199347,0.36760549567167844
FKID007182,2023-12-24 22:43:16.359000+00:00,1,10,46.4,Medium,73.510945921198,Medium,0.017548804156122973,0.20844479475141087,0.2043332495375976,0.5696731515548685
FKID005498,2023-12-24 23:29:15.699000+00:00,5,11,28.3,Low,41.72806460993174,Medium,0.06033622553908416,0.05246177303649854,0.41769341813396405,0.4695085832904533
FKID007185,2023-12-25 00:19:01.400000+00:00,4,3,34.5,Low,41.32662437924634,Low,0.0075065475835808994,0.04498107736259666,0.659112588340043,0.2883997867137793
FKID005164,2023-12-25 02:33:10.717000+00:00,4,0,1.6,Low,383.92477297437256,Critical,0.5226996045568975,0.026500515928933176,0.029435042068276043,0.4213648374458932
FKID007187,2023-12-25 03:28:32.017000+00:00,4,11,70.6,Medium,64.78413299341827,Medium,0.00951014309669208,0.0225884441145945,0.13129019831397643,0.836611214474737
FKID007192,2023-12-25 06:26:49.239000+00:00,8,19,23.8,Low,32.371659022120106,Low,0.006964064091184201,0.011620419559112303,0.8409023052011783,0.1405132111485252
FKID005502,2023-12-25 06:36:46.826000+00:00,5,11,75.5,Medium,58.142933030219766,Medium,0.010799709450533126,0.027404076108198294,0.41158135786175415,0.5502148565795145
FKID004184,2023-12-25 08:31:49.434000+00:00,1,11,38.4,Low,56.871448955271525,Low,0.02398887285821576,0.01656980419387202,0.8838466930576638,0.07559462989024841
FKID005505,2023-12-25 19:06:18.118000+00:00,2,11,2.5,Low,52.71949703853091,Low,0.01483189155969351,0.04366709526934594,0.6489489963366059,0.2925520168343548
FKID007194,2023-12-25 19:17:14.887000+00:00,0,10,32.6,Low,51.37880915262611,Low,0.06756990842675906,0.06811204281434607,0.7421574543431538,0.12216059441574093
FKID005509,2023-12-25 20:06:10.732000+00:00,5,15,13.4,Low,44.27367939929408,Low,0.0042828684152289844,0.004617411179447196,0.9366164490480856,0.05448327135723813
FKID007196,2023-12-25 20:23:47.295000+00:00,7,11,8.5,Low,23.580170063749982,Low,0.008258140094154967,0.0115689773576122,0.8879268022770912,0.09224608027114173
FKID007199,2023-12-25 21:11:26.487000+00:00,7,7,23.5,Low,44.74538132844,Low,0.017834844537820173,0.09734670391362722,0.5825806211916533,0.30223783035689933
FKID007200,2023-12-25 21:11:53.511000+00:00,1,11,91.4,Low,42.45689632983109,Low,0.005912685358440297,0.01471957981292414,0.9226999892720558,0.056667745556579684
FKID005512,2023-12-25 21:41:50.028000+00:00,8,11,112.4,Medium,61.75259286226692,Low,0.013907508657780232,0.019044439770204705,0.6142680898673426,0.35277996170467263
FKID007204,2023-12-25 21:42:12.709000+00:00,9,21,64.1,Low,89.77410963607696,Medium,0.016572567262117602,0.03904352362199677,0.41421603208739616,0.5301678770284893
FKID005514,2023-12-25 22:38:51.626000+00:00,8,19,40.0,Low,61.60953367180332,Low,0.00870406635197404,0.016762645847353905,0.6573018495484281,0.317231438252244
FKID004189,2023-12-25 23:07:09.569000+00:00,1,11,43.3,Low,609.1666802452847,Low,0.2659133033448215,0.04650802168499686,0.4872770176868094,0.20030165728337224
FKID007208,2023-12-26 00:59:59.741000+00:00,8,19,73.0,Medium,25.465683738089076,Low,0.016407569223625757,0.019832441581592804,0.812954129557732,0.15080585963704943
FKID005517,2023-12-26 01:09:17.225000+00:00,3,11,8.4,Low,34.72336074569126,Low,0.00852770050588327,0.009483599843097911,0.7872216876962219,0.19476701195479693
FKID007209,2023-12-26 01:53:49.366000+00:00,8,19,8.1,Low,25.190496985917104,Low,0.015595769499661752,0.02037333162212732,0.775004942992192,0.189025955886019
FKID007210,2023-12-26 02:00:17.364000+00:00,1,10,48.0,Low,42.65405967592411,Low,0.006702640101639389,0.015375241786361314,0.906228975436935,0.07169314267506444
FKID007213,2023-12-26 02:26:15.600000+00:00,1,9,59.5,Medium,71.67156379523901,Low,0.22384739349421232,0.10305738476489062,0.3714951003136928,0.30160012142720416
FKID007215,2023-12-26 03:25:01.753000+00:00,1,11,10.7,Low,71.95722741493313,Low,0.010203250020502245,0.010135805702351675,0.9068430882981389,0.07281785597900732
FKID007217,2023-12-26 03:29:06.743000+00:00,3,11,31.2,Low,25.204239959708925,Low,0.005867659251633862,0.012710318324994661,0.8895395605884997,0.09188246183487177
FKID007220,2023-12-26 05:43:57.208000+00:00,9,9,145.1,High,92.03789064952595,Medium,0.007964458140069988,0.055669214488118964,0.03080020754945072,0.9055661198223605
FKID007222,2023-12-26 06:23:22.965000+00:00,1,11,45.7,Low,67.09703542970348,Medium,0.012831155206938442,0.011875497178061991,0.22962943223432766,0.7456639153806719
FKID007224,2023-12-26 06:47:24.187000+00:00,7,11,33.1,Low,44.28851242496059,Low,0.00796580527967786,0.023042283267038038,0.5986649156161246,0.37032699583715956
FKID005522,2023-12-26 07:22:22.370000+00:00,3,11,109.7,Medium,78.59318445857188,Medium,0.00974296952189272,0.01816945195360317,0.22614140760360563,0.7459461709208985
FKID007226,2023-12-26 09:26:50.121000+00:00,1,10,107.2,Critical,89.85157287310003,Critical,0.5576604729733541,0.14759962337249716,0.10569884129844626,0.18904106235570248
FKID005185,2023-12-26 11:14:06.852000+00:00,4,0,119.7,Medium,365.3127732346563,Critical,0.975272704289358,0.01462671656034118,0.0046102318525614765,0.005490347297739409
FKID007227,2023-12-26 19:37:42.709000+00:00,1,11,129.9,Medium,94.15953555202148,Medium,0.01312488832133262,0.017854319169500907,0.04200429155592332,0.9270165009532432
FKID007228,2023-12-26 19:53:49.514000+00:00,8,19,38.3,Low,58.75791109057202,Low,0.031083864210883293,0.2577516502322985,0.37998032094024664,0.3311841646165715
FKID007229,2023-12-26 20:10:49.627000+00:00,9,10,36.2,Low,33.79838568007776,Low,0.008587915973531968,0.01820288566275162,0.8666255961714565,0.10658360219226003
FKID007231,2023-12-26 20:27:46.431000+00:00,2,11,67.4,Medium,67.19442897849524,Low,0.1797431230817626,0.0340706618148634,0.5456872942590141,0.24049892084435984
FKID007233,2023-12-26 20:55:46.001000+00:00,1,10,8.9,Low,39.01415777950363,Low,0.013003664107683175,0.07805131574662874,0.6345198473846763,0.27442517276101175
FKID007234,2023-12-26 21:13:02.796000+00:00,4,14,108.8,High,65.94207204603416,Low,0.01449654392259924,0.08035554858284936,0.5784572308963233,0.32669067659822815
FKID005532,2023-12-26 21:13:22.223000+00:00,2,13,712.4,High,715.0484905681275,High,0.13340547910260053,0.8500584716820875,0.006377919675662812,0.01015812953964901
FKID007235,2023-12-26 21:18:02.907000+00:00,9,21,32.7,Low,41.350186527303705,Medium,0.005965194264763323,0.04329849804102397,0.05456453172736407,0.8961717759668487
FKID007236,2023-12-26 21:52:19.283000+00:00,9,2,83.5,Medium,95.10426258207296,Medium,0.04075693338536364,0.0303623506593782,0.07223765198382773,0.8566430639714304
FKID005538,2023-12-26 22:54:46.724000+00:00,5,15,84.0,Low,263.29741954820435,High,0.025446404374223703,0.6921675013430774,0.20988025628919996,0.07250583799349895
FKID007238,2023-12-26 23:47:13.089000+00:00,1,11,44.9,Low,42.57144188811754,Low,0.0073876000830408765,0.018976936302861225,0.7256351239765245,0.2480003396375734
FKID007239,2023-12-26 23:51:58.207000+00:00,8,19,17.1,Low,29.075145786324637,Low,0.006241345547880604,0.018442013878687935,0.9365774531466129,0.0387391874268186
FKID007241,2023-12-27 00:22:03.501000+00:00,8,16,89.2,Medium,71.4723656787012,Medium,0.011412560094915206,0.02827129003327681,0.17569501530452916,0.7846211345672788
FKID007243,2023-12-27 02:33:29.886000+00:00,1,10,77.9,Medium,33.00745616924726,Low,0.005454388704983959,0.033181534673347675,0.8817504938037268,0.07961358281794141
FKID007245,2023-12-27 04:10:22.284000+00:00,7,11,115.8,Medium,27.68786275989403,Low,0.016024955708488248,0.028590946598520576,0.72500015807673,0.23038393961626105
FKID005540,2023-12-27 04:28:02.455000+00:00,9,2,82.3,Medium,26.370395980714186,Low,0.01623523353934148,0.009952127502079381,0.897968654227272,0.07584398473130699
FKID005539,2023-12-27 04:28:02.455000+00:00,9,2,82.3,Medium,25.863861878797202,Low,0.015576598082766319,0.028056420266846266,0.9019348837980375,0.05443209785234999
FKID007246,2023-12-27 04:40:11.791000+00:00,1,10,12.5,Low,44.11518868153095,Medium,0.022466661142797346,0.057256330259323376,0.23645965133778035,0.683817357260099
FKID007248,2023-12-27 05:29:30.884000+00:00,1,9,1.7,Low,89.65754629122517,Low,0.21867175000872557,0.05807753435816658,0.443102123036956,0.2801485925961518
FKID007249,2023-12-27 05:31:20.838000+00:00,1,9,259.4,Critical,96.61000779937477,Low,0.01654312232099222,0.023563682695963054,0.6018333352458652,0.3580598597371795
FKID007250,2023-12-27 05:55:09.482000+00:00,9,21,178.8,High,164.75124332434882,Critical,0.4320528268431884,0.3951094607062535,0.08011503568298901,0.09272267676756908
FKID007251,2023-12-27 06:39:00.579000+00:00,1,10,9.0,Low,48.0320409687967,Low,0.006784480485159676,0.009600764436093496,0.7141145534712302,0.2695002016075166
FKID007252,2023-12-27 09:05:55.998000+00:00,8,11,78.6,Low,50.729200379288066,Low,0.007408741265679677,0.025273553475513712,0.8032449034484426,0.16407280181036418
FKID007253,2023-12-27 10:45:38.708000+00:00,8,19,9.2,Low,27.182432179772935,Low,0.015978958858339908,0.22879234148201322,0.46498986844243567,0.29023883121721117
FKID007255,2023-12-27 18:23:44.326000+00:00,8,19,63.1,Low,36.940545552234475,Low,0.009044762668749613,0.015544944533029749,0.8060085128478465,0.16940177995037417
FKID007260,2023-12-27 19:45:43.519000+00:00,1,11,85.2,Low,85.09708833963003,Low,0.006960931587144969,0.02345303382744696,0.7587626129720633,0.21082342161334475
FKID007261,2023-12-27 20:00:10.724000+00:00,0,10,50.4,Medium,43.640383589771126,Low,0.016744616271682083,0.04732393692963078,0.7376803032413094,0.19825114355737777
FKID007262,2023-12-27 20:09:58.371000+00:00,5,2,7.2,Low,32.19306895099897,Low,0.0448731559042973,0.10095175879076952,0.6323978354002507,0.22177724990468242
FKID005552,2023-12-27 22:20:16.078000+00:00,3,11,34.5,Low,57.22176557245971,Low,0.00852205409211822,0.011244086079831853,0.8108658445852114,0.1693680152428385
FKID005189,2023-12-27 22:37:18.505000+00:00,4,14,51.1,Low,47.859876996922374,Medium,0.016878330051418176,0.024957509173047884,0.4256792866647894,0.5324848741107446
FKID007267,2023-12-27 23:25:59.665000+00:00,4,0,91.1,Low,67.84540209446178,Low,0.02134189683030833,0.06477581559530743,0.7822954766151745,0.13158681095920974
FKID004196,2023-12-28 00:51:40.081933+00:00,1,11,77.3,Low,79.70395023304556,Low,0.0030904976757944584,0.006810440820824102,0.9646532442339699,0.025445817269411426
FKID007270,2023-12-28 00:54:29.371397+00:00,1,11,89.6,Low,79.86444827388172,Low,0.003455336406301659,0.00850309265699189,0.9611938314521874,0.026847739484519167
FKID004197,2023-12-28 01:11:02.481146+00:00,1,11,57.7,Low,83.77682438680816,Low,0.003227667353195118,0.004548600171868827,0.9704531024700475,0.021770630004888533
FKID007259,2023-12-28 01:20:24.698000+00:00,1,11,47.8,Low,48.64977546405225,Low,0.00644274856312164,0.00875687360362716,0.9351393755444459,0.04966100228880516
FKID007272,2023-12-28 01:22:19.025000+00:00,9,2,118.0,Medium,66.59205715869511,Medium,0.021057408786262454,0.05061166393435585,0.32754251547826635,0.6007884118011153
FKID007274,2023-12-28 02:30:26.290000+00:00,7,11,73.6,Medium,70.83811664265838,Medium,0.019875337365698704,0.07497588767364163,0.37340117774109244,0.5317475972195672
FKID007276,2023-12-28 04:04:51.727000+00:00,7,7,117.2,High,59.53291435993227,Medium,0.015029562069465992,0.055555657679019835,0.19566473128861878,0.7337500489628953
FKID007277,2023-12-28 04:57:04.997000+00:00,7,7,57.7,Medium,57.27474410225972,Medium,0.015065356272154204,0.13596774062527017,0.18097657688628438,0.6679903262162913
FKID005556,2023-12-28 06:47:46.964000+00:00,4,11,78.1,Low,95.46529856415451,Medium,0.00877790996222781,0.01803208039989955,0.1007536169828723,0.8724363926550003
FKID005558,2023-12-28 08:32:37.997000+00:00,2,11,2.8,Low,39.498412775089264,Low,0.0039525350890573015,0.010270762908579848,0.962066163343362,0.023710538659000746
FKID007282,2023-12-28 09:36:14.514000+00:00,7,7,40.7,Low,40.744940242581144,Low,0.013618219849171482,0.03141341065782227,0.7631416720910666,0.19182669740193956
FKID005560,2023-12-28 17:06:22.028000+00:00,5,15,62.1,High,55.20133558570609,Low,0.17648092238647206,0.1502405079226856,0.4240198882537425,0.24925868143709998
FKID005561,2023-12-28 18:38:44.277000+00:00,7,7,116.7,Medium,121.03550247601773,Medium,0.012391295021509124,0.08622294618591472,0.4067991010414103,0.49458665775116595
FKID005562,2023-12-28 18:40:08.276000+00:00,7,7,115.3,Medium,108.90327141818129,Medium,0.008711473930780858,0.046116353726482845,0.29425392419852475,0.6509182481442116
FKID005563,2023-12-28 18:40:34.276000+00:00,7,7,114.7,Medium,114.67627810249688,Medium,0.011385749701880355,0.10779596900490873,0.384584922866224,0.49623335842698707
FKID005564,2023-12-28 18:46:12.208000+00:00,7,7,109.1,Low,114.67627810249688,Medium,0.012490560194461807,0.11727265889699043,0.4244381088910489,0.44579867201749884
FKID005565,2023-12-28 19:28:58.319000+00:00,4,0,1439.8,High,379.4988034128933,High,0.19656061899081365,0.3695023405158861,0.08457867015327673,0.3493583703400235
FKID007290,2023-12-28 19:51:06.052000+00:00,9,2,8.5,Low,47.40515869467469,Low,0.02473602953444977,0.06886680801368192,0.6958359854402062,0.21056117701166197
FKID005566,2023-12-28 20:19:07.977000+00:00,8,11,134.8,Medium,36.268505304300724,Low,0.01073387216183549,0.010099004272917904,0.6114988111563817,0.3676683124088649
FKID007293,2023-12-28 20:59:49.322000+00:00,7,1,50.3,Medium,57.26914885229034,Medium,0.03780229804742018,0.2998661417741102,0.2999120432071954,0.36241951697127417
FKID005568,2023-12-28 21:00:23.163000+00:00,2,13,725.4,High,715.0484905681275,High,0.021032224446495055,0.947725771941784,0.01439618133749078,0.01684582227423013
FKID007295,2023-12-28 21:10:54.585000+00:00,1,10,42.3,Medium,46.06749875135936,Low,0.01143004540808046,0.07985713263022853,0.6648477494308009,0.24386507253089013
FKID007297,2023-12-28 21:12:06.698000+00:00,1,10,41.1,Medium,46.06749875135936,Low,0.011507915522619481,0.044459545768207306,0.6429468920580163,0.301085646651157
FKID007298,2023-12-28 21:15:35.912000+00:00,4,3,16.9,Low,57.2074383764493,Low,0.0038617760233061356,0.018071876388369726,0.8809521481933205,0.09711419939500375
FKID007300,2023-12-28 21:58:15.515000+00:00,9,10,2.1,Low,37.53683569608355,Low,0.004463914684695247,0.008440781639507412,0.9307243643111355,0.05637093936466183
FKID005570,2023-12-28 22:19:12.133000+00:00,2,11,20.2,Low,49.80404812451412,Low,0.005653349483994681,0.0077093402457320435,0.8841339054885566,0.10250340478171655
FKID007306,2023-12-28 23:06:53.214000+00:00,1,1,21.4,Low,60.05804611991294,Medium,0.032892812191472345,0.14304214972164794,0.39019739292578465,0.43386764516109505
FKID007307,2023-12-28 23:49:41.702000+00:00,1,10,13.0,Low,40.0534254245913,Medium,0.008649564283515347,0.022563073832107382,0.3974685705503957,0.5713187913339816
FKID007308,2023-12-28 23:50:21.217000+00:00,9,10,75.1,Low,186.6749364903057,Medium,0.032668939236910347,0.19710436443415572,0.33706498037253063,0.4331617159564033
FKID005572,2023-12-29 00:04:20.725000+00:00,9,2,24.7,Low,35.26538187742912,Low,0.012589221094222775,0.013468260755886365,0.8273868625096552,0.14655565564023568
FKID007310,2023-12-29 01:23:35.082000+00:00,1,10,36.0,Low,48.39701791041041,Low,0.002794651004548185,0.005195843379694141,0.9726353469517196,0.019374158664038122
FKID007311,2023-12-29 01:37:54.446000+00:00,1,10,3.5,Low,38.42313218896007,Low,0.0050549776439225156,0.005853606931647925,0.7613955891977866,0.22769582622664303
FKID007312,2023-12-29 01:55:24.892000+00:00,5,3,6.0,Low,41.3590894309415,Low,0.019841542605206153,0.21563182899956682,0.5885029630860416,0.17602366530918553
FKID007313,2023-12-29 02:10:33.087000+00:00,5,2,5.7,Low,40.930452003729336,Low,0.027147972172590552,0.05823203641682309,0.5802532178352776,0.33436677357530875
FKID005574,2023-12-29 04:40:20.888000+00:00,2,11,35.0,Low,54.667040339071,Medium,0.010445186825192706,0.011370064070701501,0.23824365982448303,0.7399410892796227
FKID005575,2023-12-29 04:42:08.633000+00:00,4,6,56.3,Low,47.28680948688539,Low,0.009540663152360719,0.01648685090163245,0.7294558165119294,0.24451666943407752
FKID005576,2023-12-29 04:53:39.985000+00:00,7,7,33.1,Low,59.94419127393291,Low,0.011621885154421306,0.04673709433904466,0.5699052651329578,0.3717357553735762
FKID007324,2023-12-29 06:36:03.140000+00:00,6,11,835.9,Medium,289.14088098826625,Medium,0.028612963001247223,0.10006951539040808,0.24925090210485956,0.6220666195034852
FKID007325,2023-12-29 06:42:53.527000+00:00,3,11,59.6,Low,50.7488572297369,Low,0.00886571787086856,0.012507767227158238,0.7201396934938101,0.25848682140816326
FKID005581,2023-12-29 07:54:20.410000+00:00,9,2,27.9,Low,50.84132603677949,Low,0.012968573966657626,0.05418937163164848,0.8510891717217393,0.08175288267995463
FKID005584,2023-12-29 18:43:50.804000+00:00,3,14,28.2,Low,50.85296779148779,Medium,0.012991139608917714,0.1317337663811118,0.37046941762464386,0.4848056763853265
FKID007331,2023-12-29 19:58:00.464000+00:00,0,11,37.0,Low,48.31985187974812,Low,0.006967096945516027,0.011693777796040875,0.8246925054997994,0.15664661975864366
FKID005587,2023-12-29 20:11:20.181000+00:00,4,0,5.4,Low,77.82797724201498,Low,0.013709060242609225,0.025784403431752527,0.9006740364662045,0.05983249985943376
FKID005589,2023-12-29 21:03:32.908000+00:00,2,13,722.2,High,720.8214972524432,High,0.01856818014029043,0.9553004246995627,0.010472383593531665,0.01565901156661515
FKID007334,2023-12-29 22:06:36.008000+00:00,1,11,14.7,Low,38.84369401187577,Low,0.005827553601145755,0.007768570427768192,0.9499097015365517,0.036494174434534274
FKID007335,2023-12-29 22:50:17.599000+00:00,2,20,11.9,Low,38.24834088299823,Medium,0.014310609668246627,0.03423096104686305,0.36922996075516645,0.5822284685297239
FKID007336,2023-12-29 22:56:45.966000+00:00,1,18,84.4,Medium,65.15674283049788,Medium,0.015084481544506284,0.04876182813606032,0.282621293418541,0.6535323969008925
FKID005592,2023-12-29 23:29:38.297000+00:00,4,0,22.4,Low,68.65999655005686,Medium,0.030270248838541923,0.20857388785499284,0.16606097523643845,0.5950948880700268
FKID007339,2023-12-30 00:00:04.109000+00:00,1,11,47.2,Low,72.7515589621759,Low,0.009901723810765393,0.03405307524606616,0.8555113470803225,0.10053385386284598
FKID007340,2023-12-30 00:32:10.723000+00:00,5,3,134.0,Medium,191.4623222912346,High,0.015207621013883574,0.4629499754441758,0.18007236346889938,0.3417700400730412
FKID005596,2023-12-30 00:46:00.469000+00:00,8,15,50.8,Medium,45.953238081804244,Medium,0.005558518442120014,0.04611502130316151,0.38429868669544354,0.5640277735592749
FKID005597,2023-12-30 00:58:10.846000+00:00,8,9,121.3,Medium,47.61783459006751,Medium,0.004979949782061705,0.024759307056494265,0.36868629450323637,0.6015744486582076
FKID005598,2023-12-30 01:09:11.216000+00:00,2,13,92.4,Medium,372.19729911015514,High,0.004081807229703423,0.8285468996486461,0.08109744804119036,0.08627384508046003
FKID005193,2023-12-30 03:47:19.319000+00:00,3,11,98.9,Low,43.831844459026115,Low,0.004644690363917627,0.007470488101964492,0.8314524357203749,0.156432385813743
FKID007346,2023-12-30 05:02:34.568000+00:00,7,1,13.8,Low,96.9593581079022,Low,0.018383398925598593,0.15279573139693256,0.47899227156120816,0.3498285981162607
FKID007348,2023-12-30 05:29:05.511000+00:00,1,4,55.2,Low,53.21198390937037,Low,0.006719743732599337,0.009927545421229696,0.7921521117777482,0.19120059906842288
FKID007351,2023-12-30 05:46:57.744000+00:00,9,11,53.0,Low,88.47157417460095,Low,0.012926189950819122,0.03410018249289731,0.5156783090499166,0.4372953185063669
FKID007353,2023-12-30 06:05:20.332000+00:00,4,14,109.1,High,53.35940804733112,High,0.008854601531654115,0.6061684973567519,0.1122684844822381,0.2727084166293558
FKID007359,2023-12-30 19:16:28.780000+00:00,8,19,20.7,Low,34.62097288789032,Low,0.0019029849908581214,0.0037762243422091273,0.9123897718597536,0.0819310188071791
FKID005609,2023-12-30 21:04:29.732000+00:00,4,3,15.9,Low,124.00215332206625,Low,0.006097737730223301,0.214132559906192,0.6880982234397058,0.09167147892387881
FKID005610,2023-12-30 21:14:22.468000+00:00,8,11,126.8,Medium,49.407709226939595,Low,0.008215744142245135,0.08408791436164188,0.5900977730404905,0.3175985684556225
FKID007363,2023-12-30 22:25:04.839000+00:00,9,11,38.6,Low,44.72926522760154,Low,0.004677864591480294,0.007987284709550192,0.8989626999441224,0.0883721507548471
FKID005612,2023-12-30 22:39:39.356000+00:00,8,19,58.0,Medium,144.6010984568677,Medium,0.009433919630851802,0.13353857048489523,0.20434559607111857,0.6526819138131345
FKID007364,2023-12-30 23:15:31.529000+00:00,5,3,146.8,Medium,250.75685084363246,High,0.019297012830698547,0.4497876647722835,0.18852537914229328,0.3423899432547247
FKID007366,2023-12-31 00:28:20.913688+00:00,1,11,18.2,Low,19.764551193503664,Low,0.0016707186193291007,0.0030521726195585075,0.9856772810275889,0.00959982773352346
FKID007367,2023-12-31 01:10:24.265000+00:00,9,21,30.8,Low,25.15516314232018,Low,0.006001436370115465,0.08535549077150101,0.7830909060099885,0.12555216684839496
FKID007368,2023-12-31 01:13:13.601000+00:00,7,7,2.0,Low,10.471191530132959,Low,0.002211202465560412,0.0040192614402708065,0.9834386130643165,0.010330923029852201
FKID007372,2023-12-31 02:36:34.025000+00:00,8,19,44.8,Medium,37.65691924518576,Medium,0.013112637638267742,0.14225638792810963,0.40634563179771505,0.4382853426359074
FKID005615,2023-12-31 02:49:40.745000+00:00,5,2,11.1,Low,182.47955891430868,High,0.19788521726641148,0.6070935258557367,0.055810758748721795,0.13921049812913006
FKID005616,2023-12-31 04:36:55.971000+00:00,9,2,28.0,Low,31.992478781858907,Low,0.005086175579668105,0.008586381421677662,0.7864673747640646,0.19986006823458954
FKID007378,2023-12-31 05:08:51.210000+00:00,1,10,2.9,Low,14.02862068231493,Low,0.027968815941937016,0.036917873118434606,0.8489961101319728,0.08611720080765563
FKID007379,2023-12-31 05:20:20.490000+00:00,8,21,61.0,Medium,44.73635264434018,Low,0.005906402464147548,0.0438240291374563,0.4782553834399497,0.47201418495844655
FKID007380,2023-12-31 05:34:40.921000+00:00,8,19,17.5,Low,31.52903724624539,Low,0.013095193875561593,0.09625811498587444,0.6569889582582482,0.23365773288031583
FKID007382,2023-12-31 06:15:00.947000+00:00,1,18,108.2,Medium,95.41757932614527,Medium,0.00686202572888905,0.03329716653139565,0.031047651547178586,0.9287931561925368
FKID007383,2023-12-31 06:55:40.295000+00:00,4,6,217.6,High,66.56459091743085,Medium,0.03323272723842333,0.10704185870933491,0.36639031015038037,0.49333510390186136
FKID007384,2023-12-31 08:28:31.872000+00:00,1,10,19.0,Low,29.954998028719956,Low,0.004309954643440839,0.006497226241719067,0.8455767613471141,0.14361605776772599
FKID007386,2023-12-31 08:52:59.715000+00:00,7,7,63.3,Low,60.92748318046336,Low,0.005251414536103241,0.010769669907175268,0.8771456581240752,0.10683325743264614
FKID007390,2023-12-31 19:58:47.757000+00:00,0,18,99.0,High,87.02560752086282,Medium,0.0079109004700415,0.26347922295916865,0.13587104055162383,0.592738836019166
FKID005621,2023-12-31 20:27:14.409000+00:00,3,11,139.7,Low,123.44775201037784,Low,0.02803396431371197,0.02420921257214606,0.7163627766747425,0.23139404643939965
FKID007393,2024-01-01 03:50:05.862000+00:00,8,19,80.0,High,50.55125804068185,Medium,0.0068563010788215235,0.02882979506042454,0.24581929959049054,0.7184946042702635
FKID007395,2024-01-01 05:06:15.334000+00:00,9,21,52.7,Medium,93.23599032104985,Medium,0.009769836456915832,0.3557419222969913,0.02194341196041748,0.6125448292856754
FKID007396,2024-01-01 06:19:09.818000+00:00,1,5,52.1,Medium,55.4874095131949,Medium,0.013901080675953012,0.038978108923082316,0.08992154931891776,0.8571992610820469
FKID005623,2024-01-01 06:23:54.891000+00:00,8,11,76.1,Low,46.24567334199718,Low,0.006095955634271405,0.02332769111390841,0.6570864332332923,0.313489920018528
FKID007397,2024-01-01 06:29:03.804000+00:00,0,10,14.0,Low,20.50557827673013,Low,0.007216425485342111,0.030862215297226728,0.6660025566190372,0.2959188025983939
FKID007398,2024-01-01 07:40:00.779000+00:00,8,19,21.8,Low,46.734883846091456,Medium,0.008226203962004778,0.047936008459075245,0.12392241823556953,0.8199153693433504
FKID004137,2024-01-01 19:27:58.270000+00:00,4,0,364.6,High,441.0874841411298,High,0.059521915307354296,0.6318955245537896,0.17548415471663528,0.13309840542222082
FKID007402,2024-01-01 19:59:17.707000+00:00,4,11,4.6,Low,77.5324922719994,Low,0.00528593001961165,0.01828085366386431,0.58416017213575,0.392273044180774
FKID005626,2024-01-01 21:00:52.598000+00:00,2,13,724.9,High,719.5126729573748,High,0.004236604119361988,0.9859772542074696,0.005883652299785192,0.0039024893733830193
FKID007403,2024-01-01 21:22:56.471000+00:00,6,11,249.6,High,79.37607459405297,Low,0.008191559090566323,0.046359429679166765,0.6303300873127786,0.3151189239174882
FKID005632,2024-01-01 22:24:21.333000+00:00,5,3,1323.3,High,649.1240140690827,High,0.042055180971494646,0.8140252236241382,0.09611945830064314,0.047800137103724064
FKID005633,2024-01-01 22:35:30.765000+00:00,1,2,27.2,Low,28.073314201438563,Low,0.0050063165314416635,0.01910534919901448,0.6565904397348945,0.31929789453464935
FKID007407,2024-01-01 23:03:04.439000+00:00,1,9,12.5,Low,49.33452611015626,Low,0.006380976231407523,0.011762203071990497,0.9209839688380026,0.0608728518585994
FKID007409,2024-01-02 00:14:45.099000+00:00,8,9,111.8,Medium,53.51700547264512,Low,0.013473505464790774,0.1788889186720624,0.4250843472876161,0.3825532285755307
FKID007411,2024-01-02 01:05:29.024000+00:00,8,9,30.3,Low,53.090596834138466,Medium,0.026001963835615087,0.24447176296906792,0.2989604412113198,0.4305658319839971
FKID004149,2024-01-02 01:47:33.455000+00:00,9,2,235.5,High,632.698417014667,Medium,0.32623870746095684,0.10919115924755983,0.09809417494172093,0.46647595834976247
FKID007400,2024-01-02 02:26:47.270000+00:00,9,10,32.1,Medium,23.32506749680108,Low,0.00580530704916987,0.02408810350158067,0.6045124184015637,0.3655941710476858
FKID007413,2024-01-02 02:33:14.602000+00:00,1,11,69.8,Medium,64.43687574749954,Medium,0.00873713927192416,0.07380559110057888,0.4487934915097038,0.468663778117793
FKID005635,2024-01-02 04:37:03.775000+00:00,6,11,22.6,Low,39.27983220213054,Low,0.0028858530500072005,0.007945302225630316,0.9383700966789242,0.05079874804543824
FKID007418,2024-01-02 06:13:44.277000+00:00,1,11,42.4,Low,41.7085962375309,Low,0.003260649854876323,0.006035453802137814,0.7554642351408297,0.2352396612021562
FKID004150,2024-01-02 07:05:12.375000+00:00,1,11,86.7,Low,83.6859652277549,Low,0.005732443058307889,0.011441625436694846,0.7539488114258317,0.22887712007916566
FKID007420,2024-01-02 07:16:02.706000+00:00,8,16,38.3,Medium,48.989516772316506,Medium,0.003727245311940708,0.052037055861728576,0.46836669827855865,0.475869000547772
FKID004154,2024-01-02 08:02:40.717000+00:00,1,11,1080.8,Medium,364.3381171740431,Low,0.11092066965472704,0.08800722688926897,0.6813199947677313,0.11975210868827264
FKID007423,2024-01-02 19:06:04.654000+00:00,7,7,49.4,Low,59.06703736911977,Low,0.008826105876034811,0.013827848508049701,0.8184920743562121,0.15885397125970355
FKID005637,2024-01-02 21:01:18.696000+00:00,2,13,724.5,High,678.1370223978956,High,0.004654095858387046,0.9849176836382495,0.006329765889643807,0.004098454613719817
FKID007431,2024-01-02 23:08:09.251000+00:00,5,3,69.2,High,41.651973677695565,Low,0.022457312701770153,0.22254927503471364,0.5707343599249882,0.18425905233852802
FKID007432,2024-01-02 23:27:19.950000+00:00,1,11,30.9,Low,64.21564463939843,Low,0.00634852747302267,0.021922993396622657,0.8253319739449334,0.1463965051854212
FKID005638,2024-01-03 00:14:43.015000+00:00,2,11,44.1,Low,18.491209784202336,Low,0.0017079834871396348,0.004627077134246303,0.9481785676876354,0.04548637169097861
FKID004213,2024-01-03 02:03:27.965000+00:00,5,3,29.8,Low,398.7430745450882,Low,0.20229654840505348,0.02907604400269999,0.7542329407567167,0.014394466835529885
FKID007435,2024-01-03 02:05:37.026000+00:00,4,0,107.1,High,54.88382912174236,Medium,0.01753799411580546,0.3132014523693563,0.30202188815806974,0.36723866535676847
FKID004210,2024-01-03 04:21:29.885000+00:00,2,11,51.5,Low,57.97509568976748,Low,0.002903454764748104,0.005444634129852596,0.955839041980904,0.03581286912449534
FKID007439,2024-01-03 05:18:46.988000+00:00,8,11,52.9,Low,67.48839588825781,Medium,0.0023058729783809054,0.006156063310092848,0.304760103640121,0.6867779600714051
FKID007441,2024-01-03 05:27:42.130000+00:00,0,18,65.1,Medium,68.9100658908842,Medium,0.004319211108875223,0.0186753748263588,0.03693939805332517,0.9400660160114408
FKID007445,2024-01-03 06:09:28.278000+00:00,1,11,37.6,Low,56.07493868937953,Low,0.005611372521645208,0.017639686552388567,0.8393273707397004,0.13742157018626577
FKID007446,2024-01-03 06:15:42.955000+00:00,8,11,67.7,Low,73.44322125224366,Medium,0.002537063406849523,0.004766974182338095,0.18583685033595868,0.8068591120748537
FKID007449,2024-01-03 06:21:44.345000+00:00,0,7,113.6,Critical,143.31451533796383,Medium,0.20513249579463108,0.07810492027313576,0.13116833152716806,0.585594252405065
FKID005642,2024-01-03 06:41:53.656000+00:00,3,11,26.2,Low,45.82325666871022,Low,0.00547622284734033,0.015482101029802724,0.7070182007890524,0.2720234753338045
FKID007450,2024-01-03 07:56:22.136000+00:00,0,10,30.7,Low,52.98695298923839,Low,0.011520341340986095,0.005651038932802216,0.9468512012353266,0.035977418490885045
FKID007458,2024-01-03 20:08:46.458000+00:00,1,10,75.2,Medium,50.93000375283731,Medium,0.009591347229091197,0.04541706446659483,0.18693622306118673,0.7580553652431272
FKID007459,2024-01-03 20:24:39.040000+00:00,9,10,21.0,Low,49.743038728238645,Medium,0.009869716711411881,0.03703899040104702,0.26194220836795096,0.6911490845195901
FKID005645,2024-01-03 20:54:14.688000+00:00,8,11,54.6,Low,51.64437242939281,Low,0.004863646253589723,0.03500416042185135,0.6593986097923924,0.30073358353216656
FKID005646,2024-01-03 21:02:56.581000+00:00,2,13,722.8,High,702.8114999480844,High,0.0019098500318458413,0.989465284422825,0.0050214879965035705,0.003603377548825692
FKID007462,2024-01-03 21:08:03.340000+00:00,6,11,737.9,Medium,435.3317104197573,Low,0.0426237385443479,0.044688620910094026,0.5571714317723336,0.35551620877322443
FKID004241,2024-01-03 21:11:12.334000+00:00,1,11,103.6,Medium,92.38334937590875,Low,0.0057184245639942365,0.03932667333135468,0.5589592658658904,0.39599563623876066
FKID007464,2024-01-03 21:29:16.148000+00:00,0,7,514.8,High,247.2035802935095,High,0.013259751762986133,0.7281952118083729,0.14900608878129717,0.1095389476473439
FKID005648,2024-01-03 22:32:46.218000+00:00,8,9,31.4,Low,43.80432367515974,Low,0.00846752865775688,0.03218948412663358,0.673515358763711,0.28582762845189846
FKID004243,2024-01-03 22:52:56.454000+00:00,8,11,12.0,Low,61.4997646019247,Medium,0.006158122177291767,0.022933532919480255,0.4828169375790054,0.48809140732422257
FKID004247,2024-01-04 00:34:35.255000+00:00,1,11,121.2,Low,117.13699008043858,Low,0.0035743998467181646,0.01051765837498103,0.8680080502380484,0.11789989154025234
FKID005649,2024-01-04 01:14:39.821000+00:00,3,13,30.9,Low,55.26002003230071,Low,0.00669292300404832,0.05474377374619971,0.6394443427229022,0.2991189605268499
FKID007472,2024-01-04 02:22:01.128000+00:00,8,19,88.5,High,59.06149064463914,Medium,0.0030137959300196243,0.008211583158068652,0.059952919755793935,0.9288217011561178
FKID004250,2024-01-04 03:42:04.144000+00:00,8,19,29.0,Low,103.57280664220825,Medium,0.010164180738672141,0.0389936992589219,0.04602489819991748,0.9048172218024884
FKID007475,2024-01-04 05:22:49.170000+00:00,0,11,25.4,Low,32.97997260630527,Low,0.0038150239506060486,0.00833979943894099,0.6199725668273399,0.3678726097831131
FKID007477,2024-01-04 05:55:52.346000+00:00,1,11,152.1,Medium,82.33051412528935,Medium,0.0070788919724261695,0.022089365532125958,0.1682181116917163,0.8026136308037316
FKID007480,2024-01-04 06:37:12.946000+00:00,1,10,6.6,Low,15.332596577932414,Low,0.0030704441047962284,0.006702889153745458,0.9328071786599375,0.05741948808152104
FKID004256,2024-01-04 18:17:56.882000+00:00,3,11,59.0,Low,95.25418713332873,Low,0.005843886739249984,0.011200971963856004,0.7467891544440579,0.2361659868528361
FKID007485,2024-01-04 20:13:14.551000+00:00,1,11,49.3,Low,64.09264951305617,Low,0.013306102035671046,0.009069049517220935,0.5365705265850573,0.44105432186205074
FKID004261,2024-01-04 20:55:07.743000+00:00,7,11,70.2,Low,39.99906837096133,Low,0.0018238375422823948,0.00283193075241238,0.9719490070686824,0.023395224636622778
FKID004258,2024-01-04 20:59:13.012000+00:00,2,13,726.5,High,740.5963769070274,High,0.002114436649548247,0.9912930691858226,0.003691630852740945,0.002900863311888334
FKID007487,2024-01-04 21:06:15.166000+00:00,1,11,119.5,Medium,66.3122872059642,Low,0.06192643544408828,0.20717490204472366,0.45144509816932826,0.27945356434185975
FKID007448,2024-01-04 21:31:36.994000+00:00,7,11,33.5,Low,53.06670568637665,Low,0.0066440588263363635,0.02260622105380228,0.5308266343127822,0.43992308580707906
FKID007488,2024-01-04 21:44:28.375000+00:00,8,19,39.0,Medium,33.32137772136313,Medium,0.006900569243831649,0.03141080329290287,0.1967183267879407,0.7649703006753248
FKID004265,2024-01-04 21:54:23.712000+00:00,6,11,66.1,Low,69.93966811612736,Low,0.0027267555442124164,0.008953056480738892,0.5904846889541806,0.39783549902086796
FKID007489,2024-01-04 22:09:42.211000+00:00,1,11,48.8,Low,62.122461612677675,Low,0.005812588205918487,0.011760058836338374,0.8773772310962145,0.10505012186152873
FKID007494,2024-01-04 23:06:47.031000+00:00,9,19,84.5,Medium,76.35513839911376,Medium,0.0038810627432642594,0.022944044526479954,0.05710467797426591,0.9160702147559899
FKID007496,2024-01-04 23:17:35.075000+00:00,1,10,12.8,Low,56.18746460273107,High,0.03218371017797307,0.3787229598900973,0.25952730642394944,0.32956602350798025
FKID007499,2024-01-04 23:57:43.280000+00:00,1,9,98.6,Medium,34.606246125589585,Low,0.0033601558140460655,0.010994718674435395,0.9274572226785361,0.05818790283298252
FKID004280,2024-01-05 00:51:26.074000+00:00,3,11,120.1,Medium,66.24434006050936,Low,0.005125846536544291,0.05237783366590676,0.8042325223934028,0.13826379740414607
FKID007505,2024-01-05 02:44:31.738000+00:00,1,11,64.0,Medium,57.13958122209889,Low,0.005186825216299291,0.023919767574992378,0.5265294495564158,0.4443639576522925
FKID007509,2024-01-05 06:17:15.352000+00:00,1,11,136.3,Low,99.35687923874184,Low,0.010924374261155294,0.010535931332424087,0.7345636807549895,0.24397601365143123
FKID007510,2024-01-05 07:32:42.304000+00:00,5,11,20.3,Low,27.352064638986597,Low,0.0019497780737922836,0.005647026528376804,0.9344215943558316,0.057981601041999266
FKID007513,2024-01-05 08:42:20.304000+00:00,9,10,1009.0,High,468.8411703045131,Medium,0.06447169851247536,0.34102768141982914,0.11010678084086004,0.4843938392268353
FKID007514,2024-01-05 08:46:07.435000+00:00,8,16,58.6,Low,29.506440144291854,Low,0.0028501184265810778,0.01888650262590082,0.9262356521119927,0.052027726835525465
FKID004288,2024-01-05 11:21:16.337000+00:00,4,2,7.7,Low,26.219593949413852,Low,0.004187306343994802,0.007802232945947841,0.9278880665041302,0.06012239420592709
FKID004290,2024-01-05 19:42:42.118000+00:00,0,12,34.0,Low,38.96575360562728,Low,0.003853512470872262,0.04416365547695653,0.8219797513403776,0.1300030807117937
FKID007521,2024-01-05 20:06:40.819000+00:00,8,19,10.1,Low,71.24906670734113,Low,0.006911512146745785,0.01630126005720684,0.855855814480342,0.12093141331570541
FKID004303,2024-01-05 20:24:27.213000+00:00,3,11,87.6,Medium,176.3777625658488,Medium,0.01110872906643663,0.05508281376907577,0.37274129288509933,0.5610671642793883
FKID004330,2024-01-05 20:57:04.063000+00:00,2,13,728.7,High,693.937621661575,High,0.0022508812124136953,0.9875206547792014,0.003576343705011742,0.0066521203033731305
FKID007527,2024-01-05 23:57:19.973000+00:00,1,11,113.7,Medium,66.91780869375889,Low,0.006983514901668024,0.0691415374821774,0.6900988048121821,0.2337761428039724
FKID007531,2024-01-06 02:10:42.791000+00:00,9,14,31.2,Medium,41.368470104019046,Medium,0.005233438937329262,0.01891916455297845,0.42596667216560236,0.54988072434409
FKID007532,2024-01-06 02:24:11.040000+00:00,8,10,19.3,Low,35.984523645852015,Medium,0.0035909283416396534,0.020200113048672762,0.07493206367828133,0.9012768949314062
FKID005656,2024-01-06 04:40:00.640000+00:00,4,0,2.8,Low,51.979138240532926,Low,0.01280904790598419,0.014465827709123377,0.7640114610206158,0.2087136633642768
FKID007534,2024-01-06 05:26:19.155000+00:00,4,3,73.6,Medium,45.8175414537429,Medium,0.004125355607699059,0.01535247585272333,0.06479069284479531,0.9157314756947822
FKID004321,2024-01-06 05:35:33.944000+00:00,1,9,23.9,Low,88.87821758375051,Medium,0.004689720423405655,0.03051708787848561,0.13179372878370002,0.8329994629144086
FKID007536,2024-01-06 06:39:55.949000+00:00,4,3,78.1,Low,36.66397762468573,Low,0.0038863240735142954,0.014445506299860146,0.8354202580148632,0.14624791161176237
FKID007542,2024-01-06 08:37:02.517000+00:00,1,11,24.7,Low,16.980161166864157,Low,0.001458367296593231,0.003211459995898116,0.9716614859040955,0.02366868680341318
FKID007543,2024-01-06 09:03:12.899000+00:00,1,10,22.8,Low,28.481996172811787,Low,0.0031017412240085807,0.010935647272586098,0.9465866698578015,0.039375941645603846
FKID007546,2024-01-06 19:25:46.577000+00:00,3,11,32.0,Low,41.43230587509948,Low,0.03334565297414548,0.05288633869748454,0.8556325984924397,0.058135409835930386
FKID007547,2024-01-06 20:32:24.682000+00:00,5,3,108.3,Medium,126.3548077710807,Medium,0.007440438446692,0.05596231247138347,0.24542844210371947,0.691168806978205
FKID007549,2024-01-06 20:49:09.323000+00:00,5,3,100.0,Medium,47.54478689607194,Medium,0.010985550618608163,0.09819846237100134,0.12959173309438723,0.7612242539160032
FKID004342,2024-01-06 21:42:31.920000+00:00,3,11,22.7,Low,31.05712670063292,Low,0.0024623004483994154,0.006571079888297996,0.9260717368439927,0.06489488281930994
FKID007556,2024-01-06 22:09:29.396000+00:00,6,11,114.1,Medium,100.36435549598627,Medium,0.0036479557251637667,0.043343875302338464,0.084168639109834,0.8688395298626638
FKID007557,2024-01-06 22:20:46.214000+00:00,5,3,511.0,High,356.655447395306,High,0.014324525535036846,0.46186557451574145,0.17384531260094513,0.3499645873482764
FKID004349,2024-01-06 22:49:07.567000+00:00,8,11,46.1,Low,56.323676133073974,Low,0.004760951360879378,0.02208079660388745,0.5097909112240302,0.46336734081120295
FKID007558,2024-01-06 23:30:52.349000+00:00,5,2,10.3,Low,20.70009390584696,Low,0.016281604305095475,0.015897976128190845,0.8792811434381356,0.08853927612857808
FKID004363,2024-01-07 00:23:41.406000+00:00,4,6,31.5,Medium,29.80408461511121,Low,0.004901663114956144,0.0690587502010449,0.8345204548585667,0.09151913182543216
FKID007560,2024-01-07 00:29:30.565000+00:00,7,8,64.2,Medium,104.80987366713858,Low,0.23989997989853867,0.09350861282626433,0.43889237444598705,0.22769903282921003
FKID007563,2024-01-07 00:51:04.214842+00:00,7,12,36.9,Low,264.4534546016438,Low,0.010384922516657992,0.4184149119686203,0.5120556077975602,0.05914455771716163
FKID007562,2024-01-07 00:52:53.583000+00:00,7,12,34.2,Low,264.4534546016438,Low,0.010997867639252173,0.3945354425045271,0.5422784608610337,0.052188228995186874
FKID007561,2024-01-07 00:58:20.745000+00:00,1,10,18.2,Low,14.645354724347087,Low,0.0024531310317111098,0.008774894713556377,0.9550822897142245,0.033689684540507955
FKID007564,2024-01-07 01:27:56.024000+00:00,8,11,39.7,Low,40.2150481335234,Low,0.003408637511202784,0.01304239942906798,0.7709986962253575,0.2125502668343717
FKID004366,2024-01-07 01:55:45.709000+00:00,2,13,31.0,Low,36.929802014298154,Low,0.0026906862750502862,0.007505520733784329,0.8988789161954058,0.09092487679575972
FKID007566,2024-01-07 04:27:09.206000+00:00,4,2,25.2,Low,22.777254065273123,Low,0.007155251922987057,0.04896985073548699,0.7765660968406546,0.1673088005008714
FKID007567,2024-01-07 05:04:06.729000+00:00,5,11,44.0,Low,75.04250943139387,Low,0.0031797783704077035,0.014126801924705026,0.7255482966387304,0.25714512306615694
FKID007568,2024-01-07 06:38:38.956000+00:00,6,11,35.0,Low,44.4029579713736,Low,0.001988327421011163,0.00680355438711895,0.9034104223791695,0.08779769581270033
FKID007569,2024-01-07 06:54:11.157000+00:00,0,10,799.6,Critical,491.2515422502443,Critical,0.7339741184115712,0.07974905498219269,0.16650850446315332,0.01976832214308286
FKID007571,2024-01-07 08:24:38.017000+00:00,5,3,9.8,Low,7.535085291528599,Low,0.0018811026713728982,0.005857608152348967,0.9565973910860529,0.03566389809022513
FKID004390,2024-01-07 09:35:32.637000+00:00,8,11,43.9,Low,54.056231236613385,Low,0.007721362684230959,0.04611716634623706,0.8585572518216404,0.08760421914789156
FKID007573,2024-01-07 10:58:11.378000+00:00,5,3,487.3,Critical,261.6607081807681,Critical,0.4145251897799495,0.2784380358885042,0.05723940916921556,0.24979736516233067
FKID007574,2024-01-07 16:52:54.291000+00:00,9,21,93.6,Low,100.7520381531108,Low,0.02018243107356511,0.11815581767444204,0.5910926464435227,0.27056910480847024
FKID007575,2024-01-07 18:37:53.907000+00:00,7,11,32.4,Low,64.41710745708406,Low,0.005587710429046889,0.01015998927350507,0.9136230335090794,0.07062926678836878
FKID007578,2024-01-07 20:18:55.842000+00:00,7,7,33.0,Low,52.86704449954083,Low,0.009202301307753144,0.027529262505509057,0.7440442697077339,0.21922416647900406
FKID007581,2024-01-07 23:24:52.213000+00:00,7,11,69.9,Low,94.25996600599065,Low,0.011471898350629877,0.01480831711529878,0.9217272484448005,0.051992536089270694
FKID007582,2024-01-07 23:26:22.227000+00:00,1,11,4.6,Low,11.558403580356376,Low,0.002264516346520585,0.006355593354120325,0.9422691716582539,0.049110718641105326
FKID007585,2024-01-08 02:30:53.414000+00:00,8,19,19.7,Low,56.56615760555874,Medium,0.020730671884273133,0.09259601434067656,0.17318236673629867,0.7134909470387517
FKID007587,2024-01-08 04:48:41.703000+00:00,3,11,192.6,Low,94.66535099095911,Medium,0.016381295503552957,0.02033619910129151,0.40026353100183304,0.5630189743933225
FKID004475,2024-01-08 05:12:07.189000+00:00,1,2,66.1,Medium,63.75001548194455,Medium,0.010415608147527365,0.1318565440273692,0.19121625240052323,0.6665115954245802
FKID005659,2024-01-08 05:20:00.065000+00:00,4,6,104.5,Low,105.74606715038558,Medium,0.07720332694899498,0.06339401588864128,0.29590108312469604,0.5635015740376677
FKID007588,2024-01-08 06:43:49.029000+00:00,1,11,88.8,Medium,58.140854100591206,Low,0.0054565639150838926,0.011191440480460864,0.6416152449954425,0.3417367506090127
FKID004496,2024-01-08 09:14:46.641000+00:00,3,11,29.3,Low,51.9899588686499,High,0.01185514236448622,0.4572430133598375,0.34184845767300936,0.18905338660266688
FKID004498,2024-01-08 18:54:18.794000+00:00,2,11,15.8,Low,72.19383558241182,Medium,0.004719725134098621,0.01121912643684815,0.07494579795227278,0.9091153504767804
FKID004508,2024-01-08 20:08:21.794000+00:00,8,19,84.2,Medium,54.508005582014476,Medium,0.009661751322455735,0.11578644080954399,0.2660174892101758,0.6085343186578245
FKID007596,2024-01-08 20:10:03.148000+00:00,8,11,45.0,Low,86.13811086946694,Medium,0.006647540436912646,0.09380480545444134,0.17400331343596603,0.72554434067268
FKID004516,2024-01-08 20:18:29.473000+00:00,7,11,43.9,Medium,52.98181128204802,High,0.023539275723800587,0.46824355806556095,0.31439289723431957,0.19382426897631894
FKID004585,2024-01-08 21:05:00.102000+00:00,2,13,720.8,High,719.5126729573748,High,0.004306692813198093,0.9860821766091455,0.005796047327907471,0.0038150832497488045
FKID007601,2024-01-08 21:13:04.445000+00:00,6,16,92.3,Medium,84.36524970065364,Medium,0.009712951124691921,0.11647301479925252,0.08004632485628803,0.7937677092197676
FKID007602,2024-01-08 21:27:11.688000+00:00,9,16,13.0,Low,52.00611107771345,Low,0.005604453467467335,0.010800078457209386,0.5371772520955183,0.4464182159798051
FKID007604,2024-01-08 23:28:12.715000+00:00,0,18,28.8,Low,46.12290705339436,Low,0.010000151750178345,0.021655270753544825,0.884473340258981,0.08387123723729582
FKID004530,2024-01-08 23:44:15.976000+00:00,8,9,8.3,Low,50.16726650761454,Medium,0.0061322451520910565,0.08113210685321877,0.3928204093929503,0.5199152386017398
FKID004540,2024-01-09 01:57:45.993000+00:00,9,2,75.3,Medium,59.96303883223326,Low,0.27050729201788015,0.031039863375760996,0.4295489897396966,0.26890385486666224
FKID007611,2024-01-09 03:28:48.640000+00:00,8,11,77.2,Medium,77.63955504659128,Medium,0.005081880135154587,0.02993663922445329,0.14918827375226612,0.8157932068881261
FKID007612,2024-01-09 03:42:24.778000+00:00,1,11,44.6,Low,120.45416296836187,Medium,0.062118849174706205,0.03310948737316986,0.34122959219941434,0.5635420712527095
FKID004559,2024-01-09 05:11:34.705000+00:00,3,11,58.3,Low,66.0234840658502,High,0.013131843658042661,0.42225519125702954,0.24956136784435298,0.3150515972405749
FKID007616,2024-01-09 06:11:44.643000+00:00,7,1,71.9,Low,45.46897686072496,Low,0.004624090876706553,0.008744505176572165,0.9602992516797257,0.026332152266995503
FKID004561,2024-01-09 06:14:04.003000+00:00,4,11,55.3,Low,63.73771232411955,Medium,0.00707525161319147,0.05112979222844945,0.26634097531010226,0.6754539808482569
FKID007617,2024-01-09 06:14:59.987000+00:00,0,18,65.4,Low,65.99007750435473,Low,0.012377152036160716,0.01874074534078024,0.7667441943772764,0.20213790824578273
FKID007618,2024-01-09 06:17:44.007000+00:00,3,11,15.3,Low,69.75822346231999,Medium,0.006957400911311907,0.3806144424191969,0.1947741591751106,0.41765399749438065
FKID004568,2024-01-09 06:52:42.542000+00:00,6,11,61.1,Low,54.38184291831794,Low,0.001711260236672159,0.004294594679023045,0.8787663773494325,0.11522776773487216
FKID007619,2024-01-09 07:05:18.372000+00:00,1,11,19.3,Low,38.12248659861073,Low,0.002373722759021142,0.0019079866206246105,0.9829709440502211,0.012747346570133064
FKID007620,2024-01-09 07:14:23.964000+00:00,0,18,18.5,Low,24.809864140412593,Low,0.0038994150393330197,0.008344424188694147,0.8958794253913136,0.0918767353806591
FKID004570,2024-01-09 07:15:20.482000+00:00,9,11,90.5,Low,512.8021282334321,Medium,0.15756375320593047,0.061126504932375744,0.17214027496819925,0.6091694668934945
FKID004581,2024-01-09 08:38:02.633000+00:00,9,9,49.2,Low,46.98239657241347,Medium,0.01845887365256631,0.043622283274596746,0.4130583768092299,0.5248604662636069
FKID004583,2024-01-09 08:53:17.321000+00:00,9,2,8.6,Low,42.507142995724614,Low,0.009683835553097379,0.03235259302105935,0.524798426337238,0.4331651450886052
FKID005660,2024-01-09 09:06:29.490000+00:00,5,11,614.4,Medium,739.0907134104698,Low,0.21468150340634784,0.07712666813510785,0.6327671706156335,0.07542465784291086
FKID007621,2024-01-09 09:07:53.871000+00:00,1,18,30.7,Low,37.196499329944885,Low,0.005381634559478492,0.023540875986163345,0.9208530634017824,0.050224426052575814
FKID007623,2024-01-09 17:34:20.359000+00:00,1,11,45.3,Low,41.94961586068503,Low,0.005044862624042902,0.014195915793860649,0.6289125052043505,0.351846716377746
FKID007626,2024-01-09 19:57:30.267000+00:00,8,10,172.3,Medium,138.70259247974616,Low,0.021270377063608556,0.10123772007433865,0.533254763052492,0.34423713980956067
FKID007627,2024-01-09 20:31:37.609000+00:00,8,19,17.3,Low,78.27850089553274,Medium,0.023612568534684776,0.2605739248802458,0.09956390732242718,0.6162495992626423
FKID004644,2024-01-09 20:55:57.240000+00:00,2,13,729.8,High,667.8660854493561,High,0.039233622852356966,0.9517491120548539,0.004363006710790588,0.004654258381998578
FKID007631,2024-01-09 21:13:53.435000+00:00,6,16,113.1,High,104.86228627480142,Medium,0.010468936711007482,0.2930157822156667,0.050960448549635814,0.6455548325236901
FKID007632,2024-01-09 21:34:43.624000+00:00,4,14,1260.0,Critical,673.4082982562919,Critical,0.5985253851312149,0.24612138880231596,0.06312900126103471,0.09222422480543448
FKID004608,2024-01-09 22:13:46.472000+00:00,8,11,46.5,Low,56.673722597133775,Low,0.002852388045732427,0.019282732135783284,0.5848423373612726,0.39302254245721163
FKID005661,2024-01-10 02:31:56.364000+00:00,8,11,66.9,Low,62.46654185362778,Low,0.006543079310022841,0.02697483055649022,0.5873859330999568,0.37909615703353006
FKID007641,2024-01-10 03:21:20.671000+00:00,9,19,31.1,Low,36.05897482677896,Low,0.00557673271296744,0.010762611929942312,0.5738426278139542,0.409818027543136
FKID007643,2024-01-10 03:50:08.478000+00:00,5,3,42.8,Medium,188.20837427670187,Medium,0.11216156413191965,0.33744398047964463,0.15862299452959455,0.3917714608588412
FKID007645,2024-01-10 05:20:33.482000+00:00,5,3,44.7,Medium,60.9865862727566,Medium,0.003936278286744046,0.027259623715573993,0.05385465500209363,0.9149494429955883
FKID004633,2024-01-10 05:21:22.836000+00:00,6,11,17.7,Low,35.0459950331739,Low,0.002265837904697534,0.008642801781485892,0.8971806380785309,0.0919107222352858
FKID004636,2024-01-10 05:47:23.885000+00:00,0,11,38.4,Low,51.79181635629901,Medium,0.012254137873901661,0.0488929826647439,0.34964070019936805,0.5892121792619863
FKID004637,2024-01-10 06:11:03.651000+00:00,0,14,22.1,Low,25.03346965127056,Low,0.0015110232866738218,0.004612998597834677,0.9694547912659492,0.024421186849542215
FKID007648,2024-01-10 07:14:53.554000+00:00,0,18,12.3,Low,35.43852043051766,Low,0.0045407584222934,0.029531867556640657,0.7658889782693001,0.2000383957517657
FKID007649,2024-01-10 08:19:02.494000+00:00,7,7,46.6,Medium,42.920401783971045,Low,0.002827189662974314,0.010923089224987541,0.493956439754146,0.49229328135789224
FKID007650,2024-01-10 11:27:01.520000+00:00,1,10,428.8,Critical,287.3514621775937,Critical,0.7103550169179732,0.20870661160008785,0.04573259013716557,0.0352057813447735
FKID007652,2024-01-10 19:27:08.997000+00:00,4,11,48.7,Low,62.03770815690862,Medium,0.004499171004234724,0.01905881121096447,0.4137180432772915,0.5627239745075092
FKID007653,2024-01-10 19:31:07.512000+00:00,9,21,25.0,Low,52.98673384600851,Medium,0.013536627803829823,0.07028994511708146,0.4329165053642776,0.4832569217148111
FKID004665,2024-01-10 20:34:48.488000+00:00,5,3,75.0,Low,85.02949183757315,Medium,0.010797262328746504,0.05233229491503912,0.3298751245854667,0.6069953181707477
FKID004673,2024-01-10 20:41:29.576000+00:00,5,3,68.2,Medium,87.83062099417717,Medium,0.01043804289383662,0.0761696839490349,0.15200124865007456,0.761391024507054
FKID007658,2024-01-10 20:42:45.219000+00:00,4,14,9.0,Low,42.86479617878851,Low,0.011364857088457645,0.012265086823220816,0.8932411015257453,0.0831289545625763
FKID004670,2024-01-10 21:05:08.219000+00:00,2,13,720.6,High,713.4291183225852,High,0.00173370467173022,0.9909672574889619,0.004391942421736932,0.0029070954175711037
FKID004672,2024-01-10 21:50:36.158000+00:00,1,11,14.5,Low,27.305127067016958,Low,0.0011350383527589758,0.005050571414611274,0.9689479936645167,0.024866396568113017
FKID004686,2024-01-10 23:14:08.607000+00:00,1,2,40.1,Low,67.57519649632805,Low,0.008881798438455598,0.26192526104682623,0.5876844026260846,0.1415085378886336
FKID004688,2024-01-11 01:03:41.123000+00:00,9,2,65.9,Medium,64.75851558587136,Medium,0.012511893583470877,0.1394430098815679,0.3857954290774724,0.4622496674574888
FKID004691,2024-01-11 01:28:38.129000+00:00,3,0,16.6,Low,64.94560285834777,Low,0.013569808968722617,0.04089038055946174,0.7167535830238191,0.2287862274479966
FKID007671,2024-01-11 05:46:39.709000+00:00,7,11,59.1,Low,82.71309214463442,Low,0.004706821531817322,0.02185767610035995,0.7328071903824872,0.24062831198533557
FKID007672,2024-01-11 06:02:06.287000+00:00,1,11,37.1,Low,86.83159103429959,Low,0.010941245574469285,0.05359404729649114,0.7466495264553717,0.1888151806736678
FKID007673,2024-01-11 08:46:51.073000+00:00,8,16,17.2,Low,43.546333756536974,Low,0.004995112405787218,0.04065860654757296,0.7244306400049129,0.2299156410417269
FKID007675,2024-01-11 19:23:39.461000+00:00,0,18,76.0,Medium,53.51416984672653,Medium,0.01329420061445556,0.07743219295306678,0.3865577783258539,0.5227158281066238
FKID004737,2024-01-11 20:57:41.993000+00:00,4,15,121.1,High,117.94692978379888,Medium,0.006725168125557231,0.4211792919769199,0.07310737230201729,0.49898816759550557
FKID004848,2024-01-11 21:45:46.510000+00:00,2,13,680.0,High,692.9631926675768,High,0.0174077444577001,0.9059298551370265,0.035279762075037704,0.04138263833023552
FKID007683,2024-01-11 23:26:26.111000+00:00,0,10,53.2,Medium,49.88005663817597,Low,0.05649098592481062,0.10624151893535574,0.6177802901281715,0.21948720501166202
FKID004762,2024-01-11 23:55:36.036000+00:00,2,12,89.6,Low,93.29750486290061,Low,0.013278142543830059,0.07043166185947715,0.6737172800629372,0.2425729155337556
FKID007684,2024-01-12 01:28:29.653000+00:00,4,2,1293.5,High,198.03739196934384,High,0.1049360621603975,0.5247454521809091,0.15602346477616286,0.2142950208825306
FKID007685,2024-01-12 01:43:42.095000+00:00,1,10,50.0,Medium,48.06241839254266,Medium,0.00875207625687409,0.014716243998851497,0.3273967870955122,0.6491348926487623
FKID007687,2024-01-12 03:20:46.258000+00:00,4,3,134.0,Medium,86.56259452290928,Low,0.042595926599248775,0.09211334294386081,0.66938035354007,0.1959103769168205
FKID004775,2024-01-12 03:28:51.855000+00:00,2,13,29.2,Medium,27.92873789204062,Medium,0.008564442069317606,0.08434955133825205,0.2571804025331222,0.6499056040593081
FKID004781,2024-01-12 03:42:35.914000+00:00,9,2,60.4,Medium,57.700514224440056,Medium,0.00801758914332528,0.06114018020847991,0.21190712967056163,0.7189351009776331
FKID004778,2024-01-12 03:53:58.709000+00:00,2,11,45.4,Low,44.173030686231435,Low,0.003444362215439877,0.007250194031335977,0.9380821428468852,0.05122330090633893
FKID007690,2024-01-12 04:53:12.703000+00:00,4,14,20.1,Low,69.31941751417162,Medium,0.004890890086576444,0.07966643253747631,0.028271468667752462,0.8871712087081947
FKID007691,2024-01-12 04:55:38.100000+00:00,0,10,53.0,Low,34.95977906264919,Low,0.008224835094731672,0.023712586037627686,0.6454589486395325,0.3226036302281081
FKID007692,2024-01-12 04:56:13.211000+00:00,1,11,76.3,Low,75.94121940288814,Medium,0.0044471330530801425,0.010913353947489435,0.29082726924175945,0.6938122437576709
FKID007697,2024-01-12 05:22:54.082000+00:00,9,11,44.9,Low,56.16196758564539,Medium,0.0019831532627715203,0.007933685727271721,0.2377588778999483,0.7523242831100083
FKID004837,2024-01-12 08:27:51.701000+00:00,8,11,31.0,Low,37.07059587598223,Medium,0.005596150316739029,0.021359102784780707,0.3257880716504698,0.6472566752480104
FKID007710,2024-01-12 20:09:40.273000+00:00,1,10,270.9,Medium,143.72488167221775,Medium,0.07363923867445202,0.04537622520801411,0.4019814686301001,0.4790030674874338
FKID007711,2024-01-12 20:22:13.835000+00:00,5,3,32.3,Low,32.56972322193374,Low,0.004265556779685125,0.004683453844679207,0.9452453139527872,0.04580567542284847
FKID007714,2024-01-12 20:41:11.274000+00:00,5,3,173.8,Medium,95.94033649178724,Medium,0.007625360258202471,0.023516435744090694,0.3631800534833286,0.6056781505143782
FKID004886,2024-01-12 21:05:56.051000+00:00,2,13,719.8,High,647.8925077875302,High,0.004403200603760307,0.9808280624213125,0.007591954055860609,0.00717678291906663
FKID007716,2024-01-12 21:54:10.853000+00:00,8,19,18.5,Low,40.86109607244008,Medium,0.008529982834768473,0.08285349629195313,0.4030585610813232,0.5055579597919552
FKID007718,2024-01-12 22:02:54.730000+00:00,0,18,9.2,Low,16.108620382620995,Low,0.006724393688192506,0.027981548421995333,0.49571422437003965,0.46957983351977256
FKID004899,2024-01-12 22:17:06.846000+00:00,8,11,18.7,Low,50.969595514681,Low,0.01082661000106245,0.0170900533777169,0.8321318917657109,0.13995144485550973
FKID004911,2024-01-12 22:44:57.162000+00:00,7,11,105.3,Medium,71.6901518912022,Medium,0.003891515904184879,0.019319472109720483,0.23760031349684485,0.7391886984892497
FKID004913,2024-01-12 23:32:42.047000+00:00,5,2,5.7,Low,213.03111041841893,High,0.04375749396325448,0.7005916074762816,0.04939891294166349,0.20625198561880045
FKID007725,2024-01-13 02:01:27.901000+00:00,8,10,21.9,Low,79.40358730977471,Critical,0.3501897196318162,0.25061185950454845,0.3067183225822037,0.09248009828143151
FKID007727,2024-01-13 02:13:22.174000+00:00,6,16,6.4,Low,55.60099767686395,Medium,0.01128408442646048,0.0767587970480637,0.44151417184005526,0.4704429466854205
FKID007728,2024-01-13 02:21:42.702000+00:00,2,12,20.8,Low,53.30541533949363,Medium,0.008048667569638646,0.12809750734484335,0.07656692097948858,0.7872869041060295
FKID007732,2024-01-13 04:24:19.076000+00:00,0,10,36.4,Low,42.95895622282418,Low,0.004439237458836088,0.01107582024473518,0.8015153902348214,0.18296955206160728
FKID004952,2024-01-13 05:09:11.633000+00:00,2,12,980.1,Critical,17.186090030240873,Medium,0.02748347505753817,0.17728734493479464,0.2901620879367542,0.505067092070913
FKID007737,2024-01-13 05:16:17.565000+00:00,8,9,140.9,High,69.98423073593528,Medium,0.0033523692492966627,0.020033058655419225,0.027767649180577603,0.9488469229147065
FKID007739,2024-01-13 05:37:45.216000+00:00,7,11,88.1,Medium,87.1061589765431,Medium,0.004553637844301614,0.014536031023454016,0.12457194997694722,0.856338381155297
FKID007740,2024-01-13 05:41:37.926000+00:00,1,11,6.7,Low,40.58071662680105,Low,0.002584723303981651,0.0076552400437270105,0.9098970156843883,0.07986302096790288
FKID004970,2024-01-13 06:23:31.540000+00:00,1,11,25.8,Low,35.6580100933854,Low,0.0034640939789689993,0.03818025845992459,0.816270261291096,0.1420853862700104
FKID007741,2024-01-13 07:39:43.464000+00:00,1,18,75.9,Low,94.4731837356982,Low,0.01317125425256603,0.01467774050248454,0.8436032017461309,0.12854780349881845
FKID007743,2024-01-13 09:42:50.949000+00:00,9,19,15.9,Low,22.055483694387366,Low,0.022766096942799675,0.05567217337513848,0.8510544554461382,0.0705072742359236
FKID007744,2024-01-13 11:33:06.861000+00:00,2,20,332.7,Critical,366.5611101170254,Critical,0.7160836218282247,0.23909149460644433,0.00998970452295023,0.034835179042380614
FKID004994,2024-01-13 19:21:03.481000+00:00,5,15,8.9,Low,47.74309019973403,Medium,0.013743213793683547,0.24705584542550135,0.19744927229300147,0.5417516684878135
FKID004999,2024-01-13 20:06:18.722000+00:00,8,11,48.4,Low,53.11931676560195,Low,0.003901967272584676,0.010709072311247302,0.7988879646412173,0.1865009957749509
FKID005000,2024-01-13 21:09:42.557000+00:00,8,11,32.7,Low,38.7317153563112,Low,0.006058851156966887,0.02543744738542161,0.8420630597161903,0.12644064174142122
FKID007754,2024-01-13 22:53:46.557000+00:00,9,19,66.3,Medium,56.76728899239818,Medium,0.006734051198033665,0.03804186319405539,0.24847173906250955,0.7067523465454014
FKID007758,2024-01-14 00:08:56.950000+00:00,8,19,28.7,Low,26.055575138202705,Low,0.010800951954878249,0.02556093381726468,0.7280600714473914,0.23557804278046565
FKID007759,2024-01-14 00:11:50.422000+00:00,9,21,27.7,Low,40.089314819012166,Low,0.019236909667970946,0.016752763879091286,0.8928946122166589,0.07111571423627905
FKID005027,2024-01-14 01:21:18.478000+00:00,5,3,46.7,Medium,318.481845106767,High,0.015378504302703145,0.6585232690403245,0.1433882372479522,0.18270998940902017
FKID007765,2024-01-14 03:42:40.064000+00:00,5,3,74.8,High,40.56268559734273,Medium,0.00470902453739754,0.06196241303709186,0.2822177953377733,0.6511107670877373
FKID005037,2024-01-14 03:52:06.324000+00:00,2,11,56.0,Low,21.078287980648415,Low,0.008853064055631583,0.0118506020115717,0.8580898280746762,0.12120650585812058
FKID005035,2024-01-14 03:54:17.133000+00:00,8,19,51.1,Medium,47.76134057583915,Medium,0.006781857055223062,0.0672505401734257,0.32008475084734545,0.6058828519240059
FKID005043,2024-01-14 04:47:34.211000+00:00,9,2,91.9,Medium,40.294254751801645,Low,0.014774883427598962,0.042610580269361355,0.4804254977325763,0.46218903857046345
FKID007769,2024-01-14 04:57:19.739000+00:00,3,14,71.8,Medium,74.29702316019659,Medium,0.025732570217358173,0.3205135328726599,0.09651637880301457,0.5572375181069673
FKID007771,2024-01-14 05:06:38.555000+00:00,1,18,66.9,Medium,59.64521388409385,Medium,0.02377880572866067,0.05976571014700535,0.12904718582719665,0.7874082982971373
FKID007773,2024-01-14 05:48:09.562000+00:00,1,11,30.3,Low,37.964641728990536,Low,0.004041331587529646,0.015088987093382173,0.6100089135749502,0.37086076774413784
FKID005060,2024-01-14 05:53:40.193000+00:00,8,11,80.1,Medium,35.18391922967003,Low,0.0029499224190097104,0.016708030700561916,0.7521165914056428,0.22822545547478562
FKID007775,2024-01-14 06:32:33.149000+00:00,1,11,102.0,Medium,97.65178444984744,Medium,0.00867927473408304,0.019238501535099407,0.2250227697437805,0.747059453987037
FKID007776,2024-01-14 06:51:45.796000+00:00,8,11,125.2,Medium,71.30897018626803,Medium,0.008187061894720833,0.03550060728096611,0.41966022171208744,0.5366521091122256
FKID005062,2024-01-14 07:13:53.233000+00:00,8,11,1.3,Low,54.95165193012038,Low,0.006651103189843908,0.006740904985953185,0.9268977567880596,0.059710235036143214
FKID007777,2024-01-14 07:28:36.633000+00:00,9,19,9.4,Low,38.962134200155894,Low,0.008665100035732029,0.025324855525535032,0.5139408128319455,0.4520692316067874
FKID007780,2024-01-14 17:05:07.144000+00:00,8,19,49.7,Low,44.292124702499706,Low,0.010134701375488905,0.01293957697727731,0.9428822692176527,0.034043452429581074
FKID007783,2024-01-14 19:12:11.422000+00:00,9,19,49.7,Low,57.13237269003936,Low,0.012335938125780873,0.020783099253748164,0.5179513840540289,0.44892957856644217
FKID007784,2024-01-14 19:38:18.435000+00:00,0,18,25.3,Low,90.38756970801899,Medium,0.008202946045145527,0.09345109844005547,0.16510105560477603,0.733244899910023
FKID007792,2024-01-15 04:17:38.337000+00:00,8,19,35.0,Medium,50.42444712420007,Medium,0.0061079998354068845,0.07024611543941743,0.07134491566028414,0.8523009690648916
FKID007795,2024-01-15 04:50:21.451000+00:00,1,10,33.5,Low,53.40600414594697,Low,0.02176842289496249,0.009076386881132796,0.7140932626574296,0.2550619275664752
FKID007796,2024-01-15 04:55:32.398000+00:00,8,19,29.6,Low,84.8908177455307,Low,0.013631936879737853,0.05094908483492749,0.7453619724792492,0.19005700580608553
FKID005098,2024-01-15 07:42:40.477000+00:00,4,11,113.1,Low,164.35269545236662,Medium,0.0809098529216142,0.04021993398032093,0.18677880452519718,0.6920914085728677
FKID005099,2024-01-15 07:44:33.520000+00:00,4,11,111.2,Low,157.7030147114126,Medium,0.08431605767098996,0.03705258298609606,0.20727144309060438,0.6713599162523096
FKID007798,2024-01-15 10:53:20.470000+00:00,7,7,18.8,Low,48.92062852675583,Low,0.007006971897894564,0.02408140815632173,0.8976948299486814,0.07121678999710214
FKID007802,2024-01-15 17:57:20.235000+00:00,2,12,43.7,Medium,50.16885284955383,Medium,0.009881904026679994,0.05924938438697256,0.06647216507392927,0.8643965465124182
FKID005105,2024-01-15 18:29:50.097000+00:00,3,13,31.9,Medium,82.89353711747627,High,0.007700189936589222,0.5049239409809931,0.06115929864861548,0.4262165704338021
FKID007804,2024-01-15 19:20:21.454000+00:00,8,19,55.3,Low,55.68965160312816,Low,0.00985728268214489,0.022827098224705807,0.6127240567827786,0.3545915623103708
FKID005108,2024-01-15 19:21:04.167000+00:00,2,11,39.0,Low,48.25662768202748,Low,0.005135508779692153,0.03183084566008466,0.6836349824868168,0.2793986630734064
FKID007805,2024-01-15 20:02:18.274000+00:00,0,8,51.2,Medium,53.45165714920598,Medium,0.04579529171736605,0.05236564003883768,0.0807661339758462,0.82107293426795
FKID007806,2024-01-15 20:21:30.624000+00:00,7,7,97.1,Low,127.52110727887406,Low,0.047916597803481634,0.048193451862666645,0.562643270051319,0.34124668028253274
FKID005115,2024-01-15 21:07:01.391000+00:00,2,13,718.7,High,719.5126729573748,High,0.005629928207319491,0.985278399183466,0.004827210327931229,0.004264462281283492
FKID007812,2024-01-15 21:46:44.480000+00:00,1,10,35.4,Low,52.91401098546788,Medium,0.007280083814867736,0.04530276368933611,0.29822241702087277,0.6491947354749235
FKID007813,2024-01-15 21:46:50.180000+00:00,0,18,29.9,Low,42.46716057503009,Low,0.004705028684236288,0.007548114159059266,0.7418132541873056,0.2459336029693988
FKID005124,2024-01-15 22:27:00.844000+00:00,8,19,69.0,Medium,131.10058983083522,Medium,0.0074649262816017395,0.03798638785784892,0.12417227910009476,0.8303764067604547
FKID007819,2024-01-16 00:46:10.493000+00:00,9,16,43.3,Medium,32.62160130901379,Low,0.004382620167398395,0.025030208888390356,0.8171409547289185,0.1534462162152929
FKID007820,2024-01-16 01:10:53.896000+00:00,9,10,47.5,Low,23.179684078259292,Low,0.004181208030776395,0.006696574417042457,0.9431287792882725,0.04599343826390854
FKID005666,2024-01-16 02:44:55.240000+00:00,2,12,83.4,High,75.88905023531437,Medium,0.00689508167723561,0.21016477016695742,0.08245831391989232,0.7004818342359147
FKID007824,2024-01-16 04:12:36.921000+00:00,9,2,36.5,Medium,68.4693060255437,Medium,0.006683144655097523,0.09873060453090259,0.0691321912038665,0.8254540596101334
FKID007825,2024-01-16 04:22:38.093000+00:00,1,10,49.3,Medium,36.897376161428504,Medium,0.014592121588421528,0.13231422938207968,0.24771484320041412,0.6053788058290847
FKID007826,2024-01-16 04:23:16.877000+00:00,1,10,2.6,Low,55.149476353303484,Medium,0.007632399565910864,0.025468072606286626,0.16932235394418776,0.7975771738836147
FKID007829,2024-01-16 04:34:18.737000+00:00,9,21,30.7,Low,34.940798766791076,Low,0.00712447239541311,0.12068807232395143,0.535229689960899,0.33695776531973637
FKID007828,2024-01-16 04:35:41.844000+00:00,7,1,21.0,Low,42.808204627450245,Low,0.006535286746338249,0.12537050464270671,0.626565580682971,0.241528627927984
FKID007830,2024-01-16 04:40:51.425000+00:00,5,3,20.8,Low,68.264644491741,Low,0.012999556741322426,0.024232907898785766,0.89339705265101,0.06937048270888165
FKID007831,2024-01-16 04:46:05.464000+00:00,7,7,111.9,High,111.93186324730011,Medium,0.006862882040495105,0.13837854933126564,0.02039880897257022,0.834359759655669
FKID007832,2024-01-16 05:05:07.700000+00:00,0,10,8.1,Low,31.890333305857816,Low,0.009096170807390372,0.015441254925535088,0.6599997679192741,0.31546280634780044
FKID005139,2024-01-16 05:10:07.841000+00:00,5,3,19.9,Low,97.57007436898037,Medium,0.04257233566901921,0.34782501747430977,0.19308936109567762,0.41651328576099345
FKID005669,2024-01-16 05:44:01.141000+00:00,8,9,70.8,Medium,76.11303310292429,Medium,0.010644605073442488,0.01926280019394324,0.2580830172298211,0.7120095775027931
FKID005668,2024-01-16 05:56:03.596000+00:00,8,11,57.4,Low,70.28166943137973,Low,0.006491244636599369,0.02220442028592867,0.7904912378460641,0.18081309723140784
FKID007834,2024-01-16 06:25:42.615000+00:00,9,19,27.5,Low,91.08733164729972,Low,0.03572644096678642,0.10326717812123014,0.6161677586852926,0.2448386222266909
FKID007839,2024-01-16 18:54:46.368000+00:00,5,3,10.6,Low,73.41418212876216,Medium,0.012145912549427538,0.11247478934858353,0.2548273567593691,0.6205519413426199
FKID007842,2024-01-16 19:23:06.827000+00:00,6,16,18.7,Low,41.20640417818923,Low,0.0062881975755030555,0.015933627928244116,0.9516140715931849,0.026164102903067955
FKID007844,2024-01-16 19:36:44.820000+00:00,1,5,72.2,Medium,81.69170126455974,Medium,0.006038815680675389,0.010610643638245964,0.054535204851703045,0.9288153358293757
FKID007845,2024-01-16 20:09:14.669000+00:00,0,18,6.5,Low,24.894835047352327,Low,0.008071300620454086,0.02875600866534646,0.737396371775817,0.22577631893838243
FKID007847,2024-01-16 21:09:29.775000+00:00,5,3,38.2,Medium,95.22436247107953,Medium,0.015108303409943175,0.3239277752935927,0.2637775474431237,0.39718637385334044
FKID004219,2024-01-16 21:21:33.472000+00:00,6,16,26.7,Low,52.6158544706135,Medium,0.009653024606237206,0.04480466368292809,0.3459658242512907,0.5995764874595441
FKID004220,2024-01-16 21:33:04.340000+00:00,0,14,34.8,Low,46.12583016523905,Low,0.010775486255185368,0.27933137261682345,0.54721032816816,0.16268281295983134
FKID007850,2024-01-16 21:36:36.410000+00:00,5,3,29.8,Low,108.59638950761253,Medium,0.011162335388735161,0.07574329881087698,0.4488575780554681,0.4642367877449197
FKID007851,2024-01-16 21:37:36.111000+00:00,9,19,119.1,Medium,75.08900832432217,Medium,0.00511454905278629,0.016841673308816828,0.30428594343870197,0.6737578341996949
FKID007852,2024-01-16 21:40:11.703000+00:00,9,19,116.8,Medium,75.86538796146672,Medium,0.005104361261107686,0.015172088525003258,0.3360439905882195,0.6436795596256695
FKID007854,2024-01-16 22:10:52.576000+00:00,6,11,20.3,Low,23.073989694363444,Low,0.0011429841086216539,0.0022687056253183537,0.9871970689523031,0.009391241313756888
FKID004221,2024-01-16 22:56:51.272000+00:00,3,11,23.5,Low,83.16268348696684,Low,0.006660212512971964,0.013891986490620428,0.6166504390351504,0.3627973619612573
FKID004222,2024-01-16 23:35:40.876000+00:00,3,11,9.3,Low,10.323553421896502,Low,0.001284813948112583,0.009412976210853895,0.9730370470155149,0.01626516282551872
FKID007856,2024-01-16 23:50:43.935000+00:00,1,10,28.0,Low,18.14611260992697,Low,0.006452270013029412,0.011980547058869863,0.9010030835827096,0.08056409934539095
FKID007857,2024-01-17 00:15:15.591000+00:00,1,10,3.3,Low,22.4060420440556,Low,0.005669645701063075,0.011384914866706867,0.855583092579341,0.12736234685288927
FKID007858,2024-01-17 00:20:33.293000+00:00,1,10,16.1,Low,19.900089520773562,Low,0.004461807990564187,0.007637950096316224,0.9122262880545089,0.07567395385861067
FKID004223,2024-01-17 00:34:20.663000+00:00,5,15,73.3,Medium,23.93739442699224,Low,0.005394982043338997,0.044662052780007885,0.7137905354020088,0.23615242977464448
FKID007859,2024-01-17 01:22:14.477000+00:00,1,11,5.8,Low,13.022428288488388,Low,0.0016969025940392068,0.002782152641611699,0.9652127246371657,0.03030822012718345
FKID007861,2024-01-17 03:54:23.719000+00:00,9,16,100.3,High,45.29745583270414,Medium,0.007691688593718919,0.052979678958032454,0.3027464535293253,0.6365821789189232
FKID007863,2024-01-17 05:15:27.107000+00:00,0,10,57.1,Low,46.88633236963563,Low,0.006154156201460679,0.009539913718205756,0.6502260414336055,0.3340798886467281
FKID007864,2024-01-17 05:21:25.704000+00:00,0,10,62.4,High,54.83027656416713,Medium,0.027978589210399578,0.0848444196415466,0.1646046101326982,0.7225723810153557
FKID005734,2024-01-17 12:21:14.158000+00:00,5,11,289.5,Medium,67.84637344844747,Low,0.007091621705055963,0.026021610405154296,0.8935098587681337,0.073376909121656
FKID005733,2024-01-17 14:04:22.544000+00:00,5,15,25.5,Medium,47.560526138634955,Low,0.008989169554664327,0.283165315071135,0.6014157862765908,0.10642972909760978
FKID005735,2024-01-17 18:33:25.191000+00:00,5,15,78.8,Medium,66.08990069130625,Medium,0.008608322660151446,0.14230294245936823,0.11331803105095728,0.735770703829523
FKID005737,2024-01-17 19:29:37.283000+00:00,3,11,295.6,Medium,390.6490844218743,Medium,0.018071378977766995,0.11454555875508092,0.36738012930029096,0.5000029329668612
FKID005738,2024-01-17 20:41:25.420000+00:00,3,13,94.2,Low,66.51840363166981,Low,0.011254416701531813,0.06494813215868821,0.6056316296437184,0.3181658214960615
FKID005741,2024-01-17 21:02:55.218000+00:00,2,13,722.8,High,702.8114999480844,High,0.002112219659110844,0.9898427446429269,0.004622460626598879,0.003422575071363218
FKID007876,2024-01-17 21:10:05.005000+00:00,6,11,1241.2,Medium,517.7913525732048,Low,0.023375869135780984,0.21110745342455026,0.48354198799906256,0.28197468944060616
FKID007879,2024-01-17 21:44:23.987000+00:00,8,10,18.4,Low,37.69786254619029,Low,0.004258082191607323,0.011422864385246754,0.9037905563555219,0.0805284970676241
FKID005743,2024-01-17 21:45:55.040000+00:00,8,10,90.3,Medium,59.104964211676624,Medium,0.007363442954433143,0.027611527414969632,0.171634307852335,0.7933907217782623
FKID007881,2024-01-17 22:20:04.838000+00:00,9,19,29.8,Low,50.548599356878746,Low,0.006454824887387341,0.01203977549148358,0.6887924255185917,0.2927129741025374
FKID007883,2024-01-17 22:39:19.528000+00:00,9,21,7.6,Low,175.08056070759443,Medium,0.00976095520389933,0.08112758212508678,0.10579282151296428,0.8033186411580496
FKID007886,2024-01-17 23:37:31.979000+00:00,0,18,20.3,Low,134.7434020691541,Medium,0.02755208291806032,0.33443996678938687,0.14550612229950335,0.49250182799304953
FKID004231,2024-01-18 00:26:44.741000+00:00,8,11,17.0,Low,47.69345628151039,Low,0.0024121038089270313,0.006785404266753226,0.715970394128832,0.2748320977954877
FKID007887,2024-01-18 01:29:04.985000+00:00,9,2,406.3,High,323.86390834649694,Medium,0.027393066764881728,0.41776351768919257,0.13534613596444595,0.4194972795814798
FKID005749,2024-01-18 02:13:27.433000+00:00,2,11,472.3,High,332.55444102485916,Low,0.026449097027826416,0.06542905151938323,0.6670484677765881,0.24107338367620212
FKID007889,2024-01-18 03:23:44.442000+00:00,8,16,9.6,Low,35.72709540544883,Low,0.007150447805534943,0.028258264896193305,0.8375981311095496,0.12699315618872214
FKID007890,2024-01-18 04:25:04.654000+00:00,6,11,25.7,Low,29.72730453276976,Low,0.0011153944369851375,0.0030178997241670238,0.9612019296698943,0.03466477616895364
FKID005747,2024-01-18 06:13:53.767000+00:00,5,2,12.7,Low,18.775865041328448,Low,0.006767625422931576,0.02987604318634801,0.6522382114905455,0.3111181199001749
FKID007895,2024-01-18 08:48:10.747000+00:00,9,11,598.4,Medium,309.82498396453724,Medium,0.021454228302403074,0.16811152199695162,0.38954336692111863,0.42089088277952674
FKID004235,2024-01-18 08:49:43.299000+00:00,3,11,76.8,Low,110.45903976150196,Low,0.010671643852565162,0.03018514406675084,0.6814532603606142,0.2776899517200698
FKID007899,2024-01-18 19:19:34.043000+00:00,0,18,53.1,Medium,55.430234853893914,Medium,0.00735306370290734,0.028749618142554834,0.09836885954930338,0.8655284586052344
FKID005750,2024-01-18 19:30:19.427000+00:00,2,11,395.4,Medium,346.4465516696214,Medium,0.04246239133314603,0.32526364728405743,0.1857316673024087,0.44654229408038787
FKID007900,2024-01-18 19:47:38.182000+00:00,1,5,53.9,Low,51.28195198117155,Medium,0.00947415928797208,0.011025586955614045,0.3455053593120082,0.6339948944444056
FKID007901,2024-01-18 20:18:36.660000+00:00,7,7,9.5,Low,26.06240682758687,Low,0.005118840712185216,0.012370635137289367,0.6731239215849402,0.3093866025655853
FKID005752,2024-01-18 21:03:34.851000+00:00,2,11,4.6,Low,24.9168780302077,Low,0.0062929420893911205,0.12529941663786087,0.47887147348034403,0.3895361677924038
FKID007904,2024-01-18 21:05:09.260000+00:00,2,12,24.5,Low,27.952777325108304,Low,0.0033355846586648197,0.01361275507730571,0.744900194862185,0.23815146540184456
FKID007905,2024-01-18 21:32:15.652000+00:00,2,12,83.4,Medium,74.12745030249043,Medium,0.00567150854071348,0.09141517339093254,0.19659553316603842,0.7063177849023156
FKID007906,2024-01-18 21:37:42.033000+00:00,1,11,66.7,Low,130.35065623856414,Medium,0.00294189651424059,0.017056201928487336,0.04185224470327579,0.9381496568539962
FKID007911,2024-01-18 22:27:32.232000+00:00,1,10,23.6,Low,84.38788687446933,Medium,0.006531794771673205,0.01782726637104793,0.38064037185955174,0.5950005669977272
FKID007912,2024-01-18 22:56:53.791000+00:00,1,11,26.3,Low,65.56925775830543,Low,0.004263928713466852,0.017638696667953434,0.49649567809261724,0.48160169652596246
FKID007914,2024-01-18 23:16:33.074000+00:00,2,20,50.8,Low,17.313233813435453,Low,0.002691811191248957,0.005596111896461224,0.9498585644501302,0.04185351246215973
FKID007916,2024-01-19 02:34:29.528000+00:00,9,19,81.8,Medium,57.21072533844065,Low,0.020645300559700677,0.02282765437099428,0.7464818215958768,0.21004522347342822
FKID007921,2024-01-19 05:16:47.484000+00:00,8,9,143.7,High,128.57856587320703,Medium,0.004406449766276112,0.2750350732800942,0.02610137207442134,0.6944571048792084
FKID004276,2024-01-19 05:17:45.743000+00:00,3,11,30.2,Low,26.45771114290512,Low,0.0014957070034200529,0.0047723221504272495,0.8790750556566543,0.1146569151894984
FKID007922,2024-01-19 05:29:31.783000+00:00,7,1,22.2,Low,129.55123190401216,Medium,0.008897715342374112,0.12255508896733755,0.31382455037975593,0.5547226453105324
FKID004277,2024-01-19 06:23:20.709000+00:00,5,2,111.5,Medium,69.90337138191673,Low,0.004259080060840459,0.009279229474364045,0.6552787573922418,0.33118293307255364
FKID007925,2024-01-19 07:07:04.959000+00:00,1,11,85.3,Medium,33.82249757214424,Low,0.009173777051293694,0.056598330148683824,0.5797164529188945,0.3545114398811279
FKID007926,2024-01-19 07:47:04.586000+00:00,1,11,63.4,Medium,57.66296493176155,Low,0.02641018358737732,0.13362697072446278,0.6361977610132225,0.20376508467493748
FKID007927,2024-01-19 07:52:31.718000+00:00,1,10,101.3,Medium,47.74891732918142,Low,0.004055241168166758,0.011376124925887418,0.8320268327312306,0.1525418011747153
FKID007932,2024-01-19 10:25:53.849000+00:00,1,11,482.8,Critical,238.7871036261971,Medium,0.1919846639651819,0.2886611758371587,0.19911185893614722,0.32024230126151215
FKID007934,2024-01-19 18:55:29.174000+00:00,1,11,15.2,Low,113.46836186437946,Medium,0.0068912019927677755,0.019446829776312183,0.4326071037932879,0.5410548644376321
FKID007937,2024-01-19 20:33:56.585000+00:00,1,11,46.6,Low,50.17030299386882,Low,0.002332161153559869,0.005495354156661074,0.9087885008821234,0.08338398380765576
FKID004430,2024-01-19 20:46:54.387000+00:00,1,11,1333.9,Medium,331.0848839767894,Medium,0.013355405383560942,0.10340649447260926,0.24813515095151298,0.6351029491923168
FKID007938,2024-01-19 21:08:58.827000+00:00,8,19,51.1,Medium,41.22962075209288,Medium,0.006664803501969984,0.05722491055332414,0.22866091876325853,0.7074493671814474
FKID007939,2024-01-19 21:32:04.426000+00:00,5,2,39.1,Low,107.13834188871812,High,0.007110208437520349,0.3815382233612763,0.26958095313537267,0.3417706150658307
FKID007941,2024-01-19 22:25:06.863000+00:00,0,18,31.0,Low,105.50721608036056,Low,0.02582850886998973,0.05654262913484333,0.46150393954660973,0.45612492244855724
FKID007945,2024-01-20 00:24:09.300000+00:00,1,11,13.9,Low,13.05918459199529,Low,0.0012653389276938477,0.0038432694022826138,0.9758824632245755,0.019008928445448096
FKID007946,2024-01-20 01:48:01.934000+00:00,1,11,41.0,Low,51.12204145017366,Low,0.0034930402436251927,0.017219382163482354,0.5380514298094431,0.4412361477834493
FKID007951,2024-01-20 05:01:36.678000+00:00,5,15,24.7,Low,35.42163895395087,Low,0.0038499901533508335,0.024590692052211253,0.8700903768804746,0.10146894091396322
FKID007954,2024-01-20 05:55:31.994000+00:00,6,16,147.8,High,168.81087349403813,High,0.007143678793419295,0.5657395333225197,0.10994782729948718,0.3171689605845738
FKID004411,2024-01-20 06:33:15.068000+00:00,8,9,32.3,Low,47.320695052169995,Medium,0.007401629127211921,0.03339527317736608,0.15048960798677427,0.8087134897086476
FKID007955,2024-01-20 06:40:54.886000+00:00,8,9,14.2,Low,39.356067574151155,Low,0.009284946907441,0.036965307430100965,0.7141526858490007,0.2395970598134573
FKID004415,2024-01-20 07:03:18.373000+00:00,5,2,27.5,Low,31.792024178823755,Low,0.0025240604298233343,0.008811088947360648,0.9726410171261033,0.016023833496712703
FKID007957,2024-01-20 07:10:29.877000+00:00,1,11,136.9,Medium,98.45146948905617,Medium,0.006256324335380094,0.05438093574990184,0.2233379169013816,0.7160248230133364
FKID007956,2024-01-20 07:11:27.996000+00:00,1,11,63.2,Low,111.21070493737648,Low,0.0070761164106223655,0.010999720608146591,0.862935383654372,0.11898877932685904
FKID007959,2024-01-20 12:56:52.248000+00:00,4,14,418.7,High,380.7599984500603,High,0.01199970531287898,0.9114718723656685,0.03327028750071954,0.043258134820733
FKID007960,2024-01-20 12:59:05.024000+00:00,4,14,416.5,High,335.4727990426253,High,0.012628472786765913,0.9423898080391634,0.017829287747377198,0.027152431426693283
FKID007961,2024-01-20 13:05:24.864000+00:00,4,14,410.1,High,322.71633526554393,High,0.019629075042353124,0.9328751129847693,0.01936517568955657,0.02813063628332109
FKID007963,2024-01-20 19:07:51.501000+00:00,1,11,76.6,Low,98.30485619696029,High,0.19869278405421106,0.346449030643051,0.22790128501005416,0.22695690029268376
FKID007964,2024-01-20 19:31:57.928000+00:00,1,11,10.2,Low,56.579629915711635,Low,0.012450600619214398,0.024021398490737367,0.7503197524784776,0.21320824841157063
FKID007965,2024-01-20 20:47:51.739000+00:00,1,10,63.9,Medium,60.78777623989088,Medium,0.009810701821888278,0.025853733040213663,0.15051738084501548,0.8138181842928824
FKID007967,2024-01-20 21:21:33.999000+00:00,1,10,1.2,Low,23.905741916769156,Low,0.004117197230242094,0.009193626829466263,0.9324711142485356,0.05421806169175594
FKID004438,2024-01-20 23:34:13.182000+00:00,1,11,30.0,Low,42.01112867227157,Low,0.005125860071487229,0.029956430587930676,0.8398911599875409,0.12502654935304106
FKID004443,2024-01-21 00:23:56.580000+00:00,1,11,104.7,Low,61.18902614427389,Low,0.005763728913825782,0.021863167591674188,0.8805802718431724,0.09179283165132741
FKID004445,2024-01-21 00:48:40.112000+00:00,7,7,40.9,Low,26.92642018017997,Low,0.0039962127843096934,0.013074810846238785,0.848584830400894,0.13434414596855748
FKID000138,2024-01-21 00:50:18.118000+00:00,1,11,365.2,High,198.70730491819913,Medium,0.06370002925327481,0.1373490627277583,0.21354457846910166,0.5854063295498653
FKID007975,2024-01-21 03:37:39.980000+00:00,8,9,44.4,Medium,41.609252177487484,Medium,0.00604079153448832,0.10324518024539234,0.15157450237151454,0.7391395258486048
FKID004450,2024-01-21 05:05:17.885000+00:00,5,3,61.8,Medium,39.26018337040065,Low,0.004883638116520957,0.05473506964943596,0.5904775373657514,0.3499037548682917
FKID004451,2024-01-21 05:58:55.300000+00:00,1,11,17.7,Low,33.963488460823925,Low,0.003145695684640159,0.011215046634776264,0.5926583760172545,0.39298088166332906
FKID007978,2024-01-21 08:16:33.277000+00:00,1,10,32.3,Low,63.26280141124232,Medium,0.00758478390345026,0.030953275060906355,0.3456926243709549,0.6157693166646885
FKID007979,2024-01-21 08:19:11.630000+00:00,1,10,34.3,Low,48.24292154553084,Low,0.005850689616298169,0.01848543567998491,0.5609855872613196,0.4146782874423972
FKID007984,2024-01-21 19:33:19.114000+00:00,7,8,17.0,Low,29.039313762518713,Low,0.004701204670951838,0.019309791723351327,0.7552133237367765,0.22077567986892027
FKID004509,2024-01-22 00:15:22.356000+00:00,1,11,170.4,Medium,341.5428818669751,Medium,0.24012988019186274,0.22125635902964177,0.1597755696866451,0.37883819109185046
FKID007990,2024-01-22 01:25:39.772000+00:00,8,19,26.9,Low,32.498907311407955,Low,0.0101613907561105,0.02930385847525934,0.7336139270526776,0.2269208237159525
FKID004500,2024-01-22 02:04:20.007000+00:00,5,2,36.4,Medium,67.15678545227694,Medium,0.015083305179381598,0.3248364902420146,0.07144671973130994,0.5886334848472938
FKID004511,2024-01-22 02:44:56.727000+00:00,1,11,68.6,Low,85.15518087325293,Medium,0.0037844003580539735,0.017738178554440355,0.22598912165265098,0.7524882994348546
FKID004514,2024-01-22 03:01:39.184000+00:00,1,11,16.8,Low,125.90096203356194,Medium,0.006092543531143299,0.02726240313198994,0.04087679025991046,0.9257682630769564
FKID004648,2024-01-22 12:05:28.146000+00:00,5,3,43.0,Medium,50.55753079381013,Low,0.011104110020035569,0.10329404664484469,0.7438690405814924,0.14173280275362737
FKID007998,2024-01-22 18:51:32.879000+00:00,0,18,37.8,Low,56.37869075706611,Medium,0.0080984013101087,0.020126868038879118,0.43002765322470743,0.5417470774263047
FKID008000,2024-01-22 19:50:45.147000+00:00,1,11,81.0,Low,74.66367388237376,Low,0.005063800015560267,0.009584800636657233,0.509535721258897,0.4758156780888854
FKID008001,2024-01-22 20:23:47.143000+00:00,0,18,108.5,Medium,92.3893943457396,Low,0.012726116107123799,0.020995886327803085,0.7605843330654445,0.2056936644996286
FKID004658,2024-01-22 20:39:09.352000+00:00,1,11,1436.9,Medium,479.63225881031843,Medium,0.09445878712048246,0.0460791055498033,0.12557267619593582,0.7338894311337785
FKID004654,2024-01-22 20:42:32.159000+00:00,2,12,12.9,Low,77.42699052126689,Medium,0.0071394695783827955,0.05173210858765423,0.03583417511261187,0.9052942467213512
FKID004726,2024-01-22 21:03:58.595000+00:00,2,13,721.8,High,687.2748756688829,High,0.008873706246493196,0.9800982799958499,0.006325852661422963,0.004702161096233825
FKID004655,2024-01-22 21:16:37.242000+00:00,1,11,52.7,Low,65.1824607201484,Low,0.007115076084379261,0.0959274195599497,0.5854010126940675,0.3115564916616036
FKID004657,2024-01-22 21:18:11.167000+00:00,1,11,62.6,Low,46.26423448628069,Low,0.002753944605325485,0.01313246163432903,0.9230406546079859,0.06107293915235952
FKID008004,2024-01-22 21:50:19.054000+00:00,0,18,90.6,Low,94.26976688345128,Low,0.013744631150288967,0.018900478997592413,0.664946530052666,0.3024083597994526
FKID008005,2024-01-22 22:17:43.344000+00:00,1,11,66.7,Low,117.62519729676511,Low,0.019105038056175017,0.1631779659944649,0.6323558947696628,0.18536110117969729
FKID008006,2024-01-22 22:36:20.583000+00:00,1,11,80.5,Low,65.67773742012673,Low,0.006187593788955703,0.00933376502477452,0.5457329525879457,0.438745688598324
FKID008008,2024-01-23 01:11:44.795000+00:00,8,19,19.0,Low,47.760761350146296,Medium,0.010752208527589544,0.041514718226888805,0.31891955404837885,0.6288135191971428
FKID004696,2024-01-23 01:46:48.618000+00:00,2,13,6.5,Low,52.40598987097021,Medium,0.006952033789525323,0.13516511019503674,0.12254391907043177,0.7353389369450062
FKID008009,2024-01-23 02:07:37.329000+00:00,5,3,20.7,Low,59.65890503176023,Medium,0.008534236634199867,0.21963695581215933,0.0981312580237717,0.673697549529869
FKID008010,2024-01-23 03:21:16.524000+00:00,1,10,17.1,Low,28.6364689196143,Medium,0.009583713118604816,0.1300599243793433,0.4107399648605546,0.4496163976414974
FKID008014,2024-01-23 06:07:17.818000+00:00,5,2,25.3,Low,55.51160587164585,Low,0.00803040761951672,0.01273323647319031,0.780347143870539,0.19888921203675405
FKID008018,2024-01-23 08:35:30.374000+00:00,2,12,21.4,Low,41.97194329605248,Low,0.007192447514541214,0.02525452640067991,0.8704632014368864,0.09708982464789252
FKID008020,2024-01-23 19:23:06.673000+00:00,1,11,34.3,Low,39.274949533244666,Low,0.003684292696009306,0.009645942733216896,0.7717741320812185,0.21489563248955548
FKID008021,2024-01-23 19:28:43.268000+00:00,7,8,226.3,Medium,257.2192796614938,Medium,0.183218363692577,0.3057955634903573,0.13070587502887135,0.38028019778819444
FKID008022,2024-01-23 19:34:53.105000+00:00,1,11,70.3,Low,79.6229029447075,Medium,0.004015883821716528,0.011089398831872863,0.3666953967390004,0.6181993206074101
FKID008023,2024-01-23 20:24:27.913000+00:00,1,10,9.7,Low,48.978609980124766,Low,0.016495472230250864,0.035657670008398465,0.7400830596132211,0.20776379814812973
FKID008025,2024-01-23 20:44:38.122000+00:00,1,10,134.9,High,95.73695262241368,Medium,0.010690895554354313,0.2125571153500714,0.09692649738143341,0.6798254917141409
FKID008026,2024-01-23 20:46:11.754000+00:00,7,1,31.1,Low,91.31184472192543,Medium,0.012031181530734526,0.2631933836593622,0.23697934016594074,0.4877960946439624
FKID004903,2024-01-23 21:06:50.011000+00:00,2,13,718.9,High,688.7546407723964,High,0.00624022817723269,0.9855690842316217,0.0048262979756562175,0.0033643896154895046
FKID008027,2024-01-23 21:15:30.496000+00:00,1,11,14.2,Low,53.96420718327876,Medium,0.01783386015672461,0.038563844908040455,0.28277376195605314,0.6608285329791818
FKID008028,2024-01-23 21:25:58.525000+00:00,1,11,11.4,Low,39.76610028379991,High,0.02558671121051935,0.41819709771577257,0.33076610914965304,0.22545008192405505
FKID004774,2024-01-23 21:53:36.624000+00:00,1,11,156.3,Medium,106.59610977254518,Medium,0.004738821562940736,0.020924825819293346,0.057175509699520885,0.9171608429182451
FKID008033,2024-01-23 22:14:23.983000+00:00,1,11,35.6,Low,41.26901027944297,Low,0.0015253690742706128,0.002706903014636802,0.9723045019253566,0.02346322598573602
FKID008037,2024-01-24 00:11:28.110000+00:00,1,10,36.2,Low,23.1216620032403,Low,0.003106518287211834,0.02941590587557578,0.8809889915921978,0.08648858424501453
FKID004798,2024-01-24 02:30:34.927000+00:00,5,2,43.1,Low,173.43569776847025,Medium,0.049541950010463624,0.13503072958648796,0.2624207192959039,0.5530066011071445
FKID008045,2024-01-24 02:59:52.036000+00:00,5,2,153.3,Medium,59.84193451913314,Low,0.013663672750039983,0.02525240810339194,0.6150860952086793,0.34599782393788875
FKID008047,2024-01-24 03:55:56.487000+00:00,5,3,21.9,Low,61.39492534736666,Medium,0.012882410262414429,0.1646388401052046,0.12321643867154217,0.6992623109608389
FKID004804,2024-01-24 04:14:37.879000+00:00,5,3,87.7,High,84.5974129268699,Medium,0.04828796636039993,0.19747306722678457,0.14229958533004114,0.6119393810827743
FKID008034,2024-01-24 04:59:12.625000+00:00,1,10,122.0,Medium,109.36006039450447,Low,0.031621668881747986,0.10886184819149074,0.5660427266663601,0.2934737562604012
FKID008051,2024-01-24 05:25:53.099000+00:00,1,11,76.5,Low,67.9175331678072,Medium,0.005009812538778728,0.009529562908302303,0.17118549926043103,0.8142751252924879
FKID008053,2024-01-24 05:42:25.982000+00:00,5,3,251.5,Medium,125.73940984412748,Medium,0.01681351158873765,0.07446982938206985,0.1512142469044605,0.757502412124732
FKID004818,2024-01-24 05:43:42.631000+00:00,8,19,32.2,Low,101.68020856853592,Medium,0.061756719269162666,0.1608695475184972,0.1960682131511483,0.5813055200611918
FKID004869,2024-01-24 06:45:09.254000+00:00,8,9,1358.4,High,556.1689734120694,High,0.0866996373412335,0.5180069048257726,0.10615861289836354,0.2891348449346303
FKID008056,2024-01-24 07:23:20.052000+00:00,1,11,4.5,Low,460.647960237983,Low,0.18954806783274936,0.051447892699520506,0.6646919715684795,0.09431206789925078
FKID008060,2024-01-24 08:02:10.986000+00:00,2,12,1373.9,High,129.69475512709445,Low,0.06591413418149548,0.1837403564649585,0.45992672112621724,0.2904187882273288
FKID004912,2024-01-24 19:17:04.400000+00:00,8,9,48.0,Low,74.75660126758301,Low,0.03079070696299272,0.06046646630298864,0.7258819962034488,0.1828608305305698
FKID008065,2024-01-24 19:17:27.361000+00:00,1,10,6.1,Low,28.643786815135126,Low,0.007374080994299883,0.05696019857190892,0.7944160471379215,0.14124967329586974
FKID004927,2024-01-24 20:39:19.299000+00:00,1,11,24.5,Low,52.75515838915264,Medium,0.007166684362376383,0.0796416057801881,0.438536878517562,0.4746548313398734
FKID008069,2024-01-24 21:18:32.271000+00:00,8,9,5.5,Low,81.94877645018998,Low,0.007587606534542013,0.08418134736570616,0.5417115673248559,0.3665194787748959
FKID008071,2024-01-24 21:28:58.548000+00:00,9,21,22.8,Low,81.51519347653064,Low,0.01175083100229174,0.02191927854826057,0.5226010090698208,0.44372888137962696
FKID008076,2024-01-25 01:38:46.766000+00:00,2,12,25.1,Low,25.612585353971305,Low,0.0045672418428220575,0.007065165331810928,0.900400782410635,0.08796681041473192
FKID008079,2024-01-25 02:52:42.892000+00:00,5,3,28.9,Low,129.897891129285,Low,0.026921130370965992,0.07914864152776982,0.8236045162369684,0.07032571186429579
FKID008082,2024-01-25 03:59:04.619000+00:00,1,11,33.2,Low,34.63826467460419,Low,0.0022565787536274803,0.014635296026387353,0.6652526881863392,0.317855437033646
FKID008083,2024-01-25 04:11:59.574000+00:00,5,3,1.8,Low,85.83207160922171,Low,0.08916820434889097,0.03011496312544675,0.8033871482282495,0.07732968429741288
FKID008084,2024-01-25 04:16:16.634000+00:00,7,7,10.2,Low,15.915431768603796,Medium,0.004838582219848225,0.026218398096794163,0.46224450634081243,0.5066985133425452
FKID008085,2024-01-25 04:29:29.176000+00:00,5,3,23.1,Low,35.4540312507011,Low,0.006303144679621965,0.02315494144358682,0.7366229711890853,0.23391894268770597
FKID008086,2024-01-25 04:47:05.912000+00:00,1,10,11.6,Low,41.02764000288745,Medium,0.005929321252911394,0.030470500555322886,0.3801505990247892,0.5834495791669765
FKID008087,2024-01-25 04:48:44.377000+00:00,8,19,54.3,Medium,55.881752236485966,Medium,0.006003720913055886,0.049230540004336125,0.37361267586563046,0.5711530632169776
FKID004964,2024-01-25 05:17:44.716000+00:00,5,2,39.9,Low,33.350831139217114,Low,0.00769239905129305,0.022460544180776153,0.735702595919588,0.23414446084834284
FKID004968,2024-01-25 05:31:10.751000+00:00,1,11,274.0,Medium,111.34226296266122,Low,0.04219035219589989,0.026976446630761902,0.7675878184250204,0.16324538274831782
FKID008093,2024-01-25 05:51:47.376000+00:00,1,11,53.4,Low,51.18577307740743,Low,0.006513082422040696,0.011919590848570739,0.8935899546715775,0.08797737205781114
FKID004983,2024-01-25 06:22:22.555000+00:00,1,11,41.3,Low,67.0120322468736,Medium,0.003868946876436735,0.012024227031405576,0.36057792668855065,0.623528899403607
FKID004987,2024-01-25 06:25:23.261000+00:00,1,11,62.4,Low,43.199972693083154,Low,0.002039845921274021,0.004402926459020291,0.9211782024053893,0.07237902521431641
FKID008097,2024-01-25 07:29:29.599000+00:00,1,11,21.3,Low,325.8779183966095,Medium,0.08797616001740695,0.1745554090365721,0.1539987953339751,0.5834696356120458
FKID004991,2024-01-25 07:56:16.243000+00:00,1,11,51.7,Low,37.70580018665661,Low,0.0013876594759190436,0.0019021861446274749,0.9733546130328099,0.023355541346643634
FKID008099,2024-01-25 08:23:54.938000+00:00,8,19,24.3,Low,199.63357567636768,High,0.035062016583531135,0.46835079656851686,0.30183612041414937,0.19475106643380274
FKID008105,2024-01-25 08:43:03.675000+00:00,5,3,146.5,Medium,381.26214566499397,Medium,0.028314126968119094,0.20886811913896805,0.25592470401049655,0.5068930498824163
FKID005008,2024-01-25 08:46:37.881000+00:00,1,11,126.5,Medium,129.22418302299496,Medium,0.01723300287922794,0.07272625637995808,0.3868116896373182,0.5232290511034958
FKID005007,2024-01-25 08:58:51.471000+00:00,5,2,20.8,Low,17.06011036133924,Low,0.004662765821503401,0.02928638910136437,0.9152346838363954,0.050816161240737005
FKID008107,2024-01-25 08:59:36.608000+00:00,1,11,49.3,Low,44.04647138686785,Low,0.0024309354255900285,0.004974965878255669,0.9194911039790086,0.07310299471714578
FKID005011,2024-01-25 10:14:44.434000+00:00,1,11,634.9,High,200.06487053954763,Critical,0.45313738995862773,0.15331241301857115,0.31059750902416944,0.08295268799863156
FKID008109,2024-01-25 11:38:37.503000+00:00,8,19,26.3,Low,25.379701524289388,Low,0.003916735039777538,0.00974560961920596,0.8984080044492678,0.08792965089174877
FKID005019,2024-01-25 21:05:52.153000+00:00,1,11,30.0,Low,52.5904051254532,Low,0.005926770593006124,0.01030600707395452,0.8077667396783138,0.1760004826547254
FKID008117,2024-01-26 00:16:23.676000+00:00,1,11,32.5,Medium,74.43318571127853,Low,0.14969259205694935,0.08625240274587771,0.6822506432520793,0.0818043619450937
FKID008119,2024-01-26 00:38:34.441000+00:00,1,11,63.4,Low,55.97569797416575,Low,0.00837352633904912,0.01926430749161173,0.7385242231597087,0.23383794300963043
FKID005029,2024-01-26 03:28:50.815000+00:00,5,2,19.9,Medium,82.25069235803785,Medium,0.01190334062408004,0.08048212300474955,0.329818206481835,0.5777963298893354
FKID008125,2024-01-26 18:51:48.419000+00:00,1,10,56.8,Low,73.80843849267528,Low,0.00828723603108691,0.023934117771789228,0.6073197017729485,0.3604589444241753
FKID008126,2024-01-26 20:42:12.777000+00:00,1,4,64.5,Low,74.472263245131,Medium,0.010134233653373967,0.024474589475657494,0.3796158258041836,0.5857753510667848
FKID008115,2024-01-26 22:20:51.607000+00:00,1,11,125.8,Medium,48.8097116239026,Low,0.026236792939129016,0.12119319934007831,0.7244349282045284,0.1281350795162642
FKID005039,2024-01-26 23:50:10.030182+00:00,1,11,81.7,Low,56.44313649530625,Low,0.023894638859818264,0.026367364773433506,0.7677535336293889,0.18198446273735935
FKID005041,2024-01-26 23:55:27.357722+00:00,1,11,73.8,Low,48.44920726076727,Low,0.0026771114851395854,0.010418303861779589,0.9428259166787297,0.04407866797435104
FKID008132,2024-01-27 04:12:46.011000+00:00,8,19,37.8,Low,24.83738517075738,Low,0.006050903302449945,0.01363758130152281,0.7274662474035487,0.25284526799247853
FKID008133,2024-01-27 05:14:36.304000+00:00,1,11,3.3,Low,13.425405111005919,Low,0.0020103302752934125,0.00394499981942674,0.9294686857169003,0.06457598418837938
FKID008135,2024-01-27 05:49:10.892000+00:00,1,5,77.9,Medium,92.75682692825669,Medium,0.008033971705154646,0.035477891776858665,0.051053826092667426,0.9054343104253193
FKID008136,2024-01-27 06:33:49.965000+00:00,1,11,54.3,Low,50.34684954495625,Low,0.0032901376419955507,0.009609888775680859,0.8854542325149193,0.10164574106740426
FKID002708,2024-01-27 18:40:56.916000+00:00,7,7,112.1,Medium,134.41000419291592,Medium,0.14473237794508148,0.03144269815961066,0.07965875482439018,0.7441661690709177
FKID005087,2024-01-27 21:19:07.740000+00:00,1,11,53.3,Low,29.530860864043934,Low,0.003501675984093514,0.011617095418822415,0.9197654364290248,0.0651157921680593
FKID008142,2024-01-27 21:45:26.380000+00:00,8,19,16.7,Low,29.677889180390597,Low,0.0025783343999380356,0.009258867331460162,0.9016938427863453,0.08646895548225647
FKID008143,2024-01-27 21:50:10.430000+00:00,1,11,124.6,Low,532.4238326842169,Medium,0.02050160551345376,0.10895219268328196,0.35809171972945014,0.512454482073814
FKID005103,2024-01-28 00:06:05.300000+00:00,1,11,49.1,Low,36.18508170913256,Low,0.002784780694367789,0.008238215753313816,0.9394938302742377,0.04948317327808054
FKID008144,2024-01-28 01:28:56.881000+00:00,7,7,38.9,Low,44.35047133927702,Low,0.004430479973611515,0.010867439240612687,0.950031019819873,0.03467106096590281
FKID005104,2024-01-28 01:29:56.721000+00:00,1,11,25.6,Low,23.152660290247926,Low,0.00451009228148481,0.010295126356283641,0.8397602074853258,0.1454345738769058
FKID008149,2024-01-28 02:47:43.411000+00:00,6,16,25.9,Low,22.750246145521192,Low,0.001683943161771371,0.004278523110735725,0.9817469979043321,0.012290535823161053
FKID005135,2024-01-28 05:01:38.284000+00:00,1,11,21.7,Low,30.111828494431848,Low,0.0017313749292541443,0.003543599598222876,0.9533884542735529,0.0413365711989701
FKID008152,2024-01-28 05:11:33.626000+00:00,7,1,70.0,Low,56.54641682142388,Low,0.00779275131286895,0.011973147635417805,0.9363970937251822,0.0438370073265311
FKID005144,2024-01-28 07:02:22.575000+00:00,1,11,123.5,Medium,58.18398126553586,Low,0.004359627419666124,0.011621013264493446,0.9030632492746494,0.0809561100411911
FKID005143,2024-01-28 07:44:52.881000+00:00,7,1,23.1,Low,33.01354984023735,Low,0.0039193666856926265,0.015058932562864212,0.8685135037822269,0.11250819696921613
FKID008157,2024-01-29 00:34:54.047000+00:00,1,10,20.2,Low,28.463441214656445,Low,0.005123496366117815,0.019280227891329695,0.76819814421376,0.20739813152879258
FKID008158,2024-01-29 00:55:07.456000+00:00,1,10,11.3,Low,29.102400764617034,Low,0.00429295526310338,0.01953848973904614,0.8547376147127327,0.12143094028511775
FKID008159,2024-01-29 02:29:03.385000+00:00,0,18,2.7,Low,14.134586210087098,Low,0.004095546979899247,0.005727926218633948,0.9536908938065694,0.03648563299489758
FKID008160,2024-01-29 03:01:09.850000+00:00,8,19,44.7,Low,56.37908871293733,Low,0.0049296015137006354,0.043426620634983135,0.9177540316659147,0.03388974618540151
FKID005161,2024-01-29 03:08:26.546000+00:00,1,11,28.8,Low,87.36912951820379,Low,0.012565425224456465,0.08804346185326822,0.6256559553720746,0.2737351575502006
FKID005162,2024-01-29 05:41:09.688000+00:00,5,3,142.4,High,74.9086815469126,High,0.009096764014616709,0.4252180546057411,0.15142333935023788,0.41426184202940436
FKID008163,2024-01-29 06:44:51.196000+00:00,1,10,63.5,Medium,92.35311437904139,Medium,0.006480495934987645,0.046420077937912745,0.08389542126113833,0.8632040048659613
FKID005171,2024-01-29 17:08:48.665000+00:00,7,7,63.0,Medium,75.05069582568437,Medium,0.009733606392693876,0.06159048481054777,0.18221848866320883,0.7464574201335495
FKID005172,2024-01-29 19:09:58.341000+00:00,8,19,22.3,Low,24.415930486094517,Low,0.004183113553325697,0.040898719306049665,0.8266064233343196,0.12831174380630506
FKID005183,2024-01-29 19:12:19.202000+00:00,2,12,29.7,Low,25.200819595410504,Low,0.0023997854676651195,0.004264872380610764,0.9721671616140882,0.021168180537635813
FKID008164,2024-01-29 19:41:20.430000+00:00,8,19,44.0,Medium,46.255845748264214,Medium,0.006387677516437143,0.04313346129821964,0.28582327860278955,0.6646555825825538
FKID008165,2024-01-29 20:06:16.280000+00:00,7,7,54.7,Medium,42.17973715730847,Low,0.01257972352082468,0.0790631603841254,0.5379474775163969,0.37040963857865294
FKID008166,2024-01-29 20:17:43.877000+00:00,7,7,43.1,Low,41.649067973311375,Low,0.012360284029324048,0.05453837019616294,0.4934559091099744,0.4396454366645386
FKID005173,2024-01-29 20:40:29.813000+00:00,1,11,36.2,Low,45.21000073050331,Low,0.007695837837612164,0.013964061526145745,0.5121159167382887,0.46622418389795334
FKID005179,2024-01-29 21:01:08.909000+00:00,2,13,724.6,High,676.5809141549214,High,0.0028732604362962624,0.9923560595800355,0.0023921600923587786,0.0023785198913094745
FKID005178,2024-01-29 21:04:12.901000+00:00,6,16,4.4,Low,31.624654959724005,Low,0.0021738032015516263,0.005732234447189182,0.9445161014185106,0.04757786093274859
FKID008168,2024-01-29 21:10:59.778000+00:00,7,1,21.6,Low,71.73925543593832,Low,0.007586610135824953,0.021135964459714055,0.8768786264007951,0.09439879900366585
FKID008169,2024-01-29 21:50:41.154000+00:00,1,11,13.0,Low,30.968849519029185,Low,0.0015109147078654552,0.004054861153353367,0.9788506061351779,0.015583618003603266
FKID008170,2024-01-29 21:56:05.192000+00:00,1,11,15.8,Low,29.357062660247223,Low,0.0016799700610420386,0.004723339119413898,0.9716781061189572,0.02191858470058693
FKID005184,2024-01-29 21:58:38.344000+00:00,1,11,11.9,Low,39.74132105857305,Low,0.008199322748056195,0.016244688479430384,0.7614346613797168,0.2141213273927966
FKID003698,2024-01-30 00:46:11.830000+00:00,1,11,21.4,Low,38.03659376520345,Low,0.002138831378123155,0.007552134986888155,0.9413597374993743,0.04894929613561442
FKID003699,2024-01-30 01:37:40.358000+00:00,5,2,95.4,High,67.53404608582349,Medium,0.011814656933671673,0.12585043091024353,0.2206575726614574,0.6416773394946275
FKID008172,2024-01-30 01:53:19.751000+00:00,1,11,13.9,Low,27.370896934946973,Low,0.014652898624773454,0.07578842059875546,0.8301770031186934,0.0793816776577779
FKID000001,2024-01-30 04:07:24.173000+00:00,2,12,10.4,Low,8.948519658967685,Low,0.00528580933106692,0.08488190766392013,0.883193378574522,0.02663890443049107
FKID000004,2024-01-30 04:56:32.348000+00:00,1,11,38.7,Low,46.86344082306736,Low,0.001753588692780957,0.002175226370436154,0.9086099985870135,0.08746118634976938
FKID000028,2024-01-30 08:25:57.212000+00:00,1,11,9.1,Low,114.61120434960607,Low,0.004834705014929516,0.009664381242474063,0.9490756837876523,0.03642522995494405
FKID000052,2024-01-30 20:56:01.732000+00:00,2,13,729.7,High,724.8297446552763,High,0.0019080420513833925,0.994356746926601,0.0018361286585183427,0.0018990823634972708
FKID000049,2024-01-30 21:27:52.454000+00:00,2,12,55.5,Medium,93.20631743482106,Medium,0.0461341826839726,0.05365307438793522,0.24102241175907207,0.65919033116902
FKID000053,2024-01-30 21:47:40.463000+00:00,5,2,69.3,Low,85.80268452083969,Low,0.009125301879736713,0.025674099940541397,0.8094520772959831,0.15574852088373886
FKID000055,2024-01-30 21:54:56.083000+00:00,1,11,61.3,Low,88.54951498949983,Low,0.00893297298869969,0.00860796947616552,0.8985942338741381,0.08386482366099673
FKID000057,2024-01-30 22:06:02.276000+00:00,1,11,36.4,Low,238.51435470111664,Low,0.00913144666598576,0.012622329847966027,0.8815110126926008,0.09673521079344753
FKID000061,2024-01-30 23:05:02.339000+00:00,2,12,10.5,Low,5.88267773499492,Low,0.0010073525526490704,0.0027003705309797768,0.9932432438863097,0.0030490330300613484
FKID000063,2024-01-30 23:12:23.123000+00:00,1,11,83.2,Low,56.125225129617,Low,0.00409820064023301,0.020163924071254776,0.9328295696989763,0.04290830558953588
FKID000069,2024-01-31 00:33:27.663000+00:00,9,21,44.2,Medium,43.69086172975523,Medium,0.008859987143927432,0.023053036757424924,0.18542367469236104,0.7826633014062866
FKID000070,2024-01-31 00:36:02.277000+00:00,9,21,41.8,Low,92.53011057902009,Low,0.04583094343826579,0.12435609073769582,0.441442049623818,0.38837091620022035
FKID000071,2024-01-31 01:24:44.373000+00:00,1,11,26.2,Low,34.029853263014374,Low,0.0030747704770533804,0.008151881659230474,0.9592242801607054,0.0295490677030107
FKID000086,2024-01-31 02:47:16.032000+00:00,1,11,83.5,Low,35.53731783897035,Low,0.00223519102789835,0.011680764301380157,0.9665108566741563,0.019573187996565194
FKID000093,2024-01-31 04:21:01.833000+00:00,1,10,47.7,Medium,23.420134786046816,Low,0.011794907943291749,0.07591600867561957,0.5234804043484633,0.38880867903262545
FKID000087,2024-01-31 05:03:24.794000+00:00,1,10,52.8,Medium,61.901226387489544,Medium,0.012258318861900595,0.13106674592253015,0.08252081681582936,0.7741541183997399
FKID000107,2024-01-31 05:41:26.253000+00:00,6,16,141.0,Medium,115.56132046438188,Low,0.012398362761239477,0.24827500174738765,0.4796133106926943,0.25971332479867854
FKID000123,2024-01-31 08:57:24.573000+00:00,1,10,102.4,Medium,58.46166711381774,Low,0.00408383173496468,0.009824257340322978,0.917784074676341,0.06830783624837113
FKID001211,2024-01-31 11:38:29.829000+00:00,2,20,327.3,Critical,314.44346976487645,Critical,0.9772957372215703,0.012303293448575392,0.0055855695467656764,0.0048153997830886865
FKID000134,2024-01-31 19:45:59.207000+00:00,7,7,75.4,High,69.49338242101639,Medium,0.149961589792813,0.10033815686212498,0.09757779954282583,0.6521224538022361
FKID000132,2024-01-31 20:33:08.407000+00:00,8,9,106.5,Medium,55.71989904311882,Medium,0.007468997308061114,0.054186732814234306,0.2624960672374633,0.6758482026402414
FKID000131,2024-01-31 20:34:20.329000+00:00,5,3,102.5,Medium,105.27288142278913,Medium,0.013971976871550487,0.08709453275399393,0.23854596703542078,0.6603875233390347
FKID000139,2024-01-31 21:05:04.750000+00:00,2,13,720.7,High,758.404627952557,High,0.0014636966809187146,0.9945867485250732,0.001966602387141621,0.0019829524068665744
FKID000162,2024-01-31 23:11:54.561000+00:00,1,10,15.3,Low,112.76949124063198,Low,0.012085071148282034,0.03633817678999454,0.6756187116026149,0.27595804045910854
FKID000166,2024-02-01 00:08:01.156000+00:00,5,3,31.9,Low,124.20019768374148,Low,0.009027858057899648,0.0443358881220159,0.8421598077360357,0.10447644608404862
FKID000171,2024-02-01 00:57:55.555000+00:00,1,11,11.8,Low,32.823510278894574,Low,0.0036009459466490204,0.007169575461956967,0.8944213881449613,0.09480809044643279
FKID000176,2024-02-01 01:56:47.544000+00:00,8,19,86.3,Medium,76.09139306176358,Low,0.013036761134271787,0.0416130848333998,0.5554320651495653,0.389918088882763
FKID000188,2024-02-01 02:03:46.297000+00:00,5,2,86.3,Medium,51.572575472931504,Low,0.011466295037530994,0.28731272454755535,0.4793206594560854,0.22190032095882833
FKID000183,2024-02-01 02:41:28.522000+00:00,4,14,18.8,Low,34.8975004872434,Low,0.0114192869534636,0.06814641991433264,0.6543864721413204,0.2660478209908834
FKID000184,2024-02-01 03:01:29.624000+00:00,5,2,23.6,Low,59.71518583958623,Low,0.008540274624486461,0.018831983477140067,0.7163680942041551,0.2562596476942183
FKID000203,2024-02-01 03:56:43.720000+00:00,1,11,79.0,Medium,60.53782262902198,Low,0.009278361785407037,0.05013131028379368,0.6904479100704983,0.25014241786030095
FKID000199,2024-02-01 04:22:39.844000+00:00,5,3,60.8,Low,143.75521566654552,Low,0.01551144768654142,0.04796166917699075,0.845877072310251,0.090649810826217
FKID000202,2024-02-01 05:05:45.838000+00:00,7,1,119.6,Medium,139.92214620598284,Medium,0.02236354985028835,0.4631459779448488,0.05031203664566313,0.46417843555919985
FKID000206,2024-02-01 05:57:58.222000+00:00,0,17,28.4,Low,31.62286820974763,Low,0.0013507670321327657,0.004750050192788931,0.9810383863827308,0.012860796392347483
FKID000214,2024-02-01 06:35:40.613000+00:00,7,7,11.5,Low,193.95191038840161,Low,0.03307681359992313,0.11264866556486784,0.6490200110276165,0.20525450980759255
FKID000217,2024-02-01 07:13:22.381000+00:00,1,10,66.2,Medium,31.43287282141113,Low,0.008612882011130668,0.03709454065248114,0.6116336359241359,0.3426589414122524
FKID000224,2024-02-01 08:30:57.503000+00:00,7,7,75.0,Medium,44.45120964305433,Low,0.00836942547117221,0.01564982804747066,0.8910678523566741,0.08491289412468295
FKID000234,2024-02-01 20:14:54.004000+00:00,8,19,22.2,Low,35.216631741652584,Low,0.003235776429687971,0.005933079328273032,0.9184835229812132,0.07234762126082582
FKID000235,2024-02-01 20:39:02.295000+00:00,2,13,746.7,High,714.2047923359222,High,0.008519334867184822,0.9699945610786077,0.008798109445674803,0.012687994608532666
FKID000241,2024-02-01 20:44:47.196000+00:00,1,10,21.0,Low,32.31279237655235,Low,0.007285177698335972,0.015165847858154365,0.6316671416266797,0.34588183281683005
FKID000245,2024-02-01 21:00:35.479000+00:00,1,10,57.5,Low,34.7803952632391,Low,0.005744263328914346,0.008677093086118635,0.7563745190691903,0.22920412451577674
FKID000249,2024-02-01 21:11:45.068000+00:00,8,19,33.3,Low,33.044674518072846,Low,0.0038517747857727447,0.021812152194297538,0.6702001835820438,0.3041358894378859
FKID000256,2024-02-01 23:19:25.609000+00:00,2,12,19.1,Low,49.918708772897595,Medium,0.01780407160635358,0.03857183871255767,0.12146398431943865,0.8221601053616501
FKID000260,2024-02-02 01:06:28.867000+00:00,1,11,43.0,Low,272.4065995633499,Critical,0.7470369330076413,0.07558195644397445,0.06017271090203232,0.11720839964635205
FKID000265,2024-02-02 03:37:48.589000+00:00,1,11,87.3,Low,175.01158981298158,Medium,0.008611953253199842,0.06329011829585383,0.07089392094120478,0.8572040075097415
FKID000264,2024-02-02 04:22:15.702000+00:00,1,11,1107.1,High,765.7318515691802,Low,0.3795932724656538,0.0414436524175244,0.4579821631063459,0.12098091201047595
FKID000268,2024-02-02 04:47:47.027000+00:00,2,12,13.6,Low,98.52686333507538,Medium,0.02101351846660859,0.23627420819664588,0.13282746677997218,0.6098848065567734
FKID000271,2024-02-02 05:02:28.323000+00:00,8,19,30.6,Low,50.37901943939664,Low,0.0071900459466243995,0.024595276099128847,0.76918814971364,0.1990265282406066
FKID000273,2024-02-02 06:42:32.042000+00:00,1,11,18.8,Low,38.586155902316975,Low,0.0027741869316471927,0.005486453339047878,0.9153267632151039,0.07641259651420085
FKID000274,2024-02-02 06:51:47.563000+00:00,1,11,77.1,Low,78.4548367205671,Low,0.007855166622185857,0.02375979004587172,0.8065696604184663,0.16181538291347614
FKID000294,2024-02-02 10:56:03.633000+00:00,1,11,25.4,Low,107.32937935138195,Low,0.006050796051114156,0.0055809308934095525,0.9596979462802,0.02867032677527644
FKID000301,2024-02-02 19:05:48.642000+00:00,0,17,36.0,Low,26.701443960480734,Low,0.0025288522652370114,0.006247383711890657,0.9783099887906833,0.012913775232188968
FKID000303,2024-02-02 19:27:18.371000+00:00,0,17,27.5,Low,23.03025593144807,Low,0.004433572058459211,0.01346279296787094,0.8463757122409215,0.13572792273274822
FKID000309,2024-02-02 21:22:52.364000+00:00,1,10,17.1,Low,115.25441481247879,Low,0.023095518107973733,0.042530360782317374,0.6014209920239705,0.33295312908573854
FKID000312,2024-02-02 21:40:29.067000+00:00,2,13,685.3,High,736.1705029943555,High,0.005909295218709158,0.9714239134893671,0.010351785588352362,0.012315005703571554
FKID000313,2024-02-02 21:52:18.741000+00:00,1,11,35.3,Low,36.22983538149925,Low,0.0038369166497771137,0.00617244719693141,0.9167279262583717,0.07326270989491983
FKID000315,2024-02-02 22:16:40.569000+00:00,1,11,1.1,Low,463.45651697958465,Medium,0.03667766692369214,0.18395938010034044,0.2973084806934647,0.4820544722825026
FKID000322,2024-02-02 22:36:20.220000+00:00,5,2,141.6,High,73.3802635474108,Medium,0.0055249935957811915,0.04506456421788052,0.10007281285998042,0.8493376293263579
FKID000321,2024-02-03 00:09:29.436000+00:00,6,16,20.2,Low,12.255390076505568,Low,0.0010085433580925235,0.0018349026320236001,0.9926961461395463,0.004460407870337433
FKID000330,2024-02-03 04:03:29.149000+00:00,6,16,36.1,Medium,56.711323568329135,Medium,0.00888818639225507,0.3390016709425108,0.10458939720269841,0.5475207454625357
FKID000338,2024-02-03 05:52:22.963000+00:00,8,19,132.3,High,125.44105780957806,High,0.010321335467175915,0.5635773228011971,0.060052874452897725,0.36604846727872925
FKID000336,2024-02-03 06:03:55.432000+00:00,7,7,31.5,Low,34.62928611941115,Low,0.001991516964167866,0.0036740804972423633,0.9682982322967344,0.026036170241855377
FKID000344,2024-02-03 06:52:55.219000+00:00,7,7,96.5,Medium,52.22978556351297,Low,0.010843371038921705,0.043147759559186975,0.5115214417982654,0.4344874276036258
FKID000343,2024-02-03 06:54:14.671000+00:00,1,11,72.3,Low,60.36252331259166,Low,0.006865960646299782,0.012756479496715835,0.6465193995999826,0.33385816025700177
FKID000354,2024-02-03 08:48:46.200000+00:00,0,17,10.4,Low,6.734843390151689,Low,0.001374788229281172,0.006070193132267838,0.977991138282541,0.014563880355909936
FKID000358,2024-02-03 09:11:19.744000+00:00,5,2,10.9,Low,146.93342762415014,Low,0.0125926152645172,0.09032533287878276,0.62889022763292,0.26819182422377996
FKID000366,2024-02-03 17:21:22.875000+00:00,4,14,80.3,Medium,86.69060195718673,Medium,0.009091036806802632,0.11449248400479789,0.031488876536088554,0.8449276026523109
FKID000369,2024-02-03 18:44:43.549000+00:00,2,12,16.5,Low,30.97074406161891,Low,0.005584718487574385,0.12771821728336546,0.5721148941050087,0.29458217012405147
FKID000372,2024-02-03 20:10:54.133000+00:00,1,10,36.9,Low,201.58757854279156,Medium,0.020690067117549164,0.3720773603750926,0.16089905696831344,0.4463335155390447
FKID000377,2024-02-03 21:34:57.918000+00:00,1,11,83.3,Low,90.56115111565558,Medium,0.003927860332633747,0.007757083286205963,0.16643283782908166,0.8218822185520785
FKID000380,2024-02-03 22:46:09.273000+00:00,1,11,23.8,Low,34.673872859897244,Low,0.002102541809245751,0.004125310734172402,0.9539140627016907,0.03985808475489131
FKID000384,2024-02-03 23:13:38.216000+00:00,5,2,92.7,Medium,67.27726228814636,Low,0.00927306455432121,0.06529551865192237,0.8168974573296325,0.10853395946412409
FKID000382,2024-02-03 23:29:58.574000+00:00,1,11,73.5,Low,85.81920326674448,Medium,0.006254132025926265,0.022584922612460916,0.2835023651598903,0.6876585802017224
FKID000383,2024-02-03 23:31:11.889000+00:00,8,9,72.3,Medium,51.75294401397312,Medium,0.017888376147678953,0.05010689629951297,0.34171100611560906,0.590293721437199
FKID000385,2024-02-04 00:21:22.298000+00:00,1,10,14.6,Low,27.735877620332836,Low,0.004462099034821435,0.01631834837414227,0.8848698918814061,0.09434966070963026
FKID000387,2024-02-04 00:26:38.536000+00:00,1,11,12.9,Low,37.95713332344041,Low,0.004166481413755954,0.007468744186988701,0.8405019256889384,0.14786284871031694
FKID000398,2024-02-04 01:41:44.993000+00:00,8,19,104.4,High,106.16249916009784,Medium,0.009723347589212773,0.08159858925347029,0.10736356732259378,0.8013144958347231
FKID000395,2024-02-04 02:41:48.749000+00:00,8,19,102.8,High,34.253067602498255,Medium,0.00452046389573339,0.04486436882352834,0.16176736063694316,0.7888478066437952
FKID000402,2024-02-04 03:36:36.640000+00:00,1,11,79.5,Medium,71.8400098751135,Medium,0.010862589114994624,0.06006096776058921,0.3264871940852268,0.6025892490391893
FKID000407,2024-02-04 05:37:12.522000+00:00,1,11,17.2,Low,23.766236774976505,Low,0.001622605370249003,0.0031267152190570663,0.9585572004571372,0.03669347895355656
FKID000416,2024-02-04 05:55:55.109000+00:00,1,11,15.9,Low,60.61871193694068,Low,0.00205224832391637,0.00335145329566594,0.9808179859007768,0.013778312479640785
FKID000417,2024-02-04 06:04:14.562000+00:00,0,17,40.8,Low,50.26278907365626,Low,0.0016354679753925864,0.005717461909237558,0.9796335689156745,0.013013501199695394
FKID000431,2024-02-04 08:13:13.875000+00:00,1,11,22.2,Low,44.75770092517616,Low,0.00485503819228304,0.01127703546101547,0.7561262496086917,0.22774167673800988
FKID000434,2024-02-04 09:47:43.456000+00:00,1,11,33.0,Low,39.18155457766915,Low,0.001963485863285015,0.00568297162081428,0.9564947661213211,0.03585877639457968
FKID000442,2024-02-04 19:20:45.167000+00:00,1,11,24.7,Low,56.60258388050571,Critical,0.5003132559713883,0.08986961894058398,0.15732919995129419,0.25248792513673357
FKID000450,2024-02-04 19:54:13.391000+00:00,8,9,107.4,High,62.65809750704348,Low,0.00719919657450158,0.14668408074692904,0.48181157830262156,0.3643051443759479
FKID000458,2024-02-04 22:31:03.444000+00:00,6,16,39.4,Low,50.75076332220861,Medium,0.008691660818206885,0.08025729134665799,0.18904542998991458,0.7220056178452207
FKID000461,2024-02-04 23:10:41.678000+00:00,8,19,34.4,Low,41.46417981619925,Low,0.003955388683639542,0.00619805853447686,0.9611152081563565,0.028731344625526907
FKID000464,2024-02-05 00:06:55.264000+00:00,8,19,45.3,Low,34.63889105739057,Low,0.0034876494520989757,0.008785698131718016,0.9556683942205497,0.03205825819563337
FKID000468,2024-02-05 00:25:25.833000+00:00,1,11,340.3,High,235.10574893292903,Critical,0.8712533876502166,0.04344998694606637,0.044688071109256496,0.04060855429446038
FKID000467,2024-02-05 00:51:42.163000+00:00,1,11,45.6,Low,40.8652872125869,Low,0.0017334213953963055,0.004058849917046558,0.8754636508250134,0.11874407786254368
FKID000471,2024-02-05 01:50:50.055000+00:00,8,9,77.8,High,53.773456529021,Medium,0.005958541110071662,0.06831580234465262,0.3469637148919464,0.5787619416533294
FKID000472,2024-02-05 02:57:14.503000+00:00,2,13,170.6,Medium,220.1977156213397,High,0.020930355502348355,0.7330147952275881,0.08934400267663235,0.15671084659343126
FKID000473,2024-02-05 03:06:41.418000+00:00,2,13,18.1,Low,62.61571744737105,Low,0.013275139567624486,0.03139267418080999,0.8933636147290883,0.061968571522477
FKID000474,2024-02-05 03:31:36.146000+00:00,5,15,90.2,High,79.66099156133781,Medium,0.013215849776057333,0.06827513900836199,0.07820584546552234,0.8403031657500584
FKID000479,2024-02-05 05:39:24.680000+00:00,5,3,12.2,Low,38.8682235083187,Low,0.0030223060449130587,0.007254895702899031,0.9208125827831126,0.06891021546907519
FKID000495,2024-02-05 12:36:33.524000+00:00,5,3,77.0,High,53.20952822152397,Medium,0.0072757466998437485,0.034347868164117105,0.2981764310544364,0.6601999540816027
FKID000501,2024-02-05 19:22:40.347000+00:00,2,20,37.5,Medium,53.679623787458546,High,0.015526629622851128,0.5607227340051302,0.25348747072157796,0.1702631656504407
FKID000500,2024-02-05 19:23:35.292000+00:00,1,10,61.8,Medium,60.255478860514465,Medium,0.009108031387906388,0.04059395105492289,0.09348436807136559,0.8568136494858051
FKID000503,2024-02-05 19:51:05.237000+00:00,6,16,39.6,Low,47.05191160507438,Low,0.0018346043845201866,0.005982034513335435,0.9594180038294506,0.03276535727269377
FKID000504,2024-02-05 20:46:01.535000+00:00,4,6,41.1,Low,96.59775471835214,Low,0.013738424863748796,0.05035693824302513,0.6631866675186948,0.27271796937453135
FKID000520,2024-02-05 22:08:54.832000+00:00,5,2,110.7,Medium,60.570247443615784,Low,0.004796683289470607,0.010467484276220735,0.8443008444755556,0.14043498795875312
FKID000533,2024-02-05 22:22:41.522000+00:00,1,11,19.4,Low,167.00164835155067,Low,0.01961431424329028,0.21169850084717937,0.5595369949239906,0.20915018998553975
FKID000538,2024-02-05 22:57:32.119000+00:00,1,10,78.0,Medium,52.94503820116953,Low,0.011287663890614518,0.3748807414281996,0.4672115790334718,0.14662001564771393
FKID000537,2024-02-05 23:35:37.408000+00:00,0,17,10.3,Low,293.11406646023767,Low,0.010300514351882794,0.1646639409061187,0.5365349491420973,0.2885005955999012
FKID000535,2024-02-06 00:07:14.214000+00:00,5,2,21.5,Low,16.35582742116419,Low,0.002544530845525691,0.004740754889518971,0.9560233231155597,0.03669139114939566
FKID000556,2024-02-06 02:34:32.057000+00:00,7,7,57.5,Medium,62.56650586261012,Medium,0.008124573386776298,0.29951257861026687,0.1261892986404711,0.5661735493624858
FKID000563,2024-02-06 04:47:36.961000+00:00,5,2,16.3,Low,2.407234266919331,Low,0.0035611219001927077,0.0046257927584696,0.970953769902089,0.02085931543924869
FKID000569,2024-02-06 06:21:46.910000+00:00,7,1,41.3,Low,131.03957034073562,Low,0.01166684351799666,0.01732035958491642,0.8432001167057975,0.1278126801912893
FKID000578,2024-02-06 18:31:15.819000+00:00,5,3,36.0,Low,77.5180777332222,Low,0.011245419983076868,0.0490399143583481,0.7906533194438595,0.1490613462147154
FKID000586,2024-02-06 18:59:47.791000+00:00,5,3,66.0,Low,46.84617174254717,Low,0.00609627114830966,0.01878934721120001,0.907371125692389,0.06774325594810146
FKID000587,2024-02-06 19:26:44.765000+00:00,1,11,111.0,Medium,94.7589323762055,Medium,0.009084847307496216,0.017779018075408323,0.16834004590790777,0.8047960887091877
FKID000589,2024-02-06 19:37:01.233000+00:00,1,10,131.2,High,65.87977885605541,Medium,0.011717121993283211,0.09488828813197096,0.2332260289383576,0.6601685609363883
FKID000590,2024-02-06 20:52:03.228000+00:00,1,10,102.6,Medium,81.77664397581755,High,0.011562632184530328,0.5763712930024154,0.15230120267091557,0.2597648721421387
FKID000588,2024-02-06 20:58:39.824000+00:00,1,11,28.7,Low,30.662640767286284,Low,0.0036256737766808492,0.017903755219110296,0.9466052983404852,0.03186527266372366
FKID000629,2024-02-06 21:13:31.498000+00:00,2,13,712.2,High,685.1431316049615,High,0.0017556801526751188,0.994407738470053,0.0018594747085773561,0.0019771066686944997
FKID000599,2024-02-06 21:29:36.014000+00:00,1,10,3.7,Low,44.0775887484996,Low,0.013164130432993021,0.050555806059669146,0.5316862781595296,0.40459378534780815
FKID000598,2024-02-06 22:39:39.884000+00:00,1,11,51.5,Low,50.70993093522432,Low,0.0022113236517132123,0.008216395612297558,0.7207564881043734,0.2688157926316158
FKID000604,2024-02-07 01:42:39.444000+00:00,1,11,18.4,Low,25.817745116634924,Low,0.0019157700118449658,0.008661736968938561,0.9734303470917601,0.01599214592745635
FKID000605,2024-02-07 02:47:40.423000+00:00,8,19,7.9,Low,36.77042579688302,Medium,0.007972803458901884,0.08913687517398051,0.3001363556377104,0.6027539657294072
FKID000609,2024-02-07 04:10:22.184000+00:00,1,11,14.8,Low,14.007842372386325,Low,0.002629933457430405,0.00704430519378608,0.9576386648478554,0.03268709650092805
FKID000610,2024-02-07 04:38:21.517000+00:00,4,6,100.6,Medium,74.28322364155221,Low,0.006741018810561135,0.14194575639504237,0.6733439528734337,0.17796927192096265
FKID000623,2024-02-07 06:53:40.838000+00:00,4,14,65.1,Low,439.88611615923736,High,0.0839134187839883,0.8060459893734778,0.06951846033311994,0.040522131509413854
FKID000632,2024-02-07 11:55:57.819000+00:00,1,11,41.7,Low,52.62118152232762,Low,0.007316528799687896,0.034613359764589395,0.6295195293687389,0.32855058206698373
FKID000635,2024-02-07 17:25:21.645000+00:00,1,11,58.8,Low,43.7467168273318,Low,0.0024063070361118794,0.005355640050792762,0.9705199832509945,0.02171806966210071
FKID000636,2024-02-07 18:53:13.143000+00:00,5,2,40.4,Low,47.92394006232335,Low,0.009162944639578046,0.017927319684538055,0.6138656704867655,0.3590440651891183
FKID000646,2024-02-07 20:51:58.144000+00:00,1,11,187.7,Low,546.802469851411,Medium,0.010106302349202949,0.09018054117326399,0.044485243481370104,0.8552279129961629
FKID000650,2024-02-07 22:10:03.484000+00:00,4,6,92.3,Medium,61.002071796646376,Medium,0.008741563200648565,0.06733984311197147,0.081304120742788,0.8426144729445919
FKID000658,2024-02-07 23:13:12.801000+00:00,1,10,4.0,Low,19.325220603755717,Low,0.004789272516417602,0.010221878145203384,0.9262805222029271,0.058708327135451856
FKID000657,2024-02-07 23:35:47.409000+00:00,1,11,4.4,Low,7.835854409375125,Low,0.0023833912283236793,0.008153163750933196,0.9742826332035521,0.015180811817190823
FKID000664,2024-02-08 00:15:55.584000+00:00,8,19,1303.8,High,497.4993258055682,High,0.021048937392965303,0.7830409922267159,0.1028441501045648,0.09306592027575394
FKID000676,2024-02-08 03:07:01.062000+00:00,1,10,49.2,Medium,45.9162175354531,Medium,0.007754484813472483,0.028322614092458207,0.06884942406240464,0.8950734770316647
FKID000684,2024-02-08 04:22:14.183000+00:00,2,20,59.3,Medium,107.58122887049109,Low,0.010674609568886677,0.05963587177241898,0.7476825333435004,0.182006985315194
FKID000681,2024-02-08 04:24:44.508000+00:00,8,19,7.4,Low,30.94954658230718,Low,0.0034854088535561174,0.00834765424837477,0.8984298495875056,0.08973708731056342
FKID000685,2024-02-08 04:28:19.101000+00:00,1,11,15.8,Low,175.05131655937038,Low,0.0485995956610937,0.011322480269766755,0.8911925541381889,0.04888536993095077
FKID000694,2024-02-08 04:41:44.523000+00:00,6,16,59.0,Low,503.9033199870061,High,0.011938452333357675,0.9064660245731067,0.048229455025344696,0.033366068068191014
FKID000695,2024-02-08 05:20:48.412000+00:00,8,19,45.8,Medium,33.3032548121178,Medium,0.01463434979938504,0.21867277030757773,0.216459027255441,0.5502338526375963
FKID000699,2024-02-08 05:48:25.413000+00:00,5,3,17.3,Low,27.947571078025994,Low,0.004918353089518055,0.010164838367934487,0.9223711233460403,0.06254568519650704
FKID000701,2024-02-08 07:10:57.869000+00:00,8,19,12.3,Low,52.068036537661946,Medium,0.009347725097993365,0.05266239011462781,0.2244353425344375,0.7135545422529415
FKID000708,2024-02-08 10:09:11.762000+00:00,5,3,45.7,Medium,49.677850812219795,Medium,0.009049962921931097,0.033438329593930616,0.3726211525838689,0.5848905549002693
FKID000715,2024-02-08 18:07:51.907000+00:00,7,7,26.7,Low,89.31231184196542,Low,0.01392469623869917,0.039521355814074954,0.5617109571122066,0.3848429908350191
FKID000719,2024-02-08 19:07:12.341000+00:00,1,11,95.8,Medium,96.28775671387471,Medium,0.005608173074042349,0.010114867550538977,0.10084817916199126,0.8834287802134274
FKID000732,2024-02-08 20:00:23.311000+00:00,8,9,611.4,High,456.29280038677933,High,0.040285491365403846,0.5360102386317336,0.09772460742248316,0.3259796625803794
FKID000805,2024-02-08 20:59:05.478000+00:00,2,13,726.7,High,734.964164587412,High,0.0014268036798006677,0.9945868000220036,0.0019006497217506596,0.00208574657644501
FKID000748,2024-02-08 21:30:42.663000+00:00,2,20,98.8,Medium,80.7448521273983,Medium,0.017747206111005876,0.06014329651014731,0.21258512621374814,0.7095243711650986
FKID000745,2024-02-08 21:42:19.086000+00:00,8,9,7.7,Low,11.298536920208075,Low,0.0025003648244134482,0.008714067050473326,0.9121753507236913,0.07661021740142185
FKID000749,2024-02-08 22:02:29.726000+00:00,8,19,1327.5,Medium,193.87581299950344,Low,0.012926218172673972,0.2596273028790431,0.6319595088563186,0.09548697009196426
FKID000752,2024-02-08 22:32:06.891000+00:00,5,2,12.1,Low,66.37644442154695,Medium,0.0099362258833379,0.04214654623114477,0.2159825438071315,0.7319346840783858
FKID000757,2024-02-08 23:42:28.176000+00:00,2,12,40.5,Low,119.59657933293535,Medium,0.029074085069611334,0.09817535575893054,0.3391967976905762,0.533553761480882
FKID000756,2024-02-08 23:49:22.811000+00:00,1,11,73.8,Low,84.94541348496489,Low,0.00877443638246128,0.03493875252820417,0.4908551090167966,0.46543170207253803
FKID000769,2024-02-09 02:32:59.328000+00:00,1,11,27.7,Medium,54.95773034970689,Low,0.025911265081035487,0.3070753551442336,0.3528839753453453,0.3141294044293856
FKID000773,2024-02-09 04:58:27.398000+00:00,8,19,148.4,Medium,43.90819246467015,Low,0.010431861591022822,0.08125077830184574,0.669654525475564,0.23866283463156746
FKID000783,2024-02-09 05:41:10.009000+00:00,1,11,30.1,Low,28.675227202232982,Low,0.0035229370934187947,0.008216080694200493,0.8987303921073889,0.08953059010499187
FKID000787,2024-02-09 05:58:22.559000+00:00,1,10,79.4,Medium,61.51845874668519,Medium,0.008951086696452188,0.09123128949458997,0.13450978549034945,0.7653078383186084
FKID000789,2024-02-09 07:11:04.999000+00:00,4,14,33.7,Low,48.26623502779735,Low,0.007992359176362053,0.15018002910343228,0.7843670844633819,0.057460527256823796
FKID000792,2024-02-09 08:42:23.102000+00:00,1,10,41.5,Medium,19.98637936602426,Low,0.003665714175971348,0.011735607038575478,0.9108114022419481,0.07378727654350514
FKID000800,2024-02-09 09:38:11.683000+00:00,7,7,47.1,Medium,39.64108352462036,Low,0.004582716505461029,0.011173676172394741,0.8954008931472665,0.08884271417487767
FKID000817,2024-02-09 12:22:25.867000+00:00,1,11,358.3,Medium,106.19833462399137,Low,0.00602805570708253,0.023129480183864484,0.9128183681032811,0.058024096005771957
FKID000818,2024-02-09 16:50:06.769000+00:00,1,11,95.2,Medium,57.60520580977935,Low,0.007335894683677323,0.024924021178769264,0.7497087103055899,0.21803137383196347
FKID000821,2024-02-09 19:06:11.723000+00:00,1,11,38.2,Low,39.37750336956108,Low,0.0032484074032293185,0.01150026742223577,0.8876053669487509,0.09764595822578412
FKID000824,2024-02-09 19:10:26.633000+00:00,1,10,20.4,Low,47.177784985065,Low,0.010199931449694869,0.06814354784557028,0.5580328241451914,0.36362369655954346
FKID000828,2024-02-09 22:55:15.249000+00:00,2,12,52.7,Low,221.1380993351878,Low,0.03247354684756494,0.23892822057547317,0.6834835110227556,0.045114721554206295
FKID000831,2024-02-09 22:57:20.880000+00:00,1,11,53.9,Low,79.29871924766461,Medium,0.016526578505286174,0.21458370462233833,0.3389335537148556,0.42995616315752
FKID000858,2024-02-10 04:19:01.747000+00:00,1,11,22.2,Low,20.707915120094746,Low,0.0027036721303363826,0.004885173166389092,0.8954903913731326,0.09692076333014185
FKID000859,2024-02-10 04:24:10.690000+00:00,5,2,53.1,Low,50.88319332577929,Low,0.00696731174678214,0.028305181142464563,0.6933632182566268,0.2713642888541265
FKID000857,2024-02-10 04:28:53.826000+00:00,1,11,969.3,High,758.776294464356,Medium,0.14272367783117626,0.3259225615703441,0.1311006064206844,0.40025315417779517
FKID000860,2024-02-10 04:31:41.910000+00:00,6,16,62.2,Medium,65.37461587689256,Medium,0.02111791847206884,0.06133406465262553,0.2758777973923829,0.6416702194829228
FKID000866,2024-02-10 06:51:01.540000+00:00,1,11,1.8,Low,18.17492484689071,Low,0.004384731374848857,0.0035259840013524197,0.9804365124074411,0.01165277221635767
FKID000876,2024-02-10 06:53:04.299000+00:00,0,17,16.0,Low,43.61742442335997,Low,0.0021205400654079683,0.005822777412710434,0.9749142650838973,0.017142417437984232
FKID000877,2024-02-10 06:56:37.119000+00:00,1,11,78.6,Low,37.39485728592998,Low,0.0033019431156211775,0.006318766052358608,0.8511169840831283,0.13926230674889203
FKID000893,2024-02-10 11:45:07.682000+00:00,5,2,114.2,High,54.12830559518129,Medium,0.011352320448664022,0.047805641315156355,0.30375791452694567,0.637084123709234
FKID000900,2024-02-10 13:39:34.587000+00:00,5,2,49.6,Medium,54.8273518474669,Medium,0.010470038855833795,0.09691681178301553,0.2626145121895164,0.6299986371716343
FKID000905,2024-02-10 20:07:04.223000+00:00,1,11,366.7,Medium,375.36671981741233,Medium,0.012149302714057697,0.056166540281979725,0.05643803710599161,0.875246119897971
FKID000917,2024-02-10 21:52:45.163000+00:00,1,5,75.1,Low,157.2285078284967,Medium,0.009950352308215142,0.19705473507864302,0.21386900355358374,0.5791259090595581
FKID000930,2024-02-10 23:49:09.684000+00:00,1,11,10.6,Low,148.70322699507022,Low,0.011863442848521026,0.09656371087445023,0.5423231128624313,0.3492497334145975
FKID000926,2024-02-11 01:42:58.594000+00:00,8,9,17.0,Low,39.15738650588286,Low,0.00857604579784611,0.023828662133764212,0.7422855552060442,0.22530973686234537
FKID000939,2024-02-11 02:48:29.333000+00:00,8,19,16.3,Low,30.26455098884525,Medium,0.00890391062391066,0.07827063673158928,0.4377798590103057,0.4750455936341943
FKID000937,2024-02-11 03:11:28.173000+00:00,1,11,39.5,Medium,33.74080065375735,Low,0.013870016376435429,0.1584196614117056,0.6530530666830183,0.17465725552884065
FKID000941,2024-02-11 04:37:27.620000+00:00,1,11,138.7,Medium,39.823639674200976,Low,0.004234504162959389,0.009011485261960033,0.8619273998621743,0.12482661071290634
FKID000942,2024-02-11 05:14:07.652797+00:00,1,10,32.8,Low,24.779428592400322,Low,0.006027497991433647,0.02395840068691594,0.8728707920160617,0.09714330930558877
FKID000952,2024-02-11 08:06:14.594000+00:00,1,11,36.5,Low,51.84974673199008,Low,0.0020533780455668648,0.0019652503183559657,0.9879804598064276,0.008000911829649657
FKID000957,2024-02-11 08:41:04.564000+00:00,1,11,92.2,Medium,97.54919904710873,Low,0.015317719851891908,0.027876307652849344,0.5036641712691593,0.4531418012260995
FKID000956,2024-02-11 08:52:04.910000+00:00,1,11,29.1,Low,46.728741688859735,Low,0.0016613159428887508,0.0024198747621989344,0.9852724938773085,0.010646315417603726
FKID000964,2024-02-11 10:46:05.646000+00:00,5,2,12.9,Low,30.7531193755871,Low,0.005524855849381166,0.012475950633965007,0.8813079555622666,0.10069123795438727
FKID000962,2024-02-11 12:11:59.066000+00:00,8,19,355.3,High,162.7526267591389,Low,0.016197322831457972,0.06204319666534973,0.8172760622896557,0.10448341821353668
FKID000966,2024-02-11 18:06:59.074000+00:00,2,12,6.3,Low,13.874770345758124,Low,0.004024901057005653,0.023773654596320127,0.9087365829701928,0.06346486137648126
FKID000972,2024-02-11 19:30:45.453000+00:00,1,5,83.6,Medium,51.91814973881853,Medium,0.015149373009573707,0.09099423101191567,0.41888689127374085,0.4749695047047698
FKID000973,2024-02-11 20:17:33.275000+00:00,1,10,54.2,Medium,49.272795696241495,Low,0.007673703466517585,0.06459990694991437,0.6341677351996113,0.2935586543839567
FKID000976,2024-02-11 23:22:29.915000+00:00,1,11,27.9,Low,23.991354741937414,Low,0.0038516404480519253,0.006617935734910528,0.8898407686849579,0.09968965513207968
FKID000975,2024-02-11 23:27:31.808000+00:00,1,11,21.7,Low,47.730924262916254,High,0.027769224677716996,0.4439479975179152,0.3764058617814673,0.15187691602290057
FKID000979,2024-02-12 00:00:02.313000+00:00,5,2,26.0,Low,27.388330125944755,Low,0.0034072273103860793,0.014935045088746459,0.9400067144328429,0.041651013168024484
FKID000983,2024-02-12 04:26:42.018000+00:00,1,11,2.3,Low,25.203861874017115,Low,0.03398938415356736,0.047455674626278754,0.8240613564544617,0.0944935847656922
FKID000984,2024-02-12 04:34:01.574000+00:00,1,5,25.9,Low,60.75754623568706,Medium,0.009730295353081913,0.06071577111475391,0.3100868425891582,0.619467090943006
FKID000992,2024-02-12 19:11:44.423000+00:00,1,11,19.2,Low,24.026731094539215,Low,0.023899362051529784,0.03398633951056522,0.8227939407059733,0.11932035773193166
FKID000996,2024-02-12 20:53:12.041000+00:00,4,6,81.7,Low,92.56668811527491,Low,0.015518124764913177,0.029242242373119735,0.733484263052102,0.22175536980986524
FKID001001,2024-02-12 21:13:34.676000+00:00,2,13,1.9,Low,66.29274851407399,Low,0.05624936050439762,0.02679995756034208,0.8722512599722622,0.04469942196299803
FKID001017,2024-02-12 22:46:33.918000+00:00,8,19,141.4,Medium,50.31747431214548,Low,0.008461710189198918,0.014491232281897035,0.5756058540670045,0.4014412034618996
FKID001041,2024-02-13 01:40:15.438000+00:00,1,11,71.4,Low,85.88663779509271,Low,0.009408522606332381,0.03790911974484985,0.5698430415718524,0.38283931607696536
FKID001042,2024-02-13 01:50:43.487000+00:00,5,2,60.9,Medium,58.63890124500378,Medium,0.008307575732341109,0.3387148709624113,0.16449393790594813,0.48848361539929935
FKID001043,2024-02-13 02:58:35.009000+00:00,1,11,13.1,Low,19.138182586122753,Low,0.002649185268967026,0.014861614351991057,0.9514960575991678,0.030993142779874274
FKID001060,2024-02-13 04:38:28.292000+00:00,8,19,29.3,Low,26.225968770433862,Low,0.004589690280982227,0.008449312742506394,0.7769843507814491,0.2099766461950623
FKID001051,2024-02-13 04:45:57.925000+00:00,7,1,10.6,Low,46.03969786975542,Low,0.0028375503351924358,0.007193273691211452,0.9484352432500969,0.041533932723499284
FKID001052,2024-02-13 04:56:27.392000+00:00,2,13,219.3,Medium,215.70655310699573,High,0.03764415347014877,0.6971105755696345,0.0738091454455964,0.19143612551462033
FKID001061,2024-02-13 05:31:05.294000+00:00,1,11,28.8,Low,29.87545614718526,Low,0.006581383695881984,0.009815418119012,0.9307110038156156,0.05289219436949044
FKID001063,2024-02-13 06:02:31.092000+00:00,1,11,83.2,Low,80.99446276996441,Low,0.0747028811083259,0.10238790055759048,0.490764523439064,0.3321446948950195
FKID001083,2024-02-13 06:38:59.810000+00:00,1,10,21.9,Low,36.678713480201644,Low,0.00537219896251124,0.015308958571114733,0.9260608744259348,0.05325796804043929
FKID001085,2024-02-13 06:53:20.224000+00:00,1,11,24.0,Low,112.64411547711181,Critical,0.6240354972928054,0.07878629289973182,0.1857154603636904,0.11146274944377234
FKID001086,2024-02-13 07:09:12.255000+00:00,1,10,9.6,Low,6.8863182169254475,Low,0.0028818601747782973,0.006243480397171596,0.9189650236945222,0.0719096357335279
FKID001084,2024-02-13 07:11:10.292000+00:00,5,2,4.0,Low,141.84047919939763,Low,0.020980993802036357,0.0639515407157653,0.7668170573849508,0.1482504080972476
FKID001089,2024-02-13 07:29:11.620000+00:00,4,6,70.4,Low,109.12805714736437,Low,0.014904293007045395,0.03129170930889832,0.8211484976778045,0.13265550000625181
FKID001098,2024-02-13 08:32:06.690000+00:00,1,10,36.0,Low,55.91720465838547,Low,0.0044133814161849815,0.022532397440978572,0.8768938785221514,0.09616034262068512
FKID001104,2024-02-13 09:10:51.588000+00:00,1,11,59.9,Low,62.706731135202865,Low,0.0023240889346361486,0.0028102823917603584,0.9850154486773038,0.009850179996299537
FKID001111,2024-02-13 11:07:16.906000+00:00,8,19,425.9,Critical,121.45242517110128,Low,0.12229919037170567,0.16588523456833645,0.5912707128398165,0.12054486222014137
FKID001109,2024-02-13 18:23:41.997000+00:00,2,12,32.5,Low,41.75659875010258,Low,0.012348276721457326,0.07417058265242255,0.7475979703727564,0.16588317025336358
FKID001119,2024-02-13 19:22:43.709000+00:00,1,11,68.5,Medium,59.45628310834233,Low,0.009270651431394532,0.1114002311006631,0.7587433089269103,0.12058580854103204
FKID001122,2024-02-13 20:01:34.822000+00:00,5,3,141.6,High,108.14400404406648,Medium,0.014845231347579082,0.44936425623895887,0.07468068905634496,0.46110982335711703
FKID001128,2024-02-13 20:33:49.596000+00:00,2,13,631.9,Critical,639.4177168990446,High,0.15213068484347558,0.7015995136851948,0.06979103512948312,0.07647876634184653
FKID001139,2024-02-13 21:17:32.729000+00:00,0,18,36.6,Low,36.85455736829695,Low,0.00586170445244315,0.014463025520880734,0.8849129626148314,0.09476230741184458
FKID001140,2024-02-13 21:29:40.204000+00:00,1,11,60.8,Medium,133.2965194972001,Medium,0.022008801387928316,0.041794242419414165,0.20478051571660985,0.7314164404760476
FKID001143,2024-02-13 22:29:51.516000+00:00,1,10,33.7,Medium,46.1845090495819,Low,0.04571557691064361,0.17807837649566965,0.5194787820477147,0.25672726454597194
FKID001149,2024-02-13 23:04:20.297000+00:00,8,19,114.6,High,47.31222908549215,Medium,0.011884898739855694,0.1357974152293884,0.283248946461581,0.5690687395691749
FKID001153,2024-02-13 23:37:37.741000+00:00,1,10,95.6,Medium,104.58956283904782,Medium,0.009038786645126803,0.014874206246292224,0.1261442604968679,0.8499427466117131
FKID001154,2024-02-14 02:53:28.140000+00:00,7,7,12.0,Low,20.685544215044814,Low,0.005413634608485115,0.06561108086093392,0.7965665843134299,0.13240870021715126
FKID001155,2024-02-14 03:37:01.537000+00:00,8,9,24.2,Medium,24.408385077220828,Low,0.005067329364672779,0.035378250876050434,0.7685001776673892,0.1910542420918877
FKID001165,2024-02-14 04:45:46.195000+00:00,2,12,109.3,High,49.6976057414434,Low,0.014892529757208457,0.2116571545438616,0.6412150211554996,0.1322352945434303
FKID001169,2024-02-14 05:48:37.455000+00:00,1,11,89.6,Medium,84.40301394945652,Medium,0.006605736104468775,0.00981444060615529,0.13361502036305792,0.849964802926318
FKID001173,2024-02-14 05:53:00.875000+00:00,1,11,62.1,Medium,85.8913855996114,Medium,0.004666419427513813,0.009544769121763103,0.19606600158383758,0.7897228098668856
FKID001172,2024-02-14 06:03:36.452000+00:00,1,11,180.9,Medium,188.10829667843677,Medium,0.0369900492239372,0.06965738205199447,0.4081873511550302,0.4851652175690381
FKID001174,2024-02-14 06:51:10.160000+00:00,5,3,4.2,Low,44.517156084856985,Low,0.009355909333785287,0.0702765129833133,0.5118661331764102,0.4085014445064913
FKID001181,2024-02-14 19:19:59.864000+00:00,5,15,47.7,Medium,42.10502918353275,Medium,0.010852610677897856,0.039145618496579486,0.407244199340263,0.5427575714852596
FKID001194,2024-02-14 20:11:10.169000+00:00,7,1,62.2,Medium,45.476215105486574,Low,0.008858809492168471,0.13588359442830983,0.7445606885916605,0.11069690748786125
FKID001205,2024-02-14 20:38:15.130000+00:00,1,11,63.5,Low,84.50743624914686,Medium,0.008340933593827399,0.03901660925287834,0.42016180291158045,0.5324806542417138
FKID001203,2024-02-14 20:52:21.751000+00:00,7,1,28.0,Low,30.561724944222643,Low,0.0032674075566638066,0.03056379482380468,0.9450317083016792,0.02113708931785239
FKID001204,2024-02-14 20:55:40.234000+00:00,2,13,790.1,High,720.5915654417414,High,0.001357301108474898,0.9944965608602393,0.0022410286132407736,0.001905109418045102
FKID001207,2024-02-14 21:38:44.640000+00:00,1,11,624.3,Medium,439.424590431097,Medium,0.007999845834942532,0.0667755384900181,0.1092292879438477,0.8159953277311917
FKID001233,2024-02-14 23:17:04.194000+00:00,1,11,130.9,High,78.6729440868844,Critical,0.3867322362980417,0.1045706440321482,0.27288750995258115,0.23580960971722884
FKID001214,2024-02-14 23:23:18.637000+00:00,8,19,25.9,Low,28.511058439362113,Low,0.005172011979523564,0.008117471348356196,0.8673986609253155,0.11931185574680465
FKID001218,2024-02-15 00:07:31.783000+00:00,1,11,80.1,Low,36.32138543888076,Low,0.0011457472700113587,0.0018198333408904728,0.9887840224004676,0.008250396988630707
FKID001215,2024-02-15 00:17:11.456000+00:00,1,11,17.5,Low,30.504330362843575,Low,0.003661483312833378,0.007535331928326983,0.943471496110102,0.045331688648737885
FKID001226,2024-02-15 00:24:57.190000+00:00,5,2,250.8,Medium,440.02589136981123,High,0.018942500310186915,0.8568557661569096,0.08584818073185958,0.03835355280104391
FKID001234,2024-02-15 00:35:20.275000+00:00,1,11,42.8,Low,37.13301366983685,Low,0.002018259171019416,0.0033679192331538257,0.9750400100700984,0.01957381152572826
FKID001236,2024-02-15 01:37:19.806000+00:00,0,17,2.2,Low,49.24346934343323,Medium,0.014406169194403707,0.07104666737304427,0.3134902290168607,0.6010569344156913
FKID001250,2024-02-15 04:34:58.444000+00:00,5,2,68.5,Medium,38.666175413251764,Low,0.006518984896627293,0.0379191235309299,0.49671297859162344,0.4588489129808193
FKID001247,2024-02-15 04:35:02.373000+00:00,0,18,65.2,Medium,66.29802740872663,Medium,0.008766452760995172,0.025517746485672264,0.15058497485296035,0.8151308259003722
FKID001245,2024-02-15 05:04:00.888000+00:00,4,14,126.1,High,42.602919535953404,Low,0.0076210988132301505,0.23396209752146702,0.4750472401462068,0.2833695635190959
FKID001261,2024-02-15 06:32:51.050000+00:00,5,15,20.5,Low,51.85429628030373,Low,0.0045237512086767915,0.012126016466101688,0.8367548456708772,0.14659538665434443
FKID001257,2024-02-15 06:56:52.957000+00:00,1,11,5.6,Low,29.482445582943487,Low,0.001656960456482314,0.0021712722272481623,0.9791318569649987,0.017039910351270796
FKID001276,2024-02-15 13:04:14.165000+00:00,1,11,120.5,Medium,248.38225821319799,Critical,0.7364648065807409,0.09175073680154769,0.0389537493526144,0.13283070726509702
FKID001278,2024-02-15 19:11:58.821000+00:00,2,13,893.8,High,345.7180315736892,High,0.005124114450075838,0.9705109450610089,0.013248575417695222,0.01111636507122001
FKID001280,2024-02-15 19:29:35.977000+00:00,1,11,21.2,Low,61.74513722484761,Low,0.003909958038889151,0.00731563863732164,0.932828494444109,0.05594590887968017
FKID001283,2024-02-15 19:38:55.286000+00:00,8,19,18.9,Low,121.17776817072014,Medium,0.008921966638439647,0.05324785890640024,0.4512831998337011,0.4865469746214591
FKID001285,2024-02-15 19:51:01.060000+00:00,1,11,15.9,Low,39.08881228903479,Low,0.003745262513295715,0.007563693716963293,0.7918270324729874,0.19686401129675374
FKID001287,2024-02-15 21:09:32.663000+00:00,1,11,18.7,Low,64.76861457005059,Medium,0.009254378363124049,0.04633980021970673,0.443204200909819,0.5012016205073503
FKID001289,2024-02-15 21:54:28.907000+00:00,1,11,241.3,Medium,711.9271110563794,Medium,0.014026159895217064,0.358509104037258,0.14902490486781927,0.47843983119970557
FKID001291,2024-02-15 22:36:34.009000+00:00,1,11,128.4,Medium,91.20996928873765,Medium,0.0074267560718560945,0.0393557632723894,0.26742999876189943,0.685787481893855
FKID001290,2024-02-15 23:16:09.704000+00:00,8,19,30.2,Low,64.98955307994959,Low,0.007649624556354658,0.07196703585239203,0.8404804248343806,0.07990291475687261
FKID001292,2024-02-16 01:05:42.295000+00:00,4,14,87.1,Low,75.03407075627351,Low,0.011153173256359625,0.10816382724230002,0.7946395536444222,0.08604344585691834
FKID001296,2024-02-16 01:10:53.638000+00:00,4,14,32.5,Low,51.72933834134824,Low,0.007052475954640894,0.04804385879335125,0.8031358825538013,0.14176778269820656
FKID001300,2024-02-16 01:13:43.815000+00:00,2,13,66.9,Medium,83.0596613591127,Medium,0.031249479885929316,0.2613667949277512,0.27705194596964283,0.43033177921667665
FKID001313,2024-02-16 03:57:04.593000+00:00,1,10,119.5,Medium,79.97157315831161,Low,0.010594426720448288,0.21055210163428392,0.41219162694320594,0.36666184470206187
FKID001339,2024-02-16 05:21:49.454000+00:00,1,11,2.0,Low,38.10630451585873,Low,0.003588717706238434,0.006093885370368654,0.9182217522056155,0.07209564471777732
FKID001332,2024-02-16 05:21:49.454000+00:00,1,11,1.8,Low,35.23303890318847,Low,0.0035107770570818437,0.005700510227839855,0.9319412916348822,0.058847421080196284
FKID001335,2024-02-16 06:01:01.071000+00:00,1,11,77.1,Low,79.2447759459251,Low,0.00680078036646741,0.01939688053083581,0.63607497530811,0.33772736379458673
FKID001334,2024-02-16 06:48:35.403000+00:00,6,16,28.0,Low,33.86099829859356,Low,0.00792105221779941,0.08167631172390437,0.6235325264751995,0.2868701095830967
FKID001346,2024-02-16 07:30:35.990000+00:00,1,10,3.8,Low,124.25073873863656,Low,0.01536119580521511,0.02564548586934998,0.8431679804252986,0.11582533790013635
FKID001351,2024-02-16 09:13:45.192000+00:00,1,10,35.1,Low,66.66271314343575,Low,0.0070076241803516985,0.015704643327145475,0.7491917916190679,0.22809594087343493
FKID001368,2024-02-16 19:53:36.035000+00:00,8,19,72.9,Medium,42.59618782892692,Medium,0.007692811162045086,0.20733150617948842,0.2243015062192265,0.56067417643924
FKID001367,2024-02-16 20:00:53.281000+00:00,5,2,37.3,Medium,72.49056320400028,Critical,0.37424893349962773,0.03590719078465596,0.22803186592458025,0.361812009791136
FKID001364,2024-02-16 20:42:44.804000+00:00,9,21,49.2,Medium,81.41279028525445,Medium,0.014499175505121387,0.28733996027879877,0.17424693929141302,0.5239139249246669
FKID001370,2024-02-16 20:51:31.561000+00:00,0,18,3.8,Low,32.79317176138245,Low,0.0031706766308909544,0.012318925325749644,0.9421709846038079,0.042339413439551506
FKID001382,2024-02-16 21:01:48.301000+00:00,2,13,814.0,High,732.3784087003963,High,0.001571776750420188,0.9938649470105585,0.002690332135558068,0.001872944103463364
FKID001384,2024-02-16 22:13:32.326000+00:00,1,11,63.3,Low,38.53845059117387,Low,0.005648507375392288,0.012314289565186735,0.6611369405635235,0.32090026249589754
FKID001396,2024-02-16 23:19:27.396000+00:00,2,12,121.0,Medium,99.25230517370129,Low,0.011302748944464487,0.13343910628289113,0.739095486799742,0.11616265797290236
FKID001395,2024-02-16 23:58:10.991000+00:00,8,19,28.3,Low,35.072075748263025,Low,0.006701490683051673,0.03621246927824304,0.643398315950097,0.3136877240886082
FKID001397,2024-02-17 00:07:55.053000+00:00,1,11,313.9,Critical,298.62831383675615,Critical,0.799905452400021,0.04802733915795239,0.04314485752662754,0.10892235091539902
FKID001390,2024-02-17 01:04:06.297000+00:00,1,11,35.0,Low,93.44111627677486,Low,0.010378081538764492,0.05043019021171629,0.8912902422254275,0.04790148602409171
FKID001410,2024-02-17 02:46:23.452000+00:00,1,10,34.6,Medium,45.35126415464139,Low,0.0053639452641232694,0.04168098261900669,0.8563791193647384,0.09657595275213149
FKID001420,2024-02-17 03:14:19.776000+00:00,1,11,27.8,Low,33.30887371455171,Low,0.0016597605777502913,0.008264928544434216,0.9668841907562253,0.023191120121590195
FKID001419,2024-02-17 04:11:18.144000+00:00,6,16,45.4,Medium,63.900943702478855,Medium,0.01863083734047553,0.16212092680438456,0.2091726942544806,0.6100755416006594
FKID001423,2024-02-17 05:09:02.052000+00:00,7,7,15.8,Low,20.260912876022125,Low,0.0015699945620401327,0.0030610371159491096,0.9827498645267281,0.01261910379528268
FKID001446,2024-02-17 16:45:59.579000+00:00,5,2,141.6,High,200.9249585542317,Critical,0.49877706506499225,0.2627480256081451,0.06362197684123544,0.17485293248562728
FKID001447,2024-02-17 19:23:07.740000+00:00,5,3,65.2,Medium,55.3739068557165,Medium,0.01060913474987989,0.12131240617893702,0.3516530911455761,0.516425367925607
FKID001461,2024-02-17 19:48:16.108000+00:00,1,10,388.9,High,215.59710118072667,Medium,0.019212777641220403,0.31384846929140964,0.0653552070606385,0.6015835460067315
FKID001460,2024-02-17 20:42:38.872000+00:00,5,3,65.8,Low,58.89009973129098,Low,0.004978621164567516,0.011829687653906781,0.8641588084866114,0.11903288269491435
FKID001458,2024-02-17 20:43:37.982000+00:00,1,11,21.8,Low,33.330696836510896,Low,0.0047386023426881484,0.008868261861266498,0.5020036877758647,0.4843894480201808
FKID001462,2024-02-17 21:03:21.475000+00:00,2,13,722.4,High,700.2681719187464,High,0.001526242214732741,0.9933501802992732,0.00267568806803525,0.0024478894179587483
FKID001477,2024-02-17 21:30:45.212098+00:00,1,11,64.7,Low,285.337417060085,Low,0.01803285793698297,0.082465299850199,0.7151066890702275,0.18439515314259053
FKID001473,2024-02-17 22:25:57.762000+00:00,2,12,47.8,Medium,41.47595048323717,Medium,0.00808195808319275,0.01794421791123153,0.41544523801160577,0.55852858599397
FKID001490,2024-02-17 23:55:25.531000+00:00,1,11,26.5,Low,27.662137916828595,Low,0.0009395245533079717,0.0022919163069843643,0.9882908981517886,0.008477660987918967
FKID001491,2024-02-18 00:26:46.518000+00:00,1,10,41.3,Medium,38.88161807549346,Low,0.006832459460277283,0.01878635861796609,0.7232229066259717,0.2511582752957851
FKID001494,2024-02-18 00:50:09.992000+00:00,8,9,222.8,Medium,100.49115414215628,Low,0.023072547349695476,0.057044035739876625,0.6790474022806325,0.2408360146297954
FKID001493,2024-02-18 01:16:13.812000+00:00,5,2,112.9,Medium,95.57137714548587,Low,0.015618748054995605,0.028209370244025884,0.73738400084713,0.2187878808538487
FKID001495,2024-02-18 02:42:29.022000+00:00,1,11,116.4,Medium,105.77132938164114,Medium,0.014041394180733826,0.07014030919902939,0.16784365351709005,0.7479746431031468
FKID001499,2024-02-18 03:37:55.578000+00:00,2,12,34.1,Medium,270.5184751019508,Critical,0.7005342297060576,0.22145560515326698,0.02238728198799482,0.05562288315268065
FKID001501,2024-02-18 04:44:32.442000+00:00,1,5,60.1,Low,55.49801726552627,Low,0.012839312881432663,0.03119822329670095,0.6327742354790884,0.32318822834277794
FKID001508,2024-02-18 05:44:10.693000+00:00,4,14,10.6,Low,29.466996953220256,Low,0.0059172060029623365,0.050002200040553765,0.6056906766677881,0.3383899172886959
FKID001519,2024-02-18 08:54:43.804000+00:00,5,2,8.2,Low,39.20041912217118,Low,0.0075818527564639245,0.01936051433585491,0.9172080908621857,0.05584954204549546
FKID001536,2024-02-18 18:58:21.829000+00:00,1,11,33.7,Low,47.30842841794001,Low,0.007480262415003156,0.02349331810703029,0.6320854210487518,0.3369409984292148
FKID001534,2024-02-18 20:19:42.004000+00:00,7,1,64.4,Low,47.209952531736974,Low,0.004956986442559149,0.010521255564446056,0.9238533645213234,0.06066839347167147
FKID001551,2024-02-19 00:37:16.067000+00:00,4,14,102.3,Medium,57.53374241209645,Low,0.006539494936083722,0.020845967465860604,0.7939798823397367,0.17863465525831895
FKID001558,2024-02-19 00:41:48.510000+00:00,1,11,41.4,Low,48.555061322574346,Low,0.0037790738012554352,0.008679309795529833,0.8545780531922819,0.1329635632109328
FKID001565,2024-02-19 03:17:27.345000+00:00,1,10,75.4,Medium,43.69910696900778,Low,0.00487203006021679,0.0148620471157527,0.9063446804303869,0.07392124239364375
FKID001568,2024-02-19 03:20:14.973000+00:00,1,10,94.8,Medium,45.56470679227987,Low,0.00555146999335852,0.00921065382966024,0.9101828813641232,0.0750549948128581
FKID001570,2024-02-19 06:05:28.790000+00:00,1,11,25.6,Low,34.31444066084611,Low,0.0031137885100132314,0.005906309373197033,0.9274100079742666,0.06356989414252306
FKID001572,2024-02-19 06:41:01.401000+00:00,1,11,7.0,Low,30.049625227924444,Low,0.0023786676759798746,0.0032719130759221978,0.9785043621647506,0.015845057083347255
FKID001575,2024-02-19 08:39:50.597000+00:00,8,19,50.0,Medium,49.3916826210071,Low,0.008382177453000073,0.03180709103742727,0.6580150447293331,0.3017956867802395
FKID001577,2024-02-19 10:07:20.379000+00:00,7,7,68.0,Medium,34.3664955436402,Low,0.009375394828818263,0.03189699723335879,0.789717141652817,0.1690104662850059
FKID001586,2024-02-19 18:34:04.082000+00:00,5,15,93.1,Medium,50.26331875002358,Medium,0.005971752546096401,0.09091860235551881,0.32850539706301884,0.5746042480353659
FKID001589,2024-02-19 19:00:52.282000+00:00,1,10,90.5,Medium,82.78418835716865,Medium,0.009917462088945355,0.06101857827350199,0.07629231419977481,0.852771645437778
FKID001587,2024-02-19 20:03:45.404000+00:00,1,11,5.6,Low,17.033668202566545,Low,0.0019675280308831845,0.0036728615315268515,0.9739100201622403,0.02044959027534962
FKID001588,2024-02-19 20:05:21.343000+00:00,7,7,13.4,Low,35.80288746589968,Low,0.0015422224261539118,0.0030913323269599314,0.9785951578215826,0.016771287425303528
FKID001596,2024-02-19 20:14:10.898000+00:00,2,12,10.9,Low,17.737560380444588,Low,0.0012125386557910605,0.002733807860970004,0.9895246958579692,0.006528957625269831
FKID001598,2024-02-19 20:21:08.571000+00:00,1,10,99.6,Medium,52.75450464848462,Low,0.01300864589974965,0.08420770447115435,0.4904624262395692,0.4123212233895268
FKID001594,2024-02-19 20:58:33.985000+00:00,1,11,11.6,Low,24.297521124911093,Low,0.00207915248566441,0.005246778799998773,0.8579837034358795,0.13469036527845737
FKID001602,2024-02-19 21:12:06.877000+00:00,2,13,773.7,High,677.3632215876877,High,0.0028842491547128187,0.9929002478390747,0.002447031518950099,0.0017684714872621531
FKID001607,2024-02-19 21:23:33.802000+00:00,7,7,71.5,Low,72.97741542389528,Low,0.009948637618889445,0.02011938924805769,0.8025680730827914,0.1673639000502613
FKID001605,2024-02-19 22:10:03.709000+00:00,7,7,66.1,Medium,72.13372308941699,Medium,0.008009742895991568,0.036661422272273585,0.11951633394598343,0.8358125008857514
FKID001608,2024-02-20 00:02:35.525000+00:00,4,14,18.8,Low,10.405050138945937,Low,0.0009337484584032681,0.001990538454023375,0.9930453292947237,0.004030383792849879
FKID001623,2024-02-20 01:05:28.905000+00:00,1,11,533.6,Medium,405.4406249760586,Low,0.18035435385541598,0.17307126878201642,0.4479035630100586,0.198670814352509
FKID001620,2024-02-20 01:34:54.994000+00:00,1,11,117.4,Medium,41.52352014598643,Medium,0.03909798115614914,0.06672491902785842,0.3646057909887618,0.5295713088272307
FKID001621,2024-02-20 02:16:45.550000+00:00,1,11,110.5,Medium,104.59304586827932,Medium,0.009186893791772816,0.047501668870228164,0.07933265741344393,0.8639787799245551
FKID001635,2024-02-20 02:44:14.278000+00:00,5,2,99.9,Medium,53.12713344022045,Low,0.02045039604271521,0.041553137544924165,0.7213873604402166,0.21660910597214403
FKID001633,2024-02-20 03:10:45.362000+00:00,1,11,10.6,Low,51.667027864516406,Low,0.009009437744703606,0.029924712445093184,0.8352488860023395,0.1258169638078637
FKID001634,2024-02-20 03:40:27.131000+00:00,1,11,18.4,Low,42.11292707596187,Low,0.006839100285205877,0.027221067532263193,0.6736118133884027,0.2923280187941282
FKID001643,2024-02-20 05:55:42.313000+00:00,1,11,16.6,Low,50.82159610049806,Low,0.0017438146856208077,0.002857738660405691,0.9886221944613431,0.0067762521926305165
FKID001645,2024-02-20 06:24:13.003000+00:00,7,7,131.1,High,85.47728379306895,Medium,0.005735558709889201,0.024462444627451462,0.07225993194455534,0.8975420647181039
FKID001644,2024-02-20 06:56:59.478000+00:00,5,2,12.9,Low,28.476640282993834,Low,0.00623492161604093,0.04443956821841739,0.7746973078557168,0.174628202309825
FKID001642,2024-02-20 07:18:25.961000+00:00,5,15,9.0,Low,30.98027800204119,Medium,0.006000232671415146,0.02110436343989232,0.46095787900312507,0.5119375248855675
FKID001648,2024-02-20 07:58:23.236000+00:00,1,11,19.3,Low,76.52744270636902,Low,0.005819830816530628,0.0051330764171993466,0.9184254286054276,0.07062166416084241
FKID001656,2024-02-20 18:49:03.606000+00:00,1,11,30.1,Low,35.36779866302759,Low,0.0009717892286912296,0.0019432521706499721,0.9692085650139787,0.027876393586680304
FKID001659,2024-02-20 19:08:09.430000+00:00,4,14,25.3,Low,36.690888165807074,Medium,0.011754634836479908,0.07649581638646762,0.3704621539989226,0.5412873947781299
FKID001661,2024-02-20 19:32:51.842000+00:00,1,11,18.7,Low,51.36588834447656,Low,0.007041891863552302,0.02091768366485747,0.8299896086713348,0.14205081580025555
FKID001662,2024-02-20 21:05:01.622000+00:00,5,2,64.3,Low,65.10888559548891,Low,0.006992568518358497,0.012692948542183752,0.8213630787474521,0.1589514041920057
FKID001721,2024-02-20 21:20:11.232000+00:00,2,13,765.6,High,706.1967859255535,High,0.0020291449527334612,0.9928267862040946,0.0024603794939577735,0.0026836893492142703
FKID001667,2024-02-20 22:18:17.608000+00:00,2,13,102.8,Medium,64.79706098998362,Medium,0.008373277140324367,0.06344743102750147,0.07128612727547547,0.8568931645566987
FKID001682,2024-02-21 02:35:22.161000+00:00,5,2,112.3,High,76.42041889571914,High,0.01025517520137148,0.4512171906387509,0.13498117650051322,0.40354645765936437
FKID001678,2024-02-21 03:59:42.597000+00:00,5,2,18.8,Low,72.91295150853752,Low,0.015251611974632253,0.06570678185842832,0.5675019888370479,0.3515396173298914
FKID001679,2024-02-21 04:16:25.400000+00:00,1,10,8.4,Low,10.901533982940983,Low,0.003965902255619281,0.010044854480404217,0.9264248750433568,0.05956436822061969
FKID001690,2024-02-21 05:52:50.100000+00:00,0,17,66.2,Medium,90.45156202396858,Medium,0.03484930146495971,0.09080800326700023,0.08107110383000754,0.7932715914380325
FKID001691,2024-02-21 06:11:35.579000+00:00,1,11,234.2,Medium,171.34228864356865,Medium,0.09813463599234207,0.18329519587206977,0.3113070161865975,0.40726315194899065
FKID001698,2024-02-21 06:48:06.969000+00:00,8,9,9.7,Low,40.249276510765704,Low,0.005014950471635763,0.010047148699191745,0.8618078101057176,0.123130090723455
FKID001702,2024-02-21 06:53:02.082000+00:00,1,11,61.0,Low,62.093338636288784,Low,0.003165705255232062,0.010197913959720889,0.9193981004448791,0.06723828034016804
FKID001708,2024-02-21 07:53:28.298000+00:00,1,11,4.8,Low,41.98872202292194,Low,0.002525006815366649,0.004724321295315069,0.9696092706357663,0.02314140125355203
FKID001707,2024-02-21 07:58:09.710000+00:00,1,11,15.6,Low,45.53725279930383,Low,0.0034566094789044138,0.008025436953787051,0.9522870297939154,0.03623092377339312
FKID001710,2024-02-21 08:23:37.398000+00:00,1,11,50.1,Low,62.47229637558646,Low,0.010382433275889379,0.02388597691864032,0.48784290370535716,0.47788868610011304
FKID001709,2024-02-21 08:33:17.571000+00:00,8,9,15.9,Low,31.4955945483872,Low,0.004505946499196179,0.01227962109195968,0.9219008413347329,0.06131359107411124
FKID001711,2024-02-21 08:59:23.348000+00:00,1,11,42.7,Low,34.495689026294954,Low,0.005156487491782527,0.00920114043029381,0.8661592601470446,0.11948311193087913
FKID001724,2024-02-21 19:21:46.578000+00:00,5,3,117.8,High,47.00639588650412,Medium,0.009650876984440324,0.21451904972599184,0.3552885884584708,0.4205414848310971
FKID001729,2024-02-21 19:36:53.352000+00:00,5,2,5.5,Low,19.955585754698433,Low,0.0024826778052145443,0.0667605154787313,0.9038482207128794,0.026908586003174764
FKID001815,2024-02-21 21:00:45.002000+00:00,2,13,785.0,High,706.9440757217666,High,0.001441307681668296,0.9947031458415242,0.00220402081516768,0.001651525661639878
FKID001741,2024-02-21 21:31:46.367000+00:00,5,15,15.5,Low,35.80941312946495,Low,0.015006120550932839,0.014595028314861137,0.8787464864037383,0.09165236473046771
FKID001739,2024-02-21 22:16:46.986000+00:00,9,21,12.0,Low,53.49717750717701,Low,0.008916568245063209,0.028226180113904306,0.5205682977049769,0.4422889539360556
FKID001756,2024-02-22 00:52:39.252000+00:00,1,11,65.6,Low,75.83738646940347,Low,0.004245969071031261,0.012463774390231774,0.5498407160518591,0.4334495404868777
FKID001755,2024-02-22 01:00:52.382000+00:00,4,14,72.7,Low,78.15750201072365,Low,0.010541283421501998,0.10661319539523768,0.8157020190199703,0.06714350216329003
FKID001757,2024-02-22 01:04:12.894000+00:00,4,6,14.0,Low,19.40057358774977,Low,0.0035072387900434484,0.005143064502658338,0.9353735292892784,0.05597616741801988
FKID001760,2024-02-22 02:21:31.654000+00:00,5,2,4.6,Low,47.09596267761657,Low,0.06522430365036463,0.060494992331750916,0.5589453212097917,0.31533538280809276
FKID001762,2024-02-22 02:41:05.172000+00:00,6,16,82.5,Medium,53.46859836565402,Medium,0.010916789707971665,0.25756539467904216,0.16768559029335223,0.563832225319634
FKID001765,2024-02-22 02:49:39.772000+00:00,1,11,16.4,Low,28.404199871360568,Low,0.0035811895360874,0.012527397566063279,0.7599159952131829,0.22397541768466633
FKID001769,2024-02-22 03:05:39.283000+00:00,5,15,9.1,Low,-3.1942705979746893,Low,0.0031643290345827013,0.004897037301316341,0.9262447030785687,0.06569393058553234
FKID001772,2024-02-22 03:45:17.098000+00:00,1,11,153.2,Critical,71.6288528271566,High,0.02249766649351306,0.43354118227281857,0.20375886099323376,0.34020229024043463
FKID001768,2024-02-22 04:01:55.844000+00:00,1,11,3.2,Low,71.62056543728102,Low,0.011388993017810668,0.15211769874688613,0.4189245547918896,0.41756875344341354
FKID001771,2024-02-22 04:05:11.861000+00:00,1,11,122.9,Medium,73.26031159829478,Medium,0.011247272205380753,0.12191112555850975,0.42175897143574265,0.44508263080036686
FKID001777,2024-02-22 04:24:06.070000+00:00,5,2,20.7,Low,44.67189455686805,Low,0.008907113331327403,0.03109902553539106,0.6741689733689352,0.2858248877643462
FKID001800,2024-02-22 07:53:45.518000+00:00,1,11,112.0,Medium,76.96989988993037,Low,0.005842592963537513,0.021988956800505853,0.5575496911115134,0.4146187591244432
FKID001799,2024-02-22 08:18:57.197000+00:00,7,1,27.9,Low,36.576127770418694,Low,0.0015601135876258205,0.0038262734344294575,0.9871894695279958,0.0074241434499491225
FKID001812,2024-02-22 08:34:15.878000+00:00,1,11,10.0,Low,117.61620054347199,Low,0.006461468307141845,0.02423032738178591,0.6357850702793634,0.333523134031709
FKID001816,2024-02-22 09:40:52.955000+00:00,1,11,15.4,Low,17.486291393891825,Low,0.0009777015577365536,0.001401193250290253,0.9909939125264894,0.006627192665483918
FKID001820,2024-02-22 18:47:23.440000+00:00,1,11,45.8,Low,25.10795494318025,Low,0.005062768107755114,0.013051509198655643,0.9085305695328463,0.0733551531607429
FKID001822,2024-02-22 19:42:26.940000+00:00,2,12,83.3,Low,139.08534531719658,Low,0.020123893475358475,0.05999456541465897,0.5557714790175331,0.3641100620924494
FKID001829,2024-02-22 20:55:29.337000+00:00,2,13,790.3,High,712.9110272459634,High,0.0017161526171709455,0.9935359777402794,0.0023447823012803437,0.0024030873412693664
FKID001828,2024-02-22 21:28:48.714000+00:00,1,11,566.7,Medium,147.22160211077582,Low,0.017449534596435452,0.033887077623984754,0.5676288729752367,0.38103451480434314
FKID001837,2024-02-22 22:01:23.662000+00:00,6,16,69.9,Low,60.318766094360804,Low,0.007843221898929439,0.020631472622239452,0.8180535389579343,0.15347176652089686
FKID001838,2024-02-22 22:16:29.086000+00:00,1,10,57.2,Medium,47.59106430943222,Medium,0.008388265689576475,0.024805962854662352,0.4488004537719201,0.5180053176838411
FKID001843,2024-02-22 22:57:26.469000+00:00,6,16,12.7,Low,52.34828263953053,Medium,0.007003268837819196,0.18797596282341855,0.34218417769190707,0.4628365906468553
FKID001851,2024-02-22 23:41:01.371000+00:00,1,11,55.6,Low,48.15933208753429,Low,0.0028139387761134406,0.005228805154669142,0.6455389020067539,0.34641835406246346
FKID001852,2024-02-23 01:25:17.176000+00:00,5,15,24.8,Low,56.82938169206917,Medium,0.0077268916906091875,0.026418790941706,0.2331763324312001,0.7326779849364848
FKID001854,2024-02-23 01:25:55.164000+00:00,8,9,53.4,Medium,48.86181383607903,Medium,0.014189111318909419,0.0660225183927673,0.22202419530872147,0.6977641749796019
FKID001855,2024-02-23 01:31:15.182000+00:00,1,11,26.5,Low,42.38218523421224,Low,0.007200137763217722,0.03617279038645226,0.81717555065892,0.13945152119141002
FKID001858,2024-02-23 01:37:27.571000+00:00,1,11,26.5,Low,79.09495112761807,Low,0.006497357774072204,0.025927744526300287,0.7230044921346115,0.24457040556501597
FKID001861,2024-02-23 02:20:33.064000+00:00,1,10,51.9,Medium,50.6774138838651,Medium,0.011106006115635477,0.0828386692399726,0.22125769208143667,0.6847976325629552
FKID001863,2024-02-23 03:41:36.037000+00:00,1,10,68.3,Medium,60.64684166465993,Medium,0.0060646895610933765,0.12543005345400984,0.08929813836702312,0.7792071186178737
FKID001864,2024-02-23 04:38:09.877000+00:00,1,11,2.3,Low,115.55056611089024,Low,0.00932117990185245,0.017454346115454183,0.6863506899818638,0.2868737840008296
FKID001872,2024-02-23 05:57:34.907000+00:00,1,11,6.5,Low,138.6476900114511,Low,0.040819104175262244,0.02800749501536041,0.6239713311985025,0.307202069610875
FKID001873,2024-02-23 06:33:07.007000+00:00,1,4,13.2,Low,30.756555970364783,Low,0.0033716917196882678,0.0068377868813688965,0.8692201880366361,0.12057033336230673
FKID001874,2024-02-23 07:08:52.366000+00:00,7,1,28.3,Low,129.49062467288235,Low,0.02062394570963031,0.08152793053647202,0.7203539158679458,0.17749420788595172
FKID001888,2024-02-23 20:11:42.870000+00:00,6,16,54.4,Medium,39.042023939680725,Low,0.009920341348371813,0.2496659576970042,0.5451024841336716,0.19531121682095234
FKID001885,2024-02-23 20:51:56.515000+00:00,1,11,20.9,Low,44.33090572188364,Low,0.0017784987572626969,0.003188185013376674,0.9611782585022267,0.033855057727134014
FKID001894,2024-02-23 21:08:23.073000+00:00,2,13,777.4,High,668.9979424613629,High,0.0015149854967428718,0.993843244276308,0.00266460204125841,0.0019771681856905966
FKID001892,2024-02-24 00:04:42.271000+00:00,5,2,27.9,Low,25.267685002036014,Low,0.003317738954938589,0.007229144794908906,0.9366060493730703,0.052847066877082176
FKID001897,2024-02-24 01:08:06.943000+00:00,8,9,55.3,Low,124.79769546525874,Low,0.017793662241090594,0.05628589504008373,0.7183663763398191,0.20755406637900642
FKID001906,2024-02-24 03:42:01.129000+00:00,6,16,245.2,High,127.83898845454331,High,0.011130870477454388,0.4817547945670402,0.15978849645338772,0.34732583850211773
FKID001903,2024-02-24 03:58:06.609000+00:00,7,7,70.4,Medium,46.85625450328898,Medium,0.007544889716971682,0.03494848269313295,0.33188523425885275,0.6256213933310426
FKID001904,2024-02-24 04:05:56.450000+00:00,2,12,64.3,Medium,71.46418639684009,Low,0.0046682241742843555,0.00900854247260483,0.898663847554204,0.08765938579890664
FKID001911,2024-02-24 05:37:59.709000+00:00,7,7,19.0,Low,54.498643429194765,Low,0.013737830028057335,0.14094364763139347,0.4234237125215589,0.42189480981899025
FKID001914,2024-02-24 07:18:48.525000+00:00,0,18,5.2,Low,13.856117060145156,Low,0.0012065826069779589,0.0020228464581201985,0.9800974538344389,0.016673117100462948
FKID001920,2024-02-24 08:14:13.211000+00:00,1,10,77.4,Medium,36.07967974576838,Low,0.008088815984164634,0.03282306083285213,0.6517299782938408,0.30735814488914237
FKID001922,2024-02-24 11:26:32.724000+00:00,0,17,69.9,Medium,171.8343644486621,High,0.04917661036170777,0.6792387837865247,0.10130172833825395,0.17028287751351354
FKID001928,2024-02-24 18:51:56.879000+00:00,9,21,35.1,Medium,45.491042222888474,Medium,0.008258226726137628,0.02626445079585742,0.4660290698149001,0.49944825266310466
FKID001929,2024-02-24 19:19:04.077877+00:00,1,11,52.1,Low,7.73108922563109,Low,0.0017862597697246535,0.005050682842210356,0.9793048706682738,0.013858186719791266
FKID001930,2024-02-24 21:02:00.625000+00:00,2,13,783.8,High,691.6234586725841,High,0.0016869353601196688,0.9923848954891696,0.002762020871601646,0.0031661482791089813
FKID001933,2024-02-24 21:20:38.643000+00:00,1,11,17.7,Low,6.937214555479717,Low,0.011809956039274958,0.03264728191386269,0.7964535137748532,0.15908924827200915
FKID001939,2024-02-24 21:54:43.585000+00:00,1,11,33.3,Low,37.13035039433647,Low,0.0031875978341916506,0.007150212691956505,0.8603357579626179,0.12932643151123402
FKID001940,2024-02-24 23:01:52.728000+00:00,8,19,64.6,Low,15.688176596757323,Low,0.0025100687355528594,0.0068092018310563695,0.977539271854099,0.013141457579291993
FKID001937,2024-02-25 00:02:34.056000+00:00,6,16,13.3,Low,18.79120324471096,Low,0.0026991786705186436,0.004950969860392044,0.9836519183424044,0.008697933126685022
FKID001944,2024-02-25 00:14:15.814000+00:00,4,6,108.2,Medium,96.00936876950799,Low,0.005688322732042468,0.020647503659463197,0.9041511148767007,0.06951305873179359
FKID001943,2024-02-25 00:34:02.743000+00:00,8,19,6.7,Low,56.833446866237615,Low,0.17715707283554083,0.018407292642607237,0.6704119103425759,0.13402372417927616
FKID001941,2024-02-25 00:45:16.418000+00:00,7,7,35.2,Medium,38.58257557144256,Medium,0.017763898703526206,0.07496087626852214,0.2841559001003792,0.6231193249275724
FKID001942,2024-02-25 01:17:34.011000+00:00,1,11,31.5,Low,77.16658585556428,Low,0.005296071378603117,0.013689079882040966,0.928801948598345,0.0522129001410111
FKID001948,2024-02-25 02:12:45.784000+00:00,1,10,2.2,Low,33.578863002811815,Low,0.01259150257243453,0.07387194614077573,0.5080047116961759,0.40553183959061384
FKID001951,2024-02-25 02:16:55.738000+00:00,7,1,61.7,Low,29.207348917757535,Low,0.002168262368641166,0.00843989097631068,0.973370505506788,0.016021341148260135
FKID001949,2024-02-25 03:41:18.177000+00:00,1,10,57.3,Medium,87.30583803189135,Medium,0.00546963329581399,0.13113642466029973,0.026671472173217213,0.836722469870669
FKID001954,2024-02-25 03:44:26.145000+00:00,1,11,144.1,Critical,111.8217083360479,Critical,0.6622097847135219,0.09533470056521692,0.08910853714152543,0.1533469775797357
FKID001959,2024-02-25 04:24:10.672000+00:00,5,2,95.1,High,57.051827768181944,Medium,0.00953881225087914,0.36020148702860666,0.1895336695807036,0.44072603113981074
FKID001962,2024-02-25 04:37:16.488000+00:00,5,15,175.8,Medium,56.47716540398998,Low,0.008407065940441166,0.020081733748388068,0.539805974889598,0.4317052254215728
FKID001961,2024-02-25 05:11:12.689000+00:00,1,10,135.6,High,88.64760961668883,Medium,0.004962013739340257,0.0824179416979171,0.023114357577590228,0.8895056869851524
FKID001958,2024-02-25 05:29:33.170000+00:00,1,10,9.9,Low,30.886579177918495,Low,0.004398059062882272,0.015263361628049055,0.8693621307728242,0.11097644853624446
FKID001960,2024-02-25 05:30:11.119000+00:00,5,3,36.8,Low,38.37159037920845,Low,0.009569691699834458,0.1145969702386941,0.678404267397994,0.19742907066347748
FKID001969,2024-02-25 06:09:46.899000+00:00,8,9,29.8,Low,31.24421338937428,Low,0.005348785062515275,0.011703222854571,0.9259604271862779,0.05698756489663575
FKID001968,2024-02-25 06:12:54.804000+00:00,1,10,13.0,Low,31.216516849881653,Low,0.19080798390732417,0.09996974914623427,0.46118683533258364,0.248035431613858
FKID001973,2024-02-25 07:10:04.898000+00:00,5,2,23.7,Low,18.721309187324085,Low,0.0030064787486874392,0.005532810993448023,0.8324459075363273,0.1590148027215372
FKID001974,2024-02-25 07:30:22.215000+00:00,8,19,50.5,Medium,76.69349792572392,Medium,0.015812624044746582,0.08447840328706967,0.06666733785890831,0.8330416348092754
FKID001975,2024-02-25 07:53:58.885000+00:00,8,19,29.1,Low,54.4529021507112,Low,0.005928907375520617,0.027589182208219206,0.8384517037422332,0.12803020667402687
FKID001983,2024-02-25 08:58:51.239000+00:00,1,5,15.4,Low,10.049198753650481,Low,0.0039849385904682415,0.007576224255290232,0.9588575625956207,0.029581274558620828
FKID001990,2024-02-25 20:42:40.588000+00:00,7,7,88.6,Medium,56.11432516843834,Medium,0.008528392335622234,0.28313716458110627,0.17030896789972316,0.5380254751835483
FKID001991,2024-02-25 20:48:42.700000+00:00,1,10,85.6,Low,74.9732178977116,Low,0.01464948718011461,0.03698268955768369,0.698685154683046,0.24968266857915566
FKID001999,2024-02-26 00:38:38.926000+00:00,1,11,16.5,Low,33.037088095430136,Low,0.004363725521827032,0.009081845191148883,0.9311901542411145,0.05536427504590953
FKID001998,2024-02-26 01:09:42.759600+00:00,1,11,31.8,Low,12.243254175240434,Low,0.0026856159871992465,0.0021815634484853713,0.9818577064430579,0.013275114121257606
FKID002020,2024-02-26 20:01:23.017000+00:00,2,13,5.5,Low,19.419017839613513,Low,0.004617770340970876,0.02477236133381642,0.9364901518861241,0.0341197164390886
FKID002026,2024-02-26 20:56:28.231000+00:00,2,13,789.3,High,700.2273055398852,High,0.0032630259352177267,0.9909771271733242,0.003150861575653507,0.002608985315804497
FKID002027,2024-02-26 23:54:12.463000+00:00,1,11,17.8,Low,48.05343946991481,Low,0.10657406365373366,0.018025963041008584,0.8259904956076438,0.049409477697614126
FKID002040,2024-02-27 02:09:49.289000+00:00,1,10,112.1,Critical,62.5444492923577,Medium,0.06258177511449221,0.18508277179294688,0.18907501496657733,0.5632604381259836
FKID002044,2024-02-27 02:59:28.564000+00:00,5,2,146.4,Medium,94.08508903108923,Medium,0.010640130059133947,0.06484944255182849,0.2118162185202356,0.7126942088688019
FKID002066,2024-02-27 05:53:39.092000+00:00,4,6,115.8,Medium,73.66170737792957,Low,0.008688736677095214,0.012268535350446478,0.9333086910318787,0.045734036940579675
FKID002065,2024-02-27 05:57:16.681000+00:00,1,10,110.0,Medium,69.14280345929868,Low,0.006401212618315693,0.02965416348106806,0.7035395738641841,0.26040505003643216
FKID002068,2024-02-27 08:07:32.010000+00:00,9,21,43.6,Low,41.86786319390519,Medium,0.008572835584441286,0.01810537439148522,0.04947855922282795,0.9238432308012456
FKID002072,2024-02-27 08:11:35.368000+00:00,1,11,8.8,Low,55.108498353863084,Low,0.0027085526326949454,0.0039909408258403545,0.9562031118928365,0.037097394648628164
FKID002075,2024-02-27 10:48:41.993000+00:00,1,10,39.0,Medium,111.37174410401217,Low,0.2943699340229866,0.03453604180549911,0.4180994415900078,0.2529945825815064
FKID002081,2024-02-27 11:15:10.411000+00:00,8,19,9.9,Low,45.30248205496304,Medium,0.01245378933050301,0.06577162734666324,0.42708986656910347,0.4946847167537303
FKID002082,2024-02-27 12:47:10.903000+00:00,5,3,105.7,High,71.97965589192349,High,0.007886239424546328,0.7707099697617488,0.07009712084842605,0.1513066699652789
FKID002087,2024-02-27 17:39:47.401000+00:00,2,12,82.2,Medium,61.89714234202143,Medium,0.01278187945401473,0.29037169495950804,0.16355670507527997,0.5332897205111973
FKID002091,2024-02-27 20:34:22.658000+00:00,4,14,41.4,Low,40.524859578333505,Low,0.03078366489214781,0.07493059177297935,0.5395361467448676,0.3547495965900052
FKID002103,2024-02-27 20:38:24.075000+00:00,1,11,14.4,Low,77.33459601819283,Low,0.0066668277125336755,0.006307823928487891,0.9459944508226895,0.04103089753628879
FKID002097,2024-02-27 20:53:27.002000+00:00,2,13,792.3,High,752.521452518359,High,0.003241589269886984,0.9889319593834274,0.003559178739855747,0.004267272606829747
FKID002096,2024-02-27 21:07:10.872960+00:00,1,11,43.7,Low,16.264245273899437,Low,0.0032924227914006977,0.007247033116901293,0.9777543631974613,0.011706180894236546
FKID002098,2024-02-27 21:09:13.115423+00:00,1,11,41.8,Low,22.403639853501954,Low,0.0032565350787025515,0.003748938149218852,0.9818731999869749,0.011121326785103752
FKID002094,2024-02-27 21:27:20.156000+00:00,1,11,1381.7,Medium,879.6041363866295,Medium,0.01865681195472496,0.25704731474956427,0.10520995462166478,0.619085918674046
FKID002100,2024-02-27 23:27:51.734000+00:00,8,19,22.2,Low,133.42098723731797,Medium,0.00428731899178164,0.02052802427490813,0.06560803685740552,0.9095766198759047
FKID002109,2024-02-27 23:56:50.555000+00:00,1,11,15.8,Low,50.96445120181578,Low,0.00253557195059206,0.0026448779312195853,0.9775847488894798,0.017234801228708612
FKID002121,2024-02-28 01:51:14.645322+00:00,4,0,68.8,Low,41.948103754312235,Low,0.009737890666502979,0.014122844231407262,0.871454135727043,0.10468512937504662
FKID002120,2024-02-28 03:38:08.709000+00:00,1,11,7.5,Low,87.18282039480107,Low,0.004263624992443067,0.008328245941048126,0.802212162795332,0.1851959662711768
FKID002126,2024-02-28 04:20:36.993000+00:00,1,10,111.6,High,66.66728450766445,Medium,0.01207882840593788,0.08765646193660143,0.10616871438572253,0.7940959952717381
FKID002131,2024-02-28 05:38:59.747000+00:00,1,10,125.7,Medium,105.17931653634143,Low,0.014015841847663892,0.07777518095252067,0.4573186971088101,0.4508902800910054
FKID002144,2024-02-28 06:14:08.189000+00:00,1,11,19.6,Low,38.67495738807077,Low,0.003223476708815098,0.008752191181533812,0.9409609121539884,0.047063419955662676
FKID002151,2024-02-28 07:49:07.452000+00:00,8,19,12.4,Low,13.05711410307959,Low,0.0024754912255174357,0.005253454232218445,0.9794921801639065,0.012778874378357504
FKID002154,2024-02-28 08:49:25.616000+00:00,7,1,17.0,Low,22.62393194027014,Low,0.006519756674150894,0.040657502005049063,0.8228291535016179,0.12999358781918205
FKID002159,2024-02-28 18:34:07.765000+00:00,5,3,25.3,Low,60.70711919065298,Low,0.011782972199656256,0.09374366040026244,0.5584144857466615,0.3360588816534197
FKID002160,2024-02-28 19:59:03.246000+00:00,7,7,2.3,Low,40.744112498611166,Low,0.004979627041829688,0.0182492581588611,0.8761330350008649,0.10063807979844439
FKID002167,2024-02-28 20:26:16.827000+00:00,1,11,25.8,Low,8.538467734012345,Low,0.002323453236039445,0.005308682226614748,0.9740594323510307,0.018308432186314994
FKID002172,2024-02-28 20:48:35.795000+00:00,1,11,1311.7,Medium,814.5646520294133,Medium,0.021053928689346732,0.22830324206210906,0.3137817299396001,0.4368610993089441
FKID002168,2024-02-28 20:51:52.392000+00:00,2,13,793.9,High,766.3774849357324,High,0.0019357060732772637,0.9895249259875055,0.0038891959453268856,0.004650171993890344
FKID002170,2024-02-28 21:02:33.715000+00:00,7,7,12.6,Low,13.631676067238313,Low,0.00378835753918608,0.008299145272291667,0.9376316031926356,0.050280893995886596
FKID002171,2024-02-28 21:19:45.808000+00:00,8,19,16.7,Low,84.99800102751107,Low,0.006509344178786347,0.011973315835978028,0.6112182358599672,0.37029910412526845
FKID002177,2024-02-28 21:28:43.405000+00:00,1,10,46.0,Medium,10.705207675993547,Medium,0.0061680037486866604,0.015475803718739484,0.20914403651699806,0.7692121560155758
FKID002178,2024-02-28 22:19:47.481000+00:00,2,13,42.2,Low,45.33569582443208,Medium,0.013321628870395834,0.03391532244390812,0.47010622628614956,0.4826568223995466
FKID002179,2024-02-28 22:30:18.714000+00:00,1,11,54.7,Low,52.8936646887165,Low,0.003360857325277597,0.010046720947689549,0.7016259370028701,0.28496648472416264
FKID002181,2024-02-28 22:43:12.741000+00:00,8,19,67.6,Medium,25.85656999620522,Medium,0.003814226525689577,0.014365512301483528,0.08165685631099852,0.9001634048618283
FKID002195,2024-02-28 23:36:34.931000+00:00,8,19,66.5,Medium,25.89512265069979,Medium,0.00794343095284702,0.020190045648643896,0.4295624269679016,0.5423040964306075
FKID002197,2024-02-29 00:45:28.652000+00:00,1,10,79.2,Low,98.76670822733877,Low,0.008595500056618662,0.021937641561838393,0.4956507742042134,0.4738160841773295
FKID002201,2024-02-29 02:03:06.565000+00:00,1,11,95.6,Medium,95.7821765448004,Medium,0.010887648218268963,0.02441686028537837,0.102736630785032,0.8619588607113207
FKID002200,2024-02-29 02:06:37.661000+00:00,5,3,22.6,Low,-25.436422981003744,Low,0.001996229760953356,0.005545437255446979,0.9836520545550705,0.008806278428529156
FKID002202,2024-02-29 02:19:56.118000+00:00,1,11,3.6,Low,-2.553776640979954,Low,0.0020970835701476782,0.004421537418659809,0.9717323525109577,0.021749026500234782
FKID002210,2024-02-29 04:53:58.067000+00:00,0,18,33.6,Low,28.07733772807615,Low,0.0037056055564870724,0.005937679839308051,0.9616147665030146,0.028741948101190334
FKID002209,2024-02-29 05:11:39.990000+00:00,7,7,14.2,Low,29.803488166719593,Medium,0.007030122714577644,0.03031499801572705,0.3929616824346299,0.5696931968350654
FKID002213,2024-02-29 05:29:36.525000+00:00,2,20,30.6,Low,16.677049817291724,Medium,0.00937154745878496,0.03863639099213301,0.46423645984242595,0.487755601706656
FKID002220,2024-02-29 05:35:54.578000+00:00,7,7,59.5,Medium,82.94572418243291,Medium,0.010407693908654005,0.25880703002485,0.1402567676364102,0.5905285084300858
FKID002221,2024-02-29 06:25:19.712000+00:00,1,11,28.4,Low,47.76107563673751,Low,0.0042090275179928,0.006881581394559246,0.8590184654936844,0.1298909255937636
FKID002222,2024-02-29 07:31:41.472000+00:00,1,11,46.0,Low,20.334637094917454,Low,0.005990961904445575,0.009097939296790175,0.8917288705439657,0.0931822282547986
FKID002232,2024-02-29 08:10:07.760000+00:00,1,11,104.0,Medium,50.80155852346905,Low,0.01043628513961119,0.0330020418012623,0.5430608938990771,0.41350077916004946
FKID002227,2024-02-29 08:22:56.451000+00:00,5,3,35.3,Low,51.33889988271937,Low,0.0035076568554715673,0.010301582706379679,0.9525863889369708,0.033604371501177864
FKID002230,2024-02-29 09:15:54.118000+00:00,1,10,24.8,Low,60.66412966935279,Medium,0.003530616839204879,0.008133091423670961,0.14653056661749686,0.8418057251196274
FKID002238,2024-02-29 10:36:49.731000+00:00,8,19,47.1,Medium,37.364689260676,Low,0.010354249904671006,0.08473984212817949,0.506757919616329,0.3981479883508205
FKID002240,2024-02-29 19:36:21.229000+00:00,1,11,41.4,Low,19.90457457722413,Low,0.006551771894330668,0.013384754801124719,0.7351475757912098,0.24491589751333478
FKID002241,2024-02-29 20:08:23.924000+00:00,5,2,52.4,Low,36.24198052107462,Low,0.00837067241384235,0.02152471092645831,0.9056990096671547,0.06440560699254473
FKID002250,2024-02-29 20:14:38.693000+00:00,6,16,21.2,Low,40.2466606395278,Medium,0.01414680461888887,0.04919649157604321,0.2925134704893994,0.6441432333156686
FKID002251,2024-02-29 20:45:21.394000+00:00,0,18,64.2,Medium,42.93733790152291,Medium,0.013133682284716265,0.043157196522061535,0.17595119986635294,0.7677579213268693
FKID002267,2024-03-01 00:47:32.516000+00:00,1,11,73.3,Low,55.53094600340251,Low,0.005564991210001045,0.011314473994191382,0.846920679614692,0.13619985518111563
FKID002283,2024-03-01 04:12:54.795000+00:00,1,11,111.6,Medium,117.82640560834945,Medium,0.0038959258106633864,0.03540339760497899,0.024196073260610178,0.9365046033237474
FKID002284,2024-03-01 05:23:06.968000+00:00,2,20,99.1,Low,123.34047269756053,Low,0.012803783855149168,0.04885829779471916,0.6169611498774303,0.32137676847270136
FKID002285,2024-03-01 05:33:45.481000+00:00,4,6,46.4,Medium,58.20257626980414,Medium,0.03711699043944679,0.07523698410780895,0.3762919928997884,0.5113540325529559
FKID002291,2024-03-01 07:55:45.336000+00:00,1,11,23.1,Low,19.844869628406244,Low,0.001768263877435079,0.004135583036435443,0.977111481818575,0.016984671267554586
FKID002287,2024-03-01 07:56:56.576000+00:00,1,11,48.2,Low,41.87005580409568,Low,0.008065047319729644,0.013147125768353977,0.7130647913531473,0.2657230355587692
FKID002293,2024-03-01 09:08:00.337000+00:00,0,18,10.7,Low,-2.6508535809303546,Low,0.0025526010145411966,0.004236468601396016,0.976131213430857,0.017079716953205683
FKID002294,2024-03-01 10:27:14.292000+00:00,5,3,61.8,Low,52.70929781587592,Low,0.004869655056317416,0.014007781634480626,0.9193658998313943,0.06175666347780773
FKID002301,2024-03-01 19:53:46.520000+00:00,7,7,90.0,Low,64.25197885918986,Low,0.008400867672181287,0.02693666059011551,0.8293075904080527,0.13535488132965057
FKID002309,2024-03-01 20:47:52.922000+00:00,7,7,330.2,High,159.85178486620592,Medium,0.021874110775873475,0.08475941327800866,0.22376579082032372,0.6696006851257942
FKID002308,2024-03-01 21:09:07.674000+00:00,1,11,102.4,Medium,100.86072594088971,Medium,0.005617724006308155,0.023963221227968495,0.04705287063828148,0.923366184127442
FKID002316,2024-03-01 22:52:17.373000+00:00,5,15,83.0,Low,70.97955653789714,Low,0.010165514402250943,0.038989984636380294,0.8557184971058805,0.09512600385548817
FKID002321,2024-03-02 02:01:13.778000+00:00,1,10,18.0,Low,52.01014464467119,Medium,0.013261196283459856,0.04056636599920221,0.40388688554876284,0.5422855521685751
FKID002327,2024-03-02 03:30:15.995000+00:00,1,11,120.1,Low,75.03705660633219,Low,0.01169135880086598,0.029510362136140052,0.5322502460150775,0.4265480330479165
FKID002336,2024-03-02 03:35:04.735000+00:00,0,17,27.2,Low,6.5268147534492265,Low,0.013314914139332041,0.09586715078169661,0.5372964482211492,0.3535214868578222
FKID002335,2024-03-02 04:06:55.031000+00:00,5,3,26.7,Low,19.728072033186283,Low,0.003110313624239313,0.007277553894391462,0.9491133209381565,0.040498811543212825
FKID002333,2024-03-02 04:39:02.097000+00:00,8,9,15.7,Low,35.24425949946764,Low,0.010799019872899579,0.031360317151175834,0.4973778283446078,0.46046283463131665
FKID002350,2024-03-02 05:49:49.104000+00:00,1,11,72.8,Low,21.286008538184497,Low,0.0116242666725657,0.02628346423190288,0.6471141840669188,0.3149780850286127
FKID002351,2024-03-02 06:25:51.732000+00:00,1,11,107.5,Low,43.274921781991075,Low,0.002903605809263591,0.005967521911356214,0.9437159883476068,0.047412883931773384
FKID002363,2024-03-02 18:36:57.054000+00:00,1,10,303.0,Medium,103.11035563694402,Low,0.010733062280378325,0.030733271447479033,0.4951683276235779,0.46336533864856483
FKID002360,2024-03-02 18:58:38.155000+00:00,0,18,55.2,Medium,35.95263198055085,Medium,0.012412087100280389,0.09930917896974945,0.2290273434343019,0.6592513904956684
FKID002370,2024-03-02 20:15:20.318000+00:00,4,14,22.9,Low,16.300570204289865,Low,0.002779391455183341,0.0048836716264936565,0.9639090351117738,0.028427901806549277
FKID002366,2024-03-02 21:25:32.248000+00:00,8,9,86.6,Medium,39.871050830606606,Medium,0.010769803329863638,0.05027751118672278,0.3055882590764933,0.6333644264069204
FKID002378,2024-03-02 23:35:29.690000+00:00,8,9,64.3,Medium,51.12764978625355,Medium,0.007004287928295704,0.03288007107914134,0.1022455064381427,0.8578701345544203
FKID002377,2024-03-02 23:52:23.683000+00:00,7,7,2.5,Low,10.999515794688314,Low,0.003404849897963741,0.008115148727782642,0.9221471345434862,0.06633286683076751
FKID002385,2024-03-03 01:26:00.118000+00:00,1,11,21.9,Low,50.26336721600974,Low,0.00780433963352155,0.012370273174214817,0.9014662007188323,0.0783591864734313
FKID002387,2024-03-03 02:56:01.411000+00:00,5,2,14.3,Low,342.3265605827083,High,0.1219182422634178,0.658680139329942,0.07577889906452868,0.1436227193421116
FKID002388,2024-03-03 04:42:52.617000+00:00,1,11,50.1,Low,46.8705076455378,Low,0.003148549210493947,0.0043654213411903255,0.8481883682077557,0.14429766124056
FKID002389,2024-03-03 05:37:10.524000+00:00,1,10,39.0,Low,36.730454748597516,Medium,0.010714679595697349,0.03771672698457408,0.23711441578679063,0.714454177632938
FKID002396,2024-03-03 08:32:46.187000+00:00,5,2,29.2,Low,49.460775801441734,Low,0.024740751561222307,0.05408573828522404,0.7518044882174568,0.16936902193609674
FKID002410,2024-03-03 13:11:54.723000+00:00,0,17,413.9,High,502.68776005443146,High,0.008049597686077187,0.9568609095293105,0.021242934582878726,0.01384655820173366
FKID002408,2024-03-03 13:15:27.731000+00:00,0,17,410.3,High,460.69493503326777,High,0.007887367925150022,0.9551006370893217,0.022132283564208103,0.014879711421320023
FKID002409,2024-03-03 13:16:35.589000+00:00,0,17,409.2,High,454.32073412920874,High,0.008361254643844613,0.954644429303733,0.02212171198705408,0.014872604065368084
FKID002406,2024-03-03 13:19:39.193000+00:00,0,17,1.6,Low,362.4029281626889,High,0.011654667052511992,0.9479280407891228,0.0248324653118916,0.015584826846473566
FKID002416,2024-03-03 13:25:16.539000+00:00,0,17,400.5,High,470.3121240365243,High,0.0056166687835825365,0.9528261802370143,0.02310546094442284,0.018451690034980442
FKID002411,2024-03-03 13:40:49.837000+00:00,0,17,384.9,High,438.87783045066686,High,0.04743146818573442,0.62905376850448,0.13394531119821965,0.1895694521115659
FKID002415,2024-03-03 18:11:25.476000+00:00,1,10,8.4,Low,46.32519803934921,Low,0.005218270591430425,0.024554143235615163,0.795343032507046,0.17488455366590838
FKID002417,2024-03-03 21:50:26.047000+00:00,1,10,23.8,Low,30.031333017320158,Low,0.004583507751283972,0.02054424662854326,0.8308977186765314,0.14397452694364135
FKID002421,2024-03-03 23:11:17.463000+00:00,1,10,60.7,Medium,57.56867704106087,Medium,0.004489551933860003,0.011864043028418404,0.021926518071827765,0.9617198869658938
FKID002429,2024-03-04 00:03:19.594000+00:00,1,11,57.3,Low,50.28594761920117,Low,0.0031835800417187683,0.005602535873911153,0.8146068498198251,0.17660703426454497
FKID002428,2024-03-04 01:23:20.254000+00:00,1,11,38.8,Low,77.07457475368413,Low,0.005392666775279645,0.008607083228860175,0.9038310589865812,0.08216919100927891
FKID002439,2024-03-04 07:13:45.860000+00:00,1,10,90.2,Medium,79.61634043568027,Medium,0.007603519018677387,0.11618999411494918,0.12141527352347509,0.7547912133428982
FKID002438,2024-03-04 07:16:24.705000+00:00,4,14,40.8,Low,57.48170591882358,Low,0.0038153352145193003,0.014484672805646656,0.9171428634657249,0.06455712851410905
FKID002450,2024-03-04 09:42:19.154000+00:00,1,11,8.9,Low,41.45266786471957,Low,0.002137353418581568,0.0035762882124685392,0.969175499267288,0.02511085910166178
FKID002458,2024-03-04 19:47:42.173000+00:00,1,11,31.7,Low,51.303870597032905,Low,0.004429097138021643,0.017109924497738016,0.87044146740766,0.10801951095658029
FKID002457,2024-03-04 19:51:16.949000+00:00,8,19,21.9,Low,83.92589959476618,High,0.0074723756817914825,0.503960327484597,0.0448841928171522,0.44368310401645933
FKID002460,2024-03-04 20:46:02.161000+00:00,1,11,121.1,Low,111.47337495079427,Low,0.014420427485704402,0.05621797209632546,0.5352020903858881,0.394159510032082
FKID002461,2024-03-04 20:46:20.525000+00:00,1,11,121.4,Low,173.86276442194406,Low,0.005357227099495953,0.018691462354217283,0.5154920551084627,0.460459255437824
FKID002456,2024-03-04 20:51:04.998000+00:00,1,11,4.7,Low,20.133491058985353,Low,0.0018217261050330717,0.0027784555525578515,0.9736240269690702,0.02177579137333882
FKID002463,2024-03-04 21:01:23.677000+00:00,2,13,784.4,High,718.4921161039038,High,0.004818373886394665,0.9830039644196992,0.004210846193520467,0.007966815500385659
FKID002474,2024-03-04 21:24:54.681000+00:00,1,4,45.1,Medium,60.339340409448155,Critical,0.4815560569344554,0.01787283141514911,0.3306930850001897,0.16987802665020582
FKID002471,2024-03-04 21:33:53.629000+00:00,8,19,9.9,Low,52.44653589176191,Low,0.009374774661039875,0.018627504492766213,0.4942188973595574,0.4777788234866366
FKID002475,2024-03-04 22:06:45.407000+00:00,4,6,39.9,Low,47.71507384897787,Medium,0.003912485960919096,0.009711617326521248,0.03376471876647512,0.9526111779460846
FKID002478,2024-03-04 22:42:51.918000+00:00,7,7,19.3,Low,38.59854278203329,Medium,0.01006468909236492,0.030210551848552238,0.3584382777994972,0.6012864812595856
FKID002481,2024-03-04 23:02:01.879000+00:00,5,2,26.2,Low,24.71302688306065,Low,0.0056644989989095545,0.010569093278490666,0.8601644237562259,0.12360198396637367
FKID002488,2024-03-04 23:55:04.365000+00:00,1,10,20.8,Low,69.83607811010948,Medium,0.010410119289429825,0.029983668801210922,0.3599748749984727,0.5996313369108865
FKID002501,2024-03-05 02:13:01.309000+00:00,2,13,1.3,Low,106.3769045104647,Medium,0.0045111275005792284,0.09813933218692365,0.052449167003687854,0.8449003733088092
FKID002500,2024-03-05 02:21:45.802000+00:00,8,19,14.8,Low,27.990029401540305,Low,0.009236652223890607,0.03547153438115875,0.6356120035125462,0.3196798098824045
FKID002503,2024-03-05 02:47:57.295000+00:00,1,5,1397.6,Critical,428.02877465247883,Low,0.2178015246567485,0.10771571420766106,0.3458881801578664,0.3285945809777241
FKID002517,2024-03-05 05:43:36.951000+00:00,1,10,55.3,Medium,32.443936544975664,Medium,0.012840257648782894,0.04252948002087506,0.24402951168251372,0.7006007506478283
FKID002527,2024-03-05 06:10:17.793000+00:00,8,9,64.3,Medium,32.60404359341599,Medium,0.011173408480130289,0.056895180873128115,0.19449110906869227,0.7374403015780493
FKID002523,2024-03-05 06:11:26.730000+00:00,8,9,61.6,Medium,59.04149887622692,Medium,0.011305500382866528,0.15375619334193358,0.10891285759753427,0.7260254486776656
FKID002541,2024-03-05 18:12:44.578000+00:00,5,3,24.4,Low,46.286311320996575,Low,0.0051328771544892,0.08275108614485938,0.8653345386864965,0.04678149801415498
FKID002553,2024-03-05 20:07:08.276000+00:00,8,19,10.2,Low,57.27387457555927,Medium,0.012774527890715396,0.06693577449302027,0.30163240309896294,0.6186572945173013
FKID002554,2024-03-05 20:41:42.642000+00:00,1,10,6.8,Low,113.40754918338183,Medium,0.009673517099902015,0.17028212880568597,0.09583451896308925,0.7242098351313226
FKID002561,2024-03-05 21:07:23.190000+00:00,2,13,778.4,High,730.7271687075186,High,0.006136160621008015,0.9785798200547314,0.005016204197469287,0.010267815126791306
FKID002565,2024-03-05 21:19:44.716000+00:00,5,15,98.8,Medium,93.03032189756549,Medium,0.007812283460180224,0.0385589928963424,0.03634351918101812,0.9172852044624593
FKID002562,2024-03-05 21:31:23.226000+00:00,1,11,2.4,Low,36.37793732655787,Low,0.004270800625291631,0.00652253752051328,0.9441190645763542,0.045087597277840834
FKID002578,2024-03-05 22:46:19.281000+00:00,1,11,36.4,Low,80.16258742109778,Low,0.00785698694263746,0.034248189286333136,0.5095477974428068,0.44834702632822265
FKID002579,2024-03-05 22:57:05.802000+00:00,1,11,41.1,Low,45.07042764824996,Low,0.0032467507964514942,0.007790164534593455,0.5942406502449112,0.39472243442404387
FKID002583,2024-03-05 23:41:47.800000+00:00,1,11,63.7,Low,193.33692548386253,Medium,0.007746136868646708,0.019243706123281426,0.4808140870690925,0.49219606993897935
FKID002590,2024-03-06 01:09:22.369000+00:00,1,11,12.8,Low,92.28469135876198,Low,0.009032739539091053,0.007849577465749265,0.875075161679696,0.1080425213154636
FKID002591,2024-03-06 01:11:48.587000+00:00,4,14,52.4,Low,76.40352490296219,Low,0.00869358154006956,0.016368030450089634,0.9257462895870959,0.04919209842274502
FKID002593,2024-03-06 01:44:04.350000+00:00,8,9,13.8,Low,128.39693914910237,Low,0.018044339264019008,0.03486943491636312,0.4957578501805668,0.4513283756390511
FKID002606,2024-03-06 02:26:38.221000+00:00,0,18,18.1,Low,18.84187173517014,Medium,0.011013637249230738,0.04074862209031622,0.36394424466178066,0.5842934959986724
FKID002602,2024-03-06 02:32:14.866000+00:00,1,11,3.0,Low,23.641130427600444,Low,0.006101983810623843,0.00875454906913537,0.9299119070225231,0.0552315600977176
FKID002607,2024-03-06 02:40:05.353000+00:00,1,10,32.8,Low,44.87468392748787,Low,0.006374085576839524,0.01624541839962537,0.801402035461434,0.17597846056210115
FKID002609,2024-03-06 03:41:45.214000+00:00,1,11,104.4,Medium,37.62179304352719,Medium,0.03312127298246942,0.06096002884029502,0.32776807888419246,0.5781506192930431
FKID002612,2024-03-06 04:22:06.645000+00:00,1,11,12.7,Low,-2.584902097196313,Low,0.0874263902361699,0.032750141975427964,0.8236803539576584,0.05614311383074378
FKID002624,2024-03-06 04:42:48.894000+00:00,4,14,154.5,Medium,87.42147190188226,Low,0.011666795305785668,0.01570053796432408,0.812436043084537,0.16019662364535317
FKID002617,2024-03-06 06:06:44.199000+00:00,1,11,42.5,Low,40.17191185245269,Low,0.006944296593737951,0.013698699268309343,0.7958588843387256,0.18349811979922714
FKID002618,2024-03-06 06:18:15.984000+00:00,8,19,72.9,Low,108.28686923009084,Low,0.00872316186678118,0.06897253222450303,0.7608350181227707,0.16146928778594508
FKID002642,2024-03-06 10:05:58.775000+00:00,7,7,23.0,Low,15.950729959988998,Low,0.0060103472613800765,0.016492104496028923,0.7838401643390278,0.19365738390356313
FKID002645,2024-03-06 18:48:38.995000+00:00,9,21,24.5,Low,38.08180989014522,Low,0.00945134191242371,0.1314833110419166,0.5681850462669311,0.2908803007787287
FKID002658,2024-03-06 21:01:41.936000+00:00,1,11,93.0,Low,76.62941381882217,Low,0.0030468393241647636,0.005607972756981958,0.9325168931256725,0.058828294793180774
FKID002659,2024-03-06 21:13:06.578000+00:00,2,13,772.7,High,767.2060094049627,High,0.019655912630148636,0.9497240925699368,0.010686180706004677,0.01993381409390985
FKID002672,2024-03-06 21:34:21.312000+00:00,1,11,18.4,Low,41.1559869938268,Low,0.006993439786604782,0.009911882347880537,0.9204681597445978,0.06262651812091673
FKID002673,2024-03-06 23:06:02.136000+00:00,1,11,2.7,Low,61.15574925974852,Low,0.003650007138004014,0.006528969334939713,0.93464212691534,0.055178896611716315
FKID002677,2024-03-06 23:15:03.090000+00:00,1,11,39.1,Low,36.95075280888317,Low,0.003440272641321535,0.005260798839483312,0.5491346814692939,0.4421642470499013
FKID002688,2024-03-07 02:48:45.929000+00:00,2,20,122.4,High,94.51776238130562,Medium,0.00653268748613368,0.2595341524749814,0.04851621189472728,0.6854169481441577
FKID002689,2024-03-07 03:35:25.489000+00:00,8,19,243.3,High,247.25073426295222,Medium,0.009603928962745211,0.06598374029786702,0.09524154665959615,0.8291707840797916
FKID002687,2024-03-07 04:11:24.888000+00:00,1,11,17.3,Low,92.96380822395342,High,0.18400937850788332,0.3648039950593226,0.23441877205091316,0.21676785438188093
FKID002694,2024-03-07 04:52:37.268000+00:00,1,11,13.9,Low,52.091582772485154,Low,0.009134174306067269,0.025846224895926008,0.5780589096756775,0.38696069112232917
FKID002696,2024-03-07 05:01:06.014000+00:00,5,15,9.4,Low,32.255013876244995,Low,0.0024877917425479112,0.005476130547423205,0.9330510680885167,0.05898500962151228
FKID002695,2024-03-07 05:23:47.274000+00:00,1,11,165.5,Low,136.12244395486945,Low,0.012754359655448702,0.05649409917006104,0.7954445157378266,0.1353070254366636
FKID002702,2024-03-07 05:25:24.564000+00:00,1,11,63.7,Low,123.8120612299021,Low,0.06064950659432361,0.23644331222692377,0.5350991218738181,0.16780805930493448
FKID002698,2024-03-07 05:25:39.452000+00:00,5,2,971.2,Critical,269.54223897014714,Critical,0.6077102379764497,0.18162028707875708,0.09805282128214345,0.11261665366264964
FKID002731,2024-03-07 05:42:37.199000+00:00,1,10,829.3,High,420.8959603924289,Medium,0.24129639859791388,0.2448179409362727,0.1053955681761924,0.40849009228962085
FKID000174,2024-03-07 05:51:32.361000+00:00,1,11,1228.1,Medium,229.42837926704934,Low,0.08087041670064944,0.08798993780460644,0.6996782339153376,0.1314614115794065
FKID002749,2024-03-07 05:56:34.697000+00:00,1,10,177.6,High,104.73077716600832,Critical,0.46950843469914083,0.03786209773270074,0.2182813634248424,0.274348104143316
FKID002748,2024-03-07 05:57:33.556000+00:00,2,13,30.7,Low,87.99497234311224,Low,0.0037397754971797673,0.011947688980487925,0.9366566403367809,0.04765589518555153
FKID002745,2024-03-07 05:58:08.517000+00:00,0,17,93.4,Low,169.87819398129025,Low,0.23779559760164584,0.18951638859126999,0.4684800264418249,0.10420798736525916
FKID002740,2024-03-07 06:00:48.319000+00:00,6,16,1218.7,High,214.093269967947,High,0.13743936132204004,0.44707602381676,0.2883238870287939,0.12716072783240615
FKID002817,2024-03-07 06:00:51.088000+00:00,6,16,1.9,Low,75.44632672261636,Low,0.0052489697639302516,0.014246948841091575,0.9144406198338269,0.06606346156115117
FKID002759,2024-03-07 06:06:27.625000+00:00,6,16,67.0,Low,86.86156389377766,Low,0.0049992208518188416,0.011974369938583923,0.9295668863395099,0.05345952287008741
FKID002867,2024-03-07 06:08:32.505000+00:00,9,21,39.9,Medium,92.56655835128153,Critical,0.5245944434059485,0.09828778350699091,0.1823059350184134,0.19481183806864716
FKID000025,2024-03-07 06:09:19.361000+00:00,1,11,843.3,Critical,318.99697929582646,Critical,0.40914480265908276,0.32016091216073217,0.1723240343075886,0.09837025087259652
FKID002760,2024-03-07 06:10:04.003000+00:00,1,11,1114.9,High,395.6316304060069,High,0.16698601207212474,0.5502002951336905,0.10813985047597849,0.17467384231820632
FKID002781,2024-03-07 06:19:45.098000+00:00,1,11,18.1,Low,47.22307617927333,Low,0.002715143597622726,0.004745962100484275,0.969894686666327,0.022644207635566068
FKID002778,2024-03-07 06:20:21.938000+00:00,1,11,188.0,Low,153.01242769478043,Low,0.0171964198215015,0.10165880592136907,0.4656527656838712,0.4154920085732582
FKID002792,2024-03-07 06:24:35.906000+00:00,1,11,41.5,Low,61.22229828883224,Low,0.003906956775969774,0.005686996504668458,0.947885963248576,0.04252008347078562
FKID002806,2024-03-07 06:25:24.212000+00:00,1,11,72.2,Low,99.78855428906716,Low,0.005352378863792894,0.008572871724512182,0.9172156632652998,0.0688590861463951
FKID002800,2024-03-07 06:26:15.726000+00:00,1,11,150.0,Medium,142.15810404960317,High,0.07047990294164787,0.5789994556801431,0.19927070475862563,0.1512499366195833
FKID002804,2024-03-07 06:27:03.839000+00:00,1,11,914.0,Medium,363.5031814735772,Low,0.09540401656535064,0.09793092391728228,0.5554735310732953,0.25119152844407167
FKID002799,2024-03-07 06:27:26.006000+00:00,1,11,71.3,Low,126.30688943821826,Low,0.23519430726403456,0.07038312817799236,0.49604010057899856,0.1983824639789744
FKID002807,2024-03-07 06:28:39.076000+00:00,0,18,201.8,High,148.01177884175897,Medium,0.31586871260019406,0.17439405723611393,0.17667008542337756,0.33306714474031457
FKID002811,2024-03-07 06:28:59.293000+00:00,6,16,1190.5,High,255.19391129484848,High,0.12758542819537338,0.4843640444141741,0.2755635911855486,0.11248693620490409
FKID002828,2024-03-07 06:29:12.529000+00:00,1,11,7.6,Low,-2.463162003086212,Low,0.003591322363691133,0.005668769994135404,0.9268616136585004,0.06387829398367312
FKID002810,2024-03-07 06:29:12.975000+00:00,8,19,933.9,High,177.26466033029712,Low,0.12884463308555713,0.27524090151404523,0.4671952203769844,0.12871924502341336
FKID002819,2024-03-07 06:29:24.108000+00:00,5,2,42.3,Low,65.8495718947062,Low,0.009156845484623035,0.03169298645325993,0.8223726276650494,0.1367775403970677
FKID002815,2024-03-07 06:29:51.092000+00:00,6,16,118.6,Medium,149.69099188232346,Medium,0.016505804307858304,0.312307701427475,0.2567422835855737,0.41444421067909304
FKID002818,2024-03-07 06:31:34.908000+00:00,1,11,220.3,Medium,186.54164997940967,High,0.07305961115798938,0.43995031080913927,0.12369335001115425,0.36329672802171703
FKID002822,2024-03-07 06:32:54.856000+00:00,7,1,108.7,Medium,29.347851410527785,Medium,0.01468796588826616,0.10639973902180332,0.3763452332421636,0.5025670618477669
FKID002864,2024-03-07 06:45:47.004000+00:00,1,11,1173.6,Medium,274.28391021917366,Low,0.07003777938138989,0.08500362428937287,0.577810108108751,0.2671484882204862
FKID002845,2024-03-07 06:45:56.876000+00:00,5,3,151.8,Medium,54.552411363230505,Low,0.004783242675727497,0.01617053294880578,0.8695854138855104,0.10946081048995625
FKID002858,2024-03-07 06:46:33.300000+00:00,7,1,1.3,Low,30.811686876910727,Low,0.002722690003153101,0.00706500365211611,0.9610571354165376,0.02915517092819334
FKID002872,2024-03-07 06:51:41.978000+00:00,1,11,282.9,Medium,146.71120052094741,Low,0.07699264308448636,0.034565478095388916,0.7886313083879718,0.09981057043215297
FKID002885,2024-03-07 07:04:10.516000+00:00,5,2,36.7,Medium,61.87325648403063,Medium,0.1838268406581701,0.12159856396573661,0.2779759656126096,0.41659862976348366
FKID002902,2024-03-07 07:22:48.574000+00:00,1,11,75.3,Low,116.68997585618918,Low,0.005998802894727422,0.012495918704522345,0.9113304425578124,0.07017483584293792
FKID002898,2024-03-07 07:28:00.608000+00:00,2,12,759.0,High,323.7023082674548,Critical,0.38757050356657524,0.2796478835700823,0.2594165746569171,0.07336503820642522
FKID002924,2024-03-07 08:28:30.460000+00:00,1,11,1414.7,High,407.55493918478527,High,0.2846927769087169,0.4505564023439143,0.1459756453037404,0.11877517544362835
FKID002934,2024-03-07 08:38:36.341000+00:00,1,11,23.7,Low,89.7446538085993,Low,0.06842713547686079,0.027060414991563714,0.5124818726929222,0.3920305768386532
FKID002959,2024-03-07 11:32:36.963000+00:00,1,11,625.1,Critical,410.4947443054661,Low,0.22511123678283454,0.06366734510812304,0.372284798135787,0.3389366199732554
FKID000020,2024-03-07 19:25:04.302000+00:00,7,7,27.2,Medium,24.69628089138853,Medium,0.014673834783125702,0.14574263207699722,0.2945164976548101,0.5450670354850671
FKID000018,2024-03-07 19:39:29.764000+00:00,1,11,293.3,Medium,195.96825433568824,Medium,0.009232641983670626,0.031170023995939423,0.22639082246045825,0.7332065115599317
FKID000041,2024-03-07 20:20:31.140000+00:00,5,2,106.4,High,93.81495166969405,Critical,0.6706579215909101,0.021633461274967656,0.15787405428422913,0.1498345628498931
FKID000047,2024-03-07 20:27:15.443000+00:00,8,19,133.5,Medium,176.66639651516238,High,0.03440757560084296,0.46510601354763254,0.12999487318432068,0.37049153766720366
FKID000066,2024-03-07 20:58:06.297000+00:00,1,11,321.2,Medium,248.74709582892075,Low,0.19364841794240434,0.08297318569883451,0.5456539525442363,0.17772444381452498
FKID000081,2024-03-07 21:17:00.312000+00:00,1,11,116.8,Low,129.96051647574777,Medium,0.02710732184851734,0.11786602170672439,0.37357419265754244,0.4814524637872159
FKID000082,2024-03-07 21:23:16.629000+00:00,2,13,762.5,Critical,781.7106193394759,High,0.06889140788431057,0.8779501689313418,0.01772448010537794,0.03543394307896976
FKID000080,2024-03-07 21:25:26.425000+00:00,1,11,15.9,Low,122.65522706102513,Low,0.024448819445743314,0.14859475757009538,0.4929542535453388,0.33400216943882255
FKID000088,2024-03-07 21:35:50.715000+00:00,4,14,74.8,Medium,50.69386013813441,Medium,0.03185426970064893,0.045996064641492855,0.13231378545014477,0.7898358802077133
FKID000095,2024-03-07 21:47:02.800000+00:00,1,11,8.6,Low,34.60169285162937,Low,0.004917397842703577,0.0067595764808683935,0.9438466072398937,0.04447641843653441
FKID000113,2024-03-07 22:40:56.720000+00:00,5,2,545.4,Critical,403.1126178273434,High,0.20308939141255827,0.35906484533306476,0.11073126193089691,0.3271145013234802
FKID000122,2024-03-07 23:06:49.704000+00:00,1,11,61.8,Low,80.25887476827036,Low,0.03174478604181511,0.2068773220661522,0.6010249046849927,0.16035298720703997
FKID000142,2024-03-07 23:17:27.277000+00:00,2,12,50.0,Low,94.24543087534808,Low,0.004634064756884128,0.016401075913129344,0.91434842806981,0.0646164312601765
FKID000143,2024-03-07 23:36:30.807000+00:00,1,10,111.6,Critical,73.93967345138554,Medium,0.04795634661966468,0.09860692416594201,0.42024329457323634,0.433193434641157
FKID000157,2024-03-08 00:00:08.664000+00:00,7,7,52.8,Medium,41.4571559257524,Medium,0.011362419036244487,0.05048503319095685,0.32135691629188873,0.6167956314809099
FKID000163,2024-03-08 00:28:29.411000+00:00,1,11,178.2,Medium,225.25270205052578,High,0.12751059186347657,0.48838567259578053,0.09129897932392483,0.29280475621681806
FKID000161,2024-03-08 00:49:05.768000+00:00,1,11,81.5,Medium,393.62673701555184,Medium,0.24604994516097947,0.16582954454359738,0.2725875825148339,0.31553292778058933
FKID000172,2024-03-08 01:06:29.002000+00:00,8,9,24.5,Low,36.06205998271663,Low,0.01111729334158657,0.020583006669802038,0.690824909595758,0.2774747903928532
FKID000197,2024-03-08 04:03:17.004000+00:00,8,9,73.0,High,66.64608272501452,Medium,0.006789623158658926,0.350651899422428,0.0397320560460855,0.6028264213728275
FKID000186,2024-03-08 04:15:18.097000+00:00,1,10,23.4,Medium,19.11725877088557,Medium,0.13492590496342974,0.09086107897053579,0.25913764386576105,0.5150753722002736
FKID000185,2024-03-08 04:17:45.450000+00:00,8,19,36.5,Low,50.97169334101405,Low,0.009065731668055915,0.01933986704011938,0.6727545279200138,0.29883987337181095
FKID000187,2024-03-08 04:24:30.158000+00:00,1,11,104.2,Low,83.65449352341217,Low,0.009765048382324887,0.06001891240878769,0.7961624301323313,0.13405360907655606
FKID000189,2024-03-08 04:27:41.649000+00:00,0,17,70.9,Medium,68.7532378651421,Low,0.014025666883111318,0.030524510646258992,0.742040285967544,0.21340953650308578
FKID000205,2024-03-08 05:42:27.352000+00:00,5,15,138.0,High,69.76309904528058,Medium,0.00670402890429711,0.1946772392457346,0.033866149954068114,0.7647525818959002
FKID000208,2024-03-08 05:42:59.334000+00:00,1,11,93.1,Medium,80.05587079236545,Medium,0.003944867507224495,0.006837715483454775,0.029132165405241998,0.9600852516040789
FKID000218,2024-03-08 06:26:58.707000+00:00,1,11,199.9,Medium,238.56935115828884,Low,0.1813298025486993,0.07407447212593685,0.6699815651289394,0.07461416019642449
FKID000226,2024-03-08 06:28:21.435000+00:00,4,6,43.9,Medium,173.57066692855486,Medium,0.007572823812371196,0.18229024748359043,0.029101553527854825,0.7810353751761836
FKID000243,2024-03-08 07:07:56.737000+00:00,1,11,105.5,Medium,142.1885855852414,Low,0.0923623517337485,0.12356353629948372,0.6274478193887247,0.15662629257804306
FKID000250,2024-03-08 07:25:21.653000+00:00,1,10,39.6,Medium,51.98925960576255,Medium,0.009532288783299455,0.05994580828481139,0.20524325997383083,0.7252786429580582
FKID000254,2024-03-08 07:56:14.949000+00:00,8,19,10.2,Low,39.24813340206261,Low,0.0059260093874867375,0.022714851157328977,0.9157353041179522,0.055623835337232024
FKID000257,2024-03-08 08:01:56.993000+00:00,1,11,64.1,Low,118.0179474452443,Low,0.00583189429397187,0.009405789356807678,0.9540492322407348,0.03071308410848553
FKID000255,2024-03-08 08:06:30.352000+00:00,1,11,66.3,Medium,416.5199539098598,High,0.24433325311734963,0.47455273341562787,0.1560209624663614,0.12509305100066098
FKID000267,2024-03-08 08:45:13.150000+00:00,1,10,66.1,Medium,131.18705551551128,Medium,0.15369843389975416,0.05788372275914113,0.31979267491715574,0.468625168423949
FKID000283,2024-03-08 09:08:49.430000+00:00,1,11,820.9,High,223.72863339888715,Low,0.012479645733196817,0.07630426297746487,0.8076283100489291,0.10358778124040931
FKID000299,2024-03-08 18:19:44.590000+00:00,1,10,15.8,Low,25.843691178159222,Low,0.009639562350833452,0.03421260696940032,0.6753107695717226,0.2808370611080436
FKID000328,2024-03-08 19:47:42.569000+00:00,1,11,78.3,Low,-3.55893653251569,Low,0.004966108436740114,0.005889101406805658,0.8407178788356063,0.14842691132084776
FKID000349,2024-03-08 21:40:42.644000+00:00,6,16,76.0,Low,49.45175201667271,Low,0.003938382771945735,0.008550676848761188,0.8518391189045146,0.13567182147477844
FKID000348,2024-03-08 22:12:26.502000+00:00,1,11,508.3,Medium,293.5999664857269,Low,0.019604183442860836,0.1801752878955128,0.4813779922840322,0.3188425363775941
FKID000355,2024-03-08 22:18:14.937000+00:00,1,11,180.5,Medium,73.22445331998838,Medium,0.28991182071525895,0.06192870483977545,0.15128660251690443,0.4968728719280611
FKID000412,2024-03-09 00:32:11.731000+00:00,4,14,113.6,Medium,364.77915821450415,Critical,0.9729799845188957,0.01253207178101735,0.005719200533106636,0.008768743166980238
FKID000399,2024-03-09 01:53:07.107000+00:00,1,11,11.2,Low,26.37374228655351,Low,0.002296650234225598,0.009532958146861208,0.9610056067734847,0.027164784845428582
FKID000410,2024-03-09 02:21:23.324000+00:00,1,11,69.8,Low,63.45620974789452,Low,0.004311970982273359,0.008654439847742352,0.7659137037292314,0.22111988544075287
FKID000413,2024-03-09 03:00:00.758000+00:00,8,19,10.3,Low,47.175523232600035,Medium,0.013902372488591582,0.06216599261278502,0.2526557776349649,0.6712758572636585
FKID000420,2024-03-09 05:14:41.106000+00:00,1,10,39.9,Low,36.58347251218187,Low,0.004580552427269454,0.006269935247750699,0.8832616400698626,0.10588787225511727
FKID000421,2024-03-09 06:34:21.300000+00:00,1,11,52.9,Low,103.43881091759219,Low,0.06598547614781428,0.12466689616639091,0.5509310171780045,0.25841661050779013
FKID000425,2024-03-09 06:43:02.908000+00:00,1,11,45.9,Low,86.03590856224467,Low,0.0026383220254712547,0.0038627739816511878,0.9509955389099792,0.04250336508289822
FKID000430,2024-03-09 07:00:11.949000+00:00,8,9,25.0,Low,90.60760117442221,Low,0.010239791062811292,0.026396655659278637,0.845719695926058,0.11764385735185216
FKID000456,2024-03-09 07:47:29.202000+00:00,1,11,634.8,Medium,234.16127074717087,Low,0.043952619002212645,0.05405977333999044,0.7042697847703385,0.19771782288745843
FKID000457,2024-03-09 07:49:18.726000+00:00,6,16,628.0,High,310.9342325047522,High,0.028038647858755643,0.8294934825411202,0.07462857220871015,0.06783929739141392
FKID000477,2024-03-09 07:59:17.654000+00:00,1,11,1043.4,Medium,399.0861330730967,Low,0.01845330071682707,0.05649300249557326,0.8309687880733831,0.09408490871421649
FKID000480,2024-03-09 08:02:46.293000+00:00,1,11,1040.0,Medium,388.90581461987523,Low,0.017882542689035736,0.05584712469675852,0.8277005114511835,0.09856982116302226
FKID000492,2024-03-09 08:04:54.844000+00:00,7,7,62.2,Low,120.85326599682966,Low,0.02443786269419167,0.08454335394875019,0.7219512674951936,0.1690675158618646
FKID000513,2024-03-09 10:26:12.959000+00:00,1,11,567.0,Medium,305.9275498738176,Low,0.03296999834364092,0.27401325733450316,0.36185882536875974,0.3311579189530962
FKID000531,2024-03-09 19:02:31.996000+00:00,1,11,75.8,Medium,241.0595353860968,Low,0.008570777282520273,0.016519107719181695,0.5675676819412901,0.40734243305700796
FKID000544,2024-03-09 19:27:13.135000+00:00,5,2,74.1,Medium,130.9259182991114,Medium,0.009180149058392323,0.03262161844684826,0.14961959582318282,0.8085786366715766
FKID000539,2024-03-09 20:03:56.128000+00:00,8,19,8.9,Low,35.8847348534139,Low,0.0034836149944016954,0.006389497554836372,0.9483461857957116,0.04178070165505019
FKID000541,2024-03-09 20:20:48.504000+00:00,0,17,85.3,Medium,89.9677566594651,Medium,0.005749253517530142,0.016415160382060572,0.03231946364715118,0.945516122453258
FKID000553,2024-03-09 21:07:10.260000+00:00,2,13,778.6,High,722.3966826068753,High,0.0017062088644852088,0.9899631701362993,0.0028815587220138803,0.005449062277201423
FKID000557,2024-03-09 21:33:49.745000+00:00,6,16,1.9,Low,36.31058170250826,Low,0.007416526706734309,0.017445066971330744,0.9147440003794497,0.06039440594248535
FKID000567,2024-03-09 23:09:17.618000+00:00,5,2,88.7,Medium,86.59913204173219,Medium,0.011159370232954165,0.08629419050588909,0.17959905777642102,0.7229473814847358
FKID000568,2024-03-10 00:15:37.663000+00:00,5,15,49.3,Low,40.55232250960203,Low,0.0023129531148676666,0.006354898939452644,0.9691393865766271,0.022192761369052523
FKID000582,2024-03-10 01:03:49.259000+00:00,8,19,11.4,Low,36.501705249324125,Medium,0.012372900456524642,0.03307768792833478,0.3814841475527327,0.5730652640624079
FKID000597,2024-03-10 03:51:02.209000+00:00,8,19,125.8,High,65.27001171447108,Medium,0.006223651937104774,0.2447452112250349,0.04227569680291587,0.7067554400349444
FKID000612,2024-03-10 03:59:18.657000+00:00,8,9,102.6,Medium,53.94150338993311,Low,0.009406808028298333,0.04678476168924171,0.7727070422707207,0.17110138801173916
FKID000615,2024-03-10 04:31:04.775000+00:00,8,9,156.9,Medium,176.13346385931763,Medium,0.017245343008828417,0.05522851009061465,0.2654881489301294,0.6620379979704275
FKID000631,2024-03-10 04:55:48.993000+00:00,1,10,46.6,Medium,76.16732643669273,Medium,0.014918457597914702,0.17861782966828213,0.12756032324533154,0.6789033894884717
FKID000633,2024-03-10 05:10:21.599000+00:00,2,20,37.8,Low,79.4681013642762,Medium,0.009248582036372077,0.1335646172536061,0.06559977555004817,0.7915870251599737
FKID000634,2024-03-10 05:17:55.147000+00:00,1,11,118.1,Medium,67.48547288550819,Low,0.008124873442511452,0.015620211339912673,0.5484744031970463,0.4277805120205296
FKID000655,2024-03-10 06:14:23.988000+00:00,1,11,48.6,Low,32.247480780455255,Low,0.006410468207317485,0.009260895885795255,0.8646697350119016,0.11965890089498563
FKID000668,2024-03-10 06:59:26.933000+00:00,1,11,42.0,Low,31.380800532760997,Low,0.0028579980307688172,0.004271662398241569,0.9472453173630846,0.04562502220790495
FKID000673,2024-03-10 07:07:12.650000+00:00,1,11,99.4,Medium,94.55364602597743,Medium,0.007065889931001159,0.023070881050188487,0.19256425715858505,0.7772989718602252
FKID000697,2024-03-10 09:33:24.446000+00:00,5,2,105.1,High,59.65492414088949,Medium,0.010283200701071348,0.0543152603654246,0.26722695135954416,0.6681745875739599
FKID000700,2024-03-10 13:20:36.875000+00:00,5,2,27.9,Medium,37.4765096534796,Low,0.006931335073219518,0.03419853539177347,0.6222970732847355,0.33657305625027145
FKID000706,2024-03-10 18:51:33.457000+00:00,1,11,56.8,Low,78.02243827592035,Low,0.144645797961958,0.09244391683957322,0.46973914699723424,0.29317113820123447
FKID000714,2024-03-10 20:52:16.174000+00:00,1,11,280.8,Medium,322.93773672854303,Medium,0.03733288077430551,0.09790592451394896,0.26101226970965313,0.6037489250020924
FKID000712,2024-03-10 21:16:41.308000+00:00,1,11,42.9,Low,29.709306621132605,Medium,0.009060067659789681,0.03665828506146478,0.3262008057303556,0.62808084154839
FKID000717,2024-03-10 21:56:27.926000+00:00,1,11,39.3,Low,50.2616126624091,Low,0.008443333320211969,0.00765534373034322,0.9327023611877809,0.05119896176166375
FKID000720,2024-03-10 22:44:57.426000+00:00,1,11,34.3,Low,48.07224798779846,Low,0.003597606481380005,0.00590972825402189,0.9307679403147855,0.05972472494981261
FKID000721,2024-03-10 23:13:23.589000+00:00,1,11,129.2,Medium,54.92848042904354,Medium,0.008594794988509949,0.02679019668799846,0.47645738892453976,0.48815761939895175
FKID000725,2024-03-10 23:26:49.109000+00:00,8,19,19.8,Low,51.41433310085851,Medium,0.008078994850873478,0.03589669373648366,0.17993530556801382,0.776089005844629
FKID000744,2024-03-11 01:23:49.149000+00:00,9,21,115.3,Medium,71.98921708713416,Medium,0.007878155594507259,0.03287760218399115,0.23306999033562154,0.72617425188588
FKID000755,2024-03-11 02:02:17.213000+00:00,7,1,10.5,Low,15.533059483689257,Low,0.0021771364316752004,0.006131907907524613,0.9535419877576027,0.03814896790319746
FKID000763,2024-03-11 02:05:29.012000+00:00,1,10,25.0,Medium,60.56958168604236,Low,0.006303186224677245,0.04919676635069422,0.5311619215090397,0.41333812591558877
FKID000766,2024-03-11 02:32:45.775000+00:00,1,10,48.5,Medium,47.14283503807785,Medium,0.010923812832811196,0.05915160660312749,0.32869335787909854,0.6012312226849628
FKID000778,2024-03-11 03:52:06.167000+00:00,5,2,29.8,Low,72.11006371827696,Low,0.007437793582425468,0.034438024912823516,0.6124707137977127,0.3456534677070382
FKID000781,2024-03-11 04:16:54.855000+00:00,1,11,119.4,Medium,123.48353168515561,Medium,0.008931285884551242,0.04623361604164567,0.06435925511201326,0.8804758429617899
FKID000775,2024-03-11 05:29:58.825000+00:00,1,10,155.0,Medium,157.44329230567365,Medium,0.01815618950240763,0.19432633313865252,0.13889215309320416,0.6486253242657356
FKID000791,2024-03-11 07:28:57.639000+00:00,1,11,71.7,Low,73.18082593603302,Low,0.00586435133758613,0.0199424760766801,0.76971853487157,0.2044746377141638
FKID000798,2024-03-11 09:52:47.561000+00:00,9,21,31.8,Low,60.57738506285482,Low,0.006520946317767407,0.018657865991743024,0.9262998752243368,0.04852131246615266
FKID000807,2024-03-11 18:29:46.603000+00:00,5,2,32.5,Low,630.5319961138664,Medium,0.07814087351008672,0.2318496665307785,0.09538422034216755,0.5946252396169673
FKID000841,2024-03-11 20:46:39.120000+00:00,2,20,62.6,Medium,62.627954650606014,Medium,0.00452265935408562,0.032961122103662026,0.021878459683816284,0.9406377588584361
FKID000845,2024-03-11 21:14:14.812000+00:00,1,11,75.0,Low,51.67441581066197,Medium,0.008681737001359942,0.02690701645528957,0.41978872693911967,0.5446225196042308
FKID000843,2024-03-11 21:15:50.667000+00:00,2,12,1.3,Low,67.63397836107492,Medium,0.012841386912636513,0.0356819640300611,0.2067631818786738,0.7447134671786286
FKID000970,2024-03-11 21:17:54.368000+00:00,2,13,767.9,High,750.4838734624232,High,0.0028323778829507586,0.9877226452973696,0.0035132266825924764,0.005931750137087196
FKID000844,2024-03-11 21:19:32.689000+00:00,1,11,58.7,Low,39.32432448364296,Medium,0.008942252173100972,0.016107433690359645,0.4632665882602693,0.5116837258762701
FKID000869,2024-03-11 21:35:54.165000+00:00,1,11,81.6,Low,67.04401048411418,Low,0.002747682023017566,0.004859394324197329,0.9290199384389985,0.0633729852137867
FKID000896,2024-03-12 00:22:47.869000+00:00,0,17,1.3,Low,43.07276143471049,Low,0.008267440943706992,0.022068246444438815,0.5543300739537568,0.4153342386580975
FKID000907,2024-03-12 04:11:43.768000+00:00,1,10,76.2,Medium,100.58409258634424,Medium,0.014246416669173279,0.0554509448811744,0.13967840432091408,0.7906242341287382
FKID000909,2024-03-12 04:32:46.958000+00:00,1,11,137.9,Low,139.0860737918203,Low,0.009455433342388093,0.024979657315151317,0.5824913776447093,0.38307353169775127
FKID000914,2024-03-12 04:58:04.217000+00:00,7,7,79.3,Medium,54.47380811816239,Low,0.00529312502621111,0.014413981522625862,0.7690382986896583,0.2112545947615047
FKID000915,2024-03-12 05:52:12.853000+00:00,7,7,96.8,Medium,76.6276484156406,Medium,0.006401803513814305,0.34425804399479076,0.051132745266334975,0.5982074072250598
FKID000931,2024-03-12 06:45:53.036000+00:00,1,11,1386.9,Medium,515.3206313023531,Medium,0.03702458783492809,0.05144738872186419,0.3326568299873955,0.5788711934558123
FKID000988,2024-03-12 17:17:35.689000+00:00,1,11,1.2,Low,153.01492705638873,Low,0.2569112433448689,0.09281995344260702,0.3571208810667039,0.29314792214582014
FKID000990,2024-03-12 17:43:32.173000+00:00,5,15,70.6,Medium,64.25471510010036,High,0.007703130265792459,0.47425243868646216,0.0730832699404374,0.44496116110730793
FKID000999,2024-03-12 18:24:53.862000+00:00,8,19,77.6,Medium,84.5156037467283,Medium,0.0077217001641182465,0.23149345767832696,0.07549720217309336,0.6852876399844615
FKID001011,2024-03-12 19:47:13.393000+00:00,0,17,69.3,Medium,81.82301226604088,Medium,0.006615654722596052,0.11134005996634715,0.03244226368485053,0.8496020216262062
FKID001010,2024-03-12 20:27:29.843000+00:00,1,11,18.1,Low,44.351869175970684,Low,0.0072410953578685875,0.014354997747938717,0.5977165984656421,0.38068730842855064
FKID001014,2024-03-12 20:37:00.750000+00:00,2,13,328.8,High,403.4976733015809,High,0.06241437711583037,0.7806508961066656,0.05492992219271135,0.1020048045847926
FKID001012,2024-03-12 20:42:02.528000+00:00,1,11,43.8,Low,726.2434368185297,Medium,0.03084184553069156,0.10264721818959409,0.25672356548801434,0.6097873707917
FKID001009,2024-03-12 21:03:57.084000+00:00,4,14,43.7,Medium,50.65915426426068,Low,0.013422343148617144,0.2773087307075713,0.417338668168108,0.29193025797570354
FKID001013,2024-03-12 21:11:51.788000+00:00,1,10,107.4,Medium,78.41708322743841,Low,0.004030724565595443,0.009464755315600173,0.7624791203445239,0.22402539977428035
FKID001025,2024-03-12 21:21:15.238000+00:00,2,13,764.5,High,762.0983384939125,High,0.002626651856236323,0.9884349717976707,0.0030739879207126184,0.00586438842538029
FKID001035,2024-03-12 23:51:38.431000+00:00,1,11,99.8,Medium,84.56997525453,Medium,0.011095143639602668,0.019047707172873633,0.1565393487136867,0.8133178004738371
FKID001057,2024-03-13 02:12:05.452000+00:00,4,14,42.8,Medium,35.86004703991403,Medium,0.010840313427178774,0.034459767850871216,0.05208828380630159,0.9026116349156484
FKID001068,2024-03-13 03:23:38.959000+00:00,2,12,27.2,Medium,79.67452003601925,Medium,0.004385423982014202,0.047100159922374776,0.01388810642295185,0.9346263096726591
FKID001079,2024-03-13 04:12:00.522000+00:00,8,9,33.1,Medium,46.93955476495007,Medium,0.01175081840355564,0.08252165868538837,0.17014036719653833,0.7355871557145176
FKID001080,2024-03-13 04:35:04.351000+00:00,4,14,64.0,Low,49.41159104321035,Low,0.0045434744748689155,0.009676058847405524,0.8518266158894761,0.1339538507882494
FKID001091,2024-03-13 04:35:16.579000+00:00,1,11,14.7,Low,44.989150922770705,Low,0.004950950158637424,0.010695136281882699,0.8700208260489298,0.11433308751055017
FKID001095,2024-03-13 05:22:56.176000+00:00,5,2,20.4,Low,112.40982572579644,Low,0.006238294110643844,0.015872460348606652,0.8010186344293857,0.17687061111136382
FKID001099,2024-03-13 06:04:48.427000+00:00,4,0,64.5,Low,35.22662829125776,Low,0.00351539702983377,0.01315096132692485,0.9612885041525674,0.02204513749067399
FKID001106,2024-03-13 06:14:19.137000+00:00,1,10,1341.9,High,371.03080200930503,High,0.06758690273468197,0.45045898660774,0.3050437029715693,0.17691040768600888
FKID001132,2024-03-13 07:39:29.304000+00:00,1,11,87.9,Medium,38.32933869785656,Low,0.011148743219909215,0.023741594263680967,0.6866191700131545,0.2784904925032553
FKID001145,2024-03-13 08:56:29.470000+00:00,2,12,3.4,Low,42.312327534956744,Low,0.008577102505972526,0.026048658835663763,0.5643622351754486,0.40101200348291516
FKID001159,2024-03-13 19:05:22.925000+00:00,1,10,22.3,Low,77.01212655365586,Medium,0.00919781837765698,0.15988373380993293,0.2828825583682316,0.5480358894441786
FKID001162,2024-03-13 19:10:26.721000+00:00,5,3,76.2,Low,64.80652912848909,Low,0.014807546672589928,0.03777452124719303,0.5043274202024723,0.44309051187774473
FKID001170,2024-03-13 19:36:18.482000+00:00,1,11,20.8,Low,80.74384900495669,Medium,0.010275618843667091,0.02127323734296982,0.21816913198568477,0.7502820118276783
FKID001178,2024-03-13 20:03:19.155000+00:00,1,11,365.9,Medium,112.17137397264696,Low,0.03307208829486932,0.09864350351990092,0.5967823658937209,0.27150204229150887
FKID001198,2024-03-13 21:17:05.330000+00:00,1,11,2.7,Low,7.434998933386686,Low,0.032391680973028025,0.08136453977904343,0.7775007723403972,0.10874300690753133
FKID001197,2024-03-13 21:17:45.221000+00:00,1,11,12.5,Low,0.9814196672491567,Low,0.013258789965640805,0.04598475446546123,0.7544997010487997,0.18625675452009813
FKID001223,2024-03-13 22:21:38.900000+00:00,5,3,29.5,Low,4.708942923591744,Low,0.001657589415891595,0.0057037898747395455,0.972643863150967,0.0199947575584018
FKID001225,2024-03-13 22:36:45.126000+00:00,1,11,32.4,Low,94.78662640662151,Low,0.013637392219434313,0.047372577311831164,0.4924648893590641,0.4465251411096704
FKID001240,2024-03-13 23:35:15.157000+00:00,1,11,3.2,Low,23.75759150202001,Low,0.012674523355391208,0.01816475337812375,0.7683737077275226,0.20078701553896253
FKID001254,2024-03-14 01:28:22.049000+00:00,1,11,48.8,Low,32.35373143184936,Low,0.004693155803859176,0.008082454501623175,0.7936883147002537,0.19353607499426392
FKID001255,2024-03-14 01:34:09.642000+00:00,5,2,25.3,Low,71.83439168150531,Medium,0.010536150063644065,0.131502183640896,0.3776698470473315,0.48029181924812847
FKID001265,2024-03-14 01:50:51.813000+00:00,6,16,22.5,Low,35.57932193274721,Medium,0.010277199315477912,0.09829794034908919,0.24087545879701214,0.6505494015384208
FKID001272,2024-03-14 05:00:59.197000+00:00,8,9,8.2,Low,27.940617923155468,Low,0.007035303812202984,0.013934630299096043,0.7605011804910148,0.2185288853976863
FKID001274,2024-03-14 05:48:54.486000+00:00,1,11,74.7,Low,76.12140708721405,Medium,0.006897589047758785,0.010787714352637253,0.35384817735747987,0.6284665192421242
FKID001324,2024-03-14 07:35:35.640000+00:00,1,11,79.4,Low,108.04079631855518,Low,0.22124365469769766,0.08204043747608918,0.49294103433016195,0.20377487349605114
FKID001329,2024-03-14 07:51:04.447000+00:00,8,9,153.4,High,82.67138490195627,Medium,0.009340043844580917,0.20168496967874228,0.06774883279751946,0.7212261536791573
FKID001331,2024-03-14 10:22:42.703000+00:00,4,14,52.0,Low,65.9485585156109,Low,0.005901369310319246,0.014077295214005222,0.9575856650142327,0.02243567046144292
FKID001356,2024-03-14 19:52:05.755000+00:00,2,13,8.7,Low,142.98521009297852,Low,0.009989676861267017,0.041238743819217,0.6859823680553772,0.2627892112641389
FKID001355,2024-03-14 20:01:29.314000+00:00,1,11,56.5,Low,75.9420208584411,Low,0.00497545672574796,0.006379484217146694,0.946098168962236,0.042546890094869394
FKID001375,2024-03-14 21:36:49.204000+00:00,6,16,62.3,Low,95.58371194178359,Low,0.011596143570686909,0.021817072185376186,0.7657959991839111,0.2007907850600259
FKID001373,2024-03-14 21:48:17.400000+00:00,2,12,97.8,Medium,40.666296163081974,Medium,0.011943837610688233,0.04063783150745483,0.31387575409266333,0.6335425767891937
FKID001371,2024-03-14 21:49:41.694000+00:00,1,11,2.6,Low,51.322906867635844,Low,0.005394206109865554,0.010445414813671781,0.6661162560996434,0.3180441229768194
FKID001374,2024-03-14 21:58:59.053000+00:00,1,11,31.3,Low,39.03092984237271,Low,0.0027301876360824747,0.00408296693967636,0.9694833453632353,0.023703500061005904
FKID001388,2024-03-14 22:53:09.439000+00:00,8,19,13.3,Low,58.23160591625423,Low,0.00479320204025974,0.010594145778588197,0.7771272083491506,0.20748544383200138
FKID001387,2024-03-14 23:24:29.386000+00:00,4,14,37.8,Low,104.70362498779009,Low,0.006691603038652889,0.022883716263266702,0.8928268105501883,0.07759787014789199
FKID001400,2024-03-15 00:32:50.155000+00:00,1,11,1.7,Low,140.62779194776505,Low,0.007627908853029976,0.008619695700104898,0.9394527720211715,0.04429962342569362
FKID001405,2024-03-15 00:47:15.818000+00:00,0,18,41.6,Low,20.703504528026624,Low,0.004238513215382855,0.008807757237114605,0.958750851751617,0.028202877795885525
FKID001404,2024-03-15 00:58:01.956000+00:00,9,21,4.1,Low,218.75083118426846,Low,0.011813471067792675,0.02570077890350843,0.8538416384071714,0.1086441116215276
FKID001414,2024-03-15 03:26:40.957000+00:00,1,11,122.9,Medium,65.76878810796907,Medium,0.009593848762612607,0.03278580668114079,0.31638004280925125,0.6412403017469953
FKID001426,2024-03-15 04:28:57.064000+00:00,1,10,28.4,Medium,28.107681484930293,Low,0.00786957002902279,0.017607837762950055,0.5525244167987524,0.4219981754092747
FKID001425,2024-03-15 04:48:30.627000+00:00,4,6,136.0,Medium,85.25951652257837,Low,0.009689480630091923,0.01956342724910645,0.7700713925137829,0.20067569960701884
FKID001424,2024-03-15 04:49:18.703000+00:00,4,14,124.1,High,66.81242852374751,Medium,0.014383392873873139,0.3132812884583301,0.09156154911429097,0.5807737695535057
FKID001432,2024-03-15 05:42:14.040000+00:00,8,9,25.3,Low,70.61028913538492,Medium,0.00967590242170167,0.2926076344995271,0.06016043163878246,0.6375560314399888
FKID001437,2024-03-15 05:52:09.129000+00:00,5,2,49.7,Low,54.67910471610073,Low,0.00406214965841843,0.010099007168508912,0.8977113377313881,0.08812750544168468
FKID001466,2024-03-15 07:21:16.772000+00:00,1,11,10.2,Low,66.83164133424935,Medium,0.009174148160868326,0.023217919618573547,0.4627485174869038,0.5048594147336544
FKID001468,2024-03-15 07:28:25.679000+00:00,4,14,29.9,Low,38.74441932789153,Low,0.009003917355002366,0.047927388020233955,0.5259089270149355,0.4171597676098282
FKID001469,2024-03-15 08:09:47.521000+00:00,7,1,29.9,Low,48.160150511582124,Low,0.004251734499049349,0.009992093263575131,0.8618479704331282,0.12390820180424728
FKID001470,2024-03-15 10:22:58.970000+00:00,5,15,9.1,Low,38.175369012145445,Medium,0.010164614120036636,0.023704101551518326,0.3163361082520255,0.6497951760764196
FKID001496,2024-03-15 17:34:28.922000+00:00,0,18,75.2,Medium,52.290533805507096,Medium,0.015852370726054377,0.10727579133576602,0.23373108755866442,0.6431407503795152
FKID001503,2024-03-15 18:23:32.420000+00:00,5,3,37.4,Low,55.73491648132925,Low,0.004561313020274411,0.025479967554139355,0.9247073908285774,0.04525132859700881
FKID001504,2024-03-15 18:58:59.544000+00:00,7,7,74.6,Medium,55.3336343097246,Low,0.28204546660917845,0.05245004944537372,0.3392571855266329,0.32624729841881495
FKID001512,2024-03-15 19:22:22.680000+00:00,4,14,130.7,Critical,80.42252890260816,Medium,0.1206594038259282,0.14422855675893084,0.09132872047958751,0.6437833189355534
FKID001507,2024-03-15 19:27:28.531000+00:00,4,14,5.1,Low,30.22185501565412,Medium,0.009996188108461727,0.04883458993829995,0.27927005732599786,0.6618991646272404
FKID001520,2024-03-15 20:27:14.925000+00:00,1,11,48.9,Low,142.06232135727498,Low,0.005934439088805719,0.00922786773968469,0.8055805704674304,0.17925712270407915
FKID001523,2024-03-15 20:51:42.285000+00:00,2,13,794.1,High,698.2290141384643,High,0.0024347204736123334,0.9857625658447404,0.00437740158604397,0.007425312095603341
FKID001530,2024-03-15 20:51:48.132000+00:00,1,11,136.9,Medium,96.46071826546078,Medium,0.0072380943835449775,0.02329312654660347,0.2778943517002074,0.6915744273696443
FKID001543,2024-03-15 22:35:27.470000+00:00,5,3,9.1,Low,29.848640493612972,Low,0.005509363124017671,0.11141684745693986,0.7782762398301648,0.10479754958887753
FKID001548,2024-03-15 22:35:58.122000+00:00,1,11,126.5,Medium,93.81737265434124,Medium,0.00659187962494344,0.020668438127516835,0.2923858552235315,0.6803538270240083
FKID001547,2024-03-15 23:00:51.904000+00:00,1,10,41.4,Medium,51.68261869388809,Medium,0.010114125529683564,0.16854598303845372,0.3045067929862688,0.5168330984455939
FKID001560,2024-03-16 01:15:37.317000+00:00,8,9,21.8,Low,41.39200884472369,Medium,0.008869405896108424,0.02883298096436579,0.23006689643324,0.7322307167062859
FKID001559,2024-03-16 01:16:51.111000+00:00,8,9,18.0,Low,52.2611365276457,Medium,0.007600296004060393,0.036597009353109056,0.163973111838157,0.7918295828046735
FKID001564,2024-03-16 02:00:18.474000+00:00,8,9,23.7,Low,38.973497347456295,Medium,0.011803893891855963,0.06211248928405234,0.2160261476726769,0.7100574691514148
FKID001567,2024-03-16 02:01:35.969000+00:00,8,9,79.7,High,44.33187302589072,Low,0.11652423102171885,0.04730345195444392,0.6346201016950412,0.20155221532879602
FKID001566,2024-03-16 02:09:44.491000+00:00,1,10,58.1,Medium,68.65827336950791,Low,0.004877514138650991,0.015401113372986556,0.5523885471893609,0.42733282529900146
FKID001571,2024-03-16 02:40:25.936000+00:00,1,11,161.7,Medium,95.44010706543658,Medium,0.007864376939583778,0.022359798027911274,0.15333986771680005,0.816435957315705
FKID001604,2024-03-16 05:08:06.296000+00:00,1,11,13.2,Low,57.750630597532606,Low,0.009789816746382985,0.021610645226583892,0.5362077021355717,0.4323918358914615
FKID001630,2024-03-16 08:05:27.828000+00:00,5,2,27.5,Low,204.5756221367466,High,0.012878394640021405,0.7549859074079157,0.06823532264863122,0.16390037530343163
FKID001695,2024-03-16 10:49:01.596000+00:00,1,11,70.1,Low,36.48020746066915,Low,0.00332927804088844,0.005696851618035576,0.920790836448103,0.07018303389297303
FKID001704,2024-03-16 18:15:54.107000+00:00,8,19,118.7,Medium,56.18946431815736,Medium,0.009799663157014004,0.12016920278990677,0.2597766445472339,0.6102544895058454
FKID001705,2024-03-16 18:23:58.946000+00:00,5,2,20.5,Low,98.97277893175668,Low,0.16170174436000057,0.025330399974676523,0.7359215972329225,0.07704625843240033
FKID001713,2024-03-16 18:51:13.940000+00:00,8,19,66.3,Medium,70.00795110105229,Medium,0.013841077167330833,0.23731146505028747,0.219093761423432,0.5297536963589496
FKID001716,2024-03-16 20:02:17.413000+00:00,1,11,36.2,Low,40.90988617862251,Low,0.007448739103402196,0.011876281444398229,0.6403865944082033,0.34028838504399617
FKID001730,2024-03-16 21:05:41.817000+00:00,8,19,43.4,Low,61.378469396607976,Low,0.006548213420556196,0.02442392136987059,0.811141488351289,0.15788637685828427
FKID001726,2024-03-16 21:05:58.586000+00:00,2,13,779.8,High,691.9966604196347,High,0.0017043586502828575,0.9888896533146975,0.0031746357238745613,0.006231352311145175
FKID001750,2024-03-16 22:35:16.313000+00:00,1,11,14.2,Low,47.6172139624776,Low,0.0035446870164014686,0.0058422208990451295,0.8496160098755093,0.14099708220904397
FKID001770,2024-03-16 23:09:35.895000+00:00,5,2,175.5,Medium,120.58180529407866,Low,0.007653238137795843,0.013106491819075335,0.7772577810269491,0.2019824890161798
FKID001774,2024-03-17 00:46:02.983000+00:00,1,10,94.1,Medium,71.02541875105635,Medium,0.00658569666241104,0.027239317559801746,0.36333668565092064,0.6028383001268665
FKID001788,2024-03-17 02:21:57.769000+00:00,5,15,107.9,High,51.730388703849236,Medium,0.01721700530345862,0.23126561258123754,0.14038172806171825,0.6111356540535856
FKID001796,2024-03-17 02:55:11.771000+00:00,1,11,38.4,Low,36.37051445860229,Low,0.002200960945498378,0.00445484615992319,0.9628262815807127,0.03051791131386575
FKID001809,2024-03-17 05:17:05.733000+00:00,1,10,39.5,Low,48.261039142875944,Medium,0.07534969994580235,0.11760770322697395,0.22566849988155852,0.5813740969456652
FKID001826,2024-03-17 08:29:49.921000+00:00,1,11,4.9,Low,56.93935946715461,Low,0.004570665867259534,0.01066474810095678,0.8870685008154011,0.09769608521638266
FKID001839,2024-03-17 10:32:17.200000+00:00,5,15,12.7,Low,29.96192397408002,Low,0.0105032253248744,0.03002212437991068,0.6136130034510864,0.34586164684412846
FKID001840,2024-03-17 11:06:56.213000+00:00,2,20,238.8,High,147.19989151225485,Critical,0.9162329420674863,0.010795842720169223,0.04758198960954324,0.025389225602801102
FKID001844,2024-03-17 11:08:08.185000+00:00,8,19,60.9,Medium,53.54551123141105,Medium,0.01055957917663577,0.04772388940904653,0.3386672285801625,0.6030493028341551
FKID001865,2024-03-17 21:05:02.833000+00:00,1,11,15.7,Low,55.98267293293769,Low,0.008069868909472833,0.00702195162449667,0.9486593426547006,0.036248836811329906
FKID001870,2024-03-17 21:06:54.201000+00:00,1,11,43.9,Low,8.012399102230866,Medium,0.006238429763361264,0.01596980863864543,0.43368769744169916,0.5441040641562941
FKID002022,2024-03-17 23:09:56.622000+00:00,8,19,71.3,Medium,48.07803787049521,Medium,0.010897929188978639,0.05089993375993241,0.31821046655723734,0.6199916704938516
FKID002025,2024-03-17 23:30:38.833000+00:00,1,11,66.4,Low,87.73896600518276,Low,0.007527937696534629,0.011098607186592951,0.7362162177681655,0.2451572373487069
FKID002038,2024-03-18 02:17:44.238000+00:00,1,11,60.5,Low,83.49442059136982,Low,0.007297574737692681,0.015996165558751874,0.6775039413886147,0.29920231831494076
FKID002041,2024-03-18 02:22:52.686000+00:00,1,11,55.4,Low,86.0086390713523,Low,0.004357261525869985,0.011835048014825341,0.7330655027218619,0.25074218773744267
FKID002052,2024-03-18 03:22:00.195000+00:00,7,1,86.3,High,79.040132533387,Medium,0.007687744292198706,0.06045828667801061,0.025835018644468837,0.9060189503853219
FKID002071,2024-03-18 07:44:34.804000+00:00,1,10,120.2,Medium,75.85979539168358,Low,0.019018439139392513,0.029148050863268077,0.7014296829482233,0.25040382704911623
FKID002070,2024-03-18 09:31:05.265000+00:00,8,19,8.0,Low,-2.270240817793805,Low,0.005990497610242021,0.028159760734388996,0.8539200787412317,0.11192966291413718
FKID002105,2024-03-18 21:02:33.609000+00:00,2,13,783.2,High,726.7380889296963,High,0.0035401433381164605,0.986116107471016,0.0034299845758673417,0.006913764615000308
FKID002106,2024-03-18 21:31:29.263000+00:00,1,11,123.3,Low,111.40241041738183,Low,0.013322112874219548,0.04803393112736034,0.6562279727008179,0.28241598329760226
FKID002134,2024-03-19 00:47:14.630000+00:00,1,11,38.5,Low,42.72038099258213,Low,0.003804578925761665,0.007216720598640158,0.8965857118584591,0.09239298861713885
FKID002136,2024-03-19 00:50:58.357000+00:00,7,8,91.3,Low,43.30510883960416,Low,0.003241955023916493,0.006076885800920936,0.9477722755414689,0.04290888363369361
FKID002145,2024-03-19 02:18:17.506000+00:00,5,3,59.6,Medium,65.41106470399656,Medium,0.010791382097153057,0.18140904982514428,0.03619478071733043,0.7716047873603722
FKID002156,2024-03-19 03:47:02.942000+00:00,1,11,13.3,Low,81.55577360740388,Medium,0.014807442391289886,0.043749195475729745,0.28690188561813906,0.6545414765148414
FKID002175,2024-03-19 04:35:13.691000+00:00,1,11,6.6,Low,62.31870752674501,Low,0.0031355664528759128,0.00539727154137154,0.8909507328422241,0.1005164291635283
FKID002190,2024-03-19 05:37:53.868000+00:00,5,2,123.0,Medium,161.48884750204365,Medium,0.014667255884060074,0.19889511422335193,0.08418587980029933,0.7022517500922887
FKID002191,2024-03-19 05:56:07.476000+00:00,0,17,113.3,Medium,68.56055994674384,Low,0.004168552011176851,0.010903247775986773,0.8895318925303556,0.09539630768248078
FKID002207,2024-03-19 06:05:44.210000+00:00,8,19,84.5,Medium,43.189676503653075,Low,0.002474166597543445,0.006836718764037424,0.9523197755681557,0.03836933907026337
FKID002205,2024-03-19 06:46:28.085000+00:00,7,1,35.8,Low,65.55964911180125,Low,0.0033321884943201896,0.008818647131896345,0.9327880017172945,0.055061162656488895
FKID002223,2024-03-19 10:41:29.927000+00:00,8,19,105.2,High,38.85372409946896,Medium,0.009555091222447283,0.06271616328895063,0.3459887368421919,0.5817400086464102
FKID002225,2024-03-19 11:38:52.247000+00:00,2,20,322.9,Critical,397.4078436386974,Critical,0.9757950998875254,0.007781224563602318,0.004723775444530367,0.011699900104341904
FKID002226,2024-03-19 19:23:09.958000+00:00,1,10,97.2,Medium,76.74143745904023,Medium,0.008561308851453347,0.10584035805047476,0.14799955503097767,0.7375987780670942
FKID002236,2024-03-19 19:25:44.802000+00:00,5,2,26.0,Low,69.92606497663614,Medium,0.008743156821555267,0.21472643944087594,0.08726573258251877,0.6892646711550501
FKID002235,2024-03-19 19:42:05.882000+00:00,4,14,76.7,Medium,82.63026048840027,Medium,0.0063854383980773395,0.061814819284745255,0.02752710772500393,0.9042726345921734
FKID002244,2024-03-19 20:00:06.346000+00:00,7,7,21.6,Low,44.81794017500141,Low,0.003336209590846472,0.008412632792345038,0.9661102157890165,0.02214094182779214
FKID002245,2024-03-19 20:23:29.595000+00:00,2,13,822.3,High,716.93596712774,High,0.002905392284904166,0.9896118470180506,0.003187979515796142,0.004294781181249186
FKID002249,2024-03-19 20:50:26.978000+00:00,1,11,149.3,Medium,10.402857046008531,Low,0.010219631538065484,0.023048019110586772,0.7128380922215185,0.2538942571298292
FKID002254,2024-03-19 21:57:13.190000+00:00,1,11,6.6,Low,50.667829315059336,Low,0.1428989717311285,0.09061901116756335,0.6269701350467427,0.1395118820545655
FKID002261,2024-03-19 22:37:55.794000+00:00,2,12,10.2,Low,26.630223527393554,Low,0.006207446270343685,0.03134825853713381,0.808676978926264,0.15376731626625867
FKID002264,2024-03-19 22:46:18.266000+00:00,2,12,146.1,High,27.53099922635378,Low,0.006591435078093264,0.0361071841836589,0.7156690395030397,0.24163234123520816
FKID002270,2024-03-19 23:34:02.261000+00:00,1,11,56.5,Low,44.35059387871451,Low,0.007636595165976559,0.014628233296895018,0.7280972719400246,0.24963789959710375
FKID002278,2024-03-20 01:05:02.073000+00:00,1,10,2.3,Low,86.7539349728918,Low,0.0048345251352231566,0.01095528863811845,0.6405994490420214,0.34361073718463697
FKID002276,2024-03-20 01:35:40.418000+00:00,1,10,63.3,Medium,80.44297111135856,Medium,0.012346915506894615,0.09896216640070087,0.1686943457544199,0.7199965723379845
FKID002286,2024-03-20 03:59:55.101000+00:00,1,11,16.4,Low,68.59848215879734,Low,0.003085544083647297,0.006140818391719205,0.9728808513674476,0.017892786157186025
FKID002304,2024-03-20 04:41:15.930000+00:00,1,10,44.6,Medium,50.30413371416916,Medium,0.013220074250676199,0.03501697853774414,0.2404888464900331,0.7112741007215466
FKID002311,2024-03-20 05:30:45.183000+00:00,8,19,240.0,Medium,61.462123756560885,Low,0.011202896891979817,0.043071238482164986,0.7343842518076932,0.21134161281816202
FKID002334,2024-03-20 06:55:43.492000+00:00,2,13,18.8,Low,218.226381801246,High,0.005210742264186169,0.8144494417806641,0.10661469443719437,0.07372512151795521
FKID002348,2024-03-20 07:56:10.351000+00:00,1,5,1.5,Low,43.305911051457436,Low,0.004474112879930501,0.013490008258464753,0.9447342709587413,0.03730160790286327
FKID002349,2024-03-20 08:48:15.098000+00:00,8,9,32.3,Low,30.387975480447427,Low,0.00884019080901144,0.05997226017845112,0.7857842160780879,0.14540333293444963
FKID002353,2024-03-20 12:29:41.865000+00:00,1,11,276.1,Medium,625.57593274698,High,0.32883198171161615,0.4484783683258173,0.0638986213429916,0.15879102861957495
FKID002367,2024-03-20 19:11:13.586000+00:00,1,10,78.1,Low,72.7716006137858,Low,0.0287595489997426,0.0336838906504369,0.5372483639416451,0.40030819640817544
FKID002368,2024-03-20 19:44:39.900000+00:00,4,14,34.2,Low,28.98838255709485,Low,0.0025744973530851686,0.009357890322932372,0.9380520999958245,0.05001551232815809
FKID002380,2024-03-20 20:22:34.546000+00:00,2,13,823.2,High,785.0354347474005,High,0.002265552568261728,0.9925477994736202,0.002648807482616331,0.0025378404755016988
FKID002401,2024-03-20 23:22:01.327000+00:00,1,11,84.4,Low,76.56521051258575,Medium,0.004130402707965562,0.006096289049070095,0.3006678746630279,0.6891054335799365
FKID002414,2024-03-20 23:43:02.708000+00:00,8,19,12.0,Low,47.276592474645604,Medium,0.008301938008491843,0.06092318662085696,0.3556020291094715,0.5751728462611797
FKID002420,2024-03-21 00:26:55.090000+00:00,9,21,29.7,Low,15.539272783719408,Low,0.003226361758274998,0.005009845086566989,0.9501451927345284,0.04161860042062957
FKID002434,2024-03-21 01:36:59.400000+00:00,1,10,6.8,Low,113.52695382363777,Medium,0.012980744765748706,0.05301333229109472,0.1569257976323684,0.7770801253107881
FKID002437,2024-03-21 03:25:51.791000+00:00,1,11,54.5,Low,34.636066395354035,Low,0.002809547298283761,0.0047868222419209395,0.9679413368573673,0.0244622936024279
FKID002444,2024-03-21 05:09:49.160000+00:00,5,2,86.8,Medium,99.07308537843342,Medium,0.010522015756165008,0.03354825072879081,0.25070912439793896,0.7052206091171053
FKID002446,2024-03-21 05:21:52.939000+00:00,1,11,81.1,Low,168.72871202089786,Low,0.025914480678195084,0.10688284423574086,0.6647855612252704,0.20241711386079358
FKID002453,2024-03-21 05:40:13.767000+00:00,1,11,30.5,Low,36.34348298507566,Low,0.08341880758179303,0.02555830249827774,0.5890145087116277,0.30200838120830137
FKID002466,2024-03-21 06:15:17.349000+00:00,1,11,55.1,Low,209.90941598108284,Low,0.019046076352414575,0.04224853845586146,0.618145751857789,0.32055963333393495
FKID002455,2024-03-21 06:23:34.002000+00:00,8,9,67.6,Medium,87.67317223757651,Medium,0.009584422025479992,0.06671624123061713,0.05931284686168791,0.8643864898822149
FKID002467,2024-03-21 06:44:02.169000+00:00,1,10,9.4,Low,38.18576025836728,Low,0.014672847303706023,0.030572464664453937,0.8179363251586173,0.13681836287322263
FKID002476,2024-03-21 07:13:03.433000+00:00,6,16,47.1,Low,32.49071054436741,Low,0.0022528517366642983,0.005341543098510743,0.9140930179913316,0.0783125871734934
FKID002477,2024-03-21 07:58:30.835000+00:00,1,10,43.9,Medium,55.815935535584856,Medium,0.011383809885095256,0.02718655106557817,0.10463232182853996,0.8567973172207866
FKID002495,2024-03-21 19:29:21.627000+00:00,1,11,66.4,Low,102.87786824698932,Low,0.004735792132605073,0.007533974886095683,0.8826223032932806,0.10510792968801864
FKID002505,2024-03-21 20:31:17.624000+00:00,8,19,17.4,Low,38.214531663781955,Low,0.0033014579301943584,0.021005650710430913,0.8925026807518363,0.0831902106075386
FKID002581,2024-03-21 20:39:36.447000+00:00,2,13,806.2,Critical,608.5269233915751,High,0.003967991522406957,0.9896285767365608,0.003265594341988547,0.0031378373990437044
FKID002506,2024-03-21 21:06:59.754000+00:00,1,11,137.3,Medium,67.59333444991528,Low,0.005358125412097864,0.013347665915932434,0.7561718844498188,0.22512232422215103
FKID002521,2024-03-21 21:43:09.130000+00:00,1,11,12.3,Low,20.99723104019635,Low,0.001475152228491093,0.0021743318277688307,0.9764295111924722,0.019921004751267925
FKID002528,2024-03-21 22:26:57.605000+00:00,5,2,14.1,Low,13.738616272603096,Low,0.0022135612910537212,0.005639832885972084,0.961215469969823,0.030931135853151256
FKID002532,2024-03-21 22:47:23.233000+00:00,2,12,21.6,Medium,49.791439152291105,Low,0.14025944075753505,0.11243929297456698,0.4411186528585149,0.306182613409383
FKID002544,2024-03-21 23:16:29.486000+00:00,1,11,20.1,Low,55.58971426591526,Low,0.04220001133065046,0.11640874429249443,0.6331480863339152,0.20824315804293997
FKID002542,2024-03-22 00:18:05.429000+00:00,1,11,39.9,Low,51.03994341179239,Low,0.0027125308873817595,0.005459432973293892,0.9301567000608992,0.06167133607842509
FKID002556,2024-03-22 01:21:53.829000+00:00,8,19,23.6,Low,23.502653633236744,Low,0.0027316320100624794,0.010944287262930475,0.9181757684963009,0.06814831223070617
FKID002560,2024-03-22 04:49:19.519000+00:00,4,6,157.8,Medium,105.61658918015534,Medium,0.01822929577296093,0.07191902255316691,0.1398698236614363,0.7699818580124359
FKID002569,2024-03-22 06:17:24.552000+00:00,1,11,19.5,Low,60.52627456943278,Low,0.004722280798750833,0.013215751561209002,0.797439650338599,0.18462231730144124
FKID002573,2024-03-22 06:34:52.015000+00:00,1,10,112.6,High,75.86599941370149,Medium,0.011281494727957352,0.04329553278172923,0.3515078203570485,0.593915152133265
FKID002585,2024-03-22 18:23:00.443000+00:00,5,15,41.9,Medium,66.66999154632911,Medium,0.00918070948852266,0.0861290921030735,0.20547630385433616,0.6992138945540678
FKID002598,2024-03-22 19:54:55.533000+00:00,1,11,49.0,Low,790.6841007635178,Medium,0.06143212347392837,0.06695801658485281,0.3197543952492108,0.5518554646920081
FKID002592,2024-03-22 20:06:39.956000+00:00,6,16,20.3,Low,24.544054516399374,Low,0.002057023480262815,0.00826291406062873,0.9648321549339944,0.024847907525114128
FKID002599,2024-03-22 21:08:16.446000+00:00,5,2,10.0,Low,15.329998196289715,Low,0.005344797651735266,0.0185914209702878,0.8871883604717463,0.08887542090623073
FKID002614,2024-03-22 21:42:58.315000+00:00,5,2,4.1,Low,42.15944909397932,Low,0.006751967409733072,0.10525889971235225,0.6282614532389058,0.25972767963900883
FKID002693,2024-03-22 22:28:24.141000+00:00,1,11,457.4,Medium,625.5124515572035,Medium,0.05347928948515407,0.1211508072792014,0.10460829678949389,0.7207616064461506
FKID002626,2024-03-22 23:12:47.141000+00:00,1,10,31.9,Low,34.40831124320784,Low,0.0028999615491511685,0.0069635863660388875,0.9178109649895697,0.07232548709524023
FKID002627,2024-03-22 23:28:16.150000+00:00,0,18,78.3,Medium,28.462549922648723,Low,0.01106822848027108,0.022798500956136204,0.5018044643503301,0.46432880621326267
FKID002630,2024-03-23 00:03:01.971000+00:00,5,15,29.9,Low,27.774360805022972,Low,0.008349907473428295,0.01768353774098742,0.6483212129257171,0.32564534185986715
FKID002634,2024-03-23 00:59:18.277000+00:00,1,11,26.9,Low,37.62146151166586,Low,0.0023914486514251838,0.0040046135539477555,0.9253532856115605,0.0682506521830665
FKID002643,2024-03-23 01:05:10.941000+00:00,8,19,22.3,Low,44.12797979500527,Low,0.005949081943022566,0.03808349134404899,0.5938636248432624,0.3621038018696661
FKID002651,2024-03-23 02:38:35.087000+00:00,1,11,158.5,Medium,73.25471299533477,Medium,0.00530528434908753,0.01348622075649909,0.13377720900925388,0.8474312858851595
FKID002656,2024-03-23 03:05:08.184000+00:00,1,11,121.6,Low,177.34701849085292,Medium,0.026272658092933908,0.07359012555780922,0.12671810585397447,0.7734191104952823
FKID002660,2024-03-23 05:38:26.155000+00:00,1,11,70.0,Low,71.45607755638099,Low,0.0051032661739482,0.007996531420127689,0.6867134295631582,0.3001867728427659
FKID002699,2024-03-23 07:01:09.209000+00:00,6,16,84.9,Medium,87.84115642402897,Medium,0.009559089408749685,0.1335211412738141,0.05211945087314361,0.8048003184442927
FKID002703,2024-03-23 10:54:09.828000+00:00,1,11,412.2,Medium,297.0733571102909,Medium,0.10537269075381506,0.25560024503891077,0.22774055428352838,0.4112865099237458
FKID002709,2024-03-23 19:14:38.140000+00:00,8,19,29.2,Low,34.62069280036143,Low,0.0066459526884292556,0.030196238023704157,0.8365376931425521,0.1266201161453145
FKID002712,2024-03-23 19:14:40.689000+00:00,5,2,47.2,Low,53.05229478372599,Low,0.004997226366201245,0.013235298119005845,0.9210675751139034,0.060699900400889475
FKID002711,2024-03-23 19:20:00.045000+00:00,4,14,36.7,Medium,50.91243090957755,Medium,0.13311739987543406,0.07401576403902614,0.2880347580239313,0.5048320780616085
FKID002710,2024-03-23 19:24:24.897000+00:00,1,10,22.2,Low,24.114819258762758,Low,0.006853415525475349,0.03231860061114323,0.5714488856632053,0.38937909820017613
FKID002736,2024-03-23 21:41:55.873000+00:00,1,11,9.0,Low,-0.8304384315452962,Low,0.0034500908787334778,0.007890991056483028,0.9639720447004418,0.02468687336434163
FKID002758,2024-03-23 22:13:01.109000+00:00,1,11,1291.5,Medium,647.0500282943565,Medium,0.09135063034643412,0.0788182725142589,0.20463510803455903,0.6251959891047479
FKID002765,2024-03-23 23:22:10.356000+00:00,9,21,72.7,Low,75.93203440209562,Low,0.006836510257972845,0.01708134202503809,0.8794502052680176,0.0966319424489715
FKID002768,2024-03-24 00:24:26.981000+00:00,1,10,8.8,Low,33.0695729054475,Low,0.003632606302322451,0.014089016701864448,0.8476755495377782,0.13460282745803487
FKID002786,2024-03-24 04:58:13.522000+00:00,7,1,146.0,High,79.36495756554284,Medium,0.011680317323098842,0.24887653716713798,0.163965157100486,0.5754779884092772
FKID002805,2024-03-24 05:25:01.730000+00:00,2,13,70.7,Low,373.2636419449823,High,0.08749991350224319,0.8017465860861684,0.05059662493553166,0.06015687547605674
FKID002795,2024-03-24 05:42:05.534000+00:00,5,3,14.3,Low,49.89296645814015,Low,0.0042246571732337465,0.009594599458506095,0.8173562473759265,0.16882449599233368
FKID002797,2024-03-24 05:50:20.839000+00:00,8,19,108.2,Medium,82.40919807493995,Low,0.010270288432531033,0.08053336584329959,0.7777262265248296,0.13147011919933974
FKID002814,2024-03-24 07:49:41.393000+00:00,1,11,1.7,Low,68.63411663979667,Medium,0.01537286227756592,0.057219311185892435,0.20585135044281813,0.7215564760937236
FKID002823,2024-03-24 07:49:41.393000+00:00,1,10,93.5,Medium,68.81331400273383,Medium,0.030083216589645488,0.14480422725856404,0.27575710769843137,0.549355448453359
FKID002846,2024-03-24 09:05:42.473000+00:00,2,12,16.0,Low,130.61660025377623,Low,0.039676955220555414,0.09832585305410886,0.7787586370528521,0.0832385546724835
FKID002849,2024-03-24 09:22:44.457000+00:00,7,1,34.2,Low,35.27860351879918,Low,0.0057876366219707385,0.01958193600318576,0.6904152445238134,0.2842151828510302
FKID002848,2024-03-24 09:23:28.548000+00:00,1,11,29.1,Low,30.57255390962023,Low,0.004574026421378342,0.005316258959398895,0.9444772391514834,0.04563247546773925
FKID002851,2024-03-24 10:28:49.698000+00:00,8,19,91.5,Medium,70.8187296387746,Medium,0.009983611328071124,0.028758524677671198,0.19596186389136286,0.7652960001028949
FKID002857,2024-03-24 20:39:15.790000+00:00,1,10,35.3,Low,87.44126370973572,Medium,0.021885532745855602,0.06608671013633238,0.3869388553183238,0.5250889017994883
FKID002877,2024-03-24 21:25:27.053000+00:00,8,19,61.6,Low,50.63626191953282,Low,0.014608530100458102,0.026276238337956337,0.893224903433203,0.06589032812838241
FKID002861,2024-03-24 21:39:30.020000+00:00,8,19,6.2,Low,52.56215058327811,Medium,0.02065151022029097,0.09724041890781472,0.36871057892373227,0.513397491948162
FKID002890,2024-03-24 23:24:28.283000+00:00,1,10,16.9,Low,101.67112354000952,Medium,0.08668083583988558,0.06792705852050662,0.3383536516896976,0.5070384539499102
FKID002893,2024-03-25 00:05:25.424000+00:00,0,18,41.5,Medium,48.97123846021917,Low,0.027022292655068093,0.04965036075229693,0.5604819993489267,0.36284534724370826
FKID002897,2024-03-25 00:53:19.534000+00:00,1,11,77.0,Medium,244.8217385064725,High,0.030352160364921332,0.66990687373024,0.07510969698416686,0.22463126892067167
FKID002904,2024-03-25 02:13:31.756000+00:00,1,11,133.5,High,18.12102987468406,Low,0.012925110085045582,0.03193583451948404,0.6727269780880635,0.28241207730740703
FKID002910,2024-03-25 02:22:58.577000+00:00,1,10,32.2,Low,31.118143576045355,Medium,0.005810933277243003,0.03689595568064085,0.4104812505861417,0.5468118604559744
FKID002920,2024-03-25 03:50:20.226000+00:00,7,7,133.7,Medium,105.71029947294394,Medium,0.015953650485911956,0.17558050302496517,0.30834363475601423,0.5001222117331086
FKID002918,2024-03-25 04:27:37.575000+00:00,1,11,9.3,Low,54.304567408712195,Low,0.011524761265069901,0.028688671278476376,0.5708169893447899,0.38896957811166377
FKID002922,2024-03-25 07:01:37.036000+00:00,1,11,18.8,Low,25.20019863230622,Low,0.009139274601156907,0.01669470833741557,0.7845255608128417,0.18964045624858575
FKID002935,2024-03-25 11:44:20.768000+00:00,5,2,12.2,Low,83.18459623303278,Low,0.023760818531001426,0.11001274207389171,0.6629732950948993,0.20325314430020758
FKID002937,2024-03-25 17:38:51.282000+00:00,1,11,162.1,Medium,102.6722578425958,Medium,0.0030146780733308768,0.008007785364355464,0.02320746407613105,0.9657700724861826
FKID002938,2024-03-25 18:57:53.865000+00:00,2,20,9.9,Low,12.718277062777519,Low,0.0028311405600341005,0.027163783862022128,0.9423552899524905,0.027649785625453314
FKID002947,2024-03-25 20:34:48.662000+00:00,7,7,21.6,Low,13.634663501055735,Low,0.0018290139397987937,0.0038395436942633182,0.9764098054806123,0.017921636885325474
FKID002950,2024-03-25 21:47:53.098000+00:00,8,19,18.1,Low,37.230788781012876,Low,0.005148514032259155,0.01014345465839721,0.900589472542039,0.0841185587673046
FKID002962,2024-03-25 21:49:59.210000+00:00,1,11,43.0,Low,44.86661930554017,Low,0.0011367750978300277,0.0020088831755255975,0.9867565275170591,0.0100978142095854
FKID002963,2024-03-25 21:54:28.092000+00:00,1,11,79.9,Low,78.30248147977619,Medium,0.006250124701697814,0.010266141449875015,0.36176320607925666,0.6217205277691704
FKID002972,2024-03-25 22:23:24.035000+00:00,2,13,91.7,Low,48.35014130458424,Low,0.005685038724373271,0.027026801283237582,0.8906309542739638,0.07665720571842541
FKID002977,2024-03-26 00:07:44.422000+00:00,9,21,26.3,Low,34.72924898346293,Low,0.0025515971676261734,0.004627634223757724,0.9582369514066701,0.03458381720194601
FKID002982,2024-03-26 02:38:08.692000+00:00,2,13,21.9,Low,195.8272986366423,High,0.007706832809695298,0.6744818193123585,0.08403814958781643,0.23377319829012982
FKID002990,2024-03-26 03:34:06.446000+00:00,1,11,24.4,Low,27.883025432432465,Low,0.005393011942704439,0.013418136083208755,0.8463987794617911,0.1347900725122956
FKID002988,2024-03-26 04:07:29.183000+00:00,2,12,15.4,Low,22.543603908427144,Low,0.007458588048308781,0.0228464861302999,0.6904050863169744,0.279289839504417
FKID002994,2024-03-26 04:24:41.419000+00:00,7,8,19.6,Low,52.29232784818661,Low,0.004608297759334054,0.007828312416527415,0.9561147306605836,0.03144865916355485
FKID002993,2024-03-26 04:35:51.261000+00:00,0,18,34.4,Low,69.93499759659339,Low,0.010590927411385256,0.052004486996435687,0.754102410491269,0.18330217510091007
FKID002995,2024-03-26 04:38:58.645000+00:00,0,18,48.4,Low,72.10014206056432,Low,0.008423520173658609,0.02848339173981675,0.8508468850576856,0.11224620302883896
FKID002997,2024-03-26 04:41:29.516000+00:00,1,11,171.4,Low,136.78295939663982,Medium,0.008163635794720082,0.02585083515886847,0.37399482100105247,0.591990708045359
FKID003004,2024-03-26 04:42:47.931000+00:00,1,11,390.0,Medium,122.0514977405824,Medium,0.009777780502071062,0.0374499753011237,0.4288948706713013,0.523877373525504
FKID003000,2024-03-26 04:43:46.232000+00:00,1,10,106.9,Medium,82.2493465660639,Critical,0.526911292883641,0.05193472565415675,0.20780470856136124,0.213349272900841
FKID003003,2024-03-26 04:45:01.257000+00:00,1,10,77.6,Medium,104.6956057400457,Critical,0.4973816777592266,0.06480289643092355,0.11328773707361502,0.3245276887362347
FKID003006,2024-03-26 04:48:15.987000+00:00,1,10,25.4,Low,108.13390956166315,Low,0.024312363347917348,0.11020979137037006,0.6100610025576596,0.2554168427240531
FKID003008,2024-03-26 04:48:52.183000+00:00,5,2,38.1,Low,133.07415025532646,Medium,0.011214287770135202,0.08285721883024816,0.2537651138865064,0.6521633795131102
FKID003011,2024-03-26 04:50:06.556000+00:00,5,2,47.6,Low,68.17949279777785,Low,0.00739525425676668,0.036253365481386135,0.8317947179777437,0.1245566622841033
FKID002999,2024-03-26 04:50:51.053000+00:00,9,21,79.3,Low,101.6464340528385,Low,0.00984391721697785,0.05507070715287944,0.792909132499098,0.14217624313104466
FKID003013,2024-03-26 04:57:36.348000+00:00,9,21,72.7,Low,54.880666174589784,Low,0.006958600396482046,0.022599445239120722,0.7933533004969611,0.17708865386743614
FKID003017,2024-03-26 05:00:36.512000+00:00,1,11,230.8,Medium,97.76254814523533,Low,0.0070830456996212425,0.0194930283933741,0.9331459250042472,0.04027800090275734
FKID003022,2024-03-26 05:02:41.309000+00:00,1,11,42.9,Low,31.002856562511464,Low,0.0019113787426539527,0.002671300018536513,0.953098677959423,0.04231864327938657
FKID003021,2024-03-26 05:10:06.110000+00:00,1,11,24.8,Low,53.20892955549477,Low,0.0013325806461976016,0.003143883991686551,0.9876767836837164,0.00784675167839949
FKID003023,2024-03-26 05:12:02.328000+00:00,1,11,57.2,Low,80.02775921655659,Low,0.001389975412464363,0.0037336660308950336,0.9851538628767477,0.009722495679892943
FKID003026,2024-03-26 05:18:59.663000+00:00,4,14,997.1,High,514.131204209383,High,0.04441579660487289,0.804655929372225,0.11654225995151717,0.03438601407138495
FKID003024,2024-03-26 05:30:28.720000+00:00,1,10,324.7,High,126.06265986238024,Medium,0.014213985547339901,0.1542588214692558,0.36707077233285057,0.46445642065055365
FKID003025,2024-03-26 05:31:06.393000+00:00,4,14,985.0,High,500.897246047109,High,0.06971905583669788,0.5553966915655973,0.23594530512402653,0.1389389474736782
FKID003030,2024-03-26 05:31:19.848000+00:00,4,14,191.9,Medium,406.02928871867266,High,0.027063238819065843,0.7372062632956113,0.12552586979101732,0.11020462809430563
FKID003038,2024-03-26 05:31:20.069000+00:00,8,19,1345.4,High,651.4358424999436,High,0.03526323240820849,0.5938951954294865,0.232763890091264,0.13807768207104093
FKID003035,2024-03-26 05:33:04.122000+00:00,8,9,10.0,Low,21.745749245650494,Low,0.005383107634016382,0.04028358887695688,0.9005345150704732,0.05379878841855349
FKID003042,2024-03-26 05:33:55.614000+00:00,5,3,58.7,Medium,68.31313038348127,Low,0.09791795783270614,0.06661114220716907,0.6631210086222729,0.17234989133785183
FKID003036,2024-03-26 05:34:20.233000+00:00,4,0,18.3,Low,37.249088390363646,Low,0.14648500164377112,0.09052681350594267,0.5464970739162066,0.2164911109340795
FKID003037,2024-03-26 05:48:29.568000+00:00,1,11,81.1,Low,55.08705107636306,Low,0.03265480931302286,0.33777271246866364,0.4337611458017279,0.19581133241658566
FKID003047,2024-03-26 06:07:14.515000+00:00,4,14,135.5,Medium,27.348953258521423,Low,0.005547840325529784,0.014309216903475743,0.9512146609652437,0.02892828180575083
FKID003057,2024-03-26 06:36:21.487000+00:00,1,11,6.7,Low,52.22714117848851,Low,0.003879501886814992,0.009489697148004263,0.8290846701413138,0.157546130823867
FKID003061,2024-03-26 06:41:58.329000+00:00,4,14,100.7,Medium,40.90046063282009,Medium,0.011236433545654253,0.04557481179565306,0.45748176595293794,0.4857069887057546
FKID003063,2024-03-26 07:05:31.449000+00:00,8,9,46.1,Medium,96.57703722934895,High,0.14066964380840813,0.45732135582998745,0.18692521621331015,0.21508378414829427
FKID003066,2024-03-26 07:10:09.359000+00:00,6,16,36.4,Low,51.65842659771831,Medium,0.01588872705344463,0.05735255100888528,0.32499786012832577,0.6017608618093442
FKID003067,2024-03-26 08:02:30.124000+00:00,7,7,82.9,Medium,54.39415714711965,Medium,0.0207833099686427,0.11829923519073697,0.23243423809931804,0.6284832167413023
FKID003068,2024-03-26 08:12:50.932000+00:00,1,11,84.8,Low,99.85343853453608,Medium,0.006684445506987934,0.01078244923739468,0.39579983896036425,0.5867332662952532
FKID003071,2024-03-26 18:14:39.197000+00:00,2,13,25.4,Low,65.97965070413935,Low,0.004803027733316167,0.028781429120209538,0.6801607509049931,0.28625479224148126
FKID003072,2024-03-26 18:25:21.420000+00:00,4,14,124.4,High,64.01679196422215,Medium,0.009149783464228912,0.1310475208990632,0.08071335694145743,0.7790893386952504
FKID003079,2024-03-26 20:33:12.874000+00:00,5,2,115.2,Medium,63.269285872671865,Low,0.01073204363166026,0.04796126424767739,0.8392064902406114,0.1021002018800509
FKID003083,2024-03-26 20:48:43.695000+00:00,6,16,73.0,Medium,64.89655109328685,Medium,0.01115051571710291,0.08813346998111188,0.21653289109353432,0.6841831232082508
FKID003080,2024-03-26 20:59:31.854000+00:00,1,10,25.9,Low,62.31367366750213,Medium,0.013295606442240347,0.16258699224538858,0.20154371824075645,0.6225736830716146
FKID003076,2024-03-26 21:16:15.740000+00:00,8,19,5.3,Low,36.08703783605939,Low,0.0027826014408709092,0.00824409241615503,0.918654665385279,0.07031864075769521
FKID003078,2024-03-26 21:25:56.492000+00:00,1,11,230.1,Medium,159.23302976577224,Low,0.011200240087176816,0.05492241936681235,0.7111440254702408,0.22273331507576993
FKID003087,2024-03-26 21:48:56.925000+00:00,1,11,174.0,Medium,185.40389206156914,Medium,0.08017804488995149,0.2767062419049502,0.30222160030855677,0.3408941128965416
FKID003092,2024-03-26 23:04:31.291000+00:00,5,2,16.3,Low,48.25254239476067,Low,0.011143105956805528,0.02320369201046543,0.6746041444288507,0.2910490576038783
FKID003095,2024-03-26 23:52:20.512000+00:00,1,10,6.3,Low,17.450035596754937,Low,0.0049370522720660875,0.005010222885112556,0.9590414017329693,0.0310113231098522
FKID003096,2024-03-26 23:55:39.238000+00:00,1,10,59.3,Medium,26.234212727051972,Low,0.003855487993941238,0.008931775335822513,0.8182070124413131,0.16900572422892313
FKID003108,2024-03-27 02:11:55.635000+00:00,1,11,88.1,Low,397.17539897133145,Medium,0.29669668322246723,0.11827899309665933,0.23910794451109385,0.3459163791697796
FKID003107,2024-03-27 03:44:19.365000+00:00,2,13,33.8,Low,105.1362019272439,Low,0.024442629884044602,0.07157413930000463,0.7945200351553162,0.10946319566063457
FKID003109,2024-03-27 03:54:03.373000+00:00,2,12,64.2,Medium,151.78722464012316,Low,0.01518098131330175,0.1567763945072364,0.4162692141749967,0.41177341000446516
FKID003112,2024-03-27 04:54:47.250000+00:00,1,11,11.6,Low,29.57672682683168,Low,0.003837108815234887,0.008323756717198826,0.8724707449686481,0.11536838949891817
FKID003119,2024-03-27 05:05:15.561000+00:00,2,13,240.5,Medium,525.3805444926643,High,0.008661862667238583,0.9652732868624277,0.014441096640082647,0.01162375383025092
FKID003114,2024-03-27 05:11:50.118000+00:00,5,2,6.6,Low,73.33569076721837,Low,0.010825132662607036,0.030704850469692912,0.6428069067995641,0.3156631100681359
FKID003117,2024-03-27 05:49:14.093000+00:00,1,11,17.9,Low,42.315712260163195,Low,0.0021081833263480645,0.0033647180542694974,0.9493758288635533,0.04515126975582904
FKID003118,2024-03-27 06:01:53.683000+00:00,5,3,21.9,Low,34.05951520028015,Low,0.004559801308419217,0.017672720537403305,0.9286489606836683,0.0491185174705093
FKID003127,2024-03-27 10:13:14.811000+00:00,1,11,2.5,Low,38.86016869243308,Low,0.0222255885846658,0.018450411713526425,0.9028492237623017,0.056474775939506255
FKID003131,2024-03-27 18:49:12.452000+00:00,4,14,35.8,Low,41.542347573806815,Low,0.002708673938964096,0.005175296961492568,0.9349516215219761,0.05716440757756726
FKID003132,2024-03-27 19:33:35.791000+00:00,5,2,23.2,Low,36.15020363287355,Low,0.007144900041899808,0.035693737916509545,0.5137057810572595,0.4434555809843311
FKID003133,2024-03-27 20:41:26.159000+00:00,2,13,744.3,Critical,597.8537118538408,High,0.12885010664908678,0.8449445945333964,0.01235097546040405,0.013854323357112622
FKID003138,2024-03-27 21:43:25.072000+00:00,0,18,13.5,Low,28.936767828632263,Low,0.003272630936815249,0.007128197067760122,0.9430239740388956,0.046575197956529014
FKID003141,2024-03-27 21:59:05.974000+00:00,1,11,51.8,Low,53.06681555991619,Low,0.005355229984753574,0.010521636368378424,0.8106954028358774,0.1734277308109907
FKID003153,2024-03-27 23:49:14.171000+00:00,1,11,376.5,Medium,346.18825815481324,Medium,0.07145721460728088,0.08155545913494124,0.2377667078793599,0.609220618378418
FKID003148,2024-03-28 01:22:36.518000+00:00,7,8,18.8,Low,21.799600903672452,Low,0.008349767540649738,0.009778441784772544,0.8374785974510237,0.1443931932235539
FKID003150,2024-03-28 01:36:14.353000+00:00,1,4,44.7,Low,50.44775876190405,Low,0.021019758249126844,0.042223528070487716,0.5692833097917273,0.3674734038886582
FKID003152,2024-03-28 03:11:56.693000+00:00,2,12,76.9,Medium,63.49232134637376,Low,0.007988177917347258,0.023244503908189947,0.9088814835918357,0.05988583458262721
FKID003157,2024-03-28 03:38:37.164000+00:00,1,10,17.6,Medium,35.80662499950897,Low,0.023140427930578876,0.09370249016424184,0.5183600268844071,0.36479705502077214
FKID003156,2024-03-28 04:03:07.193000+00:00,1,11,16.4,Low,66.92062952294484,Low,0.006095997356245351,0.012182781331515602,0.8793442102154212,0.10237701109681788
FKID003161,2024-03-28 04:42:49.427000+00:00,1,11,51.7,Low,74.19921553072665,Medium,0.3192768819742575,0.05246814537911564,0.30871506008569405,0.3195399125609327
FKID003164,2024-03-28 05:42:24.856000+00:00,5,15,23.5,Low,92.71809318328732,Medium,0.012709912617131518,0.2049175902066415,0.22905127486778187,0.5533212223084452
FKID003166,2024-03-28 06:18:15.958000+00:00,7,7,65.5,Medium,72.71216767445941,Medium,0.017413233558821288,0.031520119646176056,0.10492393530286417,0.8461427114921384
FKID003170,2024-03-28 07:16:35.074000+00:00,1,11,66.9,Medium,77.40371218148584,Low,0.004159855643477132,0.006717197750058673,0.6155817121672759,0.37354123443918835
FKID003172,2024-03-28 07:54:10.726000+00:00,1,11,9.6,Low,85.2353066043736,Low,0.003343860127817775,0.005593112020637287,0.9527916806896235,0.03827134716192157
FKID003180,2024-03-28 12:25:48.490000+00:00,1,11,165.0,High,231.8100074211909,Medium,0.20649208500251226,0.34937722572295166,0.0672061088234235,0.37692458045111255
FKID003191,2024-03-28 20:44:13.827000+00:00,0,18,36.2,Low,27.088841995372967,Low,0.010748112741997494,0.04281087441242823,0.8788734749923628,0.06756753785321153
FKID003190,2024-03-28 20:45:10.408000+00:00,2,12,30.9,Low,83.77603853916783,Medium,0.13398798900600917,0.020499216729884615,0.09444486574357865,0.7510679285205275
FKID003200,2024-03-28 21:32:51.691000+00:00,7,7,99.3,High,99.3495503551748,Medium,0.010823384146621666,0.03355837353611266,0.02504217648836131,0.9305760658289044
FKID003195,2024-03-28 21:42:19.589000+00:00,8,19,49.9,Medium,67.74726764017859,Medium,0.017801399352218476,0.12346581504082613,0.15194972956270517,0.7067830560442502
FKID003199,2024-03-28 21:48:01.012000+00:00,1,11,59.8,Low,66.19192617088473,Medium,0.028721552985396588,0.12253746537647514,0.3736872147332219,0.47505376690490647
FKID003198,2024-03-28 22:16:48.686000+00:00,1,11,19.2,Low,36.34061949566799,Low,0.007380536858089749,0.007409096803649722,0.9642407419222948,0.02096962441596567
FKID003206,2024-03-28 22:17:35.139000+00:00,1,11,18.4,Low,32.50499233379124,Low,0.0075619178442258295,0.006294040640499305,0.9623434774603508,0.023800564054924096
FKID003201,2024-03-28 22:18:23.151000+00:00,1,11,17.5,Low,31.005987900243976,Low,0.0075619178442258295,0.006294040640499305,0.9623434774603508,0.023800564054924096
FKID003205,2024-03-28 22:18:48.995000+00:00,1,11,17.0,Low,24.995629076028816,Low,0.007549677590126545,0.006816894696239754,0.9607857603656197,0.02484766734801395
FKID003204,2024-03-28 22:19:18.959000+00:00,1,11,16.4,Low,24.995629076028816,Low,0.007549677590126545,0.006816894696239754,0.9607857603656197,0.02484766734801395
FKID003203,2024-03-28 22:20:08.967000+00:00,1,11,15.5,Low,34.50459034527974,Low,0.008010843867144594,0.0063842013530463005,0.9611354085488378,0.024469546230971185
FKID003202,2024-03-28 22:20:36.720000+00:00,1,11,14.9,Low,30.590285099288028,Low,0.0076389046213164785,0.006145967205327852,0.954117657953044,0.03209747022031172
FKID003207,2024-03-28 22:21:09.538000+00:00,1,11,14.3,Low,33.26499415729226,Low,0.0076769866782175926,0.0069318469755961535,0.9510211026773747,0.034370063668811554
FKID003210,2024-03-28 22:22:18.479000+00:00,1,11,13.1,Low,38.20586398457761,Low,0.00735897769353784,0.006016983809888974,0.9614241141860658,0.025199924310507472
FKID003209,2024-03-28 22:22:43.092000+00:00,1,11,12.5,Low,43.27780857194887,Low,0.007841030282019497,0.007029984489491646,0.9518981717478462,0.0332308134806427
FKID003215,2024-03-28 22:22:47.576000+00:00,8,19,47.0,Medium,171.02479149979928,Medium,0.15724256991004143,0.06423872980659899,0.06585119247768931,0.7126675078056703
FKID003212,2024-03-28 22:24:36.774000+00:00,1,11,9.9,Low,36.82250811539615,Low,0.007797121667841005,0.007040321485112651,0.9500223415199083,0.03514021532713795
FKID003211,2024-03-28 22:25:19.623000+00:00,1,11,9.0,Low,36.611907241170854,Low,0.007802140345470393,0.007044853042454734,0.9506338307432288,0.03451917586884609
FKID003217,2024-03-29 00:36:43.946000+00:00,1,11,129.5,Medium,110.7180350831791,Medium,0.004267238386530171,0.011156153623294255,0.01997411957206128,0.9646024884181144
FKID003221,2024-03-29 01:05:19.310000+00:00,5,3,61.9,Medium,57.479009277270045,Medium,0.022332263632717595,0.13692275371927876,0.2081459742313841,0.6325990084166195
FKID003222,2024-03-29 01:16:45.716000+00:00,1,11,30.3,Low,33.45059989882617,Low,0.011275247907036145,0.010989908485802585,0.8467878608338604,0.13094698277330089
FKID003223,2024-03-29 02:09:21.349000+00:00,8,19,45.3,Medium,82.98601946825032,Medium,0.09310636522453715,0.08644290258848197,0.2590985042534767,0.5613522279335041
FKID003236,2024-03-29 06:34:03.774000+00:00,2,12,18.5,Low,67.94258397634445,Low,0.010107244351762553,0.06619095020843657,0.793838481571906,0.12986332386789493
FKID003237,2024-03-29 06:36:02.694000+00:00,1,11,123.1,Medium,126.73917065701319,Medium,0.14385648729731795,0.06571439176963087,0.09973714753060003,0.6906919734024513
FKID003238,2024-03-29 06:37:35.915000+00:00,4,14,27.8,Low,30.135061482939385,Low,0.005164679310079445,0.023093212383079008,0.8906078379422774,0.08113427036456412
FKID003242,2024-03-29 06:38:27.473000+00:00,2,12,147.8,High,83.07388116214426,Medium,0.0029642373517363868,0.03894575897550447,0.03184358837776759,0.9262464152949916
FKID003240,2024-03-29 06:38:59.481000+00:00,1,11,29.1,Low,43.17108697042432,Low,0.007564895349963631,0.013098841429477273,0.5432137178812461,0.43612254533931305
FKID003241,2024-03-29 06:41:06.268000+00:00,4,0,55.8,Low,45.481934874136236,Low,0.006196666068907167,0.04328141992598179,0.8724210989424882,0.0781008150626228
FKID003248,2024-03-29 06:52:46.461000+00:00,0,17,118.1,High,81.08568338297019,Medium,0.0034308123639899316,0.06178649907730427,0.08646632047631667,0.8483163680823891
FKID003247,2024-03-29 06:53:57.952000+00:00,4,14,80.6,Medium,90.67816404785837,Low,0.005534221594154478,0.08190249809720858,0.8531559762800718,0.059407304028565144
FKID003249,2024-03-29 06:56:17.058000+00:00,1,11,831.4,High,582.7410174125549,Critical,0.6221204956674261,0.05704013063985171,0.1295996924874537,0.19123968120526844
FKID003246,2024-03-29 06:56:47.321000+00:00,9,21,27.2,Medium,85.17666905372259,Medium,0.011583731609595319,0.3573238556272699,0.07501308931056783,0.5560793234525669
FKID003261,2024-03-29 07:07:55.384000+00:00,1,10,185.3,High,91.62155912859382,High,0.15665453624555523,0.3989645607928836,0.11309061437200817,0.3312902885895529
FKID003260,2024-03-29 07:10:14.486000+00:00,8,9,43.3,Medium,68.20621112614394,Medium,0.006931106846203244,0.066796480354684,0.14856979833954911,0.7777026144595637
FKID003259,2024-03-29 07:12:01.226000+00:00,8,9,32.8,Medium,80.98082029817468,Medium,0.009862364047843184,0.07264211375019847,0.10110281083246801,0.8163927113694903
FKID003263,2024-03-29 07:14:17.159000+00:00,2,13,52.8,Low,70.790842880062,Low,0.01484306186833918,0.0456194251401443,0.8730052359124238,0.0665322770790926
FKID003264,2024-03-29 07:17:05.716000+00:00,1,11,34.0,Low,97.2746850232766,Low,0.009655277514128414,0.018468721312117634,0.8979889737843021,0.07388702738945184
FKID003269,2024-03-29 07:17:32.896000+00:00,1,10,841.6,Critical,393.4313166408525,Critical,0.4170410782150295,0.30571871712307125,0.17824914859382002,0.09899105606807933
FKID003270,2024-03-29 07:18:14.022000+00:00,1,11,31.0,Low,93.39262052500528,Low,0.005519299316452555,0.02047465135942829,0.9014506943108469,0.07255535501327205
FKID003265,2024-03-29 07:23:52.412000+00:00,1,11,62.6,Low,50.199394808294784,Low,0.0023724106585900247,0.004738296701410143,0.9548930550113526,0.03799623762864724
FKID003267,2024-03-29 07:24:11.976000+00:00,9,21,2.4,Low,61.552682591405436,Low,0.009579578229342344,0.07680281503548798,0.8147065516009259,0.09891105513424378
FKID003274,2024-03-29 07:25:30.507000+00:00,1,11,71.0,Low,101.54527257019681,Low,0.016427428579441548,0.046159676983702776,0.7898116986568938,0.1476011957799619
FKID003284,2024-03-29 07:26:12.353000+00:00,1,11,125.9,Low,22.504916790041403,Low,0.007137285712121969,0.011944150483206606,0.8750524307857446,0.10586613301892678
FKID003278,2024-03-29 07:26:12.353000+00:00,1,11,2.0,Low,22.495695026247684,Low,0.006896145908462898,0.011540606304289528,0.8792739000561749,0.10228934773107277
FKID003281,2024-03-29 07:34:09.997000+00:00,1,11,846.8,Medium,847.9801197591362,Medium,0.1340485042241046,0.11708386487597142,0.12425950499222377,0.6246081259077002
FKID003288,2024-03-29 08:40:48.540000+00:00,5,2,27.3,Low,29.40921675073366,Low,0.009694192693229457,0.021448129225512202,0.8663628819056685,0.10249479617558982
FKID003285,2024-03-29 08:48:47.039000+00:00,1,11,108.5,Low,63.65260051082036,Low,0.006658311043059583,0.026134307113970096,0.8626939837238169,0.1045133981191534
FKID003290,2024-03-29 11:38:47.131000+00:00,1,11,81.7,Low,126.00941296718862,Low,0.023840817737854517,0.04717451629512263,0.7162497426044745,0.2127349233625484
FKID003292,2024-03-29 13:47:17.836000+00:00,1,11,28.1,Medium,50.29607534880451,Low,0.09815003027652203,0.05414076430032515,0.5250024866012509,0.3227067188219019
FKID003301,2024-03-29 19:34:16.124000+00:00,1,11,23.4,Low,31.553932414910772,Low,0.0015447366820487269,0.0019882249154344056,0.9714103310566556,0.025056707345861386
FKID003302,2024-03-29 19:50:39.972000+00:00,2,13,60.0,Low,250.94267703459437,High,0.01626358548178134,0.7147877341587585,0.0474162254330329,0.22153245492642723
FKID003306,2024-03-29 19:57:25.759000+00:00,1,11,57.6,Low,248.29483065218525,Low,0.024143399251214406,0.030959490311712638,0.5037417985456509,0.441155311891422
FKID003303,2024-03-29 19:58:19.196000+00:00,2,13,397.9,High,260.42987168896747,High,0.012492329398937402,0.5506977303685258,0.052161496701922536,0.3846484435306143
FKID003312,2024-03-29 20:35:09.609000+00:00,2,13,750.6,High,627.4755758484137,High,0.0027015747414957133,0.9908440903199552,0.0033735480464073446,0.0030807868921416594
FKID003311,2024-03-29 20:41:42.652000+00:00,1,11,487.0,Medium,361.1704582112073,Medium,0.05504273073743351,0.0668706834351001,0.2683807961286481,0.6097057896988183
FKID003310,2024-03-29 20:46:31.131000+00:00,8,19,62.2,Low,61.96476210384653,Low,0.005302389271003781,0.07284568513309907,0.8272828567281486,0.0945690688677486
FKID003316,2024-03-29 21:00:27.474000+00:00,7,7,46.1,Medium,34.10146858539998,Medium,0.003757815115307953,0.013198999077376221,0.3699789143701246,0.6130642714371912
FKID003325,2024-03-29 21:37:46.512000+00:00,5,2,115.9,Medium,113.9869901198542,Medium,0.010326079301406216,0.054493858000267834,0.2331252764373471,0.702054786260979
FKID003323,2024-03-29 21:45:41.038000+00:00,1,11,57.6,Low,81.7853555817478,Low,0.001469183465331882,0.002707753135430656,0.9655957778735008,0.030227285525736662
FKID003326,2024-03-29 21:56:00.962000+00:00,8,19,105.9,Medium,73.5956103839506,Medium,0.007252647901176132,0.1614333224102046,0.11286589828590991,0.7184481314027094
FKID003328,2024-03-29 22:34:59.910000+00:00,1,11,40.4,Low,39.966648933371566,Low,0.00212430980560666,0.0035920325920538896,0.9767804948906781,0.01750316271166136
FKID003341,2024-03-29 22:45:45.594000+00:00,1,11,29.8,Low,44.32875558193704,Low,0.019011650138999112,0.03766077909485158,0.8303973940520619,0.11293017671408738
FKID003343,2024-03-29 23:12:38.455000+00:00,7,1,79.1,Medium,73.18634807284882,Medium,0.006833399464232751,0.055890052883947175,0.04352090722783371,0.8937556404239864
FKID003342,2024-03-29 23:29:34.880000+00:00,5,2,10.8,Low,16.69506637819463,Low,0.004692848407648641,0.011047701980582652,0.8142293445868913,0.17003010502487728
FKID003344,2024-03-30 00:13:23.167000+00:00,6,16,15.1,Low,34.35407202906278,Low,0.0018873579346259399,0.004702575104488936,0.9498011812409456,0.0436088857199395
FKID003358,2024-03-30 02:08:44.629000+00:00,2,13,27.4,Low,63.19630319080005,Medium,0.023980855648765512,0.043034386053713986,0.4077774823718647,0.5252072759256559
FKID003361,2024-03-30 03:08:34.493000+00:00,2,12,30.6,Medium,36.69806565488374,Medium,0.008224185877305782,0.06421597730485391,0.4377809289416413,0.48977890787619893
FKID003363,2024-03-30 04:35:01.848000+00:00,1,11,50.1,Medium,59.24519973116495,Low,0.06536518676779583,0.0599036358050999,0.559563871257896,0.3151673061692083
FKID003365,2024-03-30 04:48:03.046000+00:00,1,11,32.1,Low,88.25045844016161,Medium,0.00770350098535238,0.017153391999033166,0.37245832549871144,0.6026847815169031
FKID003364,2024-03-30 04:55:04.618000+00:00,8,9,60.9,Low,81.37892350805848,Low,0.012982560228235886,0.19057308812815366,0.5723087124202718,0.22413563922333862
FKID003367,2024-03-30 05:05:43.070000+00:00,5,2,1273.2,High,284.58537809569475,High,0.23214137692434647,0.2932326717259472,0.23064079452975608,0.2439851568199502
FKID003366,2024-03-30 05:10:01.534000+00:00,0,18,18.5,Low,40.19511541180163,Low,0.009098245597466605,0.021123531871485097,0.5788525638247768,0.39092565870627155
FKID003378,2024-03-30 05:17:52.962000+00:00,7,7,107.0,Medium,72.93808854108687,Medium,0.005462375344806278,0.016005571399219095,0.04978262606727182,0.9287494271887028
FKID003368,2024-03-30 05:22:56.878000+00:00,1,11,40.6,Low,41.37271860501548,Low,0.0015319309708357771,0.0023142016100881108,0.9880446480492887,0.00810921936978737
FKID003387,2024-03-30 08:32:43.489000+00:00,1,11,45.1,Low,55.710551633393266,Low,0.0069762121631623515,0.03146501588019143,0.9091835231215813,0.052375248835064885
FKID003391,2024-03-30 17:40:41.169000+00:00,1,11,107.3,Medium,152.01157184234071,High,0.0722604060654377,0.44362171809572737,0.12525178706740445,0.35886608877143045
FKID003394,2024-03-30 19:34:10.996000+00:00,1,11,6.3,Low,37.98893209024377,Low,0.004319940494656092,0.006204907671548669,0.8661591613467153,0.12331599048708
FKID003395,2024-03-30 19:50:06.071000+00:00,1,10,97.1,Medium,106.42594925086922,Medium,0.02632363392057377,0.1583577844360363,0.05253419722428414,0.7627843844191058
FKID003402,2024-03-30 20:53:51.926000+00:00,1,11,109.5,Medium,106.02877318541877,Medium,0.0025874563921048344,0.005677561601296285,0.015622397736088476,0.9761125842705104
FKID003396,2024-03-30 20:56:48.487000+00:00,6,16,109.3,Low,134.50874184407027,Medium,0.015114123900430926,0.364729804887655,0.23345371975432183,0.3867023514575923
FKID003404,2024-03-30 20:58:40.531000+00:00,2,13,727.1,High,668.74996780794,High,0.002101512577492282,0.9917872845575094,0.0034006885134957444,0.0027105143515028514
FKID003401,2024-03-30 21:38:31.245000+00:00,1,11,16.7,Low,23.196050187965806,Low,0.016428100844813855,0.018601162687029014,0.882486579818023,0.08248415665013402
FKID003416,2024-03-30 22:27:59.808000+00:00,1,11,19.2,Low,32.77038537261733,Low,0.0016454052857977563,0.002557819688716169,0.9497552867318814,0.04604148829360464
FKID003414,2024-03-30 23:26:18.189000+00:00,8,19,2.1,Low,47.259162984486366,Medium,0.010368528409752026,0.0696719342728597,0.4084299462226574,0.511529591094731
FKID003440,2024-03-31 01:02:55.990000+00:00,1,11,110.9,Low,101.83955505667728,Low,0.007990398829728993,0.023126255774900267,0.5592768749836083,0.40960647041176235
FKID003429,2024-03-31 01:48:48.072000+00:00,7,7,23.0,Low,75.14737184730389,Medium,0.010553469041931485,0.09322153462693605,0.1200460193043643,0.7761789770267682
FKID003430,2024-03-31 02:19:00.125000+00:00,5,2,21.6,Low,176.69118387026634,High,0.2566235199828076,0.3049749709349677,0.29678406368610166,0.1416174453961231
FKID003439,2024-03-31 02:24:11.328000+00:00,1,11,12.1,Low,27.813954358992905,Medium,0.008066792039453286,0.027821328849857784,0.4637758319301539,0.500336047180535
FKID003436,2024-03-31 02:25:53.854000+00:00,1,11,123.8,Medium,118.19534747239277,Medium,0.009295326176952603,0.03237201761466785,0.038094682385136205,0.9202379738232433
FKID003442,2024-03-31 03:09:42.295000+00:00,5,2,20.0,Low,37.55915201268311,Medium,0.00575599003311936,0.12903760817993806,0.18096516015113726,0.6842412416358054
FKID003443,2024-03-31 03:13:05.185000+00:00,1,11,33.3,Low,48.275371844896966,Low,0.007042512013827805,0.01975671404093235,0.5915985227294671,0.3816022512157726
FKID003444,2024-03-31 03:54:47.986000+00:00,8,19,86.6,Medium,45.14512576401302,Medium,0.011595042152164538,0.0418596185599681,0.3319806438747021,0.6145646954131653
FKID003445,2024-03-31 04:19:14.260000+00:00,1,11,4.1,Low,27.98118557604292,Low,0.01059949759928361,0.042606614629993635,0.6354741965231532,0.31131969124756975
FKID003452,2024-03-31 06:13:46.075000+00:00,1,11,101.7,Medium,99.22925730419013,Medium,0.016517518772176228,0.05230786202817024,0.3921190671404208,0.5390555520592327
FKID003451,2024-03-31 06:40:30.789000+00:00,1,11,8.8,Low,20.48527856191938,Low,0.019145976962782,0.032488006289596784,0.7866539336855819,0.16171208306203924
FKID003458,2024-03-31 07:03:21.342000+00:00,0,17,122.7,Medium,113.11064423027047,Medium,0.004348693214366289,0.09200434556345446,0.016669215214578332,0.8869777460076008
FKID003459,2024-03-31 07:09:39.878000+00:00,1,11,91.0,Medium,91.89966567014159,Medium,0.005601072174014943,0.008096117467304225,0.050785420038757696,0.9355173903199232
FKID003465,2024-03-31 11:34:48.050000+00:00,1,11,331.0,High,261.03562174296326,Medium,0.3521026011223424,0.17590939689369717,0.08776739750737689,0.3842206044765835
FKID003468,2024-03-31 19:17:43.540000+00:00,5,2,24.2,Low,42.83994086062313,Low,0.003903184816682378,0.017536150786374074,0.7226331018804149,0.25592756251652865
FKID003469,2024-03-31 20:54:47.820000+00:00,5,15,41.6,Low,26.875318733374936,Low,0.0021759950987954814,0.015134972391520058,0.9659910825124339,0.016697949997250588
FKID003476,2024-03-31 22:19:42.475000+00:00,1,10,18.1,Low,53.49388297861841,Medium,0.006466787273727395,0.01467985662007144,0.41797518793919725,0.5608781681670039
FKID003484,2024-04-01 01:44:47.858000+00:00,7,8,65.1,Low,85.5429789746345,Low,0.015571333004898697,0.06865156745025677,0.6394941257074769,0.27628297383736755
FKID003486,2024-04-01 03:06:18.897000+00:00,8,9,15.2,Low,18.420534626225482,Low,0.009931238442298235,0.03267527101751864,0.6208201310749044,0.33657335946527867
FKID003490,2024-04-01 03:23:13.620000+00:00,1,11,131.9,Medium,66.1478542586393,Medium,0.013716379096114952,0.034438891121460743,0.36359882750817457,0.5882459022742497
FKID003493,2024-04-01 05:25:38.906000+00:00,8,19,92.6,Low,83.3570428963152,Low,0.01171312553376912,0.05932135031647522,0.8182911453605158,0.11067437878924
FKID003497,2024-04-01 08:43:56.797000+00:00,5,3,111.0,Medium,16.31417556132309,Low,0.0027729645129724438,0.008072286102834631,0.9422959387670915,0.04685881061710127
FKID003499,2024-04-01 18:28:41.937000+00:00,5,15,75.4,Medium,68.8235476418143,Medium,0.005833817201907498,0.12061780250909282,0.3219039210510428,0.5516444592379569
FKID003500,2024-04-01 18:53:03.655000+00:00,1,11,68.5,Low,69.86430412082095,Low,0.001999899903614381,0.0033464843491576046,0.8575753592452772,0.13707825650195088
FKID003511,2024-04-01 19:43:56.956000+00:00,2,12,145.0,High,116.70451884867083,Low,0.055165761727537545,0.14335229526416418,0.41717052899006596,0.3843114140182322
FKID003507,2024-04-01 20:59:08.727000+00:00,1,11,235.8,Medium,242.99666915255267,Medium,0.018416342817080236,0.044294760170455055,0.21930594050446456,0.7179829565080003
FKID003505,2024-04-01 21:00:57.436000+00:00,0,17,74.8,Medium,61.310764010082195,Medium,0.013924688639416248,0.1034598242938973,0.26779754992301075,0.6148179371436757
FKID003518,2024-04-02 00:25:28.394000+00:00,0,17,14.2,Medium,35.95185531398062,Low,0.12314845968850224,0.02452155824824197,0.6746310012804477,0.17769898078280807
FKID003531,2024-04-02 02:10:08.003000+00:00,4,14,37.9,Medium,37.59191834138127,Medium,0.0083549362110899,0.3485853934765443,0.24044512234925056,0.40261454796311524
FKID003538,2024-04-02 05:00:50.267000+00:00,5,15,30.4,Low,27.40486216006248,Low,0.0044973373346254685,0.023478089571230404,0.8991365204475915,0.07288805264655246
FKID003535,2024-04-02 05:13:16.714000+00:00,5,2,136.3,Medium,62.76153241458394,Low,0.007183386560801689,0.02619096617072902,0.8281274836273886,0.13849816364108078
FKID003542,2024-04-02 06:12:04.412000+00:00,1,10,40.6,Medium,39.94312235173402,Medium,0.010062093447710566,0.00784336529117116,0.1393662367514201,0.842728304509698
FKID003544,2024-04-02 06:38:45.177000+00:00,7,1,37.8,Low,76.40981029737401,Low,0.00793727504243126,0.01798603438844385,0.6878537715898442,0.28622291897928065
FKID003545,2024-04-02 06:49:30.630000+00:00,5,2,79.3,Medium,77.1821941914341,Low,0.008241815757593411,0.0430734471978224,0.7291419860527966,0.21954275099178752
FKID003552,2024-04-02 07:32:27.344000+00:00,1,10,35.2,Medium,61.049339827730606,Medium,0.014660658915049113,0.05202117266073297,0.3514588609384582,0.5818593074857598
FKID003554,2024-04-02 08:58:07.976000+00:00,1,10,70.8,Medium,34.65193881795875,Low,0.005621461997124803,0.03608268608076572,0.9223670245569484,0.03592882736516104
FKID003562,2024-04-02 19:01:52.706000+00:00,1,10,38.2,Medium,40.902654629810414,Low,0.02113203274422323,0.21658035746073803,0.5190019191536914,0.2432856906413472
FKID003565,2024-04-02 19:51:57.701000+00:00,2,20,46.9,Low,69.21794310408251,Low,0.004231561757814282,0.07406831387771007,0.8942349463405358,0.027465178023939715
FKID003567,2024-04-02 20:24:24.222000+00:00,1,11,64.4,Low,65.09746719876726,Medium,0.003834877454939178,0.005014010210253374,0.27279228567262265,0.7183588266621849
FKID003564,2024-04-02 20:45:04.081000+00:00,5,3,241.0,Medium,121.03099603032054,Low,0.012590653627025782,0.07338017264189321,0.48163788413333536,0.43239128959774553
FKID003569,2024-04-02 20:54:32.794000+00:00,8,19,625.2,High,770.6667673782555,High,0.016627848082495317,0.7910454249146164,0.13621414142915428,0.056112585573733866
FKID003576,2024-04-02 22:57:39.308000+00:00,5,2,15.3,Low,59.34338665560706,Low,0.00936537210308604,0.025946619800203928,0.5875128814828111,0.37717512661389896
FKID003580,2024-04-03 00:03:42.292000+00:00,0,18,58.3,Low,35.407530440512595,Low,0.0026291080113844587,0.004839096778384723,0.9638056830901136,0.02872611212011711
FKID003581,2024-04-03 00:27:18.234000+00:00,0,18,34.9,Low,32.103981839253535,Low,0.002064665225646457,0.003739025796589392,0.9582082094255411,0.035988099552223055
FKID003587,2024-04-03 01:57:01.824000+00:00,8,19,59.3,Medium,41.359675542710505,Medium,0.010682947882163533,0.04642100571150798,0.45347595760533627,0.4894200888009921
FKID003592,2024-04-03 03:20:01.908000+00:00,2,12,110.1,Medium,75.44503123223734,Low,0.009668591864239472,0.10028379420248616,0.5841076146252632,0.3059399993080112
FKID003594,2024-04-03 03:31:30.763000+00:00,1,10,115.7,High,115.6949330196411,Medium,0.01191610353971906,0.11710586756069798,0.03478360678023813,0.8361944221193448
FKID003595,2024-04-03 03:38:44.805000+00:00,1,11,11.8,Low,24.882427466213056,Low,0.001993886636020278,0.003617837136110539,0.9821265344210677,0.012261741806801486
FKID003596,2024-04-03 04:59:48.351000+00:00,1,10,41.9,Medium,39.556264028477955,Medium,0.007734281868125035,0.03237854301269591,0.21098582319636638,0.7489013519228127
FKID003599,2024-04-03 05:08:10.357000+00:00,1,11,48.8,Low,46.15417266678762,Low,0.0024047989193835156,0.0041719880359130735,0.9750820080546488,0.018341204990054646
FKID003600,2024-04-03 05:13:42.275000+00:00,1,11,61.6,Low,46.929067867959105,Low,0.0019376259810253377,0.0027564743352686974,0.9864222037914141,0.008883695892292008
FKID003604,2024-04-03 05:50:02.058000+00:00,5,2,165.3,Medium,94.3866035039699,Medium,0.013004091767142371,0.077722210778547,0.34195776748329065,0.56731592997102
FKID003607,2024-04-03 06:34:08.261000+00:00,8,19,36.6,Low,27.733021712178914,Low,0.006960363216795757,0.02722119134961818,0.8409366508446064,0.12488179458897959
FKID003617,2024-04-03 06:47:28.920000+00:00,1,11,200.7,Medium,174.23025788521164,Low,0.010979788414597758,0.040414478828215215,0.569235141011491,0.379370591745696
FKID003616,2024-04-03 06:52:50.391000+00:00,5,2,167.0,Medium,108.47257351131252,Low,0.01146505170038777,0.13017488053011542,0.6063963205688406,0.25196374720065623
FKID003618,2024-04-03 07:06:03.851000+00:00,4,14,91.2,Medium,120.19203063820572,Critical,0.3219461502041865,0.2916831749753072,0.1790520262318014,0.20731864858870486
FKID003621,2024-04-03 07:09:54.594000+00:00,1,11,1006.2,Medium,667.156422444451,Medium,0.021177242526638138,0.0884671658645487,0.22684400263349128,0.6635115889753219
FKID003620,2024-04-03 07:11:23.135000+00:00,1,11,925.7,Critical,838.2821625792839,High,0.2671341799711501,0.3969499784213017,0.14207152755828517,0.19384431404926303
FKID003624,2024-04-03 07:12:10.845000+00:00,5,2,47.1,Low,78.73091748217603,Low,0.0034273550914485354,0.01334446268105806,0.9567088098984637,0.026519372329029667
FKID003625,2024-04-03 07:18:03.945000+00:00,8,19,290.7,Medium,721.6837742890144,High,0.011907978522718191,0.8562185373975791,0.09703907499838145,0.034834409081321335
FKID003628,2024-04-03 07:20:58.087000+00:00,1,11,995.1,Medium,522.3854742449686,Medium,0.0138329849436299,0.03862458105041151,0.39188976209294774,0.5556526719130108
FKID003631,2024-04-03 07:24:11.255000+00:00,1,10,41.5,Low,81.6440767757994,Low,0.006227839328825078,0.03736459732459253,0.927846803267855,0.02856076007872743
FKID003633,2024-04-03 07:26:06.765000+00:00,1,11,910.7,Critical,818.2651198604372,Critical,0.5690937780668286,0.16826502872409524,0.08897999437653369,0.17366119883254255
FKID003637,2024-04-03 07:42:22.344000+00:00,8,19,266.3,Medium,658.2869707463561,High,0.015206707008889656,0.7586077385820968,0.1384813123566835,0.0877042420523299
FKID003640,2024-04-03 07:43:26.029000+00:00,1,11,30.9,Low,103.18481720458381,Low,0.0033727368889422404,0.008606559188525239,0.9425194171629921,0.04550128675954056
FKID003643,2024-04-03 07:55:49.960000+00:00,1,11,18.8,Low,15.011980082747318,Low,0.001033192095516491,0.0017104945898126526,0.992233097363674,0.005023215950996678
FKID003644,2024-04-03 08:00:10.675000+00:00,8,19,22.5,Low,86.93017268984524,Low,0.006938602089767894,0.06294579512090492,0.8796311894630281,0.05048441332629909
FKID003648,2024-04-03 08:31:52.609000+00:00,8,19,27.6,Low,82.81182520837649,Low,0.012611063832274744,0.19796169283018047,0.6834748913749754,0.10595235196256936
FKID003650,2024-04-03 08:35:45.197000+00:00,9,21,33.9,Low,32.3232525613842,Low,0.003410690264865505,0.011274783998489128,0.9403642015370669,0.04495032419957851
FKID003651,2024-04-03 08:44:43.840000+00:00,8,19,14.7,Low,28.40257489763933,Low,0.005347468246864824,0.015456874380107389,0.9266721708787002,0.05252348649432752
FKID003655,2024-04-03 09:49:00.728000+00:00,9,21,40.6,Low,49.278054221156765,Low,0.011641697520043568,0.10755533072303858,0.7115935433996526,0.1692094283572652
FKID003657,2024-04-03 10:16:05.969000+00:00,1,11,32.5,Low,127.55358623585398,Low,0.08031876846266756,0.08298672922354515,0.6751587135119295,0.16153578880185773
FKID003665,2024-04-03 19:08:57.863000+00:00,9,21,72.1,Low,111.00003902282613,Low,0.010595442740376462,0.03613922834353083,0.8398520419792943,0.11341328693679846
FKID003664,2024-04-03 19:23:14.276000+00:00,5,3,20.8,Low,63.14485273158016,High,0.017324884265381233,0.47061028244169484,0.22097901654671112,0.2910858167462129
FKID003670,2024-04-03 20:18:23.041000+00:00,5,3,96.7,Medium,77.42450629780322,Medium,0.015259491607646907,0.3163880396140352,0.13346882326909337,0.5348836455092244
FKID003673,2024-04-03 20:37:23.289000+00:00,1,11,46.8,Low,90.80475073200373,Low,0.0026706366810923137,0.0073382151075209,0.9616114882559347,0.028379659955451934
FKID003684,2024-04-03 21:06:25.666000+00:00,1,10,48.2,Medium,54.58250432972505,Medium,0.028039814493453045,0.05452373855624986,0.2599440160617826,0.6574924308885144
FKID003678,2024-04-03 21:10:34.720000+00:00,1,11,63.6,Low,58.59841714408425,Low,0.0021798238783157604,0.0031407376275112172,0.9657957963186427,0.02888364217553031
FKID003685,2024-04-03 21:18:39.571000+00:00,1,11,1.1,Low,44.231316707953305,Low,0.0018785521574924732,0.003062124474599144,0.9770100950420234,0.018049228325884913
FKID003689,2024-04-03 21:31:02.061000+00:00,5,2,72.4,Low,95.51424586200729,Low,0.008741285940079434,0.034014052227504823,0.5630059664393056,0.39423869539311024
FKID003688,2024-04-03 21:34:33.760000+00:00,1,11,90.4,Medium,139.36417282072205,Medium,0.20194806810890215,0.03689570726166428,0.2101563581447594,0.5509998664846741
FKID003687,2024-04-03 21:36:31.983000+00:00,1,11,25.4,Low,31.739846596714703,Low,0.0018146067248704964,0.002803195595698673,0.969142411298985,0.026239786380445853
FKID003693,2024-04-03 21:57:39.937000+00:00,7,1,122.3,Medium,74.79895712028633,Medium,0.01075295502979107,0.035131466763073924,0.08659695830883242,0.8675186198983027
FKID003692,2024-04-03 22:06:01.518000+00:00,1,11,86.3,Medium,67.70567344414307,Low,0.0035888550323526286,0.006672947734242049,0.8526098093369767,0.13712838789642845
FKID003703,2024-04-03 22:56:27.469000+00:00,1,11,1412.0,Medium,707.8414551308033,Low,0.02767472319039877,0.06822338072285436,0.5139372834500044,0.39016461263674246
FKID003712,2024-04-04 00:15:03.099000+00:00,5,3,1.9,Low,43.90436221193794,Low,0.012664680376640805,0.03311214679853235,0.6086575234173013,0.3455656494075255
FKID003719,2024-04-04 02:19:19.555000+00:00,2,12,1197.6,Critical,451.35238246494595,High,0.030413851094992287,0.7159697677657723,0.07423996443456636,0.17937641670466895
FKID003723,2024-04-04 04:31:32.539000+00:00,2,20,14.2,Low,181.23222707455335,High,0.004856688315135599,0.6884779930409013,0.10166082261811371,0.20500449602584933
FKID003725,2024-04-04 04:35:23.433000+00:00,1,11,39.2,Low,41.299878845821226,Low,0.008767250512934154,0.01560970504750371,0.8013426393562049,0.1742804050833573
FKID003726,2024-04-04 04:45:11.168000+00:00,5,2,35.3,Low,44.8958728278863,Low,0.0037950157855485387,0.010908077414441863,0.8586766744816605,0.12662023231834912
FKID003724,2024-04-04 04:51:09.391000+00:00,1,11,30.1,Low,68.82752888677145,Low,0.004596841284061017,0.0084475257128021,0.7899060732652924,0.19704955973784458
FKID003721,2024-04-04 05:19:04.381000+00:00,8,9,3.7,Low,45.86028566376688,Low,0.005776016613567925,0.02383727840688833,0.916875203119723,0.0535115018598207
FKID003730,2024-04-04 05:38:15.941000+00:00,1,11,226.3,Medium,210.80935576064783,Medium,0.03552355054224841,0.316203980143783,0.038365936523759456,0.6099065327902091
FKID003733,2024-04-04 05:40:26.963000+00:00,8,19,112.1,Medium,87.63323201872343,Medium,0.014197140127992136,0.22105851659534295,0.3494130176232189,0.415331325653446
FKID003745,2024-04-04 07:20:48.669000+00:00,5,15,123.7,High,83.08390911792807,Medium,0.01353160513560871,0.12440321707581392,0.10714682716323227,0.7549183506253452
FKID003739,2024-04-04 08:06:02.788000+00:00,5,3,61.3,Low,48.37147125545907,Low,0.004805332853874234,0.02923825527768453,0.912385769427745,0.05357064244069618
FKID003743,2024-04-04 08:56:41.157000+00:00,1,11,21.6,Low,17.38455296667045,Low,0.0016616336120923495,0.004909349706893113,0.9811740955883101,0.012254921092704358
FKID003747,2024-04-04 10:00:34.986000+00:00,1,10,2.6,Low,27.775135902637366,Medium,0.00873931273301459,0.01669939760027732,0.4548527108362506,0.5197085788304574
FKID003754,2024-04-04 20:34:19.274000+00:00,8,19,25.8,Low,84.42654366859966,Medium,0.00938640876783722,0.33691164878009744,0.10226763546020104,0.5514343069918644
FKID003765,2024-04-04 22:43:43.742000+00:00,1,11,40.9,Low,88.04945319063083,Low,0.004376256528988835,0.006227341608623973,0.7329252024953536,0.25647119936703355
FKID003776,2024-04-05 01:59:12.650000+00:00,1,10,76.0,Medium,50.333909744826826,Low,0.021076194097396098,0.02471901002513301,0.5594941914652285,0.3947106044122423
FKID003774,2024-04-05 02:08:26.551000+00:00,1,11,24.6,Low,43.670201244120776,Low,0.006541097762675813,0.025097675337587253,0.5012705246040225,0.4670907022957144
FKID003782,2024-04-05 04:52:18.644000+00:00,1,11,27.3,Low,36.65454220708175,Low,0.0027750499839815598,0.005193089430346502,0.9741147798984797,0.017917080687192125
FKID003784,2024-04-05 05:13:30.592000+00:00,1,11,19.6,Low,113.33019601936263,Low,0.0091070445115168,0.03047639866876818,0.5115718285998893,0.4488447282198257
FKID003785,2024-04-05 05:45:36.677000+00:00,8,19,22.9,Medium,50.12711271498013,Low,0.0524907861426194,0.13220973301447808,0.6435633934197407,0.17173608742316177
FKID003787,2024-04-05 06:18:15.677000+00:00,5,2,65.9,Medium,79.48269909684183,Medium,0.007091350714422527,0.030229385389594153,0.029711575688248795,0.9329676882077345
FKID003786,2024-04-05 06:22:26.536000+00:00,1,10,4.5,Low,26.911792130064526,Medium,0.014018946423763968,0.011632505011747058,0.17161467725345217,0.8027338713110369
FKID003793,2024-04-05 07:08:34.447000+00:00,8,9,65.7,Medium,78.55513163073874,Medium,0.008963245013147048,0.05178922257418364,0.05909479904525876,0.8801527333674105
FKID003805,2024-04-05 07:57:03.165000+00:00,7,7,142.5,Medium,116.40056462542171,Low,0.005786705220831825,0.042048030373114,0.815427640140351,0.13673762426570316
FKID003806,2024-04-05 07:58:48.272000+00:00,7,7,142.6,Medium,84.34125988129595,Low,0.005353873550676736,0.04169220798517983,0.9019433254683707,0.05101059299577261
FKID003802,2024-04-05 08:00:36.068000+00:00,7,1,48.7,Low,75.39701302057101,Low,0.0038372423680264394,0.018354249073552327,0.9423063488431372,0.03550215971528393
FKID003804,2024-04-05 08:07:44.243000+00:00,1,11,61.2,Low,60.29259872410036,Low,0.003583935593734821,0.005454955901083224,0.672612124042878,0.31834898446230403
FKID003815,2024-04-05 08:17:31.222000+00:00,1,11,1393.5,Medium,686.8168273324376,High,0.022371573330589114,0.44541808256215143,0.1294166827244974,0.4027936613827621
FKID003820,2024-04-05 08:18:12.097000+00:00,1,11,32.3,Medium,55.4530267815739,Low,0.08623087585123247,0.07251871490988421,0.4539492569740336,0.3873011522648496
FKID003813,2024-04-05 08:24:04.921000+00:00,6,16,72.6,Low,64.93265081527562,Low,0.01708549011551839,0.10945091009812118,0.602249370879806,0.2712142289065544
FKID003811,2024-04-05 08:24:37.664000+00:00,1,11,17.0,Low,40.367009150275514,Low,0.11419514220132684,0.14060822702620265,0.5543558707313265,0.19084076004114414
FKID003812,2024-04-05 08:25:15.248000+00:00,1,11,40.0,Low,62.210714651918316,Low,0.0014428611972729394,0.0035846218049243833,0.9840707696994445,0.010901747298358086
FKID003814,2024-04-05 08:30:32.804000+00:00,1,11,96.1,Medium,128.84492652380624,Medium,0.06041057480180476,0.3176619955123158,0.21619841095159492,0.4057290187342846
FKID003825,2024-04-05 08:37:23.483000+00:00,6,16,1373.6,High,720.1413133050355,High,0.01966369434367052,0.7559045313294892,0.08240223812524328,0.142029536201597
FKID003824,2024-04-05 09:08:53.845000+00:00,7,7,49.0,Low,128.67987933510418,Low,0.006420265714145751,0.04030931177025033,0.9165419798364153,0.03672844267918867
FKID003836,2024-04-05 09:15:28.333000+00:00,1,11,548.8,High,407.51650333226513,High,0.08570817229130631,0.8171192591146945,0.016400313351663982,0.08077225524233532
FKID003835,2024-04-05 09:19:38.657000+00:00,1,11,16.5,Low,83.63797136857143,Low,0.001998414078121914,0.006101827981392589,0.9822860382986743,0.009613719641811095
FKID003838,2024-04-05 09:30:26.419000+00:00,1,11,1320.4,Medium,728.5007153044103,Medium,0.02073479403551973,0.17057283274919893,0.11910388800424795,0.6895884852110334
FKID003878,2024-04-05 10:23:30.046000+00:00,1,11,952.4,Medium,725.2969056404248,Medium,0.037461798614963036,0.2636322096061099,0.10177869493376139,0.5971272968451657
FKID003845,2024-04-05 10:38:04.581000+00:00,1,11,536.5,High,640.6587832620788,Critical,0.6371613966232861,0.09682988115793023,0.05386586213453712,0.21214286008424663
FKID003846,2024-04-05 18:20:56.451000+00:00,5,2,48.3,Medium,56.04437758701017,Low,0.013226249860509229,0.06742215035318208,0.4727461665305654,0.44660543325574337
FKID003859,2024-04-05 20:53:56.028000+00:00,2,13,731.8,Critical,736.2600321861325,High,0.00298679772296728,0.9917515310741739,0.002644973125045731,0.0026166980778132404
FKID003857,2024-04-05 20:55:48.395000+00:00,1,11,45.6,Low,42.83619781558041,Low,0.002437757764461496,0.0032035039733438234,0.8938094844514309,0.10054925381076363
FKID003858,2024-04-05 21:04:33.462000+00:00,1,11,300.7,High,283.5797994878614,High,0.047680102112530806,0.5934413835867833,0.039389428624949506,0.3194890856757365
FKID003869,2024-04-05 22:03:45.034000+00:00,9,21,155.9,Medium,72.51091433577348,Low,0.012442462537771757,0.032239770527009846,0.7492866377654916,0.20603112916972677
FKID003877,2024-04-06 01:19:16.824000+00:00,1,10,26.1,Low,43.680423887042735,Low,0.003290064842467376,0.007523907883363469,0.9199317417210429,0.06925428555312636
FKID003882,2024-04-06 01:47:19.887000+00:00,0,18,35.6,Medium,43.14133488927795,Medium,0.01526800846917902,0.09538720292056281,0.4268036302292337,0.46254115838102444
FKID003884,2024-04-06 02:38:49.599000+00:00,8,19,14.9,Low,53.50361590753151,High,0.006933087610874897,0.6553014454029261,0.245135467820755,0.0926299991654441
FKID003890,2024-04-06 03:57:20.981000+00:00,1,11,10.9,Low,59.500552158724226,Low,0.00930350365065861,0.03125043839142696,0.8190200266468902,0.14042603131102416
FKID003893,2024-04-06 04:43:45.012000+00:00,1,11,48.5,Low,54.72751707085335,Low,0.003079707895495389,0.0035937889576493167,0.8972393901791252,0.09608711296772995
FKID003894,2024-04-06 04:48:59.979000+00:00,1,10,58.5,Medium,52.60478494905828,Low,0.005180270676753053,0.015511385896006882,0.7398115198426684,0.2394968235845717
FKID003900,2024-04-06 05:53:28.166000+00:00,8,9,14.9,Low,32.590303664882924,Low,0.0042229092187675375,0.021884629020745106,0.8954162866742422,0.07847617508624498
FKID003917,2024-04-06 06:41:39.643000+00:00,1,11,63.2,Low,76.82254346953594,Low,0.002346854697605496,0.0056679061727005,0.9668462880265308,0.02513895110316323
FKID003912,2024-04-06 06:41:44.411000+00:00,1,10,34.9,Medium,165.8109847255449,High,0.17611310920404702,0.3666525075200325,0.10687413304638534,0.35036025022953526
FKID003914,2024-04-06 06:42:29.675000+00:00,1,11,948.7,High,787.579651973147,Medium,0.05389286151971631,0.12846065031511905,0.19574591789865908,0.6219005702665056
FKID003918,2024-04-06 06:45:24.093000+00:00,1,10,214.6,Critical,148.60780298428037,Critical,0.4091487098249689,0.3048177041156421,0.09477689711610178,0.1912566889432871
FKID003924,2024-04-06 06:45:33.994000+00:00,5,2,160.5,Medium,189.24132954080616,Medium,0.010842539056349363,0.4378755067892959,0.10627709342244887,0.44500486073190587
FKID003910,2024-04-06 06:46:10.198000+00:00,5,15,106.6,Medium,109.94252651634206,Low,0.013535499286299763,0.09375450279440743,0.610597780324441,0.28211221759485183
FKID003927,2024-04-06 06:54:02.433000+00:00,1,10,1.2,Low,69.2655704186357,Critical,0.5350511686251809,0.057949135850139014,0.2983786145049051,0.10862108101977509
FKID003936,2024-04-06 06:54:26.926000+00:00,1,11,1437.1,High,174.23470701963143,Medium,0.019849130135227166,0.08129854002797356,0.2760678474132192,0.6227844824235801
FKID003928,2024-04-06 06:55:15.076000+00:00,1,10,102.5,High,96.29258171235205,Critical,0.4525176243973255,0.08704855634901888,0.31584964789294223,0.14458417136071328
FKID003937,2024-04-06 06:55:28.568000+00:00,4,14,46.1,Low,573.1684566376308,High,0.013419046077930078,0.9185781200349714,0.049184898315324126,0.018817935571774434
FKID003932,2024-04-06 06:58:56.047000+00:00,2,12,2.5,Low,81.01832559585317,Low,0.01110527731290207,0.09020504264039474,0.8513933975043511,0.0472962825423521
FKID003931,2024-04-06 07:03:18.365000+00:00,0,18,65.6,Low,59.99954682080634,Low,0.008726505983151014,0.06471178510574255,0.8688363900280007,0.05772531888310572
FKID003944,2024-04-06 07:07:41.135000+00:00,1,11,44.2,Low,35.55766620981249,Low,0.09924579503615137,0.037206142311959324,0.6789050326248844,0.1846430300270049
FKID003947,2024-04-06 07:07:54.219000+00:00,1,11,130.2,Low,135.0434893938723,Low,0.00954894126611134,0.029022586067380524,0.8898249313668831,0.07160354129962507
FKID003942,2024-04-06 07:09:22.808000+00:00,1,10,32.5,Medium,71.7984484856961,Critical,0.4016270854086012,0.09946699000286241,0.3871279215700502,0.11177800301848616
FKID003946,2024-04-06 07:15:51.731000+00:00,1,11,56.7,Medium,52.748365771833846,Low,0.1380566116004485,0.06906627999558944,0.615097007704218,0.17778010069974412
FKID003948,2024-04-06 07:16:26.413000+00:00,8,19,1153.8,Critical,652.6008232907158,High,0.01918735256588533,0.8647770738940871,0.09397362064741971,0.0220619528926081
FKID003949,2024-04-06 07:17:23.696000+00:00,8,19,1416.4,Critical,730.7245949825727,High,0.005864396252891939,0.9361121400271931,0.042548638136154775,0.01547482558376028
FKID003951,2024-04-06 07:18:43.916000+00:00,1,10,14.6,Low,86.53097211801145,Low,0.0035584429484234407,0.01360645586473217,0.951169756631862,0.0316653445549824
FKID003962,2024-04-06 07:26:56.324000+00:00,2,20,35.9,Low,57.64748581969945,Low,0.002953938200503497,0.013509659486849563,0.9635024217615932,0.020033980551053796
FKID003967,2024-04-06 07:37:42.658000+00:00,1,11,64.0,Medium,194.94895366190423,Medium,0.02573245881131977,0.039898495755986516,0.34455333950916794,0.5898157059235258
FKID003964,2024-04-06 07:45:41.700000+00:00,1,11,1403.8,Critical,360.411070424609,Critical,0.37487354198216155,0.2380861269535261,0.03646789829507809,0.3505724327692343
FKID003968,2024-04-06 07:59:06.960000+00:00,1,11,77.1,Medium,62.174609188417655,Low,0.013954913036025524,0.09050083743965945,0.7642407308814644,0.13130351864285056
FKID003977,2024-04-06 08:19:24.252000+00:00,8,19,16.6,Low,44.16254312476259,Low,0.0033279852541468692,0.01753239808281117,0.8951193257434267,0.08402029091961524
FKID003989,2024-04-06 18:59:22.199000+00:00,1,11,15.9,Low,29.957649231859047,Low,0.004046558700908349,0.007448361368862854,0.7390449503616257,0.24946012956860325
FKID003997,2024-04-06 19:10:05.757000+00:00,0,18,54.2,Medium,38.132879227692236,Low,0.012907990175666217,0.1288942540728586,0.6342530632698317,0.2239446924816436
FKID003994,2024-04-06 19:19:35.872000+00:00,0,18,35.4,Low,34.014389161683525,Low,0.0031725473156742068,0.006651024951245378,0.9461700774904789,0.04400635024260142
FKID003998,2024-04-06 19:24:51.724000+00:00,0,18,623.2,High,370.9355096560661,High,0.15248022237945125,0.5230193520078467,0.19799671892969292,0.12650370668300914
FKID003996,2024-04-06 19:42:43.201000+00:00,0,18,21.1,Low,41.24658104802153,Low,0.003989717347078187,0.03540619109115262,0.8942317016428678,0.06637238991890144
FKID004003,2024-04-06 20:14:40.406000+00:00,1,11,38.4,Low,85.20002472814687,Low,0.042278920119129475,0.1265093286665072,0.716297105185808,0.1149146460285552
FKID004012,2024-04-06 21:13:02.448000+00:00,0,18,93.4,Low,83.69495295971088,Low,0.011487124582040945,0.047718311151768,0.5729946303405237,0.36779993392566734
FKID004004,2024-04-06 21:18:56.168000+00:00,1,11,48.4,Low,46.846383504723356,Low,0.00855126346999937,0.016318193766789904,0.556135475854176,0.4189950669090346
FKID004005,2024-04-06 21:48:09.016000+00:00,1,11,101.0,Low,85.57228571329652,Low,0.003883046248259649,0.00965116562208812,0.9436104355375012,0.042855352592150966
FKID004015,2024-04-06 22:50:22.873000+00:00,7,1,30.0,Low,48.54254972720517,Low,0.08151959988722565,0.073494684428765,0.5054124706416498,0.3395732450423594
FKID004020,2024-04-06 23:39:25.869000+00:00,1,10,86.2,Medium,77.45791873868686,Low,0.038077069048613424,0.13312610846223377,0.4530633492740175,0.37573347321513545
FKID004026,2024-04-07 00:09:16.756000+00:00,1,11,13.9,Low,22.782571812601624,Low,0.001099930788937373,0.003005644132698281,0.9856854678219261,0.010208957256438188
FKID004027,2024-04-07 00:45:43.663000+00:00,1,11,21.3,Low,47.11675354957643,Low,0.0017108484070948447,0.003896400691945909,0.940322575912938,0.05407017498802114
FKID004030,2024-04-07 00:58:06.443000+00:00,1,10,306.1,Critical,100.4730845612333,Medium,0.28218465456459435,0.11968326028266328,0.26905582286594715,0.32907626228679526
FKID004033,2024-04-07 01:09:37.916000+00:00,5,2,62.0,Low,71.15818760667199,Low,0.011204877762575399,0.03718228332318342,0.7007697715301435,0.2508430673840978
FKID004032,2024-04-07 01:40:11.985000+00:00,1,5,4.9,Low,25.789864294290744,Medium,0.020396279465959503,0.16115501858374007,0.4077908882478498,0.4106578137024506
FKID004031,2024-04-07 02:04:12.448000+00:00,2,13,481.6,Critical,407.3959604297114,High,0.02872083053836581,0.9400856312700621,0.017478870813803102,0.013714667377769173
FKID004034,2024-04-07 02:12:05.994000+00:00,1,11,16.4,Low,33.42187658908674,Low,0.012334219246578675,0.029300212080235064,0.6734765480626936,0.2848890206104926
FKID004038,2024-04-07 02:35:52.603000+00:00,8,19,100.5,High,62.144730649025234,Medium,0.009652508444657381,0.2830039458124997,0.15258481627595777,0.5547587294668851
FKID004042,2024-04-07 02:48:34.116000+00:00,1,11,31.6,Low,78.95179430274946,Low,0.009735466106095122,0.02461816810628226,0.8879230694085811,0.07772329637904139
FKID004039,2024-04-07 03:01:08.935000+00:00,1,5,6.4,Low,16.927678993720278,Low,0.005874508933388932,0.01215911633208314,0.9557168960180074,0.026249478716520478
FKID004040,2024-04-07 03:02:14.957000+00:00,1,11,149.7,Medium,111.95697222113604,Medium,0.014300364796517941,0.03682356507117263,0.06713153240432632,0.881744537727983
FKID004044,2024-04-07 04:02:21.409000+00:00,1,11,42.8,Low,46.81012518306852,Low,0.015386017725055016,0.03775797045988211,0.5475693019841563,0.3992867098309065
FKID004046,2024-04-07 04:06:41.942000+00:00,1,11,82.9,Low,68.61878755689916,Low,0.0048350631064695525,0.02078268725125474,0.7935691470299773,0.1808131026122985
FKID004053,2024-04-07 04:46:58.077000+00:00,8,9,82.6,Medium,83.7438856221885,Medium,0.007147761272996799,0.42772490941170604,0.07351088962207566,0.4916164396932215
FKID004052,2024-04-07 04:47:03.372000+00:00,8,19,117.5,Medium,117.13766517536101,Medium,0.02638171441120102,0.2561433212982001,0.05059984736686584,0.666875116923733
FKID004056,2024-04-07 04:51:00.762000+00:00,7,8,60.6,Medium,67.67926871267017,Medium,0.01718441582048305,0.0690359782689343,0.07828756919062858,0.8354920367199541
FKID004055,2024-04-07 05:14:05.706000+00:00,8,19,26.9,Low,201.9000700602372,Low,0.00722034550297654,0.2901799162005606,0.6613215279046412,0.041278210391821786
FKID004054,2024-04-07 05:31:01.855000+00:00,8,19,9.9,Low,88.42290691994984,High,0.013425253831071973,0.45297734463713396,0.25374591836320415,0.27985148316859004
FKID004061,2024-04-07 06:00:25.656000+00:00,1,10,103.6,Medium,55.720917100095924,Low,0.008305465462861738,0.06806852255083046,0.7430040895020291,0.18062192248427872
FKID004063,2024-04-07 06:03:09.345000+00:00,1,11,53.1,Low,73.55053975962356,Low,0.11392309623685506,0.04316501618617426,0.6464659861538501,0.19644590142312054
FKID004059,2024-04-07 06:21:32.505000+00:00,1,11,103.5,Low,464.65742851295005,Medium,0.03652527765420437,0.14484358572541337,0.09090198893609407,0.7277291476842881
FKID004069,2024-04-07 06:24:53.416000+00:00,5,2,1266.7,High,835.2032667700458,High,0.08704141112202324,0.6504297902100492,0.16118681436760002,0.10134198430032762
FKID004066,2024-04-07 06:26:51.405000+00:00,8,9,256.1,Medium,131.51620769900148,Medium,0.008449977500941164,0.07364097800777596,0.4081667670184032,0.5097422774728797
FKID004064,2024-04-07 07:06:50.491000+00:00,5,2,116.6,Medium,68.7006579320919,Medium,0.012343693295143381,0.11016886860973829,0.28692142591802927,0.590566012177089
FKID004074,2024-04-07 07:38:39.412000+00:00,6,16,42.2,Medium,55.47994295608935,Low,0.011212993178341697,0.11395738910768992,0.6798089286846984,0.1950206890292698
FKID004078,2024-04-07 08:39:17.406000+00:00,1,11,49.5,Low,57.04149331271558,Low,0.006201937759251046,0.028879636855079962,0.8964933721320824,0.06842505325358657
FKID004081,2024-04-07 09:53:33.612000+00:00,5,15,59.8,Medium,38.04420862336389,Low,0.007585388279876889,0.10522126788946927,0.6133054683064817,0.2738878755241721
FKID004086,2024-04-07 19:19:05.176000+00:00,1,10,50.0,Medium,59.32145596389221,Medium,0.012298614408158102,0.03566802212153659,0.10462894231888607,0.8474044211514192
FKID004092,2024-04-07 20:36:30.257000+00:00,1,11,91.6,Low,91.6192855454585,Low,0.006830628817838966,0.005552212568223618,0.9490704515082005,0.038546707105736884
FKID004099,2024-04-07 21:55:52.106000+00:00,5,2,10.5,Low,36.64847267887361,Medium,0.006630558749403452,0.019671151332954707,0.4143833014618454,0.5593149884557965
FKID004111,2024-04-08 02:33:27.447000+00:00,1,11,16.3,Low,49.90750297187289,Low,0.033801454231828294,0.06081117362368846,0.4992334109092368,0.4061539612352465
FKID004114,2024-04-08 02:58:54.820000+00:00,0,18,26.6,Low,38.49718250389425,Low,0.005880813223579661,0.02818141499898464,0.9019372769921262,0.06400049478530946
FKID004116,2024-04-08 03:01:21.198000+00:00,5,2,51.0,Medium,77.53058239464217,Medium,0.011546225080474135,0.3378689437257666,0.09442572009346577,0.5561591111002934
FKID004113,2024-04-08 07:46:41.053000+00:00,1,11,25.0,Low,28.03433713883028,Low,0.0015888363346811287,0.0021725034661404553,0.9850534015160979,0.011185258683080387
FKID004118,2024-04-08 07:49:18.629000+00:00,1,11,34.8,Low,86.7742204072644,Low,0.00980025987198907,0.012080166083002261,0.939097679654708,0.03902189439030059
FKID004120,2024-04-08 11:18:02.081000+00:00,8,19,35.7,Medium,125.11621323641612,Low,0.019608023610124422,0.3677565973406843,0.38294016814960996,0.2296952108995814
