zone,corridor,start_dow,hour_block,start_week,event_count,high_impact_count,target_next_week_high_impact,oof_risk_proba,oof_risk_pred
North Zone 2,ORR North 2,3.0,8.0,1,1,1,0,0.0,0
Central Zone 2,Non-corridor,1.0,8.0,1,2,0,0,0.0,0
West Zone 2,West of Chord Road,4.0,0.0,1,1,1,0,0.0,0
West Zone 2,Tumkur Road,4.0,4.0,1,2,1,0,0.0,0
Central Zone 1,Non-corridor,4.0,4.0,1,1,1,0,0.0,0
Central Zone 1,Non-corridor,5.0,8.0,1,1,1,0,0.0,0
South Zone 2,Non-corridor,4.0,0.0,1,2,0,0,0.0,0
South Zone 2,Non-corridor,1.0,4.0,1,1,1,0,0.0,0
South Zone 2,Non-corridor,2.0,0.0,1,1,1,0,0.0,0
South Zone 2,IRR(Thanisandra road),6.0,0.0,1,1,1,0,0.0,0
South Zone 2,IRR(Thanisandra road),6.0,4.0,1,1,0,0,0.0,0
North Zone 1,Bellary Road 2,3.0,4.0,1,1,1,0,0.0,0
North Zone 1,Bellary Road 1,4.0,16.0,1,1,0,0,0.0,0
South Zone 2,Non-corridor,1.0,0.0,1,1,1,0,0.0,0
Central Zone 2,Non-corridor,4.0,8.0,1,4,2,0,0.0,0
West Zone 1,Magadi Road,1.0,12.0,1,1,1,0,0.0,0
Central Zone 2,Mysore Road,1.0,12.0,1,1,1,0,0.0,0
South Zone 2,ORR East 1,6.0,4.0,1,2,0,0,0.0,0
North Zone 2,Bellary Road 1,4.0,0.0,1,1,1,0,0.0,0
East Zone 2,Non-corridor,0.0,0.0,1,1,0,0,0.0,0
North Zone 2,ORR North 2,2.0,0.0,1,1,1,0,0.0,0
North Zone 2,Non-corridor,6.0,8.0,1,1,0,0,0.0,0
North Zone 2,Non-corridor,4.0,4.0,1,1,1,0,0.0,0
Central Zone 2,Non-corridor,1.0,12.0,1,3,1,0,0.0,0
Central Zone 2,Non-corridor,1.0,0.0,1,3,3,0,0.0,0
Central Zone 1,ORR North 1,3.0,0.0,1,1,1,0,0.0,0
West Zone 2,Non-corridor,4.0,8.0,1,1,1,0,0.0,0
East Zone 2,ORR East 2,3.0,4.0,1,1,0,0,0.0,0
South Zone 2,Hosur Road,6.0,8.0,1,1,1,0,0.0,0
South Zone 2,Hosur Road,6.0,12.0,1,1,1,0,0.0,0
Central Zone 2,Mysore Road,3.0,0.0,1,1,0,0,0.0,0
West Zone 1,Magadi Road,2.0,8.0,1,1,1,0,0.0,0
West Zone 1,Magadi Road,1.0,4.0,1,2,0,0,0.0,0
West Zone 2,Non-corridor,4.0,12.0,1,1,1,0,0.0,0
West Zone 2,Non-corridor,1.0,0.0,1,1,1,0,0.0,0
West Zone 2,Non-corridor,1.0,4.0,1,1,1,0,0.0,0
West Zone 2,Non-corridor,2.0,0.0,1,1,1,0,0.0,0
West Zone 2,Non-corridor,2.0,8.0,1,2,2,0,0.0,0
West Zone 2,Mysore Road,4.0,12.0,1,1,1,0,0.0,0
West Zone 2,Mysore Road,2.0,8.0,1,1,1,0,0.0,0
West Zone 2,Mysore Road,3.0,0.0,1,1,0,0,0.0,0
West Zone 2,Magadi Road,5.0,4.0,1,1,1,0,0.0,0
West Zone 2,Mysore Road,0.0,12.0,1,1,1,0,0.0,0
West Zone 2,Mysore Road,1.0,4.0,1,2,1,0,0.0,0
East Zone 1,Non-corridor,6.0,4.0,1,1,1,0,0.0,0
East Zone 2,Non-corridor,3.0,20.0,1,1,0,0,0.0,0
East Zone 2,Non-corridor,4.0,0.0,1,1,1,0,0.0,0
North Zone 2,Bellary Road 1,5.0,0.0,1,1,1,0,0.0,0
East Zone 1,ORR East 2,4.0,0.0,1,1,1,0,0.0,0
West Zone 2,Bellary Road 1,6.0,12.0,1,1,1,0,0.0,0
North Zone 2,Tumkur Road,2.0,8.0,1,1,1,0,0.0,0
North Zone 2,Tumkur Road,3.0,0.0,1,1,1,0,0.0,0
North Zone 2,ORR North 2,6.0,0.0,1,1,1,0,0.0,0
Central Zone 2,Magadi Road,2.0,0.0,1,1,1,0,0.0,0
Central Zone 2,Magadi Road,4.0,4.0,1,1,0,0,0.0,0
West Zone 1,Magadi Road,5.0,8.0,1,1,1,0,0.0,0
West Zone 1,Magadi Road,3.0,4.0,1,1,0,0,0.0,0
East Zone 1,ORR East 2,3.0,0.0,1,1,1,0,0.0,0
North Zone 1,Airport New South Road,1.0,0.0,1,1,1,0,0.0,0
East Zone 1,Non-corridor,3.0,8.0,1,2,2,0,0.0,0
Central Zone 2,Non-corridor,4.0,0.0,1,4,1,1,0.0,0
Central Zone 2,Non-corridor,5.0,4.0,1,3,2,0,0.0,0
North Zone 1,ORR North 2,5.0,0.0,1,1,1,0,0.0,0
Central Zone 2,Non-corridor,5.0,8.0,1,1,1,0,0.0,0
East Zone 2,Non-corridor,4.0,4.0,1,1,0,0,0.0,0
East Zone 2,Non-corridor,4.0,8.0,1,1,1,0,0.0,0
East Zone 2,Non-corridor,2.0,8.0,1,1,1,0,0.0,0
East Zone 2,Non-corridor,2.0,12.0,1,1,0,0,0.0,0
North Zone 2,Bellary Road 1,6.0,4.0,1,1,0,0,0.0,0
Central Zone 2,Mysore Road,3.0,4.0,1,1,1,0,0.0,0
South Zone 2,Hosur Road,3.0,0.0,1,1,1,0,0.0,0
Central Zone 2,Mysore Road,3.0,8.0,1,1,1,0,0.0,0
West Zone 2,Bellary Road 1,4.0,4.0,1,1,1,0,0.0,0
North Zone 1,Bellary Road 2,5.0,8.0,1,1,0,0,0.0,0
North Zone 1,Bellary Road 2,5.0,12.0,1,1,0,0,0.0,0
East Zone 1,Non-corridor,0.0,4.0,1,1,1,0,0.0,0
Central Zone 1,Old Madras Road,0.0,0.0,1,1,1,0,0.0,0
Central Zone 2,CBD 2,5.0,8.0,1,1,1,0,0.0,0
West Zone 1,Mysore Road,2.0,8.0,1,1,1,0,0.0,0
South Zone 2,Hosur Road,2.0,8.0,1,2,2,0,0.0,0
South Zone 2,Hosur Road,2.0,12.0,1,1,1,0,0.0,0
Central Zone 2,Mysore Road,3.0,12.0,1,1,0,0,0.0,0
North Zone 2,Bellary Road 1,6.0,8.0,1,1,1,0,0.0,0
East Zone 2,Non-corridor,5.0,0.0,1,3,2,0,0.0,0
East Zone 2,Non-corridor,5.0,8.0,1,1,1,0,0.0,0
West Zone 1,Mysore Road,3.0,12.0,1,3,3,0,0.0,0
West Zone 1,Mysore Road,1.0,8.0,1,1,1,0,0.0,0
Central Zone 2,Magadi Road,1.0,4.0,1,2,1,0,0.0,0
West Zone 2,Bellary Road 1,0.0,4.0,1,1,1,0,0.0,0
North Zone 2,Tumkur Road,3.0,16.0,1,1,1,0,0.0,0
North Zone 2,Tumkur Road,4.0,4.0,1,1,1,0,0.0,0
South Zone 1,Bannerghata Road,0.0,4.0,1,1,1,0,0.0,0
South Zone 1,Bannerghata Road,2.0,8.0,1,1,1,0,0.0,0
South Zone 1,Bannerghata Road,5.0,0.0,1,1,1,0,0.0,0
North Zone 2,Non-corridor,4.0,12.0,1,1,0,0,0.0,0
North Zone 2,Non-corridor,2.0,4.0,1,1,1,0,0.0,0
West Zone 2,Bellary Road 1,1.0,0.0,1,1,1,0,0.0,0
West Zone 2,Bellary Road 1,1.0,4.0,1,1,1,0,0.0,0
West Zone 1,West of Chord Road,1.0,0.0,1,1,1,0,0.0,0
West Zone 1,West of Chord Road,3.0,4.0,1,1,1,0,0.0,0
Central Zone 1,Old Madras Road,1.0,8.0,1,1,1,0,0.0,0
West Zone 1,Tumkur Road,6.0,8.0,1,1,1,0,0.0,0
Central Zone 2,Old Madras Road,2.0,8.0,1,1,1,0,0.0,0
South Zone 2,Hosur Road,2.0,0.0,1,1,0,0,0.0,0
Central Zone 2,Mysore Road,4.0,4.0,1,2,1,0,0.0,0
North Zone 2,Bellary Road 2,1.0,0.0,1,2,2,0,0.0,0
Central Zone 2,Non-corridor,3.0,8.0,1,2,1,0,0.0,0
North Zone 2,Bellary Road 1,6.0,12.0,1,3,3,0,0.0,0
South Zone 2,Bannerghata Road,6.0,0.0,1,1,1,0,0.0,0
West Zone 1,Mysore Road,5.0,4.0,1,1,0,0,0.0,0
West Zone 1,Mysore Road,6.0,4.0,1,1,1,0,0.0,0
Central Zone 2,CBD 2,2.0,0.0,1,1,1,0,0.0,0
Central Zone 2,CBD 2,2.0,12.0,1,2,2,0,0.0,0
North Zone 2,Bellary Road 2,2.0,4.0,1,3,2,0,0.0,0
West Zone 1,Non-corridor,2.0,8.0,1,2,0,0,0.0,0
North Zone 1,ORR North 1,5.0,4.0,1,2,2,0,0.0,0
Central Zone 2,Non-corridor,5.0,12.0,1,1,0,0,0.0,0
West Zone 1,Non-corridor,0.0,8.0,1,1,0,0,0.0,0
Central Zone 2,Old Madras Road,4.0,0.0,1,1,1,0,0.0,0
South Zone 1,Non-corridor,6.0,0.0,1,1,0,0,0.0,0
South Zone 1,Non-corridor,3.0,0.0,1,1,0,0,0.0,0
South Zone 1,Non-corridor,4.0,0.0,1,1,0,0,0.0,0
South Zone 1,Non-corridor,4.0,4.0,1,1,1,0,0.0,0
South Zone 1,Non-corridor,1.0,0.0,1,4,4,0,0.0,0
South Zone 1,Non-corridor,1.0,8.0,1,1,0,0,0.0,0
Central Zone 1,Old Madras Road,2.0,8.0,1,1,0,0,0.0,0
Central Zone 1,Old Madras Road,2.0,12.0,1,2,2,0,0.0,0
West Zone 1,Non-corridor,6.0,4.0,1,2,0,0,0.0,0
West Zone 1,Non-corridor,6.0,12.0,1,1,0,0,0.0,0
Central Zone 2,CBD 2,0.0,8.0,1,1,0,0,0.0,0
West Zone 1,Non-corridor,5.0,0.0,1,2,2,0,0.0,0
West Zone 1,Non-corridor,4.0,4.0,1,1,1,0,0.0,0
West Zone 1,Non-corridor,2.0,12.0,1,1,1,0,0.0,0
West Zone 1,Non-corridor,3.0,0.0,1,1,0,0,0.0,0
West Zone 1,Non-corridor,3.0,4.0,1,2,1,0,0.0,0
Central Zone 2,CBD 2,1.0,8.0,1,1,1,0,0.0,0
Central Zone 1,Old Madras Road,2.0,16.0,1,1,1,0,0.0,0
West Zone 1,Tumkur Road,5.0,0.0,1,2,1,0,0.0,0
Central Zone 1,Old Madras Road,4.0,0.0,1,1,1,0,0.0,0
North Zone 1,Hennur Main Road,4.0,0.0,1,1,1,0,0.0,0
Central Zone 2,Non-corridor,6.0,12.0,1,2,2,0,0.0,0
Central Zone 2,Non-corridor,6.0,8.0,1,1,1,0,0.0,0
North Zone 1,Non-corridor,0.0,4.0,1,1,1,0,0.0,0
North Zone 2,Bellary Road 2,6.0,12.0,1,1,0,0,0.0,0
South Zone 1,Non-corridor,6.0,12.0,1,1,0,0,0.0,0
South Zone 1,Non-corridor,5.0,4.0,1,1,1,1,0.0,0
North Zone 1,Non-corridor,1.0,0.0,1,1,0,0,0.0,0
North Zone 1,Hennur Main Road,6.0,4.0,1,1,0,0,0.0,0
North Zone 1,Hennur Main Road,6.0,8.0,1,1,1,0,0.0,0
West Zone 1,Tumkur Road,4.0,0.0,1,1,0,0,0.0,0
West Zone 1,Tumkur Road,3.0,4.0,1,1,1,0,0.0,0
Central Zone 2,Bellary Road 1,4.0,12.0,1,2,2,0,0.0,0
South Zone 2,Bannerghata Road,3.0,0.0,1,2,2,0,0.0,0
East Zone 1,ORR East 1,3.0,0.0,1,1,1,0,0.0,0
East Zone 1,ORR East 2,6.0,4.0,1,1,0,0,0.0,0
Central Zone 2,Bellary Road 1,5.0,8.0,1,1,1,0,0.0,0
Central Zone 2,Bellary Road 1,6.0,0.0,1,1,1,0,0.0,0
West Zone 1,ORR West 1,1.0,12.0,1,1,0,0,0.0,0
Central Zone 2,Bellary Road 1,2.0,0.0,1,1,1,0,0.0,0
East Zone 1,ORR East 2,5.0,0.0,1,1,1,0,0.0,0
Central Zone 2,Non-corridor,3.0,0.0,1,2,1,0,0.0,0
North Zone 2,Bellary Road 2,2.0,8.0,1,1,1,0,0.0,0
North Zone 2,Bellary Road 2,2.0,12.0,1,1,1,0,0.0,0
Central Zone 2,Non-corridor,3.0,4.0,1,4,3,0,0.0,0
Central Zone 2,Mysore Road,5.0,4.0,1,2,2,0,0.0,0
West Zone 1,Tumkur Road,0.0,8.0,1,1,1,0,0.0,0
North Zone 1,ORR North 1,4.0,4.0,1,1,1,0,0.0,0
North Zone 1,ORR North 1,3.0,8.0,1,1,1,0,0.0,0
West Zone 1,Tumkur Road,3.0,8.0,1,1,0,0,0.0,0
North Zone 2,Bellary Road 2,6.0,8.0,1,1,1,0,0.0,0
East Zone 2,Non-corridor,1.0,20.0,1,1,1,0,0.0,0
North Zone 1,Bellary Road 1,0.0,16.0,1,1,1,0,0.0,0
East Zone 1,Non-corridor,2.0,4.0,1,1,0,0,0.0,0
East Zone 1,Non-corridor,2.0,8.0,1,1,0,0,0.0,0
North Zone 1,Airport New South Road,5.0,0.0,1,1,1,0,0.0,0
North Zone 1,Airport New South Road,5.0,8.0,1,1,0,0,0.0,0
North Zone 1,Airport New South Road,2.0,4.0,1,1,1,0,0.0,0
North Zone 1,Non-corridor,3.0,0.0,1,1,1,0,0.0,0
Central Zone 2,Non-corridor,2.0,8.0,1,2,1,0,0.0,0
North Zone 2,Bellary Road 2,6.0,0.0,1,3,1,0,0.0,0
North Zone 2,Bellary Road 2,5.0,12.0,1,1,1,0,0.0,0
North Zone 2,Bellary Road 2,5.0,0.0,1,2,2,0,0.0,0
North Zone 2,Bellary Road 2,6.0,16.0,1,2,2,0,0.0,0
Central Zone 2,Non-corridor,2.0,4.0,1,1,0,0,0.0,0
East Zone 1,ORR East 2,2.0,0.0,1,1,1,0,0.0,0
Central Zone 2,Mysore Road,6.0,4.0,1,1,0,0,0.0,0
North Zone 2,Bellary Road 2,3.0,0.0,1,1,1,0,0.0,0
Central Zone 2,Mysore Road,5.0,12.0,1,1,0,0,0.0,0
Central Zone 2,Bellary Road 1,0.0,0.0,1,1,1,0,0.0,0
West Zone 1,Tumkur Road,1.0,12.0,1,1,1,0,0.0,0
West Zone 1,Tumkur Road,0.0,12.0,1,1,0,0,0.0,0
Central Zone 2,Bellary Road 1,1.0,4.0,1,1,0,0,0.0,0
Central Zone 2,Bellary Road 1,1.0,8.0,1,1,1,0,0.0,0
Central Zone 2,Non-corridor,6.0,4.0,1,1,1,1,0.0,0
West Zone 1,Tumkur Road,2.0,4.0,1,1,1,0,0.0,0
Central Zone 2,Non-corridor,6.0,0.0,1,2,2,0,0.0,0
East Zone 1,ORR East 2,1.0,0.0,1,1,1,0,0.0,0
West Zone 2,West of Chord Road,5.0,12.0,1,1,1,0,0.0,0
West Zone 2,West of Chord Road,5.0,0.0,1,1,1,0,0.0,0
Central Zone 1,Non-corridor,3.0,8.0,1,1,0,0,0.0,0
West Zone 2,West of Chord Road,0.0,8.0,1,2,1,0,0.0,0
West Zone 2,Tumkur Road,2.0,8.0,1,1,1,0,0.0,0
Central Zone 1,Mysore Road,2.0,0.0,1,1,1,0,0.0,0
Central Zone 1,Mysore Road,2.0,12.0,1,1,0,0,0.0,0
Central Zone 1,Hosur Road,2.0,8.0,1,1,1,0,0.0,0
Central Zone 1,Hosur Road,3.0,0.0,1,1,1,0,0.0,0
Central Zone 1,Hosur Road,3.0,8.0,1,1,1,0,0.0,0
Central Zone 1,Mysore Road,0.0,8.0,1,1,0,0,0.0,0
Central Zone 1,Hosur Road,2.0,0.0,2,2,2,0,0.0,0
West Zone 2,West of Chord Road,3.0,0.0,2,1,0,0,0.0,0
West Zone 2,West of Chord Road,2.0,4.0,2,1,1,0,0.0,0
Central Zone 1,Non-corridor,0.0,4.0,2,1,1,0,0.0,0
Central Zone 1,Mysore Road,6.0,4.0,2,1,1,0,0.0,0
Central Zone 1,Mysore Road,5.0,8.0,2,1,0,0,0.0,0
Central Zone 1,Mysore Road,5.0,4.0,2,1,1,0,0.0,0
Central Zone 1,Mysore Road,4.0,4.0,2,1,0,0,0.0,0
West Zone 2,West of Chord Road,6.0,4.0,2,1,0,0,0.0,0
West Zone 2,West of Chord Road,6.0,12.0,2,1,1,0,0.0,0
West Zone 2,Tumkur Road,6.0,12.0,2,1,0,0,0.0,0
West Zone 2,Tumkur Road,6.0,4.0,2,1,0,0,0.0,0
West Zone 2,Tumkur Road,5.0,12.0,2,1,0,0,0.0,0
West Zone 2,West of Chord Road,1.0,0.0,2,1,1,0,0.0,0
Central Zone 1,Non-corridor,2.0,8.0,2,1,0,0,0.0,0
Central Zone 1,Non-corridor,2.0,4.0,2,1,1,0,0.0,0
East Zone 1,ORR East 2,1.0,0.0,2,1,1,0,0.0,0
East Zone 1,ORR East 1,6.0,8.0,2,1,1,0,0.0,0
West Zone 2,West of Chord Road,6.0,0.0,2,1,1,0,0.0,0
East Zone 1,ORR East 1,5.0,8.0,2,1,1,0,0.0,0
South Zone 1,ORR West 1,5.0,8.0,2,1,1,0,0.0,0
South Zone 1,ORR West 1,5.0,4.0,2,1,0,0,0.0,0
North Zone 1,ORR North 1,2.0,0.0,2,2,2,0,0.0,0
North Zone 1,ORR North 1,3.0,4.0,2,1,1,0,0.0,0
North Zone 1,ORR North 1,3.0,0.0,2,1,0,0,0.0,0
West Zone 1,Tumkur Road,2.0,0.0,2,1,0,0,0.0,0
West Zone 1,Tumkur Road,2.0,8.0,2,1,1,0,0.0,0
West Zone 1,Tumkur Road,2.0,4.0,2,1,1,0,0.0,0
Central Zone 1,Old Madras Road,6.0,0.0,2,3,3,0,0.0,0
West Zone 1,Tumkur Road,3.0,0.0,2,1,1,0,0.0,0
North Zone 1,Non-corridor,4.0,12.0,2,1,1,0,0.0,0
North Zone 1,ORR North 1,1.0,4.0,2,1,1,0,0.0,0
East Zone 1,ORR East 2,2.0,0.0,2,1,1,0,0.0,0
West Zone 1,Tumkur Road,1.0,0.0,2,2,1,0,0.0,0
Central Zone 2,Bellary Road 1,0.0,8.0,2,1,0,0,0.0,0
North Zone 2,Bellary Road 2,3.0,0.0,2,2,0,0,0.0,0
South Zone 2,Bannerghata Road,1.0,8.0,2,1,0,0,0.0,0
South Zone 2,Bannerghata Road,2.0,0.0,2,1,1,0,0.0,0
South Zone 2,Bannerghata Road,1.0,12.0,2,1,1,0,0.0,0
South Zone 1,ORR West 1,2.0,0.0,2,2,2,0,0.0,0
North Zone 2,Bellary Road 2,3.0,4.0,2,1,1,0,0.0,0
East Zone 1,ORR East 1,5.0,4.0,2,1,0,0,0.0,0
Central Zone 2,Non-corridor,2.0,4.0,2,1,1,0,0.0,0
North Zone 2,Bellary Road 2,5.0,0.0,2,4,2,0,0.0,0
North Zone 2,Bellary Road 2,6.0,4.0,2,2,1,0,0.0,0
North Zone 2,Bellary Road 2,6.0,0.0,2,1,1,0,0.0,0
Central Zone 2,Non-corridor,2.0,8.0,2,1,1,0,0.0,0
East Zone 1,ORR East 1,5.0,0.0,2,1,1,0,0.0,0
North Zone 1,Non-corridor,3.0,0.0,2,1,0,0,0.0,0
East Zone 1,Non-corridor,1.0,8.0,2,2,2,0,0.0,0
East Zone 2,Non-corridor,1.0,12.0,2,1,1,0,0.0,0
East Zone 2,Non-corridor,1.0,8.0,2,2,0,1,0.0,0
East Zone 1,ORR East 1,2.0,4.0,2,1,1,0,0.0,0
East Zone 1,Varthur Road,4.0,8.0,2,1,1,0,0.0,0
North Zone 2,Bellary Road 2,6.0,8.0,2,2,2,0,0.0,0
Central Zone 1,Old Madras Road,5.0,8.0,2,1,1,0,0.0,0
North Zone 1,ORR North 1,3.0,8.0,2,1,1,0,0.0,0
North Zone 1,ORR North 1,4.0,8.0,2,7,6,0,0.0,0
West Zone 1,Tumkur Road,0.0,8.0,2,1,0,0,0.0,0
Central Zone 2,Bellary Road 1,3.0,4.0,2,1,0,0,0.0,0
North Zone 2,Bellary Road 2,2.0,8.0,2,2,0,1,0.0,0
Central Zone 2,Non-corridor,3.0,0.0,2,3,2,0,0.0,0
West Zone 1,ORR West 1,3.0,12.0,2,1,0,0,0.0,0
West Zone 1,ORR North 2,1.0,0.0,2,1,1,0,0.0,0
Central Zone 2,Bellary Road 1,5.0,8.0,2,2,2,0,0.0,0
East Zone 1,ORR East 2,4.0,8.0,2,1,0,0,0.0,0
South Zone 2,Bannerghata Road,2.0,4.0,2,1,1,0,0.0,0
Central Zone 2,Mysore Road,5.0,0.0,2,1,0,0,0.0,0
South Zone 2,Bannerghata Road,4.0,4.0,2,1,1,0,0.0,0
South Zone 2,Bannerghata Road,3.0,8.0,2,1,1,0,0.0,0
Central Zone 2,Bellary Road 1,4.0,8.0,2,2,2,0,0.0,0
Central Zone 1,Old Madras Road,5.0,0.0,2,1,0,0,0.0,0
Central Zone 1,Old Madras Road,4.0,8.0,2,1,1,0,0.0,0
North Zone 1,Non-corridor,1.0,8.0,2,1,0,0,0.0,0
South Zone 1,Non-corridor,5.0,12.0,2,2,2,0,0.0,0
South Zone 1,Non-corridor,5.0,8.0,2,1,1,0,0.0,0
Central Zone 2,Non-corridor,0.0,4.0,2,3,2,0,0.0,0
South Zone 1,ORR West 1,1.0,8.0,2,1,1,0,0.0,0
South Zone 1,ORR West 1,1.0,0.0,2,1,0,0,0.0,0
Central Zone 2,Non-corridor,0.0,0.0,2,3,3,0,0.0,0
East Zone 2,Non-corridor,0.0,12.0,2,1,0,0,0.0,0
East Zone 2,Non-corridor,0.0,8.0,2,1,0,0,0.0,0
Central Zone 2,Non-corridor,6.0,8.0,2,2,1,0,0.0,0
Central Zone 2,Non-corridor,6.0,12.0,2,2,1,0,0.0,0
North Zone 1,Hennur Main Road,4.0,8.0,2,1,1,0,0.0,0
Central Zone 1,Old Madras Road,4.0,0.0,2,1,0,0,0.0,0
West Zone 1,Tumkur Road,5.0,0.0,2,2,1,0,0.0,0
Central Zone 1,Old Madras Road,3.0,0.0,2,2,2,0,0.0,0
West Zone 1,Non-corridor,2.0,8.0,2,1,0,0,0.0,0
West Zone 1,Non-corridor,4.0,12.0,2,2,1,0,0.0,0
West Zone 1,Non-corridor,3.0,8.0,2,1,1,0,0.0,0
West Zone 1,Non-corridor,5.0,0.0,2,3,2,0,0.0,0
West Zone 1,Non-corridor,6.0,12.0,2,2,0,1,0.0,0
West Zone 1,Non-corridor,6.0,8.0,2,1,0,0,0.0,0
West Zone 1,Non-corridor,6.0,0.0,2,2,0,0,0.0,0
Central Zone 1,Old Madras Road,2.0,12.0,2,1,0,0,0.0,0
West Zone 1,Tumkur Road,5.0,4.0,2,1,1,0,0.0,0
North Zone 2,Tumkur Road,3.0,8.0,2,1,1,0,0.0,0
South Zone 1,Non-corridor,1.0,12.0,2,2,1,0,0.0,0
South Zone 1,Non-corridor,2.0,12.0,2,1,1,0,0.0,0
South Zone 1,Non-corridor,2.0,8.0,2,1,0,0,0.0,0
Central Zone 2,Old Madras Road,3.0,0.0,2,1,1,0,0.0,0
Central Zone 2,Non-corridor,5.0,12.0,2,1,1,0,0.0,0
North Zone 1,ORR North 1,4.0,12.0,2,1,1,0,0.0,0
North Zone 1,ORR North 1,6.0,4.0,2,2,2,0,0.0,0
West Zone 1,Non-corridor,2.0,0.0,2,1,0,0,0.0,0
North Zone 2,Bellary Road 2,2.0,4.0,2,1,1,0,0.0,0
Central Zone 2,Mysore Road,4.0,12.0,2,1,1,0,0.0,0
South Zone 2,Hosur Road,0.0,0.0,2,1,0,0,0.0,0
West Zone 1,Non-corridor,1.0,12.0,2,3,3,0,0.0,0
Central Zone 2,CBD 2,3.0,0.0,2,1,1,0,0.0,0
Central Zone 2,CBD 2,5.0,4.0,2,1,1,0,0.0,0
West Zone 1,Non-corridor,0.0,0.0,2,2,2,0,0.0,0
West Zone 1,Mysore Road,5.0,4.0,2,1,0,0,0.0,0
West Zone 1,Non-corridor,1.0,8.0,2,1,0,0,0.0,0
South Zone 2,Bannerghata Road,6.0,4.0,2,1,1,0,0.0,0
Central Zone 2,Non-corridor,3.0,8.0,2,1,0,1,0.0,0
Central Zone 2,Mysore Road,4.0,4.0,2,2,1,0,0.0,0
West Zone 1,Non-corridor,1.0,0.0,2,2,1,0,0.0,0
Central Zone 2,Old Madras Road,1.0,12.0,2,1,0,0,0.0,0
Central Zone 2,Non-corridor,6.0,20.0,2,1,1,0,0.0,0
North Zone 1,Hennur Main Road,1.0,8.0,2,1,1,0,0.0,0
North Zone 1,Hennur Main Road,0.0,8.0,2,2,1,0,0.0,0
Central Zone 2,Non-corridor,6.0,16.0,2,1,1,0,0.0,0
Central Zone 1,Old Madras Road,1.0,12.0,2,1,0,0,0.0,0
West Zone 1,Tumkur Road,6.0,0.0,2,2,2,0,0.0,0
West Zone 1,Tumkur Road,6.0,8.0,2,1,0,0,0.0,0
West Zone 1,Tumkur Road,6.0,4.0,2,1,0,0,0.0,0
Central Zone 1,Old Madras Road,1.0,8.0,2,2,1,0,0.0,0
Central Zone 1,Old Madras Road,1.0,4.0,2,1,0,0,0.0,0
West Zone 1,Tumkur Road,6.0,20.0,2,1,0,0,0.0,0
West Zone 2,Bellary Road 1,1.0,4.0,2,1,0,0,0.0,0
Central Zone 2,Non-corridor,1.0,20.0,2,1,0,0,0.0,0
North Zone 2,Non-corridor,4.0,8.0,2,2,2,0,0.0,0
Central Zone 2,Non-corridor,0.0,12.0,2,1,0,0,0.0,0
West Zone 2,Bellary Road 1,2.0,8.0,2,1,1,0,0.0,0
East Zone 1,Non-corridor,4.0,8.0,2,1,0,0,0.0,0
North Zone 2,Bellary Road 1,6.0,8.0,2,2,2,0,0.0,0
South Zone 2,Hosur Road,2.0,12.0,2,1,0,0,0.0,0
West Zone 1,Mysore Road,3.0,0.0,2,1,1,0,0.0,0
West Zone 1,Mysore Road,2.0,0.0,2,1,0,0,0.0,0
West Zone 2,Bellary Road 1,2.0,0.0,2,1,1,0,0.0,0
West Zone 2,Bellary Road 1,1.0,12.0,2,1,0,0,0.0,0
North Zone 1,Bellary Road 2,1.0,4.0,2,1,1,0,0.0,0
East Zone 1,Non-corridor,1.0,0.0,2,1,0,0,0.0,0
North Zone 1,Bellary Road 2,6.0,8.0,2,1,1,0,0.0,0
North Zone 1,Bellary Road 2,4.0,8.0,2,1,0,0,0.0,0
North Zone 1,Bellary Road 2,4.0,4.0,2,1,1,0,0.0,0
East Zone 1,Non-corridor,0.0,0.0,2,1,1,0,0.0,0
Central Zone 2,Old Madras Road,6.0,8.0,2,2,1,0,0.0,0
Central Zone 2,Old Madras Road,5.0,12.0,2,1,0,0,0.0,0
West Zone 2,Bellary Road 1,4.0,4.0,2,1,1,0,0.0,0
Central Zone 2,Non-corridor,5.0,8.0,2,3,1,1,0.0,0
Central Zone 2,Mysore Road,3.0,8.0,2,1,1,0,0.0,0
East Zone 2,Non-corridor,3.0,0.0,2,1,1,0,0.0,0
North Zone 1,ORR North 2,4.0,0.0,2,1,1,0,0.0,0
Central Zone 2,Non-corridor,5.0,4.0,2,1,1,1,0.0,0
Central Zone 2,Non-corridor,4.0,0.0,2,3,3,0,0.0,0
East Zone 1,Non-corridor,3.0,4.0,2,1,1,0,0.0,0
East Zone 1,Non-corridor,2.0,16.0,2,1,1,0,0.0,0
East Zone 2,ORR North 1,4.0,8.0,2,1,1,0,0.0,0
East Zone 1,ORR East 2,3.0,0.0,2,1,1,0,0.0,0
Central Zone 2,Mysore Road,0.0,8.0,2,1,1,0,0.0,0
West Zone 1,Magadi Road,5.0,8.0,2,1,1,0,0.0,0
West Zone 1,Magadi Road,5.0,0.0,2,2,2,0,0.0,0
West Zone 2,Bellary Road 1,3.0,16.0,2,1,1,0,0.0,0
West Zone 2,Bellary Road 1,3.0,4.0,2,2,1,0,0.0,0
West Zone 2,Bellary Road 1,5.0,4.0,2,1,1,0,0.0,0
East Zone 2,Non-corridor,1.0,0.0,2,1,1,0,0.0,0
North Zone 2,ORR North 2,5.0,8.0,2,1,1,0,0.0,0
North Zone 2,ORR North 2,6.0,0.0,2,1,0,0,0.0,0
North Zone 2,Tumkur Road,2.0,0.0,2,1,1,0,0.0,0
North Zone 2,Non-corridor,1.0,12.0,2,1,0,0,0.0,0
West Zone 2,Bellary Road 1,4.0,8.0,2,1,0,0,0.0,0
West Zone 2,Magadi Road,3.0,4.0,2,1,1,0,0.0,0
West Zone 2,Magadi Road,1.0,12.0,2,1,0,0,0.0,0
West Zone 2,Bellary Road 1,6.0,8.0,2,3,2,0,0.0,0
East Zone 2,Non-corridor,6.0,8.0,2,1,1,0,0.0,0
East Zone 2,Non-corridor,5.0,12.0,2,1,1,0,0.0,0
East Zone 2,ORR North 1,2.0,8.0,2,1,1,0,0.0,0
East Zone 2,ORR North 1,2.0,0.0,2,1,1,0,0.0,0
South Zone 2,Hosur Road,5.0,4.0,2,1,1,0,0.0,0
East Zone 1,ORR East 2,4.0,0.0,2,1,1,0,0.0,0
North Zone 2,Bellary Road 1,5.0,4.0,2,1,0,0,0.0,0
East Zone 1,ORR East 2,5.0,0.0,2,1,1,0,0.0,0
South Zone 2,Hosur Road,5.0,0.0,2,1,1,0,0.0,0
East Zone 1,Non-corridor,6.0,8.0,2,1,0,0,0.0,0
North Zone 2,Bellary Road 1,5.0,12.0,2,1,1,0,0.0,0
West Zone 2,Mysore Road,2.0,0.0,2,1,1,0,0.0,0
West Zone 2,Mysore Road,4.0,8.0,2,1,1,0,0.0,0
West Zone 2,Non-corridor,1.0,12.0,2,1,0,0,0.0,0
West Zone 2,Non-corridor,1.0,0.0,2,1,1,0,0.0,0
West Zone 2,Non-corridor,4.0,8.0,2,2,1,0,0.0,0
West Zone 1,Magadi Road,1.0,4.0,2,1,0,0,0.0,0
Central Zone 2,Mysore Road,1.0,8.0,2,1,1,0,0.0,0
Central Zone 2,Mysore Road,1.0,4.0,2,1,1,0,0.0,0
Central Zone 2,Mysore Road,3.0,0.0,2,2,2,0,0.0,0
Central Zone 2,Mysore Road,2.0,16.0,2,1,1,0,0.0,0
South Zone 2,Hosur Road,5.0,12.0,2,1,1,0,0.0,0
South Zone 2,Hosur Road,5.0,8.0,2,1,1,0,0.0,0
South Zone 2,IRR(Thanisandra road),4.0,0.0,2,1,1,0,0.0,0
Central Zone 2,Mysore Road,0.0,12.0,2,1,1,0,0.0,0
East Zone 1,ORR East 1,4.0,4.0,2,1,0,0,0.0,0
Central Zone 1,ORR North 1,4.0,8.0,2,1,1,0,0.0,0
Central Zone 1,ORR North 1,2.0,8.0,2,1,0,0,0.0,0
Central Zone 2,Non-corridor,1.0,12.0,2,1,0,1,0.0,0
North Zone 2,ORR North 2,3.0,4.0,2,1,1,1,0.0,0
East Zone 1,Varthur Road,6.0,8.0,2,1,1,0,0.0,0
East Zone 1,Varthur Road,5.0,16.0,2,1,1,0,0.0,0
West Zone 2,ORR West 1,1.0,0.0,2,1,0,0,0.0,0
West Zone 2,Non-corridor,6.0,4.0,2,2,2,0,0.0,0
South Zone 2,Non-corridor,5.0,8.0,2,1,0,0,0.0,0
South Zone 2,Non-corridor,5.0,4.0,2,1,0,0,0.0,0
South Zone 2,ORR East 1,6.0,4.0,2,1,1,0,0.0,0
West Zone 1,Magadi Road,1.0,0.0,2,1,1,0,0.0,0
Central Zone 2,Non-corridor,4.0,8.0,2,2,1,0,0.0,0
Central Zone 2,Mysore Road,2.0,4.0,2,1,1,0,0.0,0
South Zone 2,Non-corridor,0.0,12.0,2,1,1,0,0.0,0
South Zone 2,Non-corridor,0.0,4.0,2,1,0,0,0.0,0
South Zone 2,Non-corridor,0.0,0.0,2,1,0,0,0.0,0
West Zone 1,Magadi Road,1.0,8.0,2,1,1,0,0.0,0
North Zone 1,Bellary Road 1,5.0,8.0,2,1,1,0,0.0,0
North Zone 1,Bellary Road 1,4.0,4.0,2,2,2,0,0.0,0
West Zone 2,West of Chord Road,2.0,0.0,2,1,1,0,0.0,0
South Zone 2,IRR(Thanisandra road),5.0,0.0,2,1,1,0,0.0,0
South Zone 2,Non-corridor,1.0,12.0,2,1,1,0,0.0,0
South Zone 2,Non-corridor,1.0,0.0,2,1,0,0,0.0,0
South Zone 2,Non-corridor,3.0,8.0,2,1,0,0,0.0,0
South Zone 2,ORR East 1,2.0,0.0,2,1,1,0,0.0,0
South Zone 2,ORR East 1,0.0,4.0,2,1,1,0,0.0,0
West Zone 2,Tumkur Road,1.0,0.0,2,1,1,0,0.0,0
West Zone 2,ORR West 1,6.0,0.0,2,1,1,0,0.0,0
Central Zone 1,Non-corridor,5.0,12.0,2,1,1,0,0.0,0
West Zone 2,Tumkur Road,4.0,0.0,2,1,1,0,0.0,0
West Zone 2,Tumkur Road,2.0,8.0,2,1,0,0,0.0,0
Central Zone 1,Mysore Road,4.0,8.0,2,1,0,0,0.0,0
Central Zone 2,Non-corridor,1.0,8.0,2,1,0,0,0.0,0
Central Zone 2,Non-corridor,1.0,4.0,2,4,4,0,0.0,0
North Zone 2,ORR North 2,5.0,0.0,2,1,1,0,0.0,0
Central Zone 2,Non-corridor,1.0,0.0,2,1,1,1,0.0,0
Central Zone 2,Non-corridor,1.0,0.0,3,4,4,1,0.0,0
Central Zone 1,IRR(Thanisandra road),1.0,0.0,3,1,0,0,0.0,0
Central Zone 2,Non-corridor,1.0,4.0,3,2,2,0,0.0,0
East Zone 1,ORR East 1,5.0,8.0,3,1,1,0,0.0,0
East Zone 1,ORR East 2,1.0,0.0,3,1,1,0,0.0,0
Central Zone 2,Non-corridor,1.0,8.0,3,1,1,0,0.0,0
Central Zone 1,Mysore Road,2.0,4.0,3,1,1,0,0.0,0
Central Zone 1,Mysore Road,2.0,8.0,3,3,2,0,0.0,0
Central Zone 1,Mysore Road,3.0,4.0,3,1,1,0,0.0,0
Central Zone 1,Mysore Road,3.0,12.0,3,1,1,0,0.0,0
Central Zone 1,Non-corridor,0.0,0.0,3,1,1,0,0.0,0
Central Zone 1,Non-corridor,1.0,4.0,3,2,2,0,0.0,0
West Zone 2,West of Chord Road,1.0,8.0,3,1,0,0,0.0,0
West Zone 2,Tumkur Road,2.0,0.0,3,2,0,0,0.0,0
South Zone 2,IRR(Thanisandra road),1.0,0.0,3,1,1,0,0.0,0
Central Zone 2,Mysore Road,2.0,8.0,3,1,1,0,0.0,0
Central Zone 1,ORR North 1,2.0,0.0,3,1,0,0,0.0,0
West Zone 2,Non-corridor,3.0,12.0,3,1,0,0,0.0,0
West Zone 2,Non-corridor,1.0,12.0,3,1,1,0,0.0,0
West Zone 2,Mysore Road,1.0,4.0,3,1,0,0,0.0,0
West Zone 2,Magadi Road,1.0,0.0,3,1,1,0,0.0,0
North Zone 2,Non-corridor,2.0,0.0,3,1,1,0,0.0,0
North Zone 2,ORR North 2,6.0,8.0,3,1,1,0,0.0,0
East Zone 2,Non-corridor,1.0,0.0,3,2,2,0,0.0,0
Central Zone 2,Mysore Road,2.0,4.0,3,4,1,0,0.0,0
North Zone 2,Bellary Road 1,4.0,4.0,3,3,3,0,0.0,0
North Zone 2,Bellary Road 1,4.0,8.0,3,1,0,0,0.0,0
Central Zone 2,Mysore Road,1.0,8.0,3,2,0,0,0.0,0
Central Zone 2,Non-corridor,5.0,0.0,3,5,2,0,0.0,0
South Zone 2,Non-corridor,0.0,0.0,3,1,1,0,0.0,0
Central Zone 2,Non-corridor,4.0,4.0,3,1,0,0,0.0,0
East Zone 1,ORR East 1,4.0,0.0,3,2,0,0,0.0,0
East Zone 2,ORR North 1,3.0,0.0,3,1,1,0,0.0,0
East Zone 2,ORR East 2,3.0,0.0,3,1,0,0,0.0,0
East Zone 1,Non-corridor,0.0,4.0,3,1,1,0,0.0,0
East Zone 1,Non-corridor,1.0,0.0,3,1,0,0,0.0,0
North Zone 1,Bellary Road 2,0.0,20.0,3,1,1,0,0.0,0
North Zone 1,Bellary Road 2,2.0,0.0,3,1,1,0,0.0,0
Central Zone 1,Old Airport Road,6.0,12.0,3,1,1,0,0.0,0
Central Zone 1,Old Madras Road,0.0,0.0,3,1,0,0,0.0,0
West Zone 2,Bellary Road 1,1.0,8.0,3,1,0,0,0.0,0
West Zone 2,Bellary Road 1,0.0,8.0,3,1,1,0,0.0,0
North Zone 2,Non-corridor,2.0,12.0,3,1,1,0,0.0,0
North Zone 2,ORR North 2,2.0,16.0,3,1,0,0,0.0,0
North Zone 2,ORR North 2,3.0,0.0,3,1,0,0,0.0,0
West Zone 2,ORR West 1,2.0,8.0,3,1,1,0,0.0,0
Central Zone 1,ORR East 1,1.0,0.0,3,2,2,0,0.0,0
East Zone 1,ORR East 2,3.0,0.0,3,1,1,0,0.0,0
East Zone 1,ORR East 2,2.0,4.0,3,1,1,0,0.0,0
West Zone 1,Magadi Road,3.0,0.0,3,2,2,0,0.0,0
Central Zone 2,Mysore Road,1.0,0.0,3,2,1,0,0.0,0
South Zone 2,Hosur Road,6.0,4.0,3,1,0,0,0.0,0
East Zone 2,ORR North 1,0.0,0.0,3,1,1,0,0.0,0
East Zone 2,ORR North 1,1.0,4.0,3,1,1,0,0.0,0
Central Zone 2,Non-corridor,3.0,16.0,3,1,1,0,0.0,0
Central Zone 2,Non-corridor,4.0,0.0,3,1,0,0,0.0,0
North Zone 2,Bellary Road 1,5.0,12.0,3,1,0,0,0.0,0
North Zone 2,Bellary Road 1,6.0,0.0,3,1,1,0,0.0,0
East Zone 1,Non-corridor,4.0,8.0,3,2,2,0,0.0,0
East Zone 2,Non-corridor,3.0,12.0,3,1,0,0,0.0,0
East Zone 2,Non-corridor,3.0,20.0,3,1,1,0,0.0,0
Central Zone 2,Mysore Road,3.0,0.0,3,2,2,0,0.0,0
North Zone 2,Bellary Road 1,5.0,4.0,3,2,2,0,0.0,0
North Zone 2,Bellary Road 1,5.0,0.0,3,1,0,0,0.0,0
South Zone 2,Hosur Road,3.0,0.0,3,1,1,0,0.0,0
Central Zone 2,Non-corridor,5.0,8.0,3,3,3,0,0.0,0
West Zone 1,Magadi Road,5.0,12.0,3,2,0,0,0.0,0
West Zone 1,Magadi Road,6.0,0.0,3,1,1,0,0.0,0
West Zone 1,Magadi Road,4.0,8.0,3,1,1,0,0.0,0
Central Zone 1,Old Madras Road,1.0,0.0,3,1,0,0,0.0,0
West Zone 1,Tumkur Road,6.0,0.0,3,1,1,0,0.0,0
Central Zone 1,Old Madras Road,2.0,0.0,3,4,3,0,0.0,0
Central Zone 2,Old Madras Road,2.0,12.0,3,1,1,0,0.0,0
South Zone 1,Non-corridor,2.0,4.0,3,53,53,0,0.0,0
South Zone 1,Non-corridor,3.0,0.0,3,1,0,0,0.0,0
East Zone 1,ORR East 1,1.0,8.0,3,1,1,0,0.0,0
West Zone 2,Bellary Road 1,3.0,4.0,3,1,1,0,0.0,0
West Zone 2,Bellary Road 1,3.0,12.0,3,1,1,0,0.0,0
East Zone 1,Non-corridor,0.0,0.0,3,1,1,0,0.0,0
Central Zone 2,Mysore Road,0.0,8.0,3,1,0,0,0.0,0
East Zone 1,Non-corridor,3.0,4.0,3,1,1,0,0.0,0
East Zone 1,Non-corridor,4.0,0.0,3,2,0,0,0.0,0
West Zone 1,Magadi Road,6.0,8.0,3,1,0,0,0.0,0
West Zone 1,Magadi Road,6.0,12.0,3,1,1,0,0.0,0
West Zone 1,Mysore Road,0.0,8.0,3,1,1,0,0.0,0
Central Zone 1,Old Madras Road,3.0,4.0,3,1,0,0,0.0,0
West Zone 1,Tumkur Road,5.0,0.0,3,1,0,0,0.0,0
Central Zone 1,Old Madras Road,4.0,0.0,3,2,1,0,0.0,0
West Zone 1,Tumkur Road,4.0,8.0,3,1,1,0,0.0,0
North Zone 1,Hennur Main Road,3.0,0.0,3,1,1,0,0.0,0
Central Zone 2,Non-corridor,6.0,12.0,3,2,2,0,0.0,0
Central Zone 2,Non-corridor,6.0,8.0,3,2,1,0,0.0,0
North Zone 2,Non-corridor,2.0,16.0,3,1,0,0,0.0,0
Central Zone 2,Non-corridor,1.0,20.0,3,1,1,0,0.0,0
Central Zone 2,Non-corridor,2.0,0.0,3,2,2,0,0.0,0
West Zone 2,Bellary Road 1,1.0,0.0,3,1,1,0,0.0,0
Central Zone 1,Old Madras Road,0.0,16.0,3,1,1,0,0.0,0
Central Zone 2,Non-corridor,5.0,4.0,3,5,3,0,0.0,0
North Zone 1,ORR North 2,1.0,8.0,3,1,1,0,0.0,0
North Zone 2,Bellary Road 1,0.0,0.0,3,1,1,0,0.0,0
East Zone 2,Non-corridor,4.0,8.0,3,1,0,0,0.0,0
South Zone 2,Hosur Road,4.0,0.0,3,1,0,1,0.0,0
South Zone 2,Hosur Road,1.0,8.0,3,2,2,0,0.0,0
South Zone 2,Hosur Road,0.0,16.0,3,1,0,0,0.0,0
South Zone 2,Hosur Road,1.0,0.0,3,1,0,0,0.0,0
North Zone 2,Bellary Road 2,0.0,4.0,3,2,2,0,0.0,0
West Zone 1,Non-corridor,1.0,8.0,3,1,0,1,0.0,0
West Zone 1,Non-corridor,0.0,0.0,3,1,1,0,0.0,0
Central Zone 2,CBD 2,4.0,8.0,3,1,1,0,0.0,0
West Zone 1,Mysore Road,2.0,12.0,3,1,1,0,0.0,0
West Zone 1,Mysore Road,3.0,0.0,3,3,1,0,0.0,0
Central Zone 2,Mysore Road,3.0,8.0,3,1,1,0,0.0,0
North Zone 2,Bellary Road 2,1.0,8.0,3,3,1,0,0.0,0
Central Zone 2,Non-corridor,0.0,4.0,3,1,1,0,0.0,0
West Zone 1,Tumkur Road,4.0,0.0,3,2,2,0,0.0,0
Central Zone 1,Old Madras Road,5.0,0.0,3,2,1,0,0.0,0
North Zone 2,Bellary Road 2,6.0,8.0,3,1,0,0,0.0,0
South Zone 1,Non-corridor,3.0,8.0,3,1,0,0,0.0,0
South Zone 1,Non-corridor,1.0,0.0,3,1,1,0,0.0,0
South Zone 1,Non-corridor,2.0,0.0,3,1,0,0,0.0,0
North Zone 2,Tumkur Road,3.0,0.0,3,1,1,0,0.0,0
West Zone 1,Tumkur Road,5.0,8.0,3,1,1,0,0.0,0
South Zone 2,Bannerghata Road,5.0,8.0,3,1,1,1,0.0,0
West Zone 1,Non-corridor,1.0,12.0,3,1,1,0,0.0,0
Central Zone 2,CBD 2,3.0,12.0,3,1,1,0,0.0,0
Central Zone 2,CBD 2,4.0,0.0,3,1,0,0,0.0,0
North Zone 1,ORR North 1,5.0,16.0,3,3,3,0,0.0,0
Central Zone 2,Non-corridor,5.0,12.0,3,2,0,0,0.0,0
West Zone 1,Non-corridor,0.0,4.0,3,1,1,0,0.0,0
Central Zone 2,Mysore Road,4.0,0.0,3,3,2,0,0.0,0
Central Zone 2,Mysore Road,4.0,16.0,3,1,1,0,0.0,0
Central Zone 2,Mysore Road,5.0,0.0,3,2,2,0,0.0,0
East Zone 1,Varthur Road,2.0,12.0,3,1,1,0,0.0,0
East Zone 1,ORR East 1,1.0,0.0,3,1,1,0,0.0,0
Central Zone 1,Old Madras Road,5.0,8.0,3,1,1,0,0.0,0
East Zone 1,Non-corridor,1.0,4.0,3,2,2,0,0.0,0
East Zone 1,Non-corridor,2.0,0.0,3,1,1,0,0.0,0
North Zone 1,Airport New South Road,1.0,4.0,3,1,1,0,0.0,0
East Zone 2,ORR North 1,4.0,0.0,3,1,1,0,0.0,0
North Zone 1,Non-corridor,3.0,8.0,3,1,1,0,0.0,0
East Zone 2,Non-corridor,0.0,0.0,3,1,1,0,0.0,0
North Zone 2,Bellary Road 2,6.0,12.0,3,1,1,0,0.0,0
Central Zone 2,Non-corridor,2.0,4.0,3,1,0,1,0.0,0
North Zone 1,Non-corridor,0.0,8.0,3,1,1,0,0.0,0
North Zone 1,Non-corridor,0.0,12.0,3,2,0,0,0.0,0
East Zone 2,Non-corridor,0.0,8.0,3,1,1,0,0.0,0
West Zone 1,ORR West 1,1.0,0.0,3,1,1,0,0.0,0
West Zone 1,Non-corridor,3.0,0.0,3,1,1,0,0.0,0
West Zone 1,Non-corridor,3.0,4.0,3,1,0,0,0.0,0
Central Zone 2,CBD 2,2.0,0.0,3,1,0,0,0.0,0
South Zone 2,Hosur Road,0.0,0.0,3,1,1,0,0.0,0
Central Zone 2,Mysore Road,4.0,12.0,3,2,1,0,0.0,0
Central Zone 2,Non-corridor,3.0,4.0,3,2,2,0,0.0,0
North Zone 2,Bellary Road 2,2.0,0.0,3,3,0,0,0.0,0
South Zone 2,Bannerghata Road,1.0,8.0,3,1,0,0,0.0,0
Central Zone 2,Bellary Road 1,3.0,8.0,3,1,1,0,0.0,0
Central Zone 2,Bellary Road 1,3.0,12.0,3,1,1,0,0.0,0
West Zone 1,Tumkur Road,0.0,8.0,3,3,1,0,0.0,0
North Zone 1,ORR North 1,4.0,4.0,3,1,1,0,0.0,0
South Zone 2,Bannerghata Road,4.0,8.0,3,1,0,0,0.0,0
Central Zone 2,Non-corridor,2.0,16.0,3,1,1,0,0.0,0
Central Zone 2,Non-corridor,2.0,20.0,3,1,1,0,0.0,0
South Zone 1,ORR West 1,6.0,8.0,3,1,1,0,0.0,0
North Zone 1,Non-corridor,3.0,12.0,3,1,1,0,0.0,0
West Zone 1,Tumkur Road,3.0,0.0,3,1,1,1,0.0,0
Central Zone 2,Non-corridor,5.0,20.0,3,1,1,0,0.0,0
North Zone 1,ORR North 1,3.0,0.0,3,1,1,0,0.0,0
Central Zone 2,Non-corridor,6.0,0.0,3,3,1,0,0.0,0
East Zone 1,Varthur Road,4.0,4.0,3,1,0,0,0.0,0
Central Zone 2,Mysore Road,6.0,12.0,3,2,0,0,0.0,0
East Zone 2,Non-corridor,3.0,0.0,3,1,0,0,0.0,0
East Zone 2,Non-corridor,2.0,4.0,3,2,0,0,0.0,0
East Zone 1,ORR East 1,0.0,16.0,3,1,1,0,0.0,0
East Zone 1,ORR East 1,0.0,20.0,3,1,0,0,0.0,0
Central Zone 2,Bellary Road 1,0.0,12.0,3,2,2,0,0.0,0
Central Zone 2,Bellary Road 1,1.0,0.0,3,1,1,0,0.0,0
West Zone 1,Tumkur Road,1.0,8.0,3,1,1,0,0.0,0
West Zone 1,Tumkur Road,1.0,0.0,3,3,1,0,0.0,0
Central Zone 2,Bellary Road 1,1.0,4.0,3,1,1,0,0.0,0
Central Zone 2,Non-corridor,3.0,0.0,3,2,2,1,0.0,0
North Zone 1,ORR North 1,2.0,4.0,3,1,1,0,0.0,0
Central Zone 1,Old Madras Road,6.0,12.0,3,1,1,1,0.0,0
South Zone 1,ORR West 1,5.0,8.0,3,1,1,0,0.0,0
Central Zone 2,Non-corridor,2.0,8.0,3,1,1,1,0.0,0
North Zone 2,Bellary Road 2,4.0,12.0,3,2,2,0,0.0,0
Central Zone 2,Mysore Road,6.0,0.0,3,3,1,0,0.0,0
Central Zone 2,Mysore Road,6.0,4.0,3,1,1,0,0.0,0
South Zone 1,ORR West 1,2.0,0.0,3,2,0,0,0.0,0
South Zone 2,Bannerghata Road,1.0,0.0,3,1,1,0,0.0,0
Central Zone 2,Non-corridor,2.0,12.0,3,1,1,1,0.0,0
North Zone 2,Bellary Road 2,6.0,4.0,3,1,1,0,0.0,0
East Zone 1,ORR East 1,5.0,0.0,3,1,1,0,0.0,0
Central Zone 2,Non-corridor,6.0,4.0,3,5,3,0,0.0,0
West Zone 2,West of Chord Road,3.0,4.0,3,1,0,0,0.0,0
West Zone 2,Tumkur Road,3.0,0.0,3,1,0,0,0.0,0
West Zone 2,Tumkur Road,3.0,8.0,3,1,1,0,0.0,0
West Zone 2,ORR West 1,4.0,0.0,3,1,1,0,0.0,0
West Zone 2,Tumkur Road,0.0,0.0,3,1,0,0,0.0,0
West Zone 2,ORR West 1,0.0,8.0,3,1,1,0,0.0,0
West Zone 2,ORR West 1,1.0,4.0,3,1,0,0,0.0,0
North Zone 2,ORR North 2,5.0,8.0,3,1,0,0,0.0,0
North Zone 2,ORR North 2,2.0,4.0,3,1,0,1,0.0,0
South Zone 2,Non-corridor,4.0,0.0,3,1,1,0,0.0,0
Central Zone 2,Mysore Road,2.0,0.0,3,2,2,0,0.0,0
South Zone 2,IRR(Thanisandra road),4.0,8.0,3,1,1,0,0.0,0
Central Zone 1,Mysore Road,1.0,8.0,3,1,0,0,0.0,0
Central Zone 2,Non-corridor,4.0,8.0,3,2,2,0,0.0,0
West Zone 1,Magadi Road,1.0,8.0,3,1,0,0,0.0,0
North Zone 2,Bellary Road 1,3.0,8.0,3,1,0,0,0.0,0
North Zone 2,Bellary Road 1,3.0,12.0,3,2,2,0,0.0,0
Central Zone 2,Non-corridor,4.0,12.0,3,6,4,1,0.0,0
West Zone 2,Tumkur Road,1.0,8.0,3,1,0,0,0.0,0
West Zone 2,Tumkur Road,4.0,8.0,3,1,0,0,0.0,0
West Zone 2,West of Chord Road,0.0,8.0,3,1,1,0,0.0,0
West Zone 2,West of Chord Road,2.0,0.0,3,1,1,0,0.0,0
West Zone 2,West of Chord Road,5.0,4.0,4,1,1,0,0.0,0
West Zone 2,West of Chord Road,4.0,12.0,4,1,1,0,0.0,0
North Zone 2,Bellary Road 1,3.0,12.0,4,1,0,1,0.0,0
North Zone 2,Bellary Road 1,3.0,8.0,4,2,1,0,0.0,0
West Zone 1,Magadi Road,0.0,0.0,4,1,1,0,0.0,0
Central Zone 2,Mysore Road,1.0,8.0,4,1,0,1,0.0,0
South Zone 2,IRR(Thanisandra road),2.0,0.0,4,1,0,0,0.0,0
Central Zone 2,Mysore Road,2.0,0.0,4,3,2,0,0.0,0
North Zone 2,Bellary Road 1,3.0,4.0,4,1,1,0,0.0,0
East Zone 1,ORR East 2,1.0,0.0,4,2,2,0,0.0,0
East Zone 1,ORR East 2,2.0,0.0,4,1,1,0,0.0,0
East Zone 1,ORR East 2,1.0,4.0,4,1,0,0,0.0,0
Central Zone 2,Non-corridor,2.0,4.0,4,5,5,1,0.0,0
South Zone 2,Bannerghata Road,2.0,0.0,4,1,0,0,0.0,0
South Zone 1,ORR West 1,4.0,0.0,4,1,1,0,0.0,0
North Zone 2,Bellary Road 2,3.0,8.0,4,5,2,0,0.0,0
North Zone 2,Bellary Road 2,3.0,20.0,4,2,2,0,0.0,0
North Zone 2,Bellary Road 2,3.0,12.0,4,2,1,0,0.0,0
Central Zone 2,Non-corridor,2.0,8.0,4,6,5,0,0.0,0
West Zone 1,Tumkur Road,0.0,12.0,4,1,1,0,0.0,0
West Zone 1,Tumkur Road,1.0,4.0,4,1,0,0,0.0,0
West Zone 1,Tumkur Road,1.0,12.0,4,1,1,0,0.0,0
South Zone 1,ORR West 1,6.0,8.0,4,1,0,0,0.0,0
Central Zone 2,Non-corridor,6.0,0.0,4,4,2,0,0.0,0
North Zone 1,ORR North 1,2.0,12.0,4,1,1,0,0.0,0
West Zone 1,Tumkur Road,2.0,0.0,4,1,1,0,0.0,0
West Zone 1,Tumkur Road,2.0,8.0,4,1,0,0,0.0,0
Central Zone 2,Non-corridor,6.0,4.0,4,4,2,0,0.0,0
South Zone 1,ORR West 1,6.0,0.0,4,2,2,0,0.0,0
North Zone 2,Bellary Road 2,2.0,12.0,4,2,2,0,0.0,0
Central Zone 2,Non-corridor,2.0,12.0,4,6,5,0,0.0,0
South Zone 2,Bannerghata Road,4.0,8.0,4,1,1,0,0.0,0
North Zone 1,ORR North 1,4.0,0.0,4,1,1,0,0.0,0
North Zone 1,ORR North 1,3.0,12.0,4,1,1,0,0.0,0
West Zone 1,Tumkur Road,0.0,4.0,4,1,0,0,0.0,0
South Zone 2,Bannerghata Road,1.0,8.0,4,1,1,0,0.0,0
North Zone 2,Bellary Road 2,2.0,0.0,4,1,1,0,0.0,0
North Zone 2,Bellary Road 2,2.0,8.0,4,5,3,0,0.0,0
Central Zone 2,Non-corridor,3.0,0.0,4,4,3,0,0.0,0
South Zone 2,Bannerghata Road,6.0,12.0,4,1,0,0,0.0,0
South Zone 2,Bannerghata Road,6.0,8.0,4,1,0,0,0.0,0
Central Zone 2,CBD 2,1.0,4.0,4,1,1,0,0.08494422202419692,0
West Zone 1,Tumkur Road,0.0,0.0,4,1,1,0,0.017911744857266945,0
Central Zone 2,Non-corridor,0.0,0.0,4,2,2,0,0.10083812044042527,0
East Zone 1,ORR East 1,1.0,0.0,4,2,1,0,0.02126257882917265,0
Central Zone 2,Non-corridor,6.0,8.0,4,2,1,1,0.2584436791387121,0
East Zone 1,ORR East 1,2.0,12.0,4,1,1,0,0.05670007053213525,0
South Zone 2,Bannerghata Road,2.0,4.0,4,1,1,0,0.020241760140859245,0
Central Zone 2,Mysore Road,5.0,0.0,4,1,0,0,0.2692337026530956,0
Central Zone 2,Non-corridor,5.0,12.0,4,1,0,0,0.29557106591006926,0
North Zone 2,Bellary Road 2,0.0,12.0,4,1,1,0,0.017911744857266945,0
Central Zone 1,Old Madras Road,2.0,4.0,4,1,1,0,0.32564731248893763,0
East Zone 1,Varthur Road,3.0,16.0,4,1,1,0,0.0179945133323202,0
West Zone 1,Tumkur Road,3.0,8.0,4,3,2,0,0.03162362971788278,0
West Zone 1,Tumkur Road,3.0,16.0,4,1,0,0,0.10753438621963661,0
West Zone 1,Tumkur Road,3.0,12.0,4,2,1,0,0.18772291770446484,0
West Zone 1,Tumkur Road,4.0,8.0,4,2,2,0,0.026847510592053484,0
Central Zone 2,Non-corridor,0.0,4.0,4,2,1,1,0.044631626449464674,0
Central Zone 2,Non-corridor,3.0,4.0,4,2,2,0,0.1429259529187407,0
North Zone 2,Bellary Road 2,1.0,8.0,4,1,1,0,0.3150532728594728,0
North Zone 2,Bellary Road 2,1.0,4.0,4,1,0,0,0.048878020367042606,0
North Zone 2,Bellary Road 2,2.0,4.0,4,1,1,0,0.04182770489423018,0
Central Zone 2,Mysore Road,4.0,12.0,4,1,1,0,0.10336407113537173,0
South Zone 2,Hosur Road,2.0,12.0,4,1,1,0,0.10869871550784001,0
South Zone 2,Hosur Road,2.0,0.0,4,1,1,0,0.08557402267972507,0
Central Zone 2,Mysore Road,3.0,8.0,4,1,0,0,0.1720740352253123,0
Central Zone 2,CBD 2,5.0,8.0,4,1,0,0,0.10138657488112322,0
Central Zone 2,Non-corridor,3.0,8.0,4,8,3,0,0.12668749504078308,0
North Zone 2,Bellary Road 2,0.0,16.0,4,1,0,0,0.017911744857266945,0
South Zone 2,Hosur Road,4.0,0.0,4,3,3,0,0.06151716103215551,0
South Zone 2,Hosur Road,3.0,12.0,4,1,1,0,0.352542601337751,0
South Zone 2,Hosur Road,3.0,8.0,4,3,2,0,0.20329971235991343,0
Central Zone 2,Non-corridor,5.0,4.0,4,2,0,0,0.41953136739114333,0
Central Zone 2,CBD 2,6.0,0.0,4,1,1,0,0.05794981929026942,0
Central Zone 2,Non-corridor,2.0,0.0,4,8,2,1,0.4519645750516249,0
Central Zone 2,Non-corridor,6.0,12.0,4,1,0,0,0.2164161321951598,0
North Zone 1,Hennur Main Road,3.0,0.0,4,2,2,0,0.03181633377151143,0
West Zone 1,Tumkur Road,5.0,8.0,4,1,0,1,0.03911892085970719,0
North Zone 2,Bellary Road 1,6.0,0.0,4,1,1,0,0.2510948196331003,0
North Zone 2,Bellary Road 1,6.0,8.0,4,1,1,0,0.2306599027874658,0
Central Zone 2,Non-corridor,3.0,12.0,4,11,7,0,0.08280227959442311,0
North Zone 2,Bellary Road 1,0.0,4.0,4,1,0,0,0.017911744857266945,0
North Zone 2,Bellary Road 1,1.0,0.0,4,1,1,0,0.1402688247141449,0
North Zone 2,Bellary Road 1,1.0,8.0,4,2,1,0,0.08336721989038466,0
West Zone 1,Magadi Road,3.0,12.0,4,1,1,0,0.04377284096638586,0
West Zone 1,Magadi Road,3.0,8.0,4,2,2,0,0.029583502785372397,0
West Zone 1,Magadi Road,3.0,4.0,4,1,1,0,0.11963812258158474,0
Central Zone 2,Mysore Road,0.0,4.0,4,1,1,0,0.017911744857266945,0
East Zone 1,ORR East 1,1.0,20.0,4,1,1,0,0.029315721001219215,0
East Zone 1,ORR East 1,1.0,12.0,4,1,0,0,0.023150698462025106,0
West Zone 1,Tumkur Road,6.0,0.0,4,1,0,0,0.06239477088878034,0
West Zone 1,Tumkur Road,6.0,8.0,4,1,1,0,0.0219934762260038,0
Central Zone 1,Old Madras Road,1.0,8.0,4,1,1,0,0.2162797140395208,0
Central Zone 1,Old Madras Road,1.0,0.0,4,3,0,0,0.09897685720270878,0
Central Zone 2,Non-corridor,5.0,8.0,4,2,1,1,0.23167077133469752,0
South Zone 2,Hosur Road,5.0,0.0,4,2,2,0,0.06102623540236297,0
Central Zone 2,Mysore Road,3.0,0.0,4,1,0,0,0.033353325077439856,0
Central Zone 2,Non-corridor,4.0,0.0,4,2,1,1,0.44527459627936283,0
Central Zone 2,Non-corridor,3.0,16.0,4,2,2,0,0.15325770603925004,0
South Zone 2,IRR(Thanisandra road),0.0,0.0,4,1,0,0,0.017911744857266945,0
South Zone 2,Hosur Road,6.0,4.0,4,1,0,0,0.1163929714587321,0
Central Zone 2,Mysore Road,0.0,12.0,4,1,1,0,0.017911744857266945,0
West Zone 1,Magadi Road,3.0,0.0,4,2,0,0,0.025743454235692947,0
West Zone 1,Magadi Road,2.0,12.0,4,1,1,0,0.10950754251681831,0
North Zone 2,ORR North 2,2.0,8.0,4,1,1,0,0.3055258965185571,0
Central Zone 2,Non-corridor,1.0,12.0,4,4,4,0,0.38894742532964555,0
Central Zone 2,Non-corridor,0.0,8.0,4,4,2,0,0.017911744857266945,0
East Zone 1,ORR East 1,3.0,12.0,4,1,1,0,0.0472534098926949,0
East Zone 1,ORR East 1,3.0,4.0,4,1,0,0,0.04983795377972083,0
North Zone 2,Bellary Road 1,2.0,0.0,4,1,1,0,0.16123718713160867,0
North Zone 2,Bellary Road 1,2.0,8.0,4,4,2,0,0.30809276066546143,0
Central Zone 2,Non-corridor,5.0,0.0,4,1,0,0,0.44028641519960227,0
North Zone 2,Bellary Road 1,3.0,0.0,4,1,1,0,0.04608879222150525,0
North Zone 2,Bellary Road 1,2.0,16.0,4,1,1,0,0.07400640307163157,0
North Zone 2,Bellary Road 1,2.0,12.0,4,1,1,0,0.14740989909701,0
West Zone 1,Magadi Road,2.0,0.0,4,1,1,0,0.0252850164208852,0
North Zone 2,Bellary Road 1,4.0,8.0,4,1,0,0,0.029383044349254504,0
Central Zone 2,Non-corridor,4.0,4.0,4,4,2,0,0.10593236949181888,0
Central Zone 2,Mysore Road,2.0,4.0,4,3,2,0,0.08782415311051749,0
North Zone 2,ORR North 2,6.0,12.0,4,1,1,0,0.13103472160683052,0
Central Zone 2,Non-corridor,0.0,12.0,4,1,1,0,0.063671368950596,0
Central Zone 2,Mysore Road,1.0,0.0,4,1,1,0,0.09141364491888995,0
South Zone 2,Hosur Road,6.0,0.0,4,1,0,0,0.03324228681550634,0
South Zone 2,Hosur Road,5.0,12.0,4,2,2,0,0.05928408638318607,0
Central Zone 2,Mysore Road,2.0,8.0,4,1,0,0,0.12583887590319395,0
West Zone 2,West of Chord Road,3.0,0.0,4,1,0,0,0.06189733134637982,0
West Zone 2,West of Chord Road,1.0,8.0,4,1,1,0,0.06183093710483546,0
Central Zone 2,Non-corridor,1.0,8.0,4,1,1,1,0.518083511820767,1
North Zone 2,ORR North 2,3.0,8.0,4,2,2,0,0.08359161898433279,0
Central Zone 2,Non-corridor,1.0,4.0,4,3,2,0,0.2268586032420347,0
Central Zone 2,Non-corridor,1.0,0.0,4,9,4,0,0.39071010188874905,0
East Zone 1,ORR East 1,6.0,0.0,5,1,0,0,0.1566137887590393,0
North Zone 2,ORR North 2,1.0,8.0,5,1,1,0,0.017921037798869964,0
East Zone 1,ORR East 2,1.0,0.0,5,1,1,0,0.07101691028928998,0
West Zone 2,West of Chord Road,2.0,4.0,5,2,0,0,0.04983238382789572,0
West Zone 2,West of Chord Road,3.0,4.0,5,1,1,0,0.0742270737821909,0
West Zone 2,West of Chord Road,6.0,0.0,5,1,1,0,0.046611107639880266,0
Central Zone 2,Non-corridor,1.0,8.0,5,5,4,0,0.3768713295716861,0
West Zone 2,West of Chord Road,0.0,8.0,5,2,2,0,0.024371853114643394,0
East Zone 1,ORR East 2,2.0,0.0,5,1,1,0,0.020809726551570255,0
West Zone 2,West of Chord Road,4.0,8.0,5,2,2,0,0.030563242949246634,0
Central Zone 2,Non-corridor,1.0,4.0,5,2,0,0,0.27788197879443405,0
North Zone 2,ORR North 2,5.0,4.0,5,1,1,0,0.18621489518381668,0
West Zone 1,Magadi Road,6.0,4.0,5,2,1,0,0.030114553787196397,0
North Zone 2,Bellary Road 1,0.0,0.0,5,2,2,0,0.017911744857266945,0
East Zone 1,ORR East 1,4.0,4.0,5,1,0,0,0.026298218018602097,0
East Zone 1,ORR East 2,3.0,0.0,5,1,1,0,0.046249514240537234,0
North Zone 2,Bellary Road 1,1.0,8.0,5,1,1,0,0.1590215272346887,0
North Zone 2,Bellary Road 1,1.0,4.0,5,1,1,0,0.043135550636655466,0
Central Zone 2,Non-corridor,5.0,0.0,5,4,2,0,0.09716718797636892,0
Central Zone 2,Non-corridor,4.0,16.0,5,1,0,1,0.34305404249999016,0
North Zone 2,ORR North 2,6.0,4.0,5,1,1,0,0.3637647275585398,0
Central Zone 1,Old Madras Road,0.0,4.0,5,2,1,0,0.017911744857266945,0
West Zone 1,Tumkur Road,5.0,0.0,5,1,1,0,0.03239224828588543,0
West Zone 1,Tumkur Road,4.0,16.0,5,1,1,0,0.02173985511978302,0
Central Zone 1,Old Madras Road,3.0,0.0,5,1,1,0,0.23302205847122284,0
West Zone 1,Tumkur Road,5.0,8.0,5,3,3,0,0.16062699394078553,0
Central Zone 2,Non-corridor,2.0,0.0,5,5,3,0,0.46839238054656523,0
West Zone 1,Magadi Road,2.0,8.0,5,1,1,0,0.2648172527341692,0
West Zone 1,Magadi Road,2.0,4.0,5,2,2,0,0.12228421693977867,0
Central Zone 2,Mysore Road,0.0,12.0,5,1,0,0,0.02485293331579825,0
North Zone 1,ORR North 1,6.0,4.0,5,1,1,0,0.11978777081079153,0
West Zone 1,Magadi Road,3.0,12.0,5,1,1,0,0.05035030031053025,0
Central Zone 2,Mysore Road,0.0,4.0,5,2,0,0,0.017911744857266945,0
West Zone 1,Magadi Road,4.0,4.0,5,1,1,0,0.196964728026964,0
West Zone 1,Magadi Road,5.0,8.0,5,2,2,0,0.027467823514712105,0
Central Zone 2,Non-corridor,0.0,8.0,5,1,0,0,0.16929541918922508,0
Central Zone 2,Non-corridor,0.0,4.0,5,3,3,0,0.23928213470033832,0
South Zone 1,ORR West 1,1.0,8.0,5,1,1,0,0.017911744857266945,0
South Zone 1,ORR West 1,1.0,0.0,5,1,0,0,0.08340568479530883,0
Central Zone 2,Non-corridor,0.0,0.0,5,2,2,1,0.05917465889569122,0
East Zone 1,ORR East 1,1.0,16.0,5,1,1,0,0.017911744857266945,0
East Zone 1,ORR East 1,1.0,8.0,5,1,0,0,0.017984113477809323,0
East Zone 1,ORR East 1,1.0,4.0,5,1,1,0,0.017911744857266945,0
South Zone 1,ORR West 1,3.0,0.0,5,1,1,0,0.11884810230920244,0
West Zone 1,Magadi Road,3.0,0.0,5,1,0,0,0.06327793138914611,0
East Zone 1,ORR East 1,4.0,8.0,5,1,0,0,0.07218059373569394,0
North Zone 2,Bellary Road 1,3.0,8.0,5,2,1,0,0.07745721551453329,0
West Zone 1,Magadi Road,1.0,0.0,5,1,1,0,0.03253031298257321,0
North Zone 2,Bellary Road 1,2.0,0.0,5,1,0,0,0.03366078498207989,0
North Zone 2,Bellary Road 1,2.0,8.0,5,1,1,0,0.05620944287068791,0
Central Zone 2,Non-corridor,4.0,4.0,5,2,1,1,0.5706114117288775,1
Central Zone 2,Mysore Road,2.0,4.0,5,1,1,0,0.054794707928960275,0
South Zone 1,ORR West 1,2.0,8.0,5,1,0,0,0.02819829821397821,0
East Zone 1,ORR East 1,2.0,8.0,5,1,1,0,0.025879106781727803,0
East Zone 1,ORR East 1,2.0,4.0,5,2,1,0,0.02126257882917265,0
Central Zone 2,Non-corridor,6.0,20.0,5,2,2,0,0.05829645760502045,0
Central Zone 2,Non-corridor,6.0,16.0,5,2,2,0,0.12501734630926895,0
Central Zone 2,Non-corridor,6.0,8.0,5,6,3,1,0.2019581891041496,0
East Zone 1,ORR East 1,2.0,0.0,5,2,1,0,0.2317345492365682,0
Central Zone 2,Mysore Road,2.0,0.0,5,1,1,0,0.07456033945254066,0
North Zone 2,Bellary Road 1,3.0,4.0,5,1,0,0,0.28902179358473484,0
North Zone 1,ORR North 1,3.0,8.0,5,1,0,0,0.021230874927149614,0
North Zone 1,ORR North 1,4.0,4.0,5,1,1,0,0.04136474768614121,0
Central Zone 2,Non-corridor,5.0,4.0,5,1,1,1,0.3663948417181204,0
North Zone 1,ORR North 1,5.0,8.0,5,1,1,0,0.07832621327786234,0
North Zone 2,Bellary Road 1,3.0,0.0,5,1,1,0,0.2532416274478361,0
Central Zone 2,Mysore Road,0.0,0.0,5,1,1,0,0.017911744857266945,0
Central Zone 2,Non-corridor,2.0,4.0,5,6,4,0,0.3051612013626153,0
North Zone 2,Bellary Road 2,5.0,0.0,5,1,1,0,0.4348431054115076,0
North Zone 2,Bellary Road 2,5.0,12.0,5,2,2,1,0.09092010748229704,0
North Zone 2,Bellary Road 2,5.0,8.0,5,1,1,0,0.04404376976755498,0
East Zone 1,ORR East 1,1.0,0.0,5,1,0,0,0.1484268520648612,0
East Zone 1,ORR East 1,0.0,12.0,5,1,1,0,0.017911744857266945,0
Central Zone 2,Non-corridor,4.0,0.0,5,3,3,1,0.4172247676211228,0
Central Zone 2,Mysore Road,3.0,0.0,5,1,1,0,0.04066987244592698,0
South Zone 2,Hosur Road,5.0,12.0,5,1,0,0,0.088894577029162,0
South Zone 2,Hosur Road,5.0,8.0,5,1,0,0,0.07960282983376038,0
Central Zone 2,Mysore Road,2.0,12.0,5,1,0,0,0.1727326716236988,0
Central Zone 2,Mysore Road,2.0,8.0,5,3,1,0,0.0367612686149146,0
South Zone 2,IRR(Thanisandra road),2.0,0.0,5,1,1,0,0.07340912068225978,0
Central Zone 2,Non-corridor,4.0,8.0,5,3,2,0,0.11811334457016572,0
North Zone 2,Bellary Road 1,4.0,8.0,5,1,1,0,0.08614815004979617,0
East Zone 1,ORR East 2,4.0,0.0,5,1,1,0,0.046249514240537234,0
East Zone 1,ORR East 1,3.0,4.0,5,1,1,0,0.0948182824511765,0
North Zone 2,Bellary Road 2,4.0,12.0,5,1,1,0,0.2967663728983698,0
Central Zone 1,Old Madras Road,3.0,12.0,5,1,1,0,0.1765962806860018,0
West Zone 1,Tumkur Road,3.0,8.0,5,1,1,0,0.05998424320320503,0
West Zone 1,Tumkur Road,3.0,4.0,5,1,0,0,0.02221568016132621,0
West Zone 1,Tumkur Road,4.0,0.0,5,2,0,0,0.07616471484388308,0
Central Zone 2,Non-corridor,2.0,8.0,5,2,1,0,0.4238081540795014,0
North Zone 2,Bellary Road 2,6.0,4.0,5,1,1,0,0.03669123518474322,0
South Zone 1,ORR West 1,5.0,4.0,5,1,0,0,0.12709448972474227,0
East Zone 1,ORR East 2,5.0,0.0,5,1,1,0,0.046249514240537234,0
North Zone 2,Bellary Road 1,5.0,0.0,5,1,1,0,0.04543634251879929,0
North Zone 2,Bellary Road 1,4.0,20.0,5,1,1,0,0.044732306552907955,0
North Zone 2,Bellary Road 1,4.0,12.0,5,2,2,0,0.24322558399717972,0
Central Zone 2,Non-corridor,6.0,0.0,5,2,1,1,0.23299217444679615,0
Central Zone 2,Non-corridor,5.0,8.0,5,3,3,1,0.0583488317878753,0
North Zone 2,Bellary Road 1,5.0,4.0,5,2,2,0,0.17212176423393152,0
Central Zone 2,Non-corridor,4.0,12.0,5,6,4,0,0.2273346895949803,0
South Zone 1,ORR West 1,6.0,8.0,5,2,2,0,0.2476292291515343,0
South Zone 1,ORR West 1,6.0,0.0,5,1,1,0,0.22656566164604441,0
Central Zone 2,Mysore Road,5.0,12.0,5,1,1,0,0.23801104095574224,0
Central Zone 2,Non-corridor,2.0,20.0,5,1,1,0,0.20940731621981576,0
North Zone 2,Bellary Road 2,3.0,0.0,5,1,0,0,0.15979940389328257,0
Central Zone 2,Mysore Road,6.0,4.0,5,1,0,0,0.050437788030959475,0
Central Zone 2,Mysore Road,6.0,0.0,5,2,1,0,0.07883373942275707,0
Central Zone 2,Mysore Road,5.0,20.0,5,1,1,0,0.14022390746407867,0
North Zone 2,Bellary Road 2,3.0,4.0,5,1,0,0,0.04137528566607717,0
North Zone 2,Bellary Road 2,4.0,0.0,5,1,1,1,0.16295352719045333,0
East Zone 1,ORR East 1,4.0,12.0,5,1,1,0,0.0456288238445181,0
Central Zone 2,Mysore Road,3.0,4.0,5,2,1,0,0.41103057320048086,0
North Zone 2,Bellary Road 1,6.0,4.0,5,2,1,1,0.18412625723171985,0
North Zone 2,Bellary Road 1,5.0,12.0,5,1,0,0,0.08622488602781926,0
Central Zone 2,Non-corridor,3.0,16.0,5,1,1,0,0.13948523236495736,0
Central Zone 2,Non-corridor,3.0,12.0,5,1,1,0,0.15099866743760215,0
North Zone 2,Bellary Road 2,0.0,0.0,5,1,1,0,0.017911744857266945,0
South Zone 2,Hosur Road,2.0,8.0,5,1,1,0,0.14515683081624958,0
North Zone 1,ORR North 1,0.0,4.0,5,2,2,0,0.017911744857266945,0
Central Zone 2,Non-corridor,3.0,4.0,5,3,2,1,0.39874638934714224,0
North Zone 2,Bellary Road 2,3.0,8.0,5,3,2,0,0.07042163411531924,0
South Zone 2,Bannerghata Road,1.0,0.0,5,1,0,0,0.04042351909299053,0
South Zone 2,Bannerghata Road,1.0,12.0,5,2,2,0,0.017911744857266945,0
South Zone 2,Bannerghata Road,1.0,8.0,5,1,1,0,0.050686446017050205,0
Central Zone 2,Non-corridor,3.0,0.0,5,2,2,1,0.5084626781947579,1
South Zone 1,ORR West 1,5.0,8.0,5,1,0,0,0.018031692992155384,0
East Zone 1,ORR East 2,6.0,4.0,5,1,1,0,0.06695066164301222,0
South Zone 2,Hosur Road,3.0,4.0,5,3,3,0,0.08812425595303609,0
South Zone 2,Hosur Road,3.0,0.0,5,1,1,0,0.08376396966779827,0
North Zone 1,ORR North 1,0.0,0.0,5,2,2,0,0.017911744857266945,0
Central Zone 2,Non-corridor,6.0,4.0,5,5,2,0,0.15139087481208374,0
Central Zone 2,Non-corridor,5.0,12.0,5,1,0,1,0.10355646707128267,0
West Zone 1,Tumkur Road,0.0,8.0,5,1,0,0,0.062172333313404896,0
West Zone 1,Tumkur Road,1.0,0.0,5,2,0,1,0.030883951381675278,0
South Zone 2,Hosur Road,2.0,12.0,5,1,1,0,0.035367736920165156,0
South Zone 2,Hosur Road,3.0,12.0,5,2,0,0,0.11210654709624375,0
East Zone 1,ORR East 1,3.0,0.0,5,2,2,0,0.19878378113547068,0
East Zone 1,Varthur Road,2.0,16.0,5,1,1,0,0.02487910442101362,0
South Zone 2,Bannerghata Road,3.0,0.0,5,2,2,0,0.07362902016265978,0
Central Zone 2,Mysore Road,5.0,0.0,5,3,2,0,0.29729975221491556,0
South Zone 2,Bannerghata Road,3.0,8.0,5,1,0,0,0.042050199263000444,0
West Zone 1,Tumkur Road,4.0,4.0,5,1,1,0,0.059198073495807885,0
West Zone 1,Tumkur Road,4.0,8.0,5,1,0,0,0.07232864532933708,0
North Zone 1,ORR North 1,1.0,0.0,5,1,1,0,0.057932569198008,0
East Zone 1,ORR East 1,5.0,0.0,5,1,1,0,0.14660614118688656,0
North Zone 2,Bellary Road 1,6.0,0.0,5,1,1,0,0.06829033887842599,0
South Zone 2,Hosur Road,0.0,0.0,5,1,1,0,0.05454045881364979,0
North Zone 2,Bellary Road 2,0.0,8.0,5,1,1,0,0.036800848456842825,0
Central Zone 2,Non-corridor,3.0,8.0,5,1,0,0,0.09989042776797318,0
North Zone 2,Bellary Road 2,1.0,0.0,5,1,1,0,0.12499917985319095,0
Central Zone 2,Mysore Road,4.0,8.0,5,2,2,0,0.08498604136876671,0
South Zone 2,Hosur Road,1.0,0.0,5,2,0,0,0.042320641298641944,0
South Zone 2,Hosur Road,0.0,20.0,5,1,0,1,0.024853030711228352,0
Central Zone 2,Mysore Road,4.0,0.0,5,2,0,0,0.08410339317137917,0
Central Zone 2,Mysore Road,3.0,16.0,5,1,1,0,0.026246165581087652,0
Central Zone 2,Mysore Road,3.0,12.0,5,1,0,0,0.07833974396195179,0
West Zone 1,Tumkur Road,2.0,0.0,5,1,1,0,0.2056396317596566,0
Central Zone 1,Old Madras Road,6.0,8.0,5,1,1,0,0.3719652455365746,0
West Zone 1,Tumkur Road,3.0,0.0,5,4,4,0,0.32326268239767636,0
Central Zone 2,Mysore Road,3.0,8.0,5,1,1,0,0.06822807143611602,0
Central Zone 2,Non-corridor,1.0,0.0,5,6,2,1,0.45718015114665683,0
North Zone 2,ORR North 2,5.0,8.0,5,1,1,0,0.07305139547697401,0
North Zone 2,ORR North 2,3.0,8.0,5,2,2,0,0.12010350176504592,0
North Zone 2,ORR North 2,4.0,8.0,5,1,1,0,0.19047441914989932,0
Central Zone 1,Old Airport Road,5.0,12.0,5,1,0,0,0.02168257582004345,0
Central Zone 1,Old Airport Road,5.0,0.0,5,2,0,0,0.05672931020931095,0
Central Zone 1,Old Airport Road,3.0,8.0,5,1,0,0,0.05764328435446567,0
North Zone 2,ORR North 2,3.0,0.0,5,1,1,0,0.08031065597637643,0
Central Zone 2,Non-corridor,1.0,12.0,5,2,1,0,0.3931192789507371,0
North Zone 2,ORR North 2,2.0,8.0,5,1,1,0,0.11899034678115022,0
Central Zone 2,Non-corridor,6.0,12.0,5,3,1,0,0.16096883164700376,0
West Zone 1,Tumkur Road,6.0,8.0,5,2,2,0,0.03757569564207826,0
West Zone 1,Tumkur Road,6.0,4.0,5,1,1,0,0.14882770070651957,0
Central Zone 2,Non-corridor,1.0,4.0,6,2,2,1,0.47041801505583136,0
West Zone 1,Tumkur Road,6.0,8.0,6,1,0,0,0.02447268557655734,0
Central Zone 2,Non-corridor,6.0,12.0,6,5,2,0,0.3303115478897681,0
North Zone 2,ORR North 2,3.0,4.0,6,3,3,0,0.3194281020709349,0
North Zone 2,ORR North 2,1.0,8.0,6,1,1,0,0.023162645362975652,0
Central Zone 2,Non-corridor,1.0,12.0,6,1,1,0,0.3138686858018548,0
Central Zone 2,Non-corridor,1.0,16.0,6,1,1,0,0.09316532193175178,0
North Zone 2,ORR North 2,0.0,0.0,6,2,2,0,0.017911744857266945,0
North Zone 2,ORR North 2,0.0,8.0,6,1,1,0,0.036800848456842825,0
Central Zone 2,Non-corridor,1.0,8.0,6,1,1,0,0.40325868158176637,0
West Zone 1,Tumkur Road,6.0,16.0,6,1,1,0,0.031110398237101235,0
Central Zone 1,Old Airport Road,2.0,12.0,6,1,1,0,0.017911744857266945,0
Central Zone 1,Old Airport Road,3.0,8.0,6,1,1,0,0.08037119276231035,0
Central Zone 1,Old Airport Road,4.0,4.0,6,2,2,0,0.13310933616217754,0
Central Zone 1,Old Airport Road,5.0,12.0,6,1,0,0,0.08147868506278276,0
North Zone 2,ORR North 2,4.0,0.0,6,3,3,0,0.04264912717056112,0
North Zone 2,ORR North 2,2.0,8.0,6,1,1,0,0.21854885329617044,0
Central Zone 2,Non-corridor,1.0,0.0,6,5,4,0,0.21881219466011426,0
North Zone 2,ORR North 2,4.0,8.0,6,1,1,0,0.2785146735534495,0
West Zone 1,Tumkur Road,2.0,8.0,6,1,0,0,0.05288914859626124,0
North Zone 1,ORR North 1,2.0,12.0,6,1,0,1,0.04793567616007333,0
Central Zone 1,Old Madras Road,5.0,4.0,6,1,1,0,0.5072202947433153,1
South Zone 2,Hosur Road,1.0,8.0,6,2,1,0,0.0816109150676514,0
Central Zone 2,Mysore Road,4.0,8.0,6,1,0,0,0.1701228559738833,0
North Zone 2,Bellary Road 2,0.0,16.0,6,1,1,0,0.02855686721624788,0
East Zone 1,Varthur Road,0.0,16.0,6,1,1,0,0.017911744857266945,0
East Zone 1,Varthur Road,1.0,0.0,6,1,0,0,0.017911744857266945,0
Central Zone 2,Non-corridor,3.0,8.0,6,1,0,0,0.20046731916166025,0
North Zone 2,Bellary Road 2,0.0,4.0,6,1,1,0,0.0444650586161502,0
North Zone 2,Bellary Road 2,0.0,8.0,6,1,0,0,0.030342413848803092,0
South Zone 2,Bannerghata Road,6.0,0.0,6,1,1,0,0.08358130047520829,0
Central Zone 2,Mysore Road,4.0,12.0,6,1,0,0,0.0500742690572059,0
South Zone 2,Bannerghata Road,5.0,0.0,6,1,1,0,0.10924725172744428,0
North Zone 2,Bellary Road 2,2.0,0.0,6,3,1,0,0.05030699214994582,0
Central Zone 2,Non-corridor,3.0,12.0,6,1,1,0,0.37724684584942764,0
North Zone 1,ORR North 1,0.0,0.0,6,1,1,0,0.08794052693446167,0
North Zone 1,Airport New South Road,6.0,0.0,6,2,2,0,0.07787221081778695,0
East Zone 1,ORR East 1,4.0,12.0,6,1,1,0,0.025803398616267615,0
East Zone 1,ORR East 1,5.0,4.0,6,1,0,0,0.09728599786733522,0
East Zone 1,ORR East 2,1.0,8.0,6,1,1,0,0.09321363635174978,0
West Zone 1,Tumkur Road,4.0,8.0,6,1,0,0,0.029760118374169916,0
North Zone 2,Bellary Road 2,0.0,12.0,6,1,1,0,0.017911744857266945,0
Central Zone 2,Mysore Road,5.0,0.0,6,1,0,0,0.09838437784596815,0
Central Zone 2,Non-corridor,4.0,0.0,6,4,3,1,0.396357075205302,0
South Zone 2,Hosur Road,4.0,0.0,6,1,1,0,0.0881759756108508,0
North Zone 1,ORR North 1,1.0,8.0,6,1,1,0,0.017911744857266945,0
West Zone 1,Tumkur Road,2.0,0.0,6,1,1,0,0.09679880427584589,0
West Zone 1,Tumkur Road,0.0,4.0,6,2,0,0,0.04295437959599726,0
Central Zone 2,Non-corridor,5.0,12.0,6,6,4,1,0.4455555215232533,0
Central Zone 2,Non-corridor,6.0,4.0,6,3,2,1,0.4440956854963426,0
South Zone 1,ORR West 1,5.0,8.0,6,1,0,0,0.022704116542534666,0
South Zone 2,Bannerghata Road,3.0,0.0,6,1,1,0,0.06796963952907405,0
Central Zone 2,Non-corridor,2.0,20.0,6,1,0,0,0.09877158351849132,0
Central Zone 2,Non-corridor,3.0,0.0,6,5,4,1,0.4040604218518695,0
South Zone 2,Bannerghata Road,1.0,8.0,6,1,0,0,0.027605119386435544,0
Central Zone 2,Non-corridor,3.0,4.0,6,7,6,0,0.30110501097045006,0
East Zone 1,ORR East 2,2.0,8.0,6,1,1,0,0.06819048445700687,0
East Zone 1,ORR East 2,5.0,0.0,6,1,1,0,0.04548978478093927,0
Central Zone 2,Mysore Road,3.0,8.0,6,2,1,1,0.07805703178344797,0
North Zone 2,Bellary Road 1,6.0,16.0,6,1,0,0,0.0973219794958434,0
East Zone 1,ORR East 2,4.0,0.0,6,1,1,0,0.046249514240537234,0
South Zone 2,Hosur Road,4.0,8.0,6,1,1,0,0.20438049369740544,0
Central Zone 2,Non-corridor,3.0,16.0,6,1,1,0,0.06775654951763412,0
North Zone 2,Bellary Road 1,5.0,16.0,6,2,1,0,0.1065363985821136,0
South Zone 2,Hosur Road,4.0,12.0,6,2,1,0,0.055685376255722785,0
Central Zone 2,Mysore Road,3.0,4.0,6,1,0,0,0.06251931834189305,0
Central Zone 2,Mysore Road,6.0,0.0,6,1,1,0,0.08352677539723634,0
North Zone 2,Bellary Road 2,3.0,8.0,6,2,1,0,0.11190292446510783,0
Central Zone 2,Non-corridor,2.0,12.0,6,1,1,0,0.23777419924059476,0
North Zone 2,Bellary Road 2,3.0,0.0,6,2,2,0,0.03343651448566467,0
Central Zone 2,Non-corridor,2.0,16.0,6,1,0,0,0.058374363624379394,0
North Zone 2,Bellary Road 1,5.0,4.0,6,2,2,0,0.049489592561229874,0
North Zone 1,ORR North 1,4.0,0.0,6,1,1,0,0.0600810191316642,0
Central Zone 2,Non-corridor,5.0,16.0,6,1,1,0,0.09183247471119835,0
Central Zone 2,CBD 2,1.0,8.0,6,1,1,0,0.05010177242904452,0
Central Zone 2,CBD 2,2.0,12.0,6,2,2,0,0.06901682431479397,0
Central Zone 2,CBD 2,3.0,0.0,6,1,1,0,0.029794228449706972,0
Central Zone 2,Non-corridor,6.0,0.0,6,7,6,0,0.2837685914395172,0
North Zone 2,Bellary Road 1,5.0,8.0,6,1,0,0,0.041314414935090714,0
Central Zone 2,Non-corridor,2.0,8.0,6,3,2,0,0.1529633634689859,0
Central Zone 1,Old Madras Road,4.0,4.0,6,1,1,0,0.13381370076632854,0
Central Zone 1,Old Madras Road,4.0,12.0,6,1,1,0,0.1803908200005231,0
West Zone 1,Tumkur Road,3.0,12.0,6,1,0,1,0.130831002064516,0
West Zone 1,Tumkur Road,4.0,0.0,6,1,0,0,0.1187473698025018,0
West Zone 1,Tumkur Road,3.0,4.0,6,1,1,0,0.02081410279645751,0
West Zone 1,Tumkur Road,3.0,8.0,6,4,2,0,0.03280809919103293,0
North Zone 1,Hennur Main Road,3.0,8.0,6,1,1,0,0.03194383040685069,0
Central Zone 2,Mysore Road,2.0,0.0,6,3,1,0,0.0426544662070478,0
North Zone 2,Bellary Road 1,4.0,8.0,6,1,1,0,0.09891245763187193,0
Central Zone 2,Non-corridor,4.0,8.0,6,2,0,1,0.3960943366656384,0
South Zone 2,IRR(Thanisandra road),3.0,8.0,6,1,1,0,0.08038444649812533,0
Central Zone 2,Mysore Road,2.0,8.0,6,2,2,0,0.0697206346645471,0
North Zone 2,Bellary Road 2,3.0,12.0,6,1,0,0,0.5179976330173063,1
South Zone 1,ORR West 1,3.0,8.0,6,1,0,0,0.05074051063306986,0
East Zone 1,ORR East 1,1.0,0.0,6,1,1,0,0.04725062737901694,0
Central Zone 2,Mysore Road,6.0,12.0,6,1,1,0,0.23412153538491587,0
Central Zone 2,Mysore Road,6.0,8.0,6,1,0,0,0.19483793475100916,0
South Zone 1,ORR West 1,4.0,0.0,6,1,1,0,0.06315992778211998,0
North Zone 2,Bellary Road 2,5.0,16.0,6,2,2,0,0.06288217350229647,0
North Zone 2,Bellary Road 2,5.0,12.0,6,3,3,0,0.15181015249264695,0
North Zone 2,Bellary Road 2,5.0,0.0,6,1,1,0,0.07395019793108593,0
North Zone 2,Bellary Road 2,6.0,12.0,6,2,2,0,0.028629269736621464,0
North Zone 2,Bellary Road 1,3.0,0.0,6,1,0,0,0.04322697684579403,0
North Zone 1,ORR North 1,4.0,12.0,6,1,0,0,0.228018566993685,0
North Zone 1,ORR North 1,5.0,8.0,6,1,1,0,0.07546104352218641,0
Central Zone 2,CBD 2,4.0,8.0,6,1,1,0,0.04529138003402578,0
West Zone 1,Magadi Road,6.0,12.0,6,1,1,0,0.0706027773243933,0
Central Zone 2,CBD 2,6.0,0.0,6,2,1,0,0.15882055025621267,0
Central Zone 2,Non-corridor,5.0,4.0,6,4,3,1,0.16373664416989844,0
West Zone 1,Magadi Road,0.0,4.0,6,3,3,0,0.036800848456842825,0
Central Zone 2,Non-corridor,2.0,4.0,6,4,2,0,0.2325967980172608,0
East Zone 1,Varthur Road,3.0,8.0,6,1,0,0,0.04043113608607437,0
East Zone 1,Varthur Road,4.0,0.0,6,1,0,0,0.12026971260730984,0
North Zone 1,Hennur Main Road,2.0,8.0,6,2,1,0,0.048010236853133346,0
North Zone 1,Hennur Main Road,3.0,0.0,6,1,0,0,0.07536864662474452,0
North Zone 1,Hennur Main Road,5.0,4.0,6,1,1,0,0.08494422202419692,0
Central Zone 2,Non-corridor,6.0,8.0,6,5,3,0,0.3407731000282221,0
North Zone 1,Hennur Main Road,3.0,4.0,6,1,1,0,0.020241760140859245,0
North Zone 1,Hennur Main Road,1.0,0.0,6,1,0,0,0.02260829883642518,0
North Zone 2,Bellary Road 1,3.0,4.0,6,1,1,0,0.04811807459962876,0
Central Zone 2,Non-corridor,4.0,4.0,6,4,3,0,0.2923207517877278,0
North Zone 2,Bellary Road 1,4.0,4.0,6,1,0,0,0.12509037347000518,0
Central Zone 2,Non-corridor,4.0,20.0,6,1,0,0,0.20808280866682669,0
West Zone 1,Magadi Road,1.0,4.0,6,1,1,0,0.07330714867228852,0
West Zone 1,Magadi Road,0.0,12.0,6,1,1,0,0.017911744857266945,0
West Zone 1,Magadi Road,0.0,0.0,6,1,1,0,0.036800848456842825,0
East Zone 1,ORR East 1,4.0,4.0,6,1,0,0,0.042522490604019,0
East Zone 1,ORR East 1,1.0,4.0,6,1,1,0,0.017911744857266945,0
South Zone 1,ORR West 1,0.0,4.0,6,1,0,0,0.017911744857266945,0
South Zone 1,ORR West 1,1.0,0.0,6,2,1,0,0.033620235832668766,0
Central Zone 2,Non-corridor,0.0,0.0,6,4,3,0,0.09924825162771973,0
Central Zone 2,Non-corridor,0.0,4.0,6,2,1,0,0.3946351479024063,0
Central Zone 2,Non-corridor,0.0,8.0,6,2,2,0,0.1601528095664444,0
Central Zone 2,Non-corridor,1.0,20.0,6,1,1,0,0.05495587891679372,0
Central Zone 1,Old Airport Road,1.0,4.0,6,1,0,0,0.017911744857266945,0
Central Zone 2,Mysore Road,0.0,0.0,6,1,1,0,0.017911744857266945,0
West Zone 1,Magadi Road,4.0,0.0,6,2,1,0,0.07178477766084812,0
West Zone 1,Magadi Road,3.0,12.0,6,1,1,0,0.08587365049158172,0
Central Zone 2,Non-corridor,5.0,8.0,6,4,3,1,0.1819845979523128,0
Central Zone 2,Mysore Road,0.0,12.0,6,1,1,0,0.08298205357714963,0
Central Zone 2,Mysore Road,1.0,0.0,6,2,1,0,0.29466134288647905,0
Central Zone 2,Mysore Road,1.0,4.0,6,3,2,0,0.196242228547187,0
North Zone 2,ORR North 2,6.0,8.0,6,1,1,0,0.06332138035166297,0
Central Zone 2,Non-corridor,0.0,12.0,6,2,2,0,0.05743867551317136,0
West Zone 1,Tumkur Road,5.0,4.0,6,1,1,0,0.047021565563184625,0
West Zone 1,Tumkur Road,4.0,12.0,6,2,2,0,0.22752976009675038,0
West Zone 1,Tumkur Road,4.0,16.0,6,1,1,0,0.03184203467742017,0
West Zone 1,Tumkur Road,5.0,0.0,6,1,1,0,0.13320178613736322,0
Central Zone 1,Old Madras Road,0.0,4.0,6,1,1,0,0.09438927174113824,0
Central Zone 1,Old Madras Road,0.0,12.0,6,2,2,0,0.017911744857266945,0
North Zone 2,ORR North 2,6.0,4.0,6,1,1,0,0.09991146135946856,0
Central Zone 2,Non-corridor,2.0,0.0,6,3,1,1,0.15901590854314376,0
Central Zone 2,Non-corridor,4.0,16.0,6,4,3,0,0.07075956322855113,0
Central Zone 2,Non-corridor,5.0,0.0,6,2,1,1,0.41082678386958565,0
North Zone 2,Bellary Road 1,1.0,4.0,6,2,1,0,0.03817166940587796,0
North Zone 2,Bellary Road 1,1.0,8.0,6,1,0,0,0.09657505795377694,0
North Zone 2,Bellary Road 1,1.0,0.0,6,1,0,0,0.04649399205454218,0
North Zone 2,Bellary Road 1,0.0,8.0,6,1,1,0,0.017911744857266945,0
West Zone 1,Magadi Road,6.0,4.0,6,1,0,0,0.03656059561271476,0
North Zone 2,ORR North 2,3.0,8.0,6,2,2,0,0.10124063740002183,0
East Zone 1,ORR East 2,1.0,0.0,6,2,2,0,0.0347237049866011,0
North Zone 2,ORR North 2,1.0,4.0,6,1,1,0,0.01785551401618012,0
Central Zone 1,Old Madras Road,0.0,20.0,6,1,1,0,0.017911744857266945,0
Central Zone 1,Old Madras Road,1.0,0.0,6,1,1,0,0.10663741119462986,0
East Zone 1,ORR East 2,2.0,0.0,6,1,1,0,0.027942802738742795,0
East Zone 1,ORR East 2,0.0,8.0,6,2,0,0,0.028226585243109264,0
North Zone 2,ORR North 2,5.0,0.0,6,1,1,0,0.17978104995718217,0
East Zone 1,ORR East 2,2.0,0.0,7,1,1,0,0.031000199191306626,0
East Zone 1,ORR East 1,5.0,4.0,7,1,0,0,0.1117907413383108,0
Central Zone 2,Non-corridor,1.0,4.0,7,5,4,1,0.4474793850015732,0
North Zone 2,ORR North 2,4.0,8.0,7,1,1,0,0.31125976905403246,0
Central Zone 2,Non-corridor,1.0,0.0,7,2,1,0,0.497011788840623,0
North Zone 2,ORR North 2,5.0,8.0,7,2,2,0,0.06734574376889599,0
North Zone 2,ORR North 2,3.0,12.0,7,1,0,0,0.05510697893646895,0
Central Zone 1,Old Airport Road,4.0,8.0,7,1,1,0,0.0598748460252937,0
Central Zone 1,Old Airport Road,3.0,4.0,7,1,0,0,0.02301645173668066,0
Central Zone 1,Old Airport Road,3.0,0.0,7,1,1,0,0.023400834502635474,0
Central Zone 1,Old Airport Road,2.0,12.0,7,1,1,0,0.017911744857266945,0
West Zone 1,Magadi Road,5.0,8.0,7,1,1,0,0.03987673514234923,0
East Zone 1,ORR East 2,3.0,0.0,7,2,2,0,0.030086542684444207,0
North Zone 2,Bellary Road 1,0.0,4.0,7,1,0,0,0.025056957793706994,0
North Zone 2,Bellary Road 1,1.0,8.0,7,1,1,0,0.07477784407809047,0
North Zone 2,Bellary Road 1,1.0,4.0,7,1,0,0,0.08438274788736905,0
Central Zone 2,Non-corridor,5.0,0.0,7,5,4,0,0.34433846881094,0
North Zone 2,Bellary Road 1,2.0,0.0,7,1,1,0,0.08233438308265303,0
North Zone 2,Bellary Road 1,3.0,4.0,7,1,0,0,0.0434282456759786,0
West Zone 1,Magadi Road,2.0,8.0,7,1,0,0,0.07901634622361467,0
Central Zone 2,Mysore Road,1.0,0.0,7,1,1,0,0.35540919570381385,0
North Zone 1,ORR North 1,6.0,8.0,7,1,0,1,0.030603503219645112,0
Central Zone 2,Non-corridor,5.0,8.0,7,5,4,1,0.36535732308141516,0
Central Zone 2,Mysore Road,0.0,8.0,7,1,1,0,0.10947079874217114,0
West Zone 1,Magadi Road,4.0,0.0,7,1,1,0,0.0777958541111682,0
Central Zone 2,Mysore Road,0.0,0.0,7,1,0,0,0.017911674164082136,0
West Zone 1,Magadi Road,6.0,4.0,7,1,0,0,0.11611544899051934,0
West Zone 1,Magadi Road,3.0,0.0,7,1,1,0,0.1281201951620573,0
North Zone 2,Bellary Road 1,4.0,0.0,7,2,2,0,0.13928135002650432,0
North Zone 2,Bellary Road 1,3.0,16.0,7,2,2,0,0.1043163125425347,0
Central Zone 2,Non-corridor,4.0,8.0,7,7,4,1,0.1549596546439218,0
Central Zone 2,Mysore Road,1.0,12.0,7,4,1,0,0.0463461598381296,0
Central Zone 2,Mysore Road,1.0,8.0,7,3,3,0,0.3119811596153509,0
West Zone 1,Magadi Road,1.0,0.0,7,1,1,0,0.035529811674930745,0
North Zone 2,Bellary Road 1,1.0,12.0,7,2,1,0,0.020241760140859245,0
North Zone 2,Bellary Road 1,2.0,8.0,7,1,1,0,0.2430522227924996,0
Central Zone 2,Non-corridor,4.0,4.0,7,3,2,0,0.35036405202891013,0
Central Zone 2,Mysore Road,2.0,4.0,7,2,1,1,0.07333579661122909,0
South Zone 2,IRR(Thanisandra road),5.0,8.0,7,1,1,0,0.08937809926732374,0
Central Zone 2,Mysore Road,2.0,0.0,7,2,1,0,0.36600842746437173,0
North Zone 1,ORR North 1,3.0,8.0,7,2,2,0,0.1758266892591187,0
North Zone 1,ORR North 1,4.0,4.0,7,2,0,0,0.03501715977484266,0
Central Zone 2,Non-corridor,5.0,4.0,7,5,4,1,0.45960403441897973,0
Central Zone 2,CBD 2,6.0,8.0,7,1,0,0,0.12745247491177336,0
Central Zone 2,CBD 2,5.0,8.0,7,1,1,0,0.14101466058111478,0
Central Zone 2,CBD 2,4.0,4.0,7,1,1,0,0.0641916739652644,0
North Zone 2,Bellary Road 1,3.0,8.0,7,2,1,1,0.05938468322796051,0
Central Zone 2,Mysore Road,3.0,0.0,7,1,1,1,0.24644989212063964,0
South Zone 2,Hosur Road,5.0,8.0,7,2,1,0,0.08936663731952857,0
North Zone 2,Bellary Road 1,4.0,8.0,7,1,1,0,0.05297124778039845,0
East Zone 1,ORR East 2,3.0,16.0,7,1,1,0,0.017911744857266945,0
East Zone 1,ORR East 2,5.0,0.0,7,1,1,0,0.046249514240537234,0
North Zone 2,Bellary Road 1,5.0,0.0,7,3,2,0,0.3224325658575758,0
North Zone 2,Bellary Road 1,4.0,12.0,7,1,1,0,0.10208902363489429,0
Central Zone 2,Non-corridor,6.0,0.0,7,4,2,1,0.3877452495605483,0
North Zone 1,ORR North 1,3.0,0.0,7,1,1,0,0.15954397021755287,0
Central Zone 2,CBD 2,4.0,0.0,7,1,1,0,0.05352757527572799,0
Central Zone 2,CBD 2,1.0,8.0,7,1,1,0,0.05929944210243008,0
Central Zone 2,CBD 2,1.0,4.0,7,1,1,0,0.0299061019698915,0
Central Zone 2,CBD 2,0.0,8.0,7,2,1,0,0.046346337459528465,0
Central Zone 2,CBD 2,0.0,0.0,7,1,0,0,0.036800848456842825,0
Central Zone 2,CBD 1,1.0,8.0,7,1,1,0,0.017911744857266945,0
Central Zone 2,Non-corridor,4.0,0.0,7,9,5,0,0.10646886514773157,0
North Zone 2,Bellary Road 1,6.0,0.0,7,1,1,0,0.12031651691400967,0
North Zone 2,Bellary Road 1,5.0,20.0,7,1,1,0,0.10950754251681831,0
Central Zone 2,Non-corridor,3.0,16.0,7,2,1,0,0.07887387571505491,0
North Zone 2,Bellary Road 1,6.0,4.0,7,4,3,0,0.2380935205999458,0
South Zone 2,Hosur Road,4.0,8.0,7,1,1,0,0.17996402179868676,0
East Zone 1,ORR East 2,4.0,0.0,7,1,1,0,0.046249514240537234,0
North Zone 2,Bellary Road 1,6.0,12.0,7,3,2,0,0.06926755772337094,0
South Zone 2,Hosur Road,2.0,8.0,7,1,0,0,0.025780526207183015,0
South Zone 2,Hosur Road,3.0,0.0,7,1,1,0,0.06528130000029236,0
South Zone 2,Hosur Road,2.0,12.0,7,1,1,0,0.028940842422854,0
Central Zone 2,Non-corridor,6.0,4.0,7,5,4,0,0.43179869163469814,0
Central Zone 2,Non-corridor,5.0,12.0,7,3,3,0,0.477478977205889,0
West Zone 1,Tumkur Road,1.0,4.0,7,2,1,0,0.07263363367614144,0
West Zone 1,Tumkur Road,1.0,0.0,7,3,3,0,0.032961978962685996,0
West Zone 1,Tumkur Road,1.0,8.0,7,2,1,1,0.34870736500589244,0
Central Zone 1,Old Madras Road,6.0,12.0,7,3,3,0,0.4091760468107081,0
Central Zone 2,Mysore Road,3.0,4.0,7,1,1,0,0.037527250256502845,0
North Zone 2,Bellary Road 2,1.0,0.0,7,2,2,0,0.05542908243229806,0
South Zone 2,Hosur Road,1.0,4.0,7,1,1,0,0.017911744857266945,0
North Zone 1,Airport New South Road,3.0,12.0,7,1,1,0,0.026619862993147145,0
Central Zone 1,Old Madras Road,5.0,4.0,7,1,1,0,0.3438266750007106,0
Central Zone 1,Old Madras Road,5.0,0.0,7,1,0,0,0.3825302846670138,0
West Zone 1,Tumkur Road,1.0,16.0,7,1,1,0,0.035849714575697134,0
West Zone 1,Tumkur Road,2.0,4.0,7,1,1,0,0.14149010907907103,0
Central Zone 1,Old Madras Road,6.0,8.0,7,1,1,0,0.1680234634762927,0
North Zone 1,Airport New South Road,6.0,0.0,7,1,1,0,0.07251137554283751,0
North Zone 1,ORR North 1,0.0,0.0,7,1,1,0,0.0434808806905467,0
North Zone 2,Bellary Road 1,6.0,8.0,7,2,2,0,0.05234462300407295,0
Central Zone 2,Non-corridor,3.0,12.0,7,1,0,0,0.21697972305179775,0
North Zone 2,Bellary Road 2,2.0,4.0,7,1,1,0,0.08830420798371935,0
North Zone 2,Bellary Road 2,2.0,0.0,7,2,2,0,0.09254732332768259,0
South Zone 2,Bannerghata Road,5.0,4.0,7,1,1,0,0.01785551401618012,0
Central Zone 2,Mysore Road,4.0,12.0,7,3,1,0,0.051744962221357285,0
Central Zone 2,Mysore Road,4.0,8.0,7,2,1,0,0.22192223624400176,0
Central Zone 2,Non-corridor,3.0,8.0,7,2,2,1,0.15538487794083816,0
East Zone 1,ORR East 2,6.0,0.0,7,1,1,0,0.03637423763860915,0
East Zone 1,Varthur Road,3.0,0.0,7,2,2,0,0.18257607680877824,0
West Zone 1,Tumkur Road,4.0,0.0,7,1,0,0,0.044386860000325164,0
North Zone 1,ORR North 1,1.0,8.0,7,1,1,0,0.02126257882917265,0
East Zone 1,ORR East 2,1.0,8.0,7,1,0,0,0.07045164773585506,0
East Zone 1,ORR East 1,5.0,0.0,7,1,1,0,0.05911477838939494,0
East Zone 1,ORR East 2,2.0,4.0,7,1,1,0,0.030077198513102175,0
Central Zone 2,Non-corridor,3.0,4.0,7,4,1,0,0.19117282628410173,0
North Zone 2,Bellary Road 2,1.0,12.0,7,1,1,0,0.1441041141934126,0
South Zone 2,Bannerghata Road,1.0,4.0,7,1,1,0,0.017911744857266945,0
South Zone 2,Bannerghata Road,0.0,8.0,7,1,1,0,0.017911744857266945,0
South Zone 2,Bannerghata Road,1.0,8.0,7,1,0,0,0.1900250229593328,0
Central Zone 2,Mysore Road,5.0,8.0,7,3,2,0,0.1574055778732565,0
Central Zone 2,Non-corridor,3.0,0.0,7,11,9,0,0.3716082388152178,0
South Zone 2,Bannerghata Road,3.0,0.0,7,2,0,0,0.05245287131916129,0
East Zone 1,ORR East 2,4.0,4.0,7,2,1,0,0.07686269644017421,0
South Zone 1,ORR West 1,4.0,12.0,7,3,2,0,0.20834946714214456,0
Central Zone 2,Mysore Road,5.0,12.0,7,1,1,0,0.05863780428428874,0
North Zone 2,Bellary Road 2,3.0,0.0,7,1,1,0,0.06984932439945261,0
North Zone 2,Bellary Road 2,2.0,12.0,7,1,0,0,0.1087609458362488,0
Central Zone 2,Mysore Road,6.0,4.0,7,1,0,1,0.16859443662977358,0
Central Zone 2,Mysore Road,6.0,0.0,7,2,2,0,0.2910849923692513,0
North Zone 2,Bellary Road 2,3.0,4.0,7,1,1,0,0.04374473680512574,0
Central Zone 2,Non-corridor,2.0,8.0,7,4,1,1,0.3169637749146751,0
Central Zone 1,Old Madras Road,4.0,0.0,7,1,1,1,0.2961826424831211,0
Central Zone 1,Old Madras Road,3.0,8.0,7,1,0,0,0.15266400512794046,0
West Zone 1,Tumkur Road,3.0,8.0,7,1,1,0,0.04993179183196622,0
West Zone 1,Tumkur Road,3.0,4.0,7,1,0,0,0.031929701692245654,0
West Zone 1,Tumkur Road,4.0,4.0,7,1,0,0,0.05614166635148577,0
North Zone 2,Bellary Road 2,5.0,0.0,7,1,1,0,0.11697334592405642,0
South Zone 1,ORR West 1,5.0,8.0,7,1,0,0,0.02004857908928357,0
North Zone 2,Bellary Road 2,6.0,12.0,7,1,1,0,0.07251137554283751,0
North Zone 2,Bellary Road 2,6.0,0.0,7,2,0,0,0.041768224158387546,0
Central Zone 2,Non-corridor,2.0,4.0,7,2,2,1,0.12432188530440719,0
Central Zone 2,Mysore Road,6.0,8.0,7,1,1,0,0.29388816489119274,0
East Zone 1,Varthur Road,1.0,12.0,7,1,1,0,0.017911744857266945,0
East Zone 1,ORR East 1,2.0,8.0,7,2,2,0,0.0281390639561593,0
East Zone 1,ORR East 1,2.0,0.0,7,1,1,0,0.24984458298436388,0
North Zone 1,Hennur Main Road,1.0,0.0,7,1,0,0,0.16507879846741538,0
Central Zone 2,Non-corridor,6.0,8.0,7,3,2,1,0.16057319887364502,0
North Zone 1,Hennur Main Road,3.0,0.0,7,1,1,0,0.07628529361176026,0
North Zone 1,Hennur Main Road,2.0,8.0,7,2,2,0,0.17639027371346402,0
North Zone 1,Hennur Main Road,2.0,0.0,7,1,1,0,0.0842462289670769,0
North Zone 1,Hennur Main Road,1.0,12.0,7,1,0,0,0.024853030711228352,0
North Zone 1,Hennur Main Road,4.0,4.0,7,1,1,0,0.029980280493944845,0
North Zone 2,Bellary Road 2,6.0,8.0,7,1,1,0,0.026029412754829014,0
Central Zone 2,Non-corridor,1.0,20.0,7,1,1,0,0.030313889886649275,0
Central Zone 2,Non-corridor,0.0,8.0,7,1,0,0,0.26732581764107094,0
Central Zone 2,Non-corridor,0.0,4.0,7,3,1,1,0.15049439130138176,0
Central Zone 2,Non-corridor,0.0,0.0,7,1,1,0,0.5571732943939468,1
East Zone 1,Varthur Road,5.0,8.0,7,1,1,0,0.06956982672730909,0
East Zone 1,ORR East 1,1.0,20.0,7,1,0,0,0.03175442418008929,0
East Zone 1,ORR East 1,1.0,8.0,7,1,1,0,0.0831163824394893,0
East Zone 1,ORR East 1,1.0,4.0,7,1,1,0,0.02126257882917265,0
Central Zone 2,Non-corridor,0.0,12.0,7,2,2,0,0.40439687569677585,0
Central Zone 1,Old Madras Road,0.0,4.0,7,1,1,0,0.03268289261288866,0
West Zone 1,Tumkur Road,5.0,0.0,7,1,0,1,0.027705824899646084,0
Central Zone 1,Old Madras Road,3.0,4.0,7,1,1,0,0.08300565198598778,0
Central Zone 1,Old Madras Road,3.0,0.0,7,1,1,0,0.06152234611958647,0
West Zone 1,Tumkur Road,5.0,4.0,7,1,0,0,0.1494913885925048,0
Central Zone 2,Non-corridor,2.0,0.0,7,7,5,0,0.40018105209584726,0
North Zone 2,ORR North 2,2.0,12.0,7,1,1,0,0.05510697893646895,0
Central Zone 2,Non-corridor,1.0,8.0,7,5,2,0,0.14866240720342344,0
Central Zone 2,Non-corridor,1.0,12.0,7,3,1,0,0.11098579592581119,0
North Zone 2,ORR North 2,1.0,8.0,7,1,1,0,0.023162645362975652,0
North Zone 2,ORR North 2,3.0,4.0,7,1,1,0,0.37993141116065093,0
North Zone 2,ORR North 2,3.0,0.0,7,1,0,0,0.04210398803120226,0
Central Zone 2,Non-corridor,6.0,12.0,7,1,1,0,0.5149680308706377,1
Central Zone 1,Old Madras Road,2.0,0.0,7,1,0,0,0.318412213288302,0
West Zone 1,Tumkur Road,5.0,12.0,7,1,1,0,0.0682898230461634,0
Central Zone 1,Old Madras Road,1.0,8.0,7,2,2,0,0.1223994261762125,0
North Zone 2,ORR North 2,2.0,0.0,7,1,1,0,0.06796811732086154,0
North Zone 2,ORR North 2,2.0,8.0,7,1,1,0,0.44835926199087206,0
East Zone 1,ORR East 1,6.0,8.0,7,1,0,0,0.032174205255387035,0
West Zone 2,West of Chord Road,5.0,0.0,7,2,1,0,0.05680597389663274,0
West Zone 2,West of Chord Road,1.0,4.0,7,1,1,0,0.031360652598007015,0
West Zone 2,West of Chord Road,4.0,0.0,7,1,1,0,0.1640091565231368,0
North Zone 2,ORR North 2,3.0,8.0,7,1,1,1,0.10778828642873409,0
West Zone 2,West of Chord Road,6.0,12.0,7,1,1,0,0.29826700869365486,0
East Zone 1,ORR East 2,1.0,0.0,7,3,2,0,0.10627632476786011,0
West Zone 2,West of Chord Road,2.0,0.0,7,1,1,0,0.09021029305762031,0
West Zone 2,West of Chord Road,6.0,0.0,8,1,0,0,0.046611107639880266,0
East Zone 1,ORR East 2,1.0,0.0,8,1,1,0,0.12271833109387105,0
West Zone 2,West of Chord Road,3.0,0.0,8,1,0,0,0.09551319374134547,0
North Zone 1,Hennur Main Road,1.0,8.0,8,1,1,0,0.060804532952396816,0
Central Zone 2,Non-corridor,6.0,12.0,8,2,2,1,0.23020473079127435,0
North Zone 1,Hennur Main Road,3.0,8.0,8,1,1,0,0.07808462742654863,0
North Zone 1,Hennur Main Road,3.0,4.0,8,1,0,0,0.02260829883642518,0
Central Zone 2,Non-corridor,6.0,8.0,8,6,6,0,0.1528400971674949,0
North Zone 1,Hennur Main Road,6.0,4.0,8,1,0,0,0.10950754251681831,0
North Zone 1,Hennur Main Road,5.0,12.0,8,1,1,0,0.13858379657390027,0
Central Zone 2,Non-corridor,6.0,4.0,8,2,1,0,0.3384726266310648,0
North Zone 1,Airport New South Road,4.0,12.0,8,1,1,0,0.027279672223125766,0
North Zone 1,Airport New South Road,4.0,0.0,8,1,1,0,0.028702093913293723,0
North Zone 1,ORR North 1,1.0,4.0,8,2,1,0,0.0430218285986675,0
North Zone 1,ORR North 1,1.0,0.0,8,1,1,0,0.07179613058664654,0
North Zone 1,ORR North 1,0.0,4.0,8,1,0,0,0.10515602144458494,0
North Zone 1,ORR North 1,2.0,0.0,8,1,0,0,0.12567199762020703,0
Central Zone 2,Non-corridor,6.0,0.0,8,6,3,1,0.3815794762138332,0
Central Zone 2,Non-corridor,5.0,20.0,8,2,2,0,0.10045658394180573,0
North Zone 1,ORR North 1,3.0,0.0,8,1,1,0,0.23720363571954048,0
Central Zone 2,Non-corridor,5.0,16.0,8,2,2,0,0.16388659131510502,0
Central Zone 2,Non-corridor,5.0,12.0,8,1,1,0,0.21669186225151416,0
North Zone 1,ORR North 1,3.0,4.0,8,1,0,0,0.05938399965137466,0
Central Zone 2,Non-corridor,5.0,8.0,8,3,3,1,0.32553663807968175,0
North Zone 1,ORR North 1,6.0,16.0,8,1,1,0,0.06822991486013368,0
Central Zone 2,Non-corridor,5.0,4.0,8,3,3,1,0.31918055474150636,0
North Zone 2,Bellary Road 1,0.0,8.0,8,2,2,0,0.017911744857266945,0
North Zone 2,Bellary Road 1,1.0,8.0,8,2,1,0,0.10246310266546146,0
North Zone 2,Bellary Road 1,1.0,4.0,8,1,1,0,0.06993708700788547,0
Central Zone 2,Non-corridor,5.0,0.0,8,3,2,0,0.41111668239676036,0
North Zone 2,Bellary Road 1,2.0,0.0,8,2,1,0,0.15902209417521715,0
North Zone 2,Bellary Road 1,1.0,16.0,8,2,2,0,0.029980280493944845,0
North Zone 2,Bellary Road 1,1.0,12.0,8,1,0,0,0.06951718276946764,0
North Zone 2,Bellary Road 1,2.0,8.0,8,2,1,0,0.2481792128270841,0
North Zone 2,Bellary Road 1,2.0,12.0,8,1,1,0,0.10901757771435919,0
North Zone 2,Bellary Road 1,3.0,4.0,8,3,2,0,0.06738103555503515,0
North Zone 2,Bellary Road 1,3.0,0.0,8,1,0,0,0.07445729655348117,0
North Zone 2,Bellary Road 1,3.0,8.0,8,4,3,0,0.03968737804443756,0
Central Zone 2,Non-corridor,4.0,8.0,8,5,3,0,0.5160953473443756,1
Central Zone 2,Non-corridor,4.0,4.0,8,3,0,0,0.2846817057566625,0
North Zone 2,Bellary Road 1,5.0,4.0,8,3,2,0,0.08742502880373061,0
Central Zone 2,Non-corridor,4.0,0.0,8,4,2,1,0.40681485209781093,0
Central Zone 2,Non-corridor,3.0,16.0,8,1,1,1,0.33492858118858815,0
North Zone 2,Bellary Road 1,6.0,4.0,8,1,1,0,0.09083248494209858,0
North Zone 2,Bellary Road 1,6.0,8.0,8,1,1,0,0.09295123565278626,0
Central Zone 2,Non-corridor,3.0,12.0,8,5,2,0,0.44780826625271986,0
North Zone 2,Bellary Road 2,0.0,0.0,8,1,1,0,0.017911744857266945,0
North Zone 2,Bellary Road 1,6.0,12.0,8,1,0,0,0.0914031355307334,0
North Zone 2,Bellary Road 2,0.0,4.0,8,1,1,0,0.03806159749845548,0
Central Zone 2,Non-corridor,3.0,8.0,8,10,7,0,0.5164926112935551,1
North Zone 2,Bellary Road 2,1.0,0.0,8,2,2,0,0.10471279516468947,0
Central Zone 2,Non-corridor,3.0,4.0,8,3,2,0,0.3646076318365634,0
Central Zone 2,Non-corridor,3.0,0.0,8,1,1,1,0.44368553361088175,0
North Zone 2,Bellary Road 2,2.0,8.0,8,1,1,0,0.09775635493445133,0
North Zone 2,Bellary Road 2,2.0,4.0,8,1,1,0,0.1975615471771011,0
Central Zone 2,Non-corridor,2.0,20.0,8,2,2,0,0.18126344496264093,0
North Zone 2,Bellary Road 2,3.0,0.0,8,2,2,0,0.07016285748335746,0
Central Zone 2,Non-corridor,2.0,12.0,8,6,1,0,0.22706233535140408,0
North Zone 2,Bellary Road 2,3.0,8.0,8,1,1,0,0.055248822033614566,0
Central Zone 2,Non-corridor,2.0,8.0,8,5,4,1,0.29150447923925626,0
Central Zone 2,Non-corridor,2.0,4.0,8,3,3,0,0.38416646775670477,0
North Zone 2,Bellary Road 2,6.0,8.0,8,2,1,0,0.037465827267496844,0
East Zone 1,ORR East 1,1.0,0.0,8,2,1,0,0.20470599451995067,0
Central Zone 2,Non-corridor,2.0,0.0,8,4,2,0,0.5571732943939468,1
Central Zone 2,Non-corridor,1.0,16.0,8,1,1,0,0.03793954425315903,0
Central Zone 2,Non-corridor,1.0,12.0,8,2,1,0,0.39791321143971914,0
North Zone 2,ORR North 2,1.0,8.0,8,1,1,0,0.023162645362975652,0
North Zone 2,ORR North 2,1.0,0.0,8,1,0,0,0.20954139726200008,0
North Zone 2,ORR North 2,1.0,12.0,8,1,0,0,0.023150698462025106,0
North Zone 2,ORR North 2,3.0,0.0,8,1,0,0,0.12627379070171518,0
Central Zone 2,Non-corridor,1.0,8.0,8,5,2,0,0.3528832457592117,0
North Zone 2,ORR North 2,3.0,8.0,8,4,3,0,0.08625396262966738,0
North Zone 2,ORR North 2,4.0,4.0,8,1,0,0,0.4325058641138007,0
Central Zone 2,Non-corridor,1.0,4.0,8,7,4,1,0.31521499301827316,0
North Zone 2,ORR North 2,4.0,12.0,8,1,1,0,0.03430765798131427,0
North Zone 2,ORR North 2,4.0,8.0,8,1,1,0,0.33464462844680193,0
Central Zone 2,Non-corridor,1.0,0.0,8,2,0,1,0.5153096870918166,1
North Zone 2,ORR North 2,5.0,8.0,8,2,2,0,0.2050176857284654,0
North Zone 2,ORR North 2,6.0,4.0,8,1,1,0,0.1481738827619239,0
North Zone 2,ORR North 2,5.0,12.0,8,1,1,0,0.3061713531769355,0
Central Zone 2,Non-corridor,0.0,20.0,8,1,1,0,0.017911744857266945,0
Central Zone 2,Non-corridor,0.0,12.0,8,2,1,1,0.24411519984894303,0
North Zone 2,ORR North 2,6.0,12.0,8,1,1,0,0.10343876018496567,0
North Zone 2,ORR North 2,6.0,8.0,8,1,0,0,0.03768612980449621,0
Central Zone 2,Non-corridor,0.0,8.0,8,2,1,0,0.36920180260748786,0
Central Zone 2,Non-corridor,0.0,4.0,8,5,4,0,0.32959607609651626,0
Central Zone 2,Non-corridor,0.0,0.0,8,1,0,0,0.2672838520161485,0
South Zone 1,ORR West 1,1.0,4.0,8,1,1,0,0.02831991545927983,0
South Zone 1,ORR West 1,3.0,0.0,8,2,2,0,0.024378780634210742,0
South Zone 1,ORR West 1,2.0,12.0,8,1,1,0,0.15612469897083975,0
South Zone 1,ORR West 1,2.0,8.0,8,1,1,0,0.06537803384221004,0
East Zone 1,ORR East 1,2.0,4.0,8,1,1,0,0.05521537593931503,0
East Zone 1,ORR East 1,2.0,0.0,8,1,1,0,0.061793340463284205,0
East Zone 1,Varthur Road,3.0,12.0,8,1,1,0,0.05392041234977874,0
South Zone 1,ORR West 1,4.0,4.0,8,1,0,0,0.12194304906740627,0
South Zone 1,ORR West 1,4.0,0.0,8,1,0,0,0.11581357636362978,0
South Zone 1,ORR West 1,3.0,8.0,8,2,1,0,0.07982557877628076,0
Central Zone 2,Mysore Road,6.0,8.0,8,5,2,0,0.15188277848952653,0
Central Zone 2,Mysore Road,6.0,4.0,8,4,3,0,0.09232319171706416,0
Central Zone 2,Mysore Road,6.0,0.0,8,1,1,0,0.17801548540771184,0
South Zone 1,ORR West 1,5.0,8.0,8,1,1,0,0.054578108525991674,0
South Zone 1,ORR West 1,5.0,0.0,8,1,0,0,0.162460380354683,0
South Zone 1,ORR West 1,6.0,8.0,8,1,1,0,0.12092323757086967,0
South Zone 1,ORR West 1,6.0,4.0,8,1,0,0,0.11785513756214683,0
Central Zone 2,Mysore Road,5.0,12.0,8,1,0,1,0.15049117286795224,0
South Zone 2,Bannerghata Road,0.0,0.0,8,1,0,0,0.15994850515462258,0
South Zone 2,Bannerghata Road,1.0,8.0,8,1,1,0,0.05076160920462859,0
Central Zone 2,Mysore Road,5.0,8.0,8,1,1,0,0.17801548540771184,0
South Zone 2,Bannerghata Road,3.0,0.0,8,1,1,0,0.12829479278825193,0
East Zone 1,ORR East 2,6.0,0.0,8,1,1,0,0.06491309585056225,0
East Zone 1,ORR East 1,3.0,0.0,8,1,1,0,0.06411529617424923,0
South Zone 2,Bannerghata Road,4.0,12.0,8,1,0,0,0.17023131778973702,0
South Zone 2,Bannerghata Road,3.0,12.0,8,1,0,0,0.16499776508472921,0
South Zone 2,Bannerghata Road,5.0,4.0,8,2,2,0,0.05075360500971938,0
Central Zone 2,Mysore Road,4.0,8.0,8,3,2,0,0.17801548540771184,0
South Zone 2,Bannerghata Road,6.0,12.0,8,2,2,0,0.23481399752289012,0
South Zone 2,Bannerghata Road,6.0,4.0,8,1,0,0,0.05873697818199602,0
Central Zone 2,Mysore Road,4.0,4.0,8,1,0,0,0.22264565280777518,0
South Zone 2,Hosur Road,1.0,0.0,8,3,0,0,0.16432937158167918,0
South Zone 2,Hosur Road,0.0,12.0,8,1,0,0,0.13712666941213258,0
South Zone 2,Hosur Road,1.0,8.0,8,1,1,0,0.09767512218041956,0
Central Zone 2,Mysore Road,4.0,0.0,8,1,0,1,0.20470880067724398,0
South Zone 2,Hosur Road,2.0,4.0,8,1,1,0,0.05550982840325844,0
South Zone 2,Hosur Road,2.0,12.0,8,2,2,0,0.05977151665625158,0
East Zone 1,ORR East 2,3.0,4.0,8,1,1,0,0.051305826966256775,0
East Zone 1,ORR East 2,5.0,0.0,8,2,2,0,0.06430698228460192,0
Central Zone 2,Mysore Road,3.0,0.0,8,3,3,0,0.1605993684116346,0
South Zone 2,Hosur Road,5.0,8.0,8,3,1,0,0.20380933696472142,0
Central Zone 2,Mysore Road,2.0,12.0,8,1,1,0,0.13486170597032823,0
Central Zone 2,Mysore Road,2.0,8.0,8,3,2,1,0.17801548540771184,0
South Zone 2,Hosur Road,6.0,4.0,8,1,0,0,0.10609825843501519,0
South Zone 2,IRR(Thanisandra road),3.0,12.0,8,1,1,0,0.05075360500971938,0
West Zone 1,Magadi Road,2.0,4.0,8,1,1,0,0.05030271675236727,0
Central Zone 2,Mysore Road,1.0,0.0,8,2,0,0,0.11611757371900816,0
West Zone 1,Magadi Road,2.0,12.0,8,2,0,0,0.08505061523541488,0
East Zone 1,ORR East 2,2.0,0.0,8,2,1,0,0.06430698228460192,0
East Zone 1,ORR East 1,4.0,8.0,8,1,1,0,0.1285245628011191,0
East Zone 1,ORR East 1,4.0,4.0,8,1,1,0,0.07237591941216925,0
East Zone 1,ORR East 1,4.0,0.0,8,1,0,0,0.09748677282680433,0
East Zone 1,ORR East 2,3.0,0.0,8,1,1,0,0.0818138066208742,0
East Zone 1,ORR East 2,4.0,0.0,8,1,1,0,0.054825762684967236,0
Central Zone 2,Mysore Road,0.0,8.0,8,2,0,0,0.06140541334343328,0
West Zone 1,Magadi Road,4.0,4.0,8,2,1,0,0.08327063292273809,0
West Zone 1,Magadi Road,4.0,0.0,8,1,1,0,0.05927642621814762,0
West Zone 1,Magadi Road,5.0,4.0,8,1,0,0,0.11706238222075985,0
West Zone 1,Magadi Road,5.0,0.0,8,1,1,0,0.06694982527396802,0
Central Zone 2,Mysore Road,0.0,0.0,8,2,2,0,0.05080346665780141,0
West Zone 1,Magadi Road,5.0,8.0,8,1,1,0,0.05927642621814762,0
Central Zone 2,CBD 2,6.0,12.0,8,1,0,0,0.0736258098147336,0
West Zone 1,Magadi Road,6.0,12.0,8,1,1,0,0.1166747748000003,0
West Zone 1,Magadi Road,6.0,8.0,8,2,1,0,0.1998716321122383,0
Central Zone 2,CBD 2,2.0,0.0,8,1,1,0,0.056578473937946946,0
Central Zone 2,CBD 2,1.0,8.0,8,1,1,0,0.08263794565263673,0
Central Zone 2,CBD 2,0.0,4.0,8,1,1,0,0.059735849860528836,0
Central Zone 2,CBD 1,4.0,0.0,8,1,1,0,0.05080346665780141,0
West Zone 1,Tumkur Road,0.0,12.0,8,1,0,0,0.12959500496575752,0
West Zone 1,Tumkur Road,1.0,4.0,8,1,1,1,0.14455336846116568,0
West Zone 1,Tumkur Road,1.0,0.0,8,1,1,0,0.14363282947838701,0
Central Zone 1,Old Madras Road,5.0,12.0,8,1,0,0,0.16126732221060197,0
Central Zone 1,Old Madras Road,5.0,8.0,8,2,2,0,0.10971070826313577,0
West Zone 1,Tumkur Road,3.0,8.0,8,1,1,0,0.19876379265707886,0
Central Zone 1,Old Madras Road,4.0,8.0,8,1,1,0,0.2988798551198813,0
Central Zone 1,Old Madras Road,4.0,0.0,8,3,3,0,0.14281846178832927,0
West Zone 1,Tumkur Road,4.0,12.0,8,2,2,0,0.06317984390089862,0
Central Zone 1,Old Madras Road,2.0,12.0,8,1,1,0,0.19386649232099634,0
West Zone 1,Tumkur Road,5.0,4.0,8,1,1,0,0.16238703916749597,0
West Zone 1,Tumkur Road,6.0,0.0,8,1,1,0,0.1620176106993519,0
West Zone 1,Tumkur Road,6.0,4.0,8,2,0,0,0.06715089310110064,0
West Zone 1,Tumkur Road,6.0,12.0,8,2,0,0,0.10875005423746481,0
Central Zone 1,Old Airport Road,5.0,16.0,8,1,0,1,0.2572120807010452,0
Central Zone 1,Old Airport Road,2.0,8.0,8,1,0,0,0.1666358239475743,0
Central Zone 1,Old Airport Road,1.0,8.0,8,1,1,0,0.07250921136416821,0
West Zone 2,West of Chord Road,0.0,4.0,8,1,1,0,0.050249877305918025,0
East Zone 1,ORR East 1,5.0,12.0,8,1,1,0,0.05397689213121608,0
East Zone 1,ORR East 1,5.0,8.0,8,1,0,0,0.07024935820448101,0
West Zone 2,West of Chord Road,2.0,4.0,8,1,1,0,0.07819644590636184,0
West Zone 2,West of Chord Road,3.0,12.0,9,1,1,0,0.07924148574271633,0
Central Zone 2,Mysore Road,6.0,12.0,9,1,1,0,0.17801548540771184,0
Central Zone 2,Mysore Road,1.0,16.0,9,1,0,0,0.07129383549096034,0
North Zone 2,Bellary Road 1,6.0,8.0,9,3,2,0,0.059591169469607526,0
West Zone 2,West of Chord Road,5.0,8.0,9,1,1,0,0.05927642621814762,0
West Zone 1,Magadi Road,2.0,0.0,9,1,1,0,0.06642843625934604,0
Central Zone 2,Mysore Road,2.0,8.0,9,4,3,0,0.18258729104959592,0
North Zone 2,Bellary Road 2,2.0,0.0,9,1,1,0,0.09751437500180074,0
North Zone 2,Bellary Road 1,1.0,8.0,9,1,0,0,0.09301801371726123,0
North Zone 2,Bellary Road 2,2.0,4.0,9,1,1,0,0.05402530591774814,0
North Zone 2,Bellary Road 1,0.0,8.0,9,1,1,0,0.05086459640270001,0
Central Zone 2,Non-corridor,5.0,4.0,9,4,4,1,0.2988798551198813,0
Central Zone 2,Mysore Road,3.0,0.0,9,2,1,0,0.18258729104959592,0
Central Zone 2,Mysore Road,2.0,12.0,9,2,2,0,0.08318187903816394,0
Central Zone 2,Non-corridor,3.0,0.0,9,5,3,0,0.2988798551198813,0
South Zone 2,Hosur Road,5.0,0.0,9,3,2,0,0.12878768881422545,0
Central Zone 2,Non-corridor,0.0,8.0,9,1,1,0,0.2572120807010452,0
West Zone 2,West of Chord Road,2.0,12.0,9,1,1,0,0.05038155876764335,0
East Zone 1,ORR East 2,3.0,0.0,9,2,1,0,0.06608657339872713,0
East Zone 1,ORR East 2,4.0,0.0,9,1,1,0,0.054061165055938845,0
North Zone 1,ORR North 1,6.0,0.0,9,1,0,0,0.08052914124884301,0
Central Zone 2,Non-corridor,5.0,8.0,9,6,3,1,0.2988798551198813,0
North Zone 2,Bellary Road 1,0.0,0.0,9,1,1,0,0.05030271675236727,0
West Zone 1,Magadi Road,3.0,0.0,9,2,2,0,0.18893130362597457,0
Central Zone 2,Non-corridor,2.0,12.0,9,2,2,1,0.28679103266341904,0
South Zone 2,Hosur Road,4.0,4.0,9,1,1,0,0.05090659209684404,0
North Zone 1,ORR North 1,5.0,0.0,9,1,1,0,0.15302553549632686,0
North Zone 1,ORR North 1,6.0,12.0,9,1,1,0,0.05598403282253304,0
North Zone 1,ORR North 1,4.0,8.0,9,2,2,0,0.14548193819101332,0
Central Zone 2,Mysore Road,0.0,8.0,9,1,1,0,0.1444634781215352,0
North Zone 2,Bellary Road 2,3.0,0.0,9,1,0,0,0.10085343991738278,0
Central Zone 2,Non-corridor,5.0,12.0,9,2,2,1,0.29361084828790573,0
Central Zone 2,Non-corridor,5.0,0.0,9,1,0,1,0.2988798551198813,0
North Zone 2,Bellary Road 1,2.0,0.0,9,1,1,0,0.09076940098103546,0
North Zone 2,Bellary Road 1,2.0,4.0,9,1,1,0,0.07819644590636184,0
West Zone 2,West of Chord Road,1.0,12.0,9,1,0,0,0.09875155386237146,0
Central Zone 2,Non-corridor,3.0,12.0,9,3,1,1,0.2988798551198813,0
West Zone 1,Magadi Road,4.0,8.0,9,1,1,0,0.10882371633595442,0
North Zone 2,Bellary Road 2,3.0,4.0,9,1,0,1,0.12790293972150793,0
North Zone 2,Bellary Road 2,4.0,4.0,9,2,2,0,0.05436305777970666,0
Central Zone 2,Mysore Road,3.0,4.0,9,1,0,0,0.14379083384891725,0
North Zone 1,ORR North 1,2.0,0.0,9,1,0,0,0.09652761811061727,0
Central Zone 2,Non-corridor,6.0,0.0,9,4,4,1,0.2988798551198813,0
North Zone 1,ORR North 1,3.0,0.0,9,1,1,0,0.062228956190513655,0
North Zone 2,Bellary Road 2,4.0,12.0,9,1,0,0,0.11518416228247097,0
South Zone 2,Hosur Road,3.0,0.0,9,3,1,0,0.05407735227915129,0
Central Zone 2,Mysore Road,0.0,0.0,9,2,1,0,0.12158949168185319,0
West Zone 1,Magadi Road,6.0,4.0,9,1,0,0,0.06652537107701634,0
West Zone 1,Magadi Road,6.0,0.0,9,1,0,0,0.06626867357593239,0
North Zone 1,ORR North 1,1.0,8.0,9,1,1,0,0.050249877305918025,0
North Zone 1,ORR North 1,2.0,8.0,9,1,1,0,0.1521617495846514,0
West Zone 2,West of Chord Road,0.0,8.0,9,1,1,0,0.14787942137305443,0
East Zone 1,ORR East 2,5.0,8.0,9,1,1,0,0.06139476661808899,0
Central Zone 2,Non-corridor,1.0,0.0,9,3,3,0,0.2988798551198813,0
North Zone 2,ORR North 2,5.0,8.0,9,1,1,0,0.1760230458606034,0
North Zone 2,ORR North 2,5.0,4.0,9,1,0,0,0.09596335372583507,0
North Zone 2,Bellary Road 2,3.0,12.0,9,1,0,0,0.1685157223564185,0
Central Zone 2,Non-corridor,4.0,16.0,9,1,1,1,0.2988798551198813,0
West Zone 1,Magadi Road,1.0,4.0,9,1,1,0,0.07358891956244228,0
North Zone 2,Bellary Road 2,1.0,16.0,9,1,1,0,0.05518335402746093,0
South Zone 2,Hosur Road,3.0,8.0,9,2,0,1,0.1997600333233409,0
Central Zone 2,Non-corridor,2.0,8.0,9,5,3,1,0.2988798551198813,0
North Zone 1,ORR North 1,1.0,4.0,9,1,1,0,0.06665045694408073,0
West Zone 1,Magadi Road,5.0,8.0,9,1,0,0,0.09343924163163243,0
South Zone 1,ORR West 1,4.0,0.0,9,1,0,0,0.13507346759009145,0
North Zone 2,ORR North 2,4.0,8.0,9,1,1,0,0.1464587530988782,0
Central Zone 2,CBD 2,4.0,4.0,9,1,1,0,0.06670772394566903,0
South Zone 2,Hosur Road,3.0,12.0,9,1,1,0,0.23481399752289012,0
Central Zone 2,Mysore Road,1.0,4.0,9,1,1,0,0.17801548540771184,0
North Zone 2,Bellary Road 1,2.0,12.0,9,1,1,0,0.05030271675236727,0
North Zone 2,Bellary Road 2,5.0,12.0,9,2,2,0,0.12290267061037607,0
North Zone 2,Bellary Road 2,5.0,8.0,9,1,0,0,0.09279454016021008,0
North Zone 1,Hennur Main Road,4.0,8.0,9,2,1,0,0.12282998444768793,0
Central Zone 2,Mysore Road,3.0,12.0,9,2,1,1,0.09446800750814081,0
South Zone 2,Hosur Road,2.0,8.0,9,1,1,0,0.07819644590636184,0
North Zone 2,Bellary Road 2,6.0,0.0,9,1,1,0,0.11169063122351157,0
Central Zone 2,Non-corridor,6.0,4.0,9,1,0,0,0.2988798551198813,0
North Zone 1,Hennur Main Road,2.0,4.0,9,1,1,0,0.05038155876764335,0
North Zone 1,Hennur Main Road,2.0,0.0,9,1,1,0,0.06788878332192295,0
North Zone 1,Hennur Main Road,3.0,8.0,9,1,1,0,0.0650672598365267,0
North Zone 1,Hennur Main Road,3.0,0.0,9,1,1,0,0.06497672031810565,0
Central Zone 2,Non-corridor,6.0,8.0,9,2,1,1,0.2988798551198813,0
North Zone 1,Hennur Main Road,5.0,8.0,9,1,1,0,0.11077534036342697,0
Central Zone 2,Non-corridor,4.0,0.0,9,5,4,1,0.2988798551198813,0
Central Zone 2,Mysore Road,2.0,4.0,9,3,3,0,0.17801548540771184,0
Central Zone 2,Non-corridor,4.0,12.0,9,2,0,1,0.2988798551198813,0
South Zone 2,Hosur Road,6.0,4.0,9,2,1,0,0.23481399752289012,0
West Zone 1,Tumkur Road,0.0,8.0,9,1,1,0,0.0658763456931344,0
North Zone 1,Hennur Main Road,1.0,8.0,9,2,1,0,0.06655070051678362,0
North Zone 1,Hennur Main Road,0.0,0.0,9,1,1,0,0.05076160920462859,0
Central Zone 2,Non-corridor,6.0,16.0,9,1,1,0,0.13330572455033946,0
Central Zone 2,Non-corridor,2.0,4.0,9,3,2,1,0.2988798551198813,0
West Zone 1,Tumkur Road,1.0,4.0,9,3,3,0,0.0677728390348564,0
West Zone 1,Tumkur Road,0.0,4.0,9,1,1,0,0.06891607655027274,0
Central Zone 2,Mysore Road,4.0,4.0,9,1,1,0,0.08980915535820641,0
West Zone 1,Tumkur Road,1.0,8.0,9,3,3,0,0.08595581545003388,0
Central Zone 2,Non-corridor,3.0,4.0,9,5,2,0,0.2988798551198813,0
North Zone 2,Bellary Road 1,6.0,12.0,9,2,1,0,0.19575055872558547,0
North Zone 2,Bellary Road 2,0.0,8.0,9,1,1,0,0.053580657225940215,0
Central Zone 2,Non-corridor,1.0,4.0,9,5,4,1,0.29361084828790573,0
West Zone 1,Tumkur Road,2.0,4.0,9,1,0,0,0.10892259926044558,0
South Zone 2,Hosur Road,0.0,0.0,9,2,1,0,0.06374064325298948,0
North Zone 2,Bellary Road 2,6.0,12.0,9,1,1,0,0.05927642621814762,0
South Zone 2,Bannerghata Road,4.0,4.0,9,1,1,0,0.05075360500971938,0
South Zone 2,Bannerghata Road,3.0,8.0,9,1,1,0,0.08189171195605846,0
West Zone 1,Tumkur Road,1.0,12.0,9,2,2,0,0.050249877305918025,0
West Zone 1,Tumkur Road,1.0,16.0,9,1,0,0,0.06585816778851863,0
Central Zone 2,Non-corridor,2.0,0.0,9,5,1,1,0.2988798551198813,0
Central Zone 2,Non-corridor,1.0,20.0,9,1,1,0,0.07623835691576511,0
South Zone 2,Bannerghata Road,2.0,12.0,9,1,0,0,0.16382964102412584,0
South Zone 2,Bannerghata Road,2.0,8.0,9,1,1,0,0.05402530591774814,0
North Zone 2,ORR North 2,0.0,0.0,9,1,1,0,0.1262061320394914,0
Central Zone 1,Old Madras Road,5.0,8.0,9,2,2,0,0.19246877657905295,0
Central Zone 1,Old Madras Road,6.0,0.0,9,2,1,1,0.2816495302437279,0
East Zone 1,Varthur Road,4.0,8.0,9,1,0,0,0.0730788677562027,0
East Zone 1,Varthur Road,3.0,8.0,9,1,0,0,0.10374868283894251,0
Central Zone 1,Old Airport Road,2.0,8.0,9,1,1,0,0.07643266129420323,0
North Zone 2,ORR North 2,3.0,8.0,9,1,1,0,0.2209604257371075,0
North Zone 2,ORR North 2,4.0,4.0,9,1,1,0,0.07875904473005782,0
Central Zone 2,Mysore Road,6.0,8.0,9,2,1,0,0.17801548540771184,0
Central Zone 2,Non-corridor,4.0,8.0,9,1,0,1,0.2988798551198813,0
West Zone 1,Tumkur Road,3.0,16.0,9,1,0,0,0.12959500496575752,0
West Zone 1,Tumkur Road,3.0,0.0,9,1,0,0,0.23516627861179634,0
West Zone 1,Tumkur Road,2.0,12.0,9,1,0,0,0.16191954599307815,0
Central Zone 2,Mysore Road,5.0,4.0,9,1,0,0,0.20470880067724398,0
South Zone 2,Bannerghata Road,3.0,4.0,9,1,1,0,0.05075360500971938,0
North Zone 1,Airport New South Road,2.0,4.0,9,1,0,0,0.05829709853866707,0
West Zone 1,Tumkur Road,3.0,4.0,9,2,0,0,0.06652537107701634,0
North Zone 2,Bellary Road 1,4.0,0.0,9,1,0,1,0.12451471359769804,0
Central Zone 1,Old Airport Road,2.0,4.0,9,1,1,0,0.07623835691576511,0
East Zone 1,ORR East 1,1.0,20.0,9,1,0,0,0.09014247825932353,0
East Zone 1,ORR East 1,0.0,12.0,9,1,1,0,0.050249877305918025,0
North Zone 1,Airport New South Road,0.0,4.0,9,1,1,0,0.05076160920462859,0
Central Zone 1,Old Madras Road,4.0,12.0,9,1,0,0,0.15261655963550233,0
Central Zone 2,Non-corridor,1.0,12.0,9,3,2,0,0.28679103266341904,0
Central Zone 1,Old Madras Road,4.0,0.0,9,1,0,0,0.26852351603978203,0
West Zone 1,Tumkur Road,4.0,8.0,9,1,1,0,0.11103608298215088,0
Central Zone 1,Old Madras Road,3.0,12.0,9,1,1,0,0.10591765171205325,0
Central Zone 1,Old Madras Road,3.0,8.0,9,1,0,0,0.11029434496797456,0
West Zone 1,Tumkur Road,5.0,4.0,9,1,1,0,0.07895703269905074,0
Central Zone 1,Old Madras Road,2.0,0.0,9,1,1,0,0.28679103266341904,0
Central Zone 1,Old Madras Road,3.0,0.0,9,1,1,0,0.10361268334273033,0
North Zone 2,ORR North 2,1.0,8.0,9,1,1,0,0.053720573402127186,0
North Zone 2,ORR North 2,2.0,8.0,9,1,1,0,0.06307427124315589,0
Central Zone 2,Mysore Road,1.0,8.0,9,2,1,0,0.20470880067724398,0
North Zone 2,Bellary Road 2,0.0,4.0,9,1,1,0,0.05030271675236727,0
Central Zone 2,Non-corridor,3.0,8.0,9,1,0,1,0.26852351603978203,0
North Zone 2,Bellary Road 2,1.0,0.0,9,1,1,0,0.11148475280120311,0
Central Zone 2,Non-corridor,4.0,4.0,9,3,2,0,0.2988798551198813,0
North Zone 2,Bellary Road 1,5.0,0.0,9,2,2,0,0.14780055319110091,0
West Zone 1,Tumkur Road,6.0,12.0,9,1,1,0,0.26122176366401445,0
Central Zone 2,Mysore Road,5.0,8.0,9,1,1,0,0.16157740609773308,0
West Zone 1,Magadi Road,0.0,4.0,9,1,1,0,0.09751437500180074,0
Central Zone 2,Non-corridor,1.0,8.0,9,2,2,0,0.2988798551198813,0
Central Zone 2,Mysore Road,6.0,0.0,9,3,2,0,0.10024092383459969,0
Central Zone 1,Old Airport Road,5.0,8.0,9,1,0,0,0.1193380159829651,0
Central Zone 1,Old Airport Road,4.0,16.0,9,2,2,0,0.07250921136416821,0
West Zone 2,West of Chord Road,6.0,12.0,9,1,1,0,0.09954611604279547,0
East Zone 1,ORR East 2,2.0,0.0,9,1,1,0,0.07964682753805785,0
South Zone 1,ORR West 1,1.0,12.0,9,1,1,0,0.050249877305918025,0
East Zone 1,ORR East 2,1.0,0.0,9,2,1,0,0.08185957919096414,0
Central Zone 2,Non-corridor,0.0,4.0,9,4,2,0,0.2988798551198813,0
Central Zone 2,Mysore Road,1.0,0.0,10,1,1,1,0.090347524521323,0
Central Zone 2,Non-corridor,0.0,4.0,10,3,1,0,0.2988798551198813,0
Central Zone 2,Mysore Road,0.0,12.0,10,1,0,0,0.05816525052749907,0
West Zone 2,West of Chord Road,3.0,12.0,10,1,1,0,0.13025089554386907,0
Central Zone 2,Mysore Road,6.0,12.0,10,1,1,0,0.09714283515089878,0
North Zone 2,Bellary Road 2,2.0,0.0,10,1,1,0,0.06688626592145511,0
Central Zone 2,Mysore Road,2.0,0.0,10,3,2,0,0.17801548540771184,0
West Zone 2,West of Chord Road,3.0,0.0,10,1,0,0,0.13624945394805765,0
East Zone 1,ORR East 2,1.0,4.0,10,3,2,0,0.050249877305918025,0
West Zone 1,Tumkur Road,6.0,0.0,10,1,0,0,0.1831354861545342,0
Central Zone 2,Mysore Road,5.0,8.0,10,1,0,0,0.12713470498678126,0
Central Zone 2,Mysore Road,3.0,0.0,10,1,1,0,0.17801548540771184,0
Central Zone 2,Non-corridor,3.0,0.0,10,4,2,1,0.2988798551198813,0
Central Zone 1,Old Madras Road,0.0,0.0,10,1,1,0,0.07623835691576511,0
West Zone 2,West of Chord Road,5.0,4.0,10,1,1,0,0.07118154473580635,0
East Zone 1,ORR East 2,4.0,0.0,10,1,1,0,0.054825762684967236,0
Central Zone 2,Non-corridor,0.0,12.0,10,4,3,0,0.28679103266341904,0
North Zone 2,Bellary Road 1,0.0,4.0,10,1,1,0,0.05038155876764335,0
North Zone 2,Bellary Road 1,1.0,0.0,10,1,1,0,0.08938506144720547,0
Central Zone 2,Non-corridor,5.0,4.0,10,6,4,0,0.2988798551198813,0
South Zone 2,Hosur Road,4.0,4.0,10,1,0,0,0.13048943075416586,0
Central Zone 2,Mysore Road,0.0,4.0,10,2,1,0,0.13381342541465452,0
East Zone 1,ORR East 2,1.0,0.0,10,1,1,0,0.15239736818719607,0
East Zone 1,ORR East 2,3.0,0.0,10,1,1,0,0.10093477662287077,0
North Zone 2,ORR North 2,2.0,8.0,10,1,1,0,0.06307427124315589,0
Central Zone 2,Non-corridor,1.0,8.0,10,1,1,0,0.2988798551198813,0
Central Zone 2,Mysore Road,5.0,16.0,10,1,1,0,0.05080346665780141,0
South Zone 1,ORR West 1,6.0,0.0,10,1,0,0,0.1083515157045716,0
North Zone 2,ORR North 2,3.0,0.0,10,2,2,0,0.06582949674131647,0
North Zone 1,ORR North 1,4.0,4.0,10,1,1,0,0.0789457544250538,0
North Zone 1,ORR North 1,4.0,0.0,10,1,0,1,0.06257778825329716,0
North Zone 1,ORR North 1,5.0,4.0,10,1,0,0,0.07719890706180027,0
North Zone 2,Bellary Road 1,0.0,0.0,10,1,1,0,0.05030271675236727,0
Central Zone 2,Non-corridor,5.0,0.0,10,6,3,1,0.2988798551198813,0
North Zone 2,Bellary Road 1,2.0,0.0,10,1,1,0,0.061144416918834224,0
North Zone 2,Bellary Road 1,1.0,12.0,10,1,1,0,0.06070393564730854,0
North Zone 2,Bellary Road 1,2.0,8.0,10,2,2,0,0.11148475280120311,0
North Zone 2,Bellary Road 1,2.0,4.0,10,1,1,1,0.1097599249624913,0
East Zone 1,ORR East 2,3.0,20.0,10,1,1,0,0.0514869901708118,0
West Zone 1,Magadi Road,4.0,8.0,10,1,1,0,0.09279454016021008,0
North Zone 1,ORR North 1,5.0,0.0,10,2,2,0,0.054170464501901654,0
North Zone 1,ORR North 1,3.0,8.0,10,1,1,0,0.06593156623125514,0
North Zone 2,Bellary Road 1,5.0,0.0,10,2,2,0,0.144645473638042,0
North Zone 2,Bellary Road 1,4.0,12.0,10,2,2,0,0.07757641440770228,0
West Zone 1,Tumkur Road,6.0,8.0,10,2,2,0,0.054578108525991674,0
West Zone 1,Tumkur Road,6.0,4.0,10,1,0,0,0.1549662102701471,0
North Zone 2,Bellary Road 1,6.0,4.0,10,1,0,1,0.1127264963477834,0
Central Zone 2,Non-corridor,3.0,12.0,10,26,21,1,0.2988798551198813,0
North Zone 2,Bellary Road 2,3.0,0.0,10,2,2,0,0.08955424188077042,0
Central Zone 2,Non-corridor,2.0,12.0,10,5,5,1,0.28679103266341904,0
North Zone 2,Bellary Road 1,1.0,4.0,10,1,0,0,0.06652537107701634,0
North Zone 1,ORR North 1,2.0,4.0,10,1,0,0,0.07870514086915724,0
Central Zone 2,Non-corridor,6.0,0.0,10,8,7,0,0.2988798551198813,0
East Zone 1,ORR East 2,3.0,8.0,10,1,0,0,0.23516627861179634,0
East Zone 1,ORR East 1,3.0,12.0,10,2,2,0,0.0522654875839464,0
East Zone 1,ORR East 1,3.0,8.0,10,1,1,0,0.08024078542677815,0
Central Zone 2,Non-corridor,3.0,20.0,10,2,2,0,0.12510677733756417,0
Central Zone 2,Non-corridor,3.0,16.0,10,3,3,1,0.129511129585373,0
Central Zone 2,Mysore Road,1.0,8.0,10,1,0,0,0.14235547319821748,0
North Zone 2,Bellary Road 1,4.0,4.0,10,1,1,0,0.05106666449950767,0
Central Zone 2,Non-corridor,4.0,4.0,10,5,2,0,0.2988798551198813,0
Central Zone 1,Old Madras Road,3.0,8.0,10,1,1,0,0.11700737463257119,0
West Zone 1,Tumkur Road,4.0,0.0,10,3,2,0,0.16459572789853236,0
South Zone 2,Hosur Road,2.0,12.0,10,1,0,1,0.1562173762942779,0
Central Zone 2,Mysore Road,0.0,0.0,10,2,1,0,0.17801548540771184,0
West Zone 1,Magadi Road,5.0,12.0,10,1,0,0,0.15296616741210178,0
North Zone 1,ORR North 1,1.0,8.0,10,2,2,0,0.05076160920462859,0
North Zone 1,ORR North 1,2.0,8.0,10,2,1,0,0.09979546008891879,0
North Zone 2,Bellary Road 1,6.0,16.0,10,1,0,0,0.11626593009868412,0
Central Zone 2,Non-corridor,5.0,12.0,10,9,3,1,0.2988798551198813,0
West Zone 1,Magadi Road,4.0,4.0,10,1,0,0,0.14132604703657842,0
North Zone 2,Bellary Road 2,3.0,4.0,10,3,3,0,0.07875904473005782,0
Central Zone 2,Mysore Road,3.0,4.0,10,1,1,0,0.14700808597952622,0
West Zone 1,Magadi Road,4.0,0.0,10,1,1,0,0.05456097271503453,0
Central Zone 2,Non-corridor,3.0,8.0,10,36,23,0,0.29361084828790573,0
Central Zone 1,Old Madras Road,2.0,4.0,10,1,0,0,0.17480915954973097,0
West Zone 1,Tumkur Road,4.0,12.0,10,1,0,0,0.2209604257371075,0
West Zone 1,Tumkur Road,5.0,8.0,10,1,0,0,0.1636666245791727,0
Central Zone 2,Non-corridor,1.0,12.0,10,1,1,1,0.28679103266341904,0
North Zone 2,ORR North 2,1.0,8.0,10,2,2,0,0.053580657225940215,0
North Zone 2,Bellary Road 2,3.0,12.0,10,3,2,0,0.07917776166593042,0
Central Zone 2,Non-corridor,4.0,20.0,10,1,1,0,0.11915499245938496,0
Central Zone 2,Non-corridor,5.0,20.0,10,1,1,0,0.13374356702982934,0
North Zone 1,ORR North 1,3.0,0.0,10,1,1,0,0.06200847553315736,0
South Zone 2,Hosur Road,3.0,0.0,10,1,1,0,0.12201397953093056,0
Central Zone 2,Non-corridor,2.0,8.0,10,7,3,1,0.2988798551198813,0
West Zone 1,Magadi Road,6.0,8.0,10,2,0,0,0.07917776166593042,0
North Zone 1,ORR North 1,1.0,4.0,10,1,1,0,0.06466206839150745,0
North Zone 1,ORR North 1,0.0,12.0,10,1,0,0,0.09875155386237146,0
West Zone 2,West of Chord Road,1.0,0.0,10,2,2,0,0.050249877305918025,0
East Zone 1,ORR East 2,6.0,0.0,10,2,2,0,0.06430698228460192,0
Central Zone 2,Non-corridor,1.0,0.0,10,5,1,1,0.2988798551198813,0
North Zone 2,ORR North 2,2.0,0.0,10,1,0,0,0.06612460340340406,0
South Zone 1,ORR West 1,5.0,12.0,10,2,2,0,0.14512880161073002,0
Central Zone 2,Mysore Road,5.0,12.0,10,3,3,0,0.06110374505178704,0
West Zone 1,Tumkur Road,4.0,8.0,10,1,0,1,0.13234967145383117,0
Central Zone 2,Non-corridor,4.0,8.0,10,9,6,0,0.29361084828790573,0
East Zone 1,Varthur Road,5.0,16.0,10,1,1,0,0.05392041234977874,0
North Zone 2,ORR North 2,4.0,8.0,10,2,2,0,0.06655070051678362,0
Central Zone 2,Non-corridor,4.0,16.0,10,3,3,0,0.2988798551198813,0
North Zone 2,Bellary Road 2,1.0,4.0,10,1,1,0,0.1097599249624913,0
South Zone 2,Hosur Road,3.0,8.0,10,3,3,0,0.13184005000664029,0
Central Zone 2,Mysore Road,1.0,4.0,10,1,0,0,0.07328918654538434,0
Central Zone 2,CBD 2,2.0,4.0,10,1,1,0,0.05067074130310915,0
Central Zone 2,CBD 2,1.0,8.0,10,2,2,0,0.07393718724258425,0
North Zone 1,ORR North 1,1.0,16.0,10,1,1,0,0.050249877305918025,0
North Zone 1,ORR North 1,1.0,12.0,10,1,1,0,0.05076160920462859,0
North Zone 2,ORR North 2,6.0,4.0,10,1,0,0,0.13075264096099806,0
East Zone 1,ORR East 2,5.0,0.0,10,2,2,0,0.05397689213121608,0
Central Zone 1,Old Airport Road,4.0,8.0,10,1,0,0,0.1437295803807332,0
Central Zone 1,Old Airport Road,3.0,8.0,10,1,0,0,0.09347326589752354,0
South Zone 1,ORR West 1,5.0,0.0,10,1,0,0,0.11780863145003054,0
West Zone 1,Tumkur Road,3.0,8.0,10,2,2,0,0.06303550725981108,0
West Zone 1,Tumkur Road,2.0,12.0,10,1,1,0,0.06355306425251565,0
Central Zone 2,Mysore Road,5.0,4.0,10,1,1,0,0.10460996112608335,0
North Zone 1,Airport New South Road,3.0,0.0,10,1,1,0,0.054061165055938845,0
West Zone 1,Tumkur Road,3.0,20.0,10,1,1,0,0.05434395834945523,0
Central Zone 2,CBD 2,3.0,12.0,10,1,1,0,0.12364808197258358,0
Central Zone 2,CBD 2,3.0,8.0,10,1,1,0,0.0817634252398769,0
North Zone 1,Hennur Main Road,4.0,8.0,10,1,0,0,0.19620604578534614,0
South Zone 2,Hosur Road,1.0,4.0,10,2,1,0,0.050331236048501996,0
Central Zone 2,Mysore Road,4.0,0.0,10,3,3,0,0.1049649671294135,0
Central Zone 2,Mysore Road,3.0,12.0,10,4,4,0,0.14280784996184653,0
Central Zone 2,CBD 2,4.0,8.0,10,1,1,0,0.06787808167079303,0
South Zone 2,Hosur Road,4.0,0.0,10,1,0,0,0.10148627472809885,0
South Zone 2,Hosur Road,5.0,12.0,10,1,0,0,0.10459705823820899,0
South Zone 2,Hosur Road,5.0,8.0,10,1,1,0,0.12290267061037607,0
Central Zone 2,Mysore Road,2.0,8.0,10,1,0,0,0.17801548540771184,0
North Zone 2,Bellary Road 1,4.0,0.0,10,5,5,0,0.07261422489708313,0
North Zone 2,Bellary Road 1,3.0,16.0,10,1,1,0,0.050806945807268786,0
East Zone 1,Varthur Road,3.0,8.0,10,1,1,0,0.0522654875839464,0
East Zone 1,Varthur Road,6.0,8.0,10,1,0,0,0.24124563922510645,0
North Zone 2,ORR North 2,3.0,8.0,10,2,1,0,0.2209604257371075,0
South Zone 1,ORR West 1,3.0,8.0,10,5,2,0,0.054578108525991674,0
North Zone 1,Hennur Main Road,3.0,8.0,10,1,1,0,0.06472558415957247,0
Central Zone 2,Non-corridor,6.0,8.0,10,5,3,1,0.2988798551198813,0
East Zone 1,ORR East 1,3.0,0.0,10,1,1,0,0.05147967484098522,0
Central Zone 2,Mysore Road,3.0,8.0,10,8,8,1,0.12455263744711018,0
Central Zone 2,Mysore Road,6.0,8.0,10,3,2,0,0.15820472582780137,0
West Zone 1,Tumkur Road,3.0,12.0,10,3,3,0,0.20013611185824637,0
North Zone 1,Airport New South Road,1.0,4.0,10,2,2,0,0.050249877305918025,0
North Zone 1,Airport New South Road,5.0,8.0,10,1,1,0,0.053686065423065504,0
West Zone 1,Tumkur Road,2.0,8.0,10,1,0,0,0.2518882665574972,0
Central Zone 1,Old Madras Road,6.0,0.0,10,3,3,0,0.2988798551198813,0
North Zone 2,Bellary Road 1,5.0,16.0,10,1,1,0,0.07355205206547798,0
North Zone 2,Bellary Road 1,6.0,12.0,10,1,1,0,0.15072419588633199,0
Central Zone 2,Non-corridor,6.0,12.0,10,5,3,0,0.2988798551198813,0
North Zone 2,Bellary Road 2,6.0,0.0,10,1,1,0,0.10882371633595442,0
Central Zone 2,Non-corridor,6.0,4.0,10,2,2,0,0.28679103266341904,0
North Zone 1,Hennur Main Road,2.0,0.0,10,1,1,0,0.07358891956244228,0
South Zone 2,IRR(Thanisandra road),3.0,12.0,10,1,1,0,0.07279122570525855,0
North Zone 1,Hennur Main Road,1.0,0.0,10,1,0,0,0.08327063292273809,0
North Zone 1,Hennur Main Road,0.0,4.0,10,1,1,0,0.050249877305918025,0
South Zone 2,Hosur Road,0.0,12.0,10,1,1,0,0.053580657225940215,0
East Zone 1,ORR East 1,2.0,12.0,10,1,1,0,0.053580657225940215,0
Central Zone 2,Non-corridor,4.0,0.0,10,20,15,1,0.2988798551198813,0
Central Zone 2,Mysore Road,4.0,20.0,10,1,0,0,0.07129383549096034,0
Central Zone 1,Old Madras Road,5.0,12.0,10,2,2,0,0.13882653153399138,0
West Zone 1,Tumkur Road,3.0,0.0,10,2,2,0,0.1445923745996047,0
Central Zone 2,Mysore Road,4.0,8.0,10,2,1,0,0.19418451931069192,0
South Zone 2,Bannerghata Road,3.0,12.0,10,3,1,0,0.17221564814663348,0
West Zone 1,Tumkur Road,1.0,0.0,10,4,2,0,0.2631080220007857,0
South Zone 2,Bannerghata Road,5.0,12.0,10,1,1,0,0.12999596529525578,0
Central Zone 2,Mysore Road,4.0,4.0,10,2,2,0,0.20744668666658325,0
North Zone 2,Bellary Road 1,3.0,4.0,10,1,1,0,0.1511881163002511,0
Central Zone 2,Non-corridor,4.0,12.0,10,6,3,0,0.2988798551198813,0
North Zone 2,Bellary Road 1,3.0,12.0,10,5,4,0,0.1785245991762746,0
Central Zone 2,Non-corridor,3.0,4.0,10,3,1,0,0.2988798551198813,0
North Zone 2,Bellary Road 2,1.0,20.0,10,1,0,0,0.09875155386237146,0
West Zone 1,Magadi Road,1.0,8.0,10,2,0,0,0.17589622980936725,0
North Zone 2,Bellary Road 1,3.0,8.0,10,3,2,0,0.12878768881422545,0
Central Zone 2,Non-corridor,2.0,4.0,10,7,3,0,0.28679103266341904,0
West Zone 1,Tumkur Road,1.0,4.0,10,1,0,0,0.2121208820659549,0
West Zone 1,Tumkur Road,2.0,0.0,10,1,0,0,0.13899977596932503,0
West Zone 1,Tumkur Road,1.0,20.0,10,1,1,0,0.050249877305918025,0
South Zone 2,Bannerghata Road,5.0,4.0,10,1,1,0,0.07293547333443841,0
Central Zone 2,Non-corridor,2.0,0.0,10,5,4,0,0.2988798551198813,0
North Zone 2,Bellary Road 2,0.0,8.0,10,2,2,0,0.053580657225940215,0
Central Zone 2,Non-corridor,1.0,4.0,10,3,3,0,0.2988798551198813,0
North Zone 2,ORR North 2,5.0,0.0,10,1,1,0,0.0924174624237008,0
West Zone 1,Tumkur Road,2.0,4.0,10,1,1,0,0.05404353480421056,0
Central Zone 2,Mysore Road,4.0,12.0,10,2,0,0,0.20470880067724398,0
Central Zone 2,CBD 1,1.0,0.0,10,1,0,0,0.05983159963627775,0
West Zone 1,Tumkur Road,0.0,8.0,10,1,1,0,0.07167184807654846,0
North Zone 2,Bellary Road 2,0.0,12.0,10,1,1,0,0.05076160920462859,0
North Zone 2,Bellary Road 1,1.0,8.0,10,2,2,0,0.05404353480421056,0
North Zone 2,Bellary Road 2,2.0,8.0,10,1,1,0,0.11148475280120311,0
West Zone 2,West of Chord Road,4.0,0.0,10,1,1,0,0.07895703269905074,0
West Zone 2,West of Chord Road,4.0,4.0,10,1,1,0,0.07118154473580635,0
West Zone 2,West of Chord Road,6.0,4.0,10,1,1,0,0.05062245129448614,0
West Zone 2,West of Chord Road,3.0,8.0,10,1,0,0,0.06650841690565255,0
East Zone 1,ORR East 2,2.0,0.0,10,1,1,0,0.06430698228460192,0
East Zone 1,ORR East 1,4.0,4.0,10,1,0,0,0.09937167207622162,0
West Zone 1,Magadi Road,2.0,4.0,10,1,0,0,0.05074247860197519,0
North Zone 2,Bellary Road 1,6.0,0.0,10,1,0,0,0.08089453900162151,0
East Zone 1,ORR East 1,4.0,0.0,11,1,0,0,0.07261422489708313,0
North Zone 2,Bellary Road 2,2.0,8.0,11,1,1,0,0.09963160869979863,0
Central Zone 2,Non-corridor,0.0,4.0,11,4,2,0,0.2988798551198813,0
North Zone 2,Bellary Road 1,6.0,0.0,11,2,2,0,0.16238703916749597,0
Central Zone 2,Mysore Road,0.0,8.0,11,4,2,0,0.121259622481201,0
Central Zone 2,Non-corridor,0.0,0.0,11,4,0,0,0.23214893097596415,0
West Zone 2,West of Chord Road,4.0,4.0,11,1,0,0,0.17204664817972679,0
South Zone 2,Hosur Road,1.0,8.0,11,2,0,0,0.06658498130490802,0
Central Zone 2,Non-corridor,2.0,4.0,11,3,2,0,0.28679103266341904,0
West Zone 1,Tumkur Road,1.0,4.0,11,1,1,0,0.09389709859572444,0
Central Zone 2,Non-corridor,0.0,12.0,11,2,1,0,0.28679103266341904,0
Central Zone 2,Non-corridor,5.0,8.0,11,5,3,0,0.2988798551198813,0
North Zone 2,Bellary Road 1,0.0,8.0,11,1,0,0,0.10658593153957616,0
West Zone 1,Magadi Road,2.0,4.0,11,1,1,0,0.070490126230607,0
Central Zone 2,Mysore Road,3.0,0.0,11,3,2,0,0.08997821377896414,0
West Zone 2,West of Chord Road,3.0,8.0,11,1,1,0,0.08955424188077042,0
Central Zone 2,Mysore Road,1.0,0.0,11,4,4,0,0.15606732418348088,0
West Zone 1,Tumkur Road,6.0,0.0,11,2,0,0,0.13507346759009145,0
West Zone 1,Tumkur Road,5.0,20.0,11,1,0,0,0.054578108525991674,0
North Zone 2,Bellary Road 1,0.0,12.0,11,1,1,0,0.05076160920462859,0
Central Zone 2,Non-corridor,0.0,8.0,11,2,1,0,0.14491911094184015,0
North Zone 2,ORR North 2,2.0,8.0,11,1,1,0,0.09460481323185876,0
Central Zone 2,Mysore Road,6.0,0.0,11,2,2,0,0.17801548540771184,0
West Zone 1,Tumkur Road,6.0,12.0,11,1,1,0,0.09371456461630273,0
East Zone 1,ORR East 2,4.0,0.0,11,1,0,0,0.054061165055938845,0
West Zone 1,Tumkur Road,1.0,20.0,11,2,1,0,0.06415243376401833,0
Central Zone 2,Non-corridor,2.0,0.0,11,4,2,1,0.2988798551198813,0
Central Zone 2,Non-corridor,1.0,20.0,11,2,1,0,0.07623835691576511,0
West Zone 1,Tumkur Road,0.0,8.0,11,1,1,0,0.1490247393432512,0
Central Zone 1,Old Airport Road,1.0,4.0,11,1,0,0,0.07232409997661798,0
West Zone 1,Tumkur Road,0.0,4.0,11,1,0,0,0.11706238222075985,0
Central Zone 2,Mysore Road,4.0,4.0,11,2,2,1,0.1476260432122397,0
North Zone 2,Bellary Road 2,6.0,8.0,11,1,1,0,0.14641078771112093,0
North Zone 1,ORR North 1,4.0,4.0,11,1,0,0,0.13312987659008008,0
North Zone 1,ORR North 1,4.0,0.0,11,4,4,0,0.13096714769034304,0
North Zone 2,Bellary Road 2,3.0,0.0,11,3,1,0,0.10085343991738278,0
North Zone 2,Bellary Road 1,0.0,0.0,11,2,2,0,0.05030271675236727,0
West Zone 1,Magadi Road,2.0,8.0,11,1,0,0,0.12135942388785237,0
West Zone 1,Magadi Road,3.0,12.0,11,1,1,0,0.054578108525991674,0
Central Zone 2,Non-corridor,5.0,4.0,11,1,0,0,0.2988798551198813,0
Central Zone 2,Mysore Road,0.0,4.0,11,2,1,0,0.18258729104959592,0
West Zone 1,Magadi Road,4.0,8.0,11,2,1,0,0.10420985573538039,0
South Zone 2,Bannerghata Road,4.0,12.0,11,1,0,1,0.1768581915929637,0
North Zone 2,Bellary Road 1,3.0,4.0,11,1,0,0,0.09016870119067386,0
Central Zone 2,Non-corridor,4.0,12.0,11,1,0,1,0.2988798551198813,0
Central Zone 2,Non-corridor,3.0,4.0,11,4,1,1,0.2988798551198813,0
North Zone 2,Bellary Road 1,3.0,8.0,11,1,1,0,0.12201397953093056,0
South Zone 2,Hosur Road,1.0,12.0,11,1,1,0,0.053720573402127186,0
East Zone 1,ORR East 1,2.0,12.0,11,1,0,0,0.053580657225940215,0
East Zone 1,ORR East 1,2.0,8.0,11,2,1,0,0.058721884040465216,0
North Zone 2,Bellary Road 1,5.0,0.0,11,1,1,0,0.14686288571235837,0
North Zone 1,ORR North 1,4.0,12.0,11,2,1,0,0.20380933696472142,0
North Zone 1,ORR North 1,6.0,4.0,11,1,1,0,0.054170464501901654,0
North Zone 1,ORR North 1,4.0,8.0,11,2,2,0,0.17453777866307327,0
North Zone 2,Bellary Road 1,5.0,8.0,11,1,1,0,0.11182305174309622,0
Central Zone 1,Old Madras Road,0.0,8.0,11,1,1,0,0.07250921136416821,0
Central Zone 1,Old Madras Road,1.0,0.0,11,2,2,1,0.11915499245938496,0
North Zone 2,ORR North 2,1.0,0.0,11,1,1,0,0.054237332467377164,0
South Zone 1,ORR West 1,6.0,0.0,11,1,1,0,0.07100155110302374,0
Central Zone 2,Non-corridor,1.0,8.0,11,3,2,1,0.2988798551198813,0
North Zone 2,Bellary Road 2,1.0,0.0,11,1,1,0,0.05363680130182168,0
Central Zone 2,Non-corridor,4.0,0.0,11,8,5,0,0.2988798551198813,0
Central Zone 2,Mysore Road,5.0,4.0,11,2,0,0,0.21684009779405816,0
West Zone 1,Tumkur Road,3.0,0.0,11,2,2,0,0.14492982163732718,0
South Zone 2,Bannerghata Road,4.0,0.0,11,1,1,0,0.06659133808399771,0
South Zone 2,Bannerghata Road,5.0,8.0,11,3,3,0,0.0603646270134646,0
Central Zone 1,Old Madras Road,6.0,0.0,11,2,2,0,0.2988798551198813,0
North Zone 2,Bellary Road 1,5.0,20.0,11,1,0,0,0.10374868283894251,0
North Zone 2,Bellary Road 1,6.0,4.0,11,4,3,0,0.08938882526334566,0
Central Zone 2,Non-corridor,3.0,12.0,11,4,3,0,0.29361084828790573,0
Central Zone 2,Non-corridor,5.0,16.0,11,2,1,0,0.20162551220498937,0
Central Zone 2,Non-corridor,5.0,12.0,11,3,3,0,0.2988798551198813,0
Central Zone 2,Non-corridor,2.0,12.0,11,4,3,0,0.28679103266341904,0
North Zone 1,ORR North 1,3.0,12.0,11,1,0,0,0.2631080220007857,0
North Zone 2,Bellary Road 1,1.0,4.0,11,1,1,0,0.07413261423284506,0
West Zone 1,Magadi Road,3.0,8.0,11,2,1,0,0.06694982527396802,0
Central Zone 2,Non-corridor,5.0,0.0,11,6,4,0,0.2988798551198813,0
North Zone 2,Bellary Road 1,2.0,0.0,11,1,1,0,0.07644720789797316,0
North Zone 1,ORR North 1,5.0,0.0,11,2,1,0,0.18266831312924703,0
Central Zone 2,Non-corridor,6.0,12.0,11,3,2,1,0.2988798551198813,0
Central Zone 2,Non-corridor,6.0,4.0,11,2,1,0,0.28679103266341904,0
North Zone 1,Hennur Main Road,3.0,8.0,11,1,1,0,0.09699615096221802,0
South Zone 2,IRR(Thanisandra road),4.0,4.0,11,1,1,0,0.0662899951094867,0
North Zone 1,Hennur Main Road,2.0,4.0,11,1,1,0,0.05038155876764335,0
North Zone 1,Hennur Main Road,4.0,8.0,11,1,0,0,0.0730788677562027,0
Central Zone 2,Mysore Road,3.0,8.0,11,3,3,0,0.15820472582780137,0
North Zone 2,Bellary Road 2,5.0,0.0,11,1,1,0,0.07278111570733473,0
North Zone 2,Bellary Road 2,4.0,20.0,11,1,0,0,0.14449673993386544,0
Central Zone 2,Mysore Road,6.0,8.0,11,1,0,0,0.17801548540771184,0
North Zone 2,Bellary Road 1,4.0,8.0,11,1,0,0,0.2274394115941493,0
West Zone 1,Tumkur Road,3.0,12.0,11,1,1,0,0.1824050133898879,0
North Zone 2,Bellary Road 2,2.0,0.0,11,1,1,0,0.0541167072396883,0
Central Zone 2,Mysore Road,2.0,8.0,11,1,1,0,0.17801548540771184,0
North Zone 2,Bellary Road 1,4.0,0.0,11,2,2,0,0.12201397953093056,0
North Zone 2,Bellary Road 1,3.0,20.0,11,1,1,0,0.0809990255545051,0
East Zone 1,ORR East 2,4.0,12.0,11,2,2,0,0.050746133370654534,0
North Zone 2,Bellary Road 1,5.0,12.0,11,1,0,0,0.12695749203788184,0
Central Zone 2,Non-corridor,4.0,4.0,11,3,2,1,0.2988798551198813,0
Central Zone 1,Old Madras Road,3.0,4.0,11,2,2,0,0.2514492316360454,0
West Zone 1,Tumkur Road,5.0,0.0,11,3,3,0,0.05414980151053551,0
North Zone 2,ORR North 2,2.0,0.0,11,1,1,0,0.05464648611528205,0
Central Zone 2,Mysore Road,1.0,8.0,11,2,1,0,0.08108532616426221,0
North Zone 2,Bellary Road 1,3.0,12.0,11,2,2,0,0.144645473638042,0
Central Zone 2,Non-corridor,4.0,8.0,11,3,2,0,0.2988798551198813,0
South Zone 1,ORR West 1,3.0,4.0,11,2,1,0,0.10138541025216911,0
North Zone 2,ORR North 2,3.0,8.0,11,1,1,0,0.14492982163732718,0
Central Zone 2,Non-corridor,6.0,8.0,11,5,4,1,0.2988798551198813,0
South Zone 2,Hosur Road,2.0,0.0,11,2,2,0,0.07819644590636184,0
West Zone 2,West of Chord Road,0.0,0.0,11,1,1,0,0.050249877305918025,0
East Zone 1,ORR East 2,5.0,0.0,11,1,1,0,0.15239736818719607,0
East Zone 1,Varthur Road,1.0,0.0,11,2,1,0,0.18420745227653795,0
East Zone 1,ORR East 2,6.0,0.0,11,1,1,0,0.0818138066208742,0
West Zone 1,Magadi Road,4.0,0.0,11,1,1,0,0.05456097271503453,0
West Zone 1,Magadi Road,5.0,4.0,11,4,1,0,0.13507346759009145,0
Central Zone 1,Old Madras Road,2.0,8.0,11,2,2,0,0.1168600630032784,0
Central Zone 1,Old Madras Road,2.0,4.0,11,2,2,0,0.1647322358112371,0
Central Zone 1,Old Madras Road,4.0,4.0,11,3,2,0,0.13976650514641847,0
West Zone 1,Magadi Road,5.0,0.0,11,1,1,0,0.059591169469607526,0
North Zone 1,ORR North 1,2.0,4.0,11,1,0,0,0.06986575265531485,0
North Zone 1,ORR North 1,2.0,0.0,11,1,0,0,0.09652761811061727,0
Central Zone 2,Non-corridor,6.0,0.0,11,2,1,0,0.2988798551198813,0
Central Zone 2,Non-corridor,5.0,20.0,11,1,1,0,0.10971070826313577,0
East Zone 1,ORR East 1,1.0,0.0,11,3,2,1,0.11527617994843764,0
South Zone 1,ORR West 1,6.0,4.0,11,1,1,0,0.07100155110302374,0
Central Zone 1,Old Madras Road,4.0,8.0,11,1,1,0,0.10916197630301272,0
North Zone 2,ORR North 2,0.0,4.0,11,1,1,0,0.05038155876764335,0
North Zone 1,Airport New South Road,2.0,8.0,11,1,0,0,0.13712666941213258,0
North Zone 2,Bellary Road 2,6.0,0.0,11,1,1,0,0.06659133808399771,0
East Zone 1,ORR East 1,1.0,12.0,11,1,1,0,0.050249877305918025,0
South Zone 1,ORR West 1,4.0,0.0,11,2,1,0,0.18156584247930538,0
North Zone 2,ORR North 2,4.0,8.0,11,1,1,0,0.05927642621814762,0
Central Zone 2,Non-corridor,1.0,0.0,11,14,11,1,0.2988798551198813,0
North Zone 1,ORR North 1,2.0,8.0,11,2,1,0,0.18266831312924703,0
Central Zone 2,Non-corridor,2.0,8.0,11,4,3,0,0.2988798551198813,0
North Zone 2,Bellary Road 2,5.0,4.0,11,1,0,0,0.1269347719597748,0
West Zone 1,Tumkur Road,4.0,0.0,11,1,1,0,0.1611594340699391,0
North Zone 1,Airport New South Road,1.0,0.0,11,1,1,0,0.053720573402127186,0
Central Zone 2,Non-corridor,3.0,8.0,11,1,0,1,0.2988798551198813,0
East Zone 1,ORR East 1,3.0,0.0,11,1,1,0,0.05102189263801906,0
Central Zone 2,Non-corridor,4.0,16.0,11,1,1,0,0.26852351603978203,0
North Zone 2,Bellary Road 2,1.0,4.0,11,1,1,0,0.1097599249624913,0
North Zone 2,Bellary Road 1,2.0,8.0,11,3,2,0,0.11148475280120311,0
North Zone 1,ORR North 1,1.0,0.0,11,2,1,0,0.05501828688651236,0
West Zone 2,West of Chord Road,0.0,12.0,11,1,0,0,0.09875155386237146,0
West Zone 2,West of Chord Road,0.0,4.0,11,1,0,0,0.05192576503221335,0
North Zone 2,ORR North 2,5.0,8.0,11,1,1,0,0.07290495797875829,0
West Zone 1,Tumkur Road,4.0,4.0,11,2,1,0,0.07888272842022477,0
North Zone 2,ORR North 2,1.0,20.0,11,1,0,0,0.10569497823021466,0
Central Zone 2,Mysore Road,5.0,12.0,11,1,1,0,0.17801548540771184,0
Central Zone 1,Old Airport Road,2.0,4.0,11,1,1,0,0.07643266129420323,0
Central Zone 1,Old Airport Road,2.0,0.0,11,1,0,0,0.07783549617525932,0
East Zone 1,Varthur Road,4.0,12.0,11,1,1,0,0.05392041234977874,0
South Zone 2,Bannerghata Road,0.0,4.0,11,1,0,0,0.05038155876764335,0
Central Zone 2,Non-corridor,1.0,12.0,11,8,7,0,0.28679103266341904,0
North Zone 2,ORR North 2,5.0,0.0,11,1,1,0,0.0790169507808593,0
North Zone 2,ORR North 2,6.0,4.0,11,1,1,0,0.08444059702820728,0
West Zone 1,Magadi Road,4.0,12.0,11,1,1,0,0.05407735227915129,0
West Zone 2,West of Chord Road,4.0,0.0,11,1,1,0,0.1886028252025496,0
East Zone 1,ORR East 2,2.0,0.0,11,2,2,0,0.06430698228460192,0
East Zone 1,ORR East 2,1.0,0.0,11,1,1,0,0.06656410543775579,0
North Zone 2,Bellary Road 1,6.0,8.0,11,1,1,0,0.12201397953093056,0
Central Zone 2,Mysore Road,6.0,4.0,11,3,2,0,0.20470880067724398,0
Central Zone 2,Non-corridor,1.0,4.0,11,2,2,1,0.2988798551198813,0
North Zone 2,ORR North 2,4.0,12.0,11,1,0,0,0.10123032119748712,0
Central Zone 2,Mysore Road,4.0,8.0,11,2,1,0,0.15820472582780137,0
North Zone 2,ORR North 2,1.0,8.0,11,1,1,0,0.05382922343397463,0
Central Zone 2,Mysore Road,2.0,12.0,11,1,1,0,0.08147974644175746,0
Central Zone 2,Non-corridor,3.0,0.0,11,8,4,1,0.2988798551198813,0
South Zone 2,Hosur Road,5.0,0.0,11,2,1,0,0.13513593146275527,0
Central Zone 1,Old Madras Road,0.0,0.0,11,1,1,0,0.07623835691576511,0
West Zone 2,West of Chord Road,5.0,0.0,11,1,1,0,0.06659133808399771,0
Central Zone 2,Mysore Road,2.0,0.0,11,2,1,0,0.17801548540771184,0
North Zone 2,Bellary Road 1,0.0,20.0,11,1,0,0,0.09875155386237146,0
West Zone 2,West of Chord Road,3.0,4.0,12,1,0,0,0.14470154897379678,0
South Zone 1,ORR West 1,1.0,8.0,12,1,1,0,0.050249877305918025,0
East Zone 1,ORR East 2,0.0,8.0,12,1,1,0,0.1262061320394914,0
South Zone 1,ORR West 1,5.0,8.0,12,2,2,0,0.054289571366306015,0
Central Zone 2,Mysore Road,3.0,0.0,12,1,0,1,0.20470880067724398,0
South Zone 2,Hosur Road,5.0,0.0,12,1,1,0,0.12201397953093056,0
Central Zone 2,Non-corridor,3.0,0.0,12,3,3,0,0.2988798551198813,0
North Zone 2,ORR North 2,2.0,8.0,12,1,1,0,0.09460481323185876,0
North Zone 2,ORR North 2,4.0,20.0,12,1,0,0,0.10374868283894251,0
Central Zone 2,Non-corridor,1.0,4.0,12,5,4,0,0.2988798551198813,0
Central Zone 2,Non-corridor,0.0,4.0,12,5,2,0,0.2988798551198813,0
North Zone 2,Bellary Road 1,6.0,8.0,12,1,1,0,0.11620232683029753,0
East Zone 1,ORR East 2,1.0,0.0,12,1,1,0,0.06430698228460192,0
West Zone 1,Magadi Road,2.0,0.0,12,1,1,0,0.06715975307308174,0
East Zone 1,ORR East 1,4.0,4.0,12,1,0,0,0.13507346759009145,0
East Zone 1,ORR East 2,2.0,0.0,12,1,1,0,0.12120640711098134,0
South Zone 2,Bannerghata Road,1.0,12.0,12,1,0,0,0.11991072080601484,0
East Zone 1,ORR East 1,1.0,20.0,12,1,1,0,0.053580657225940215,0
Central Zone 1,Old Airport Road,1.0,8.0,12,1,0,0,0.07431768540060624,0
West Zone 1,Tumkur Road,4.0,4.0,12,1,0,0,0.19630181665751367,0
North Zone 2,ORR North 2,5.0,4.0,12,2,1,0,0.13507346759009145,0
North Zone 2,ORR North 2,5.0,8.0,12,1,1,0,0.07328642790362742,0
Central Zone 2,Non-corridor,6.0,0.0,12,4,2,1,0.2988798551198813,0
North Zone 2,Bellary Road 1,2.0,8.0,12,2,2,0,0.10565683371143991,0
Central Zone 2,Mysore Road,1.0,0.0,12,2,2,0,0.17801548540771184,0
Central Zone 2,Non-corridor,2.0,8.0,12,1,0,0,0.2988798551198813,0
North Zone 2,Bellary Road 2,1.0,4.0,12,1,0,0,0.16265601338774718,0
West Zone 1,Magadi Road,1.0,4.0,12,1,1,0,0.07413261423284506,0
East Zone 1,ORR East 1,3.0,0.0,12,1,1,0,0.06269440035642211,0
North Zone 1,ORR North 1,1.0,8.0,12,1,1,1,0.050483815911828434,0
West Zone 1,Magadi Road,6.0,4.0,12,1,1,0,0.08955424188077042,0
West Zone 1,Tumkur Road,4.0,0.0,12,2,1,0,0.10167467001901533,0
North Zone 2,Bellary Road 2,4.0,8.0,12,2,2,0,0.08000835893018861,0
Central Zone 2,Non-corridor,5.0,16.0,12,1,0,0,0.2988798551198813,0
North Zone 1,ORR North 1,2.0,8.0,12,1,1,0,0.16772435063981853,0
North Zone 1,ORR North 1,3.0,0.0,12,1,0,0,0.12194304906740627,0
North Zone 2,Bellary Road 1,2.0,0.0,12,1,0,1,0.13075264096099806,0
South Zone 2,Hosur Road,4.0,12.0,12,1,1,0,0.07895703269905074,0
Central Zone 2,Mysore Road,0.0,0.0,12,1,1,0,0.16477348023483626,0
Central Zone 2,Non-corridor,1.0,0.0,12,5,4,0,0.29361084828790573,0
South Zone 1,ORR West 1,3.0,12.0,12,1,0,0,0.15607156457876137,0
Central Zone 2,Mysore Road,3.0,12.0,12,2,0,0,0.18258729104959592,0
West Zone 1,Tumkur Road,3.0,4.0,12,2,1,0,0.0823478213896266,0
North Zone 2,ORR North 2,0.0,4.0,12,1,1,0,0.05038155876764335,0
South Zone 1,ORR West 1,5.0,0.0,12,1,0,0,0.09525802789596953,0
North Zone 1,ORR North 1,2.0,0.0,12,1,0,0,0.079738785389122,0
South Zone 2,Bannerghata Road,0.0,8.0,12,1,1,0,0.05662499814862329,0
South Zone 2,Bannerghata Road,1.0,0.0,12,2,2,0,0.050249877305918025,0
North Zone 2,ORR North 2,1.0,0.0,12,1,1,0,0.05404353480421056,0
West Zone 1,Tumkur Road,4.0,8.0,12,3,3,0,0.07875904473005782,0
Central Zone 2,Mysore Road,3.0,4.0,12,1,0,0,0.12349981911656568,0
South Zone 2,Hosur Road,2.0,0.0,12,1,0,0,0.06309139385811659,0
North Zone 1,Hennur Main Road,6.0,8.0,12,1,1,0,0.1112295984736728,0
Central Zone 2,Non-corridor,6.0,8.0,12,4,4,1,0.2988798551198813,0
North Zone 2,ORR North 2,3.0,8.0,12,1,1,0,0.10130039464007087,0
South Zone 1,ORR West 1,2.0,8.0,12,1,1,0,0.050249877305918025,0
Central Zone 2,Non-corridor,4.0,8.0,12,2,1,1,0.2988798551198813,0
Central Zone 2,Mysore Road,2.0,0.0,12,2,1,0,0.17801548540771184,0
West Zone 1,Tumkur Road,5.0,4.0,12,1,0,0,0.162460380354683,0
West Zone 1,Tumkur Road,6.0,8.0,12,1,0,0,0.06730086050779309,0
North Zone 2,ORR North 2,2.0,0.0,12,1,1,0,0.054237332467377164,0
Central Zone 2,Non-corridor,3.0,8.0,12,9,5,1,0.2988798551198813,0
Central Zone 2,Non-corridor,4.0,4.0,12,9,7,1,0.29361084828790573,0
North Zone 2,Bellary Road 1,4.0,4.0,12,1,1,0,0.05939164411167203,0
West Zone 1,Magadi Road,1.0,0.0,12,1,1,0,0.053580657225940215,0
North Zone 2,Bellary Road 1,5.0,8.0,12,1,1,1,0.07895703269905074,0
North Zone 2,Bellary Road 1,4.0,0.0,12,1,0,0,0.12201397953093056,0
Central Zone 2,Mysore Road,2.0,8.0,12,1,0,0,0.1618572576414822,0
North Zone 2,ORR North 2,0.0,0.0,12,1,1,0,0.05030271675236727,0
West Zone 1,Tumkur Road,2.0,8.0,12,2,1,0,0.08497398045436587,0
South Zone 2,Bannerghata Road,3.0,0.0,12,1,1,0,0.16291986154489374,0
Central Zone 2,Mysore Road,1.0,8.0,12,1,1,0,0.17801548540771184,0
North Zone 2,Bellary Road 2,5.0,8.0,12,1,1,0,0.07875904473005782,0
North Zone 2,Bellary Road 2,4.0,20.0,12,1,1,0,0.07963162609166813,0
North Zone 2,Bellary Road 2,5.0,0.0,12,1,1,0,0.06175025579339796,0
Central Zone 2,Mysore Road,3.0,8.0,12,1,1,0,0.17801548540771184,0
North Zone 1,Hennur Main Road,4.0,8.0,12,1,0,0,0.07917776166593042,0
North Zone 1,Hennur Main Road,1.0,8.0,12,1,1,1,0.1135589434042687,0
North Zone 1,Hennur Main Road,3.0,8.0,12,1,1,0,0.09699615096221802,0
Central Zone 2,CBD 2,2.0,12.0,12,1,0,0,0.16477348023483626,0
Central Zone 2,Non-corridor,6.0,4.0,12,2,2,0,0.28679103266341904,0
Central Zone 2,Non-corridor,6.0,12.0,12,7,5,0,0.2988798551198813,0
North Zone 1,ORR North 1,5.0,0.0,12,1,1,0,0.15302553549632686,0
Central Zone 2,Non-corridor,5.0,4.0,12,2,1,1,0.2988798551198813,0
Central Zone 2,Non-corridor,5.0,0.0,12,4,2,1,0.2988798551198813,0
West Zone 1,Magadi Road,4.0,12.0,12,1,1,0,0.02251232221555674,0
Central Zone 2,Non-corridor,5.0,12.0,12,1,1,0,0.8931032866225678,1
Central Zone 2,Mysore Road,2.0,4.0,12,2,0,0,0.4048921732249564,0
South Zone 2,IRR(Thanisandra road),1.0,4.0,12,1,0,0,0.13573195388436146,0
Central Zone 1,Old Madras Road,5.0,4.0,12,2,1,0,0.19747206478222062,0
South Zone 2,Bannerghata Road,1.0,4.0,12,1,1,0,0.012559628571842665,0
West Zone 1,Tumkur Road,1.0,0.0,12,1,1,0,0.22663042214924772,0
South Zone 2,Bannerghata Road,3.0,12.0,12,1,1,0,0.20509218418682873,0
Central Zone 2,Mysore Road,5.0,4.0,12,1,0,0,0.7698833098580063,1
Central Zone 2,Mysore Road,4.0,12.0,12,1,1,1,0.34859138806081474,0
Central Zone 2,Mysore Road,5.0,0.0,12,1,1,1,0.4007962721635171,0
South Zone 2,IRR(Thanisandra road),0.0,0.0,12,1,1,0,0.0026815338369954927,0
Central Zone 2,Non-corridor,1.0,8.0,12,5,3,1,0.9223463727301747,1
South Zone 1,ORR West 1,5.0,12.0,12,1,0,0,0.10522334499304303,0
West Zone 1,Tumkur Road,6.0,0.0,12,2,1,0,0.13853900583346374,0
Central Zone 1,Old Madras Road,1.0,8.0,12,1,1,0,0.5989120962707739,1
South Zone 2,Hosur Road,6.0,8.0,12,1,1,0,0.05973295866254239,0
Central Zone 2,Non-corridor,4.0,0.0,12,5,2,0,0.9485037246178206,1
East Zone 1,ORR East 1,2.0,8.0,12,1,1,0,0.06878294714924536,0
North Zone 2,Bellary Road 1,3.0,8.0,12,2,1,0,0.09541216900502478,0
West Zone 1,Magadi Road,1.0,8.0,12,1,1,0,0.050653324581139615,0
West Zone 1,Magadi Road,0.0,8.0,12,2,2,0,0.0024615293326388952,0
North Zone 2,Bellary Road 1,3.0,0.0,12,1,1,0,0.07629793915540686,0
North Zone 1,Hennur Main Road,2.0,4.0,12,1,1,0,0.013790498566599186,0
North Zone 2,Bellary Road 1,0.0,12.0,12,1,1,0,0.005381005689293378,0
Central Zone 2,Mysore Road,0.0,4.0,12,1,1,0,0.3301360358742357,0
South Zone 2,Hosur Road,4.0,8.0,12,1,1,0,0.01432337681182684,0
West Zone 1,Magadi Road,3.0,8.0,12,2,1,0,0.3178869945869072,0
West Zone 1,Magadi Road,2.0,12.0,12,1,0,0,0.19624590544972817,0
Central Zone 2,Non-corridor,5.0,8.0,12,5,2,1,0.9178388006033158,1
North Zone 1,ORR North 1,4.0,4.0,12,1,1,0,0.1355836833931897,0
Central Zone 2,Non-corridor,2.0,0.0,12,5,3,1,0.8693548812332195,1
West Zone 1,Tumkur Road,0.0,4.0,12,1,0,0,0.19652653582980695,0
West Zone 1,Tumkur Road,1.0,8.0,12,1,0,0,0.6743947022385522,1
Central Zone 2,Mysore Road,6.0,4.0,12,1,0,1,0.19435067510495097,0
East Zone 1,ORR East 1,2.0,4.0,12,2,1,0,0.2541407636304097,0
East Zone 1,Varthur Road,1.0,16.0,12,1,1,0,0.019773960633614557,0
East Zone 1,Varthur Road,3.0,4.0,12,1,1,0,0.002446797944991457,0
West Zone 1,Tumkur Road,1.0,16.0,12,1,1,0,0.004940737278606809,0
Central Zone 2,Non-corridor,0.0,12.0,12,2,2,0,0.7693296682312237,1
West Zone 2,West of Chord Road,6.0,4.0,12,1,0,0,0.11573232976497799,0
West Zone 2,West of Chord Road,6.0,0.0,12,1,1,0,0.018621416324157453,0
West Zone 1,Tumkur Road,6.0,12.0,12,1,0,0,0.3269984866617314,0
Central Zone 2,Mysore Road,6.0,0.0,12,2,1,1,0.4456416611815136,0
North Zone 2,ORR North 2,3.0,0.0,12,1,1,0,0.16283632198489847,0
North Zone 2,Bellary Road 1,5.0,0.0,12,2,0,0,0.16208310028791464,0
East Zone 1,ORR East 2,4.0,0.0,12,1,1,0,0.0035645411594982263,0
East Zone 1,ORR East 2,3.0,0.0,12,1,1,0,0.02500639773090467,0
North Zone 2,ORR North 2,6.0,8.0,12,1,1,0,0.014016630420205877,0
North Zone 2,ORR North 2,1.0,8.0,12,1,1,0,0.005488043546602512,0
Central Zone 2,Mysore Road,5.0,8.0,12,2,2,1,0.5905358397364473,1
North Zone 2,Bellary Road 1,1.0,0.0,12,2,2,0,0.10180382596930211,0
North Zone 2,Bellary Road 1,0.0,0.0,12,2,2,0,0.277657789453703,0
Central Zone 2,Non-corridor,2.0,16.0,12,1,0,0,0.05680187747891562,0
North Zone 1,ORR North 1,6.0,0.0,12,1,0,0,0.26393064202460065,0
Central Zone 2,Mysore Road,6.0,12.0,12,1,0,0,0.0987095586953497,0
North Zone 2,Bellary Road 2,6.0,8.0,12,1,0,0,0.035344268902845,0
Central Zone 2,Non-corridor,2.0,4.0,12,3,2,0,0.9201518799185391,1
South Zone 2,Hosur Road,1.0,8.0,12,1,1,0,0.06430535917407769,0
East Zone 1,ORR East 1,6.0,12.0,12,1,0,0,0.17146597738315641,0
North Zone 2,Bellary Road 2,2.0,8.0,12,2,2,0,0.06354218516726116,0
North Zone 2,Bellary Road 1,1.0,4.0,12,1,1,0,0.4985574319723653,0
North Zone 2,Bellary Road 1,1.0,8.0,12,2,1,0,0.014906130933573193,0
North Zone 2,Bellary Road 1,6.0,0.0,12,1,0,1,0.13489986748601474,0
Central Zone 2,Non-corridor,3.0,4.0,12,4,3,0,0.9181570511002581,1
North Zone 2,Bellary Road 2,0.0,12.0,12,1,1,0,0.00515309455907965,0
West Zone 1,Tumkur Road,0.0,12.0,12,1,0,0,0.01788096358933089,0
West Zone 1,Tumkur Road,0.0,20.0,12,1,1,0,0.01318634043015443,0
West Zone 2,West of Chord Road,5.0,8.0,12,1,1,0,0.002780275782173115,0
Central Zone 2,Mysore Road,0.0,12.0,12,1,0,0,0.013003282700822866,0
Central Zone 2,Non-corridor,0.0,0.0,12,2,0,0,0.7520891023652798,1
East Zone 1,ORR East 2,2.0,12.0,12,1,0,0,0.020567506746680442,0
East Zone 1,ORR East 1,5.0,0.0,12,1,1,1,0.06478395786398813,0
West Zone 2,West of Chord Road,2.0,0.0,12,1,1,0,0.03059393092590285,0
East Zone 1,ORR East 2,1.0,0.0,13,1,0,1,0.04529105509563437,0
West Zone 2,West of Chord Road,5.0,4.0,13,1,1,0,0.04007621355303963,0
Central Zone 2,Non-corridor,0.0,4.0,13,3,2,0,0.7282333444822094,1
East Zone 1,ORR East 2,1.0,8.0,13,1,0,0,0.09923448348378071,0
East Zone 1,ORR East 2,1.0,20.0,13,1,0,0,0.015421467606073705,0
East Zone 1,ORR East 1,5.0,8.0,13,1,0,0,0.021918533108285766,0
Central Zone 2,Non-corridor,0.0,0.0,13,1,1,1,0.5010044729623201,1
East Zone 1,ORR East 1,4.0,12.0,13,3,2,0,0.03906231001662466,0
East Zone 1,ORR East 1,5.0,0.0,13,3,3,0,0.0819792056826132,0
West Zone 2,West of Chord Road,4.0,12.0,13,3,1,0,0.3413842238678202,0
West Zone 2,West of Chord Road,3.0,4.0,13,1,1,0,0.013859620632515201,0
Central Zone 2,Non-corridor,3.0,0.0,13,3,2,1,0.9556116108856909,1
North Zone 2,Bellary Road 1,0.0,16.0,13,1,0,0,0.004378505645831925,0
Central Zone 2,Mysore Road,0.0,12.0,13,1,1,0,0.01409276062147815,0
West Zone 1,Magadi Road,2.0,4.0,13,1,1,0,0.19473597336201007,0
North Zone 2,Bellary Road 1,1.0,0.0,13,2,2,0,0.12626045982545153,0
North Zone 2,Bellary Road 1,0.0,4.0,13,1,1,0,0.01215646031441629,0
North Zone 2,Bellary Road 1,0.0,8.0,13,1,1,0,0.10231659310575587,0
North Zone 2,Bellary Road 2,2.0,8.0,13,1,0,0,0.18172266945579266,0
North Zone 2,Bellary Road 1,1.0,8.0,13,3,1,0,0.3514182572845473,0
South Zone 2,Hosur Road,5.0,0.0,13,1,0,0,0.007969838195954345,0
Central Zone 2,Non-corridor,5.0,4.0,13,6,4,0,0.9098597158534291,1
North Zone 1,ORR North 1,6.0,0.0,13,2,2,0,0.04383936685000484,0
North Zone 1,ORR North 1,6.0,8.0,13,3,3,0,0.03217186741062037,0
North Zone 1,ORR North 1,4.0,12.0,13,2,0,0,0.7570079487950258,1
Central Zone 2,Mysore Road,0.0,4.0,13,2,0,0,0.22255874086140492,0
South Zone 2,Hosur Road,4.0,0.0,13,1,1,0,0.016560521412208592,0
Central Zone 2,Non-corridor,2.0,12.0,13,3,2,1,0.9435629441647765,1
West Zone 1,Magadi Road,3.0,4.0,13,1,1,0,0.23193446318693808,0
North Zone 1,ORR North 1,5.0,4.0,13,1,1,0,0.00780848750479111,0
Central Zone 2,Non-corridor,5.0,8.0,13,6,3,1,0.9358559670153149,1
North Zone 2,Bellary Road 1,2.0,4.0,13,4,3,0,0.2741862416583372,0
North Zone 2,Bellary Road 1,1.0,12.0,13,1,1,0,0.27867949538360476,0
Central Zone 2,Non-corridor,5.0,0.0,13,16,12,1,0.8554124328630294,1
North Zone 1,ORR North 1,3.0,8.0,13,2,2,0,0.016316687536462007,0
West Zone 1,Magadi Road,4.0,12.0,13,3,1,0,0.022738370283896976,0
West Zone 1,Magadi Road,5.0,0.0,13,1,1,0,0.005387599607559243,0
West Zone 1,Magadi Road,3.0,12.0,13,1,1,0,0.018138661968382052,0
Central Zone 2,Mysore Road,3.0,0.0,13,3,3,1,0.39489176571397366,0
North Zone 2,Bellary Road 2,3.0,16.0,13,1,1,0,0.026259292633260076,0
North Zone 2,Bellary Road 2,3.0,4.0,13,1,1,0,0.06206128336914253,0
West Zone 1,Magadi Road,4.0,0.0,13,2,2,0,0.006339830293836554,0
Central Zone 2,Non-corridor,5.0,12.0,13,2,1,1,0.7227578667937639,1
North Zone 1,ORR North 1,3.0,0.0,13,1,0,1,0.3574136000655746,0
Central Zone 2,Non-corridor,5.0,20.0,13,1,0,0,0.04221735028483303,0
North Zone 1,ORR North 1,1.0,20.0,13,1,1,0,0.03391293906335554,0
North Zone 1,ORR North 1,2.0,0.0,13,1,1,0,0.015350065086302822,0
North Zone 2,Bellary Road 2,1.0,8.0,13,3,2,0,0.5430899326572576,1
Central Zone 2,Mysore Road,1.0,4.0,13,1,1,0,0.12265804057705668,0
Central Zone 2,Non-corridor,4.0,16.0,13,3,1,0,0.37568164118163666,0
Central Zone 2,Non-corridor,4.0,20.0,13,2,2,0,0.5842518505094461,1
North Zone 2,Bellary Road 1,2.0,0.0,13,5,4,0,0.06425975411689089,0
North Zone 2,Bellary Road 2,4.0,12.0,13,1,1,0,0.13891487143436712,0
North Zone 2,Bellary Road 2,3.0,8.0,13,1,1,0,0.18384017897313482,0
Central Zone 2,Mysore Road,0.0,0.0,13,1,0,0,0.13067355760929,0
North Zone 1,ORR North 1,1.0,8.0,13,5,3,0,0.060392557159242105,0
North Zone 1,ORR North 1,1.0,12.0,13,1,0,0,0.04350386166650026,0
Central Zone 2,CBD 2,6.0,0.0,13,1,1,0,0.20969816954138293,0
West Zone 1,Magadi Road,5.0,8.0,13,1,0,0,0.22665020055584859,0
Central Zone 2,Non-corridor,6.0,0.0,13,15,11,1,0.9030438298901522,1
North Zone 2,Bellary Road 2,5.0,4.0,13,1,1,1,0.10597296891681825,0
Central Zone 2,Non-corridor,2.0,8.0,13,4,2,0,0.8586790747879973,1
North Zone 2,Bellary Road 2,4.0,4.0,13,1,0,0,0.1215025775433763,0
North Zone 2,Bellary Road 1,3.0,4.0,13,1,1,0,0.10569974180831439,0
North Zone 2,Bellary Road 1,2.0,8.0,13,3,2,0,0.240965645117495,0
Central Zone 2,Mysore Road,2.0,8.0,13,1,1,0,0.29697511635398416,0
South Zone 2,Hosur Road,5.0,8.0,13,3,2,0,0.19446971009330616,0
South Zone 2,Hosur Road,3.0,8.0,13,1,0,0,0.2138578216526912,0
Central Zone 2,CBD 2,5.0,0.0,13,2,2,0,0.12530282817288843,0
North Zone 1,ORR North 1,0.0,0.0,13,1,1,0,0.007164307285918483,0
Central Zone 2,Mysore Road,3.0,8.0,13,2,1,0,0.25967679553037765,0
Central Zone 2,Non-corridor,6.0,4.0,13,4,1,1,0.764040907675655,1
North Zone 2,Bellary Road 2,6.0,0.0,13,2,2,0,0.02785730851124494,0
Central Zone 2,CBD 1,1.0,8.0,13,2,2,0,0.0035452153160272395,0
Central Zone 2,CBD 1,3.0,4.0,13,1,0,0,0.0024234415000954374,0
Central Zone 2,CBD 1,5.0,8.0,13,1,1,0,0.1436993302706798,0
West Zone 1,Tumkur Road,0.0,0.0,13,4,2,0,0.00950626947529363,0
Central Zone 2,Non-corridor,6.0,8.0,13,8,5,0,0.917422593236909,1
South Zone 2,Hosur Road,6.0,4.0,13,1,0,0,0.4707437176909856,0
West Zone 1,Magadi Road,1.0,8.0,13,2,1,0,0.05104555428639959,0
West Zone 1,Magadi Road,1.0,12.0,13,1,0,0,0.07354982238120616,0
Central Zone 2,Non-corridor,4.0,12.0,13,16,6,0,0.8570867589822054,1
North Zone 2,Bellary Road 1,3.0,0.0,13,1,0,0,0.5854308516732462,1
Central Zone 2,Non-corridor,6.0,12.0,13,3,1,1,0.866371028562118,1
Central Zone 2,Non-corridor,2.0,4.0,13,3,2,1,0.9091527513682777,1
South Zone 2,Hosur Road,1.0,12.0,13,1,0,0,0.043283538661248504,0
South Zone 2,Hosur Road,0.0,8.0,13,1,0,0,0.0118189946792432,0
South Zone 2,Hosur Road,1.0,0.0,13,1,0,0,0.07006872190580442,0
Central Zone 2,Non-corridor,6.0,16.0,13,1,1,0,0.04903012919503001,0
North Zone 1,Hennur Main Road,0.0,0.0,13,1,1,0,0.0014570042260540791,0
Central Zone 2,Non-corridor,2.0,0.0,13,7,5,0,0.9417715865049414,1
West Zone 1,Tumkur Road,0.0,4.0,13,1,1,0,0.025719148197063144,0
North Zone 1,Hennur Main Road,1.0,8.0,13,3,3,0,0.08924359729259157,0
West Zone 1,Tumkur Road,1.0,4.0,13,1,1,0,0.13565888098909673,0
North Zone 2,Bellary Road 1,3.0,8.0,13,2,2,0,0.10301871162024717,0
West Zone 1,Magadi Road,1.0,4.0,13,1,1,0,0.16364796029577214,0
Central Zone 2,Non-corridor,3.0,4.0,13,1,0,0,0.9047246456210644,1
South Zone 2,IRR(Thanisandra road),3.0,4.0,13,1,0,0,0.09032209839330466,0
West Zone 1,Tumkur Road,0.0,8.0,13,1,1,0,0.07291315591338872,0
West Zone 1,Tumkur Road,1.0,8.0,13,1,1,0,0.0329361092133592,0
West Zone 1,Tumkur Road,1.0,0.0,13,1,0,0,0.42210841596329074,0
South Zone 2,Bannerghata Road,5.0,4.0,13,1,0,0,0.049194290194171195,0
Central Zone 2,Mysore Road,4.0,8.0,13,2,2,0,0.3085426431474267,0
Central Zone 2,Mysore Road,5.0,0.0,13,4,4,0,0.3525056120126211,0
West Zone 1,Tumkur Road,2.0,8.0,13,2,2,0,0.14016634790014992,0
West Zone 1,Tumkur Road,2.0,0.0,13,2,1,0,0.05287425947535124,0
Central Zone 2,Mysore Road,4.0,12.0,13,4,4,0,0.08542511156187403,0
Central Zone 1,Old Madras Road,6.0,4.0,13,2,2,0,0.032641154536254754,0
Central Zone 1,Old Madras Road,5.0,4.0,13,1,1,0,0.08463252145478714,0
Central Zone 1,Old Madras Road,5.0,8.0,13,1,0,0,0.18571965896590922,0
South Zone 2,Bannerghata Road,1.0,0.0,13,1,1,0,0.2563592651745785,0
North Zone 2,ORR North 2,0.0,12.0,13,1,1,0,0.004280324477284221,0
North Zone 1,Airport New South Road,4.0,12.0,13,1,0,0,0.057248705181624567,0
North Zone 1,Airport New South Road,1.0,8.0,13,1,0,0,0.024034665503993705,0
Central Zone 2,Mysore Road,1.0,8.0,13,5,2,0,0.19235709796675815,0
Central Zone 2,Non-corridor,4.0,8.0,13,3,3,1,0.710402638619311,1
North Zone 2,Bellary Road 1,4.0,0.0,13,1,1,0,0.152982639313711,0
West Zone 1,Tumkur Road,4.0,4.0,13,1,0,0,0.09816139901670731,0
Central Zone 1,Old Madras Road,4.0,0.0,13,2,1,0,0.37760513358618103,0
Central Zone 2,Non-corridor,1.0,12.0,13,3,1,0,0.6961251582294852,1
West Zone 1,Tumkur Road,4.0,8.0,13,1,1,0,0.04555455093731286,0
West Zone 1,Tumkur Road,4.0,0.0,13,3,1,0,0.22234373859029172,0
West Zone 1,Tumkur Road,5.0,0.0,13,3,1,0,0.03875115487466591,0
Central Zone 2,Mysore Road,5.0,12.0,13,2,2,1,0.08096036890214138,0
North Zone 2,ORR North 2,1.0,12.0,13,1,1,0,0.01192708727215081,0
North Zone 2,ORR North 2,1.0,4.0,13,1,1,0,0.0032291002596504413,0
Central Zone 1,Old Madras Road,3.0,0.0,13,1,0,0,0.082640713052451,0
West Zone 1,Tumkur Road,4.0,12.0,13,1,1,0,0.010181468211313757,0
Central Zone 1,Old Madras Road,2.0,0.0,13,2,2,0,0.23966486556288014,0
Central Zone 2,Non-corridor,3.0,8.0,13,5,3,1,0.6081556402098846,1
Central Zone 2,Non-corridor,4.0,4.0,13,5,3,1,0.8690019445614057,1
North Zone 2,Bellary Road 1,4.0,4.0,13,1,1,0,0.05092271565407464,0
West Zone 1,Tumkur Road,5.0,4.0,13,1,1,0,0.1202010292248829,0
West Zone 1,Tumkur Road,6.0,4.0,13,3,2,0,0.038037459411813274,0
West Zone 1,Tumkur Road,5.0,12.0,13,2,2,1,0.02651099438012336,0
North Zone 2,ORR North 2,2.0,8.0,13,1,1,1,0.1792522785303974,0
North Zone 2,ORR North 2,1.0,8.0,13,1,1,0,0.012010780511404988,0
Central Zone 2,Mysore Road,5.0,8.0,13,3,3,0,0.13942131020334605,0
West Zone 1,Tumkur Road,6.0,0.0,13,1,1,1,0.06838335170177337,0
Central Zone 1,Old Madras Road,1.0,0.0,13,4,4,0,0.6003491480916431,1
Central Zone 1,Old Madras Road,1.0,8.0,13,2,0,0,0.20415524432974347,0
Central Zone 1,Old Madras Road,0.0,4.0,13,1,0,0,0.03272891027066447,0
Central Zone 1,Old Madras Road,0.0,8.0,13,1,1,0,0.0023490170089697482,0
West Zone 1,Tumkur Road,6.0,8.0,13,1,0,0,0.004883967481468012,0
North Zone 2,ORR North 2,3.0,0.0,13,1,1,0,0.025952209127408397,0
West Zone 1,Magadi Road,0.0,0.0,13,1,1,0,0.0026248751622317823,0
North Zone 2,Bellary Road 1,5.0,0.0,13,2,1,0,0.10867147856607288,0
North Zone 2,Bellary Road 1,5.0,4.0,13,1,0,1,0.07437905306714183,0
North Zone 2,Bellary Road 1,4.0,12.0,13,1,0,0,0.5360856201413425,1
Central Zone 2,Non-corridor,1.0,8.0,13,15,7,1,0.885978014114581,1
Central Zone 2,Non-corridor,1.0,4.0,13,2,2,1,0.941917319764217,1
South Zone 1,ORR West 1,5.0,4.0,13,1,0,0,0.02568737823268505,0
Central Zone 1,Old Airport Road,4.0,12.0,13,1,1,0,0.009935065492925953,0
East Zone 1,ORR East 1,1.0,8.0,13,2,1,0,0.02768963101110261,0
Central Zone 2,Mysore Road,6.0,8.0,13,2,2,0,0.33513714600676436,0
South Zone 1,ORR West 1,3.0,8.0,13,2,2,0,0.14731802554329843,0
North Zone 2,ORR North 2,3.0,4.0,13,1,1,0,0.14795052118635785,0
North Zone 2,ORR North 2,3.0,8.0,13,2,1,0,0.2571010390337746,0
South Zone 1,ORR West 1,2.0,0.0,13,1,0,0,0.17226592546195987,0
Central Zone 2,Mysore Road,6.0,0.0,13,4,3,0,0.17481859359775298,0
East Zone 1,ORR East 1,2.0,0.0,13,1,1,0,0.03970047522149529,0
East Zone 1,Varthur Road,3.0,0.0,13,2,2,0,0.34177310622207635,0
Central Zone 2,Mysore Road,2.0,4.0,13,2,0,0,0.5523788549604054,1
Central Zone 2,Non-corridor,4.0,0.0,13,15,2,1,0.9457744214219151,1
East Zone 1,ORR East 1,2.0,8.0,13,2,1,0,0.07135547470952584,0
Central Zone 2,Non-corridor,1.0,0.0,13,3,1,1,0.9392560496852592,1
North Zone 2,ORR North 2,4.0,8.0,13,2,2,0,0.007672797197218119,0
South Zone 1,ORR West 1,4.0,0.0,13,1,1,0,0.1719533666617564,0
South Zone 1,ORR West 1,4.0,8.0,13,1,1,0,0.04107646275527504,0
South Zone 1,ORR West 1,1.0,12.0,13,1,0,0,0.01901645527435081,0
East Zone 1,ORR East 2,6.0,0.0,13,1,1,0,0.01722672959979326,0
East Zone 1,Varthur Road,1.0,0.0,13,3,2,0,0.14824559178156468,0
East Zone 1,ORR East 2,5.0,0.0,13,3,2,0,0.017320857551068693,0
North Zone 2,ORR North 2,5.0,8.0,13,1,1,0,0.12654123005592713,0
East Zone 1,ORR East 2,5.0,4.0,13,1,0,0,0.0752767052376293,0
East Zone 1,ORR East 2,4.0,0.0,13,2,2,0,0.02416839139922024,0
Central Zone 2,Non-corridor,3.0,12.0,13,2,0,0,0.9558269757472941,1
North Zone 2,Bellary Road 1,6.0,4.0,13,2,1,0,0.055395937595315865,0
Central Zone 2,Mysore Road,2.0,0.0,13,2,1,0,0.37138024909334066,0
Central Zone 2,Non-corridor,3.0,16.0,13,7,7,0,0.5770114305777257,1
North Zone 2,Bellary Road 1,5.0,8.0,13,3,3,0,0.19352799321457717,0
West Zone 2,West of Chord Road,1.0,12.0,13,1,1,0,0.008492832964102718,0
East Zone 1,ORR East 2,4.0,20.0,13,1,1,0,0.008383394887697666,0
East Zone 1,ORR East 1,3.0,8.0,13,1,0,0,0.061260021309364115,0
Central Zone 2,Mysore Road,6.0,12.0,13,1,1,0,0.21523341205893395,0
Central Zone 2,Non-corridor,0.0,12.0,13,1,0,0,0.7462287441640821,1
Central Zone 2,Non-corridor,0.0,16.0,13,2,2,0,0.0074868760939522045,0
Central Zone 2,Non-corridor,0.0,20.0,13,1,0,0,0.10759739027331144,0
East Zone 1,ORR East 2,3.0,0.0,13,1,1,0,0.015583291736973133,0
West Zone 2,West of Chord Road,1.0,4.0,13,1,0,0,0.04202507301770916,0
West Zone 2,West of Chord Road,1.0,8.0,13,2,0,0,0.3760814730217936,0
Central Zone 2,Non-corridor,0.0,8.0,13,2,1,0,0.6434776810622872,1
North Zone 2,Bellary Road 1,6.0,8.0,13,1,0,1,0.043057443153673,0
North Zone 2,Bellary Road 1,6.0,0.0,13,3,3,0,0.04847416589675861,0
South Zone 2,IRR(Thanisandra road),1.0,8.0,13,1,0,0,0.006298193480763652,0
North Zone 2,ORR North 2,6.0,12.0,13,1,1,0,0.05827080673463781,0
East Zone 1,ORR East 1,4.0,0.0,13,1,0,0,0.05280093408375027,0
East Zone 1,ORR East 2,2.0,8.0,13,3,1,0,0.02596246313059675,0
West Zone 2,West of Chord Road,6.0,0.0,13,1,1,0,0.05914949443436084,0
South Zone 2,IRR(Thanisandra road),4.0,4.0,14,1,1,0,0.06925724331188889,0
North Zone 2,Bellary Road 1,6.0,12.0,14,1,0,0,0.01961587472335225,0
Central Zone 2,Non-corridor,3.0,12.0,14,2,1,1,0.9201675505738027,1
North Zone 2,Bellary Road 1,6.0,4.0,14,1,0,0,0.2675990426556879,0
Central Zone 2,Mysore Road,2.0,0.0,14,2,1,0,0.5210386891276302,1
North Zone 2,Bellary Road 1,5.0,12.0,14,1,0,0,0.0702185253871536,0
West Zone 2,West of Chord Road,2.0,12.0,14,2,0,0,0.12731737294402257,0
West Zone 2,West of Chord Road,1.0,4.0,14,1,1,0,0.013182509746270903,0
Central Zone 2,Non-corridor,0.0,8.0,14,2,1,0,0.5589051292426357,1
Central Zone 2,Mysore Road,6.0,8.0,14,1,0,0,0.13502945268029995,0
East Zone 1,ORR East 1,3.0,0.0,14,1,1,1,0.05974179362647477,0
East Zone 1,ORR East 1,3.0,4.0,14,1,1,0,0.08188944578428499,0
Central Zone 2,Mysore Road,6.0,12.0,14,1,1,0,0.0709286162508714,0
South Zone 1,ORR West 1,0.0,12.0,14,1,1,0,0.005250838776928736,0
East Zone 1,ORR East 2,2.0,20.0,14,1,1,0,0.0025410812065526584,0
West Zone 2,West of Chord Road,2.0,8.0,14,2,2,0,0.03363144398801275,0
North Zone 2,Bellary Road 1,6.0,8.0,14,3,3,0,0.18473038578737602,0
Central Zone 2,Mysore Road,2.0,4.0,14,2,2,0,0.22901181099317003,0
Central Zone 2,Non-corridor,4.0,0.0,14,5,5,0,0.94606308346857,1
North Zone 2,ORR North 2,5.0,12.0,14,2,1,0,0.05321379751451647,0
West Zone 2,West of Chord Road,1.0,0.0,14,2,2,0,0.24222507211964855,0
West Zone 2,West of Chord Road,1.0,12.0,14,1,1,0,0.053468557009892684,0
East Zone 1,ORR East 1,2.0,8.0,14,1,0,0,0.046435701140160116,0
East Zone 1,ORR East 1,2.0,12.0,14,1,1,0,0.005993444609678374,0
Central Zone 2,Non-corridor,1.0,0.0,14,6,4,0,0.9567932301472708,1
South Zone 1,ORR West 1,4.0,8.0,14,1,1,0,0.025573864486515645,0
East Zone 1,Varthur Road,1.0,0.0,14,1,1,0,0.5772585542868661,1
East Zone 1,ORR East 2,5.0,0.0,14,1,1,0,0.057517204842026236,0
Central Zone 1,Old Airport Road,1.0,0.0,14,1,0,0,0.07173938053597563,0
South Zone 1,ORR West 1,3.0,4.0,14,1,1,0,0.11379729987534545,0
North Zone 2,ORR North 2,3.0,12.0,14,1,1,0,0.01430759750225809,0
East Zone 1,ORR East 1,1.0,20.0,14,1,1,0,0.03099444964542408,0
East Zone 1,ORR East 1,2.0,0.0,14,2,2,0,0.12434831950975891,0
East Zone 1,Varthur Road,1.0,12.0,14,1,1,0,0.0036181577600992673,0
East Zone 1,Varthur Road,2.0,0.0,14,1,0,0,0.2738026296236117,0
East Zone 1,Varthur Road,2.0,12.0,14,1,1,0,0.004725170057721336,0
North Zone 2,Bellary Road 1,5.0,4.0,14,3,3,0,0.3802056388056318,0
North Zone 2,Bellary Road 1,4.0,20.0,14,1,0,0,0.18592711570310336,0
South Zone 2,IRR(Thanisandra road),0.0,4.0,14,1,0,0,0.06036414817370218,0
South Zone 2,IRR(Thanisandra road),1.0,0.0,14,1,1,0,0.005539105064633278,0
North Zone 2,Bellary Road 2,0.0,12.0,14,2,1,0,0.009557841574961,0
Central Zone 2,Non-corridor,3.0,8.0,14,6,3,0,0.9291542040910272,1
Central Zone 2,Non-corridor,4.0,4.0,14,5,3,0,0.94708172348731,1
West Zone 1,Magadi Road,1.0,0.0,14,1,1,0,0.00679928880325267,0
Central Zone 2,Mysore Road,1.0,8.0,14,2,1,0,0.11721610552607294,0
East Zone 1,ORR East 1,1.0,4.0,14,1,1,0,0.003598590220358592,0
East Zone 1,Varthur Road,5.0,12.0,14,3,2,0,0.016146106673249058,0
Central Zone 1,Old Airport Road,1.0,4.0,14,1,0,0,0.009785805856916708,0
Central Zone 2,Mysore Road,6.0,4.0,14,4,3,0,0.6446273912032628,1
North Zone 2,ORR North 2,4.0,0.0,14,1,1,0,0.08042385382826668,0
East Zone 1,Varthur Road,3.0,8.0,14,1,0,0,0.023926271586277335,0
Central Zone 2,Mysore Road,1.0,12.0,14,3,1,0,0.22207936484917398,0
North Zone 2,Bellary Road 1,4.0,8.0,14,2,1,0,0.5637350895759459,1
North Zone 2,Bellary Road 1,3.0,12.0,14,1,1,0,0.07010409670615526,0
North Zone 2,Bellary Road 1,4.0,0.0,14,1,1,1,0.3034366250641122,0
North Zone 2,Bellary Road 1,3.0,8.0,14,1,0,0,0.15411070887371928,0
Central Zone 2,Non-corridor,3.0,4.0,14,3,2,1,0.6740430891940733,1
West Zone 1,Magadi Road,0.0,8.0,14,1,0,0,0.018741789387612888,0
Central Zone 2,Non-corridor,4.0,8.0,14,6,4,0,0.8581272175977002,1
South Zone 1,ORR West 1,5.0,12.0,14,2,2,0,0.00820065728765691,0
South Zone 1,ORR West 1,4.0,12.0,14,2,1,0,0.3146259759857309,0
East Zone 1,ORR East 1,1.0,0.0,14,3,3,0,0.4560569548842345,0
West Zone 1,Tumkur Road,6.0,8.0,14,4,1,0,0.016295027674245274,0
South Zone 1,ORR West 1,5.0,4.0,14,1,1,0,0.050939253922496215,0
Central Zone 2,Non-corridor,1.0,8.0,14,3,3,0,0.8351728756981777,1
North Zone 2,ORR North 2,2.0,4.0,14,3,3,0,0.035463799135328156,0
North Zone 2,ORR North 2,3.0,8.0,14,1,1,0,0.4354730010789429,0
Central Zone 2,Non-corridor,1.0,4.0,14,3,3,0,0.9308477169605066,1
Central Zone 2,Non-corridor,4.0,12.0,14,11,2,0,0.7685988152085075,1
North Zone 2,Bellary Road 1,3.0,0.0,14,2,1,0,0.5787635775603699,1
North Zone 2,Bellary Road 1,2.0,8.0,14,1,0,0,0.1166246866461367,0
Central Zone 2,Mysore Road,1.0,0.0,14,1,1,0,0.15160536138652297,0
Central Zone 2,Mysore Road,2.0,8.0,14,3,2,0,0.2897553430764932,0
North Zone 2,Bellary Road 2,2.0,0.0,14,2,1,0,0.013287880401252568,0
North Zone 2,Bellary Road 2,1.0,12.0,14,1,1,0,0.10632512308286272,0
Central Zone 2,Mysore Road,1.0,4.0,14,1,1,0,0.2502596035411855,0
North Zone 2,Bellary Road 1,2.0,12.0,14,2,0,0,0.10428836531504891,0
North Zone 2,Bellary Road 1,2.0,16.0,14,1,1,0,0.036881421760558405,0
Central Zone 2,Non-corridor,4.0,16.0,14,1,1,0,0.374549701467335,0
Central Zone 1,Old Madras Road,2.0,4.0,14,2,0,0,0.615387527662864,1
Central Zone 1,Old Madras Road,2.0,8.0,14,1,1,0,0.16345679858378448,0
North Zone 2,ORR North 2,2.0,8.0,14,3,3,0,0.18948270931621736,0
North Zone 2,ORR North 2,1.0,8.0,14,3,2,0,0.04612560282047349,0
Central Zone 2,Mysore Road,5.0,8.0,14,3,2,0,0.24512468767424442,0
West Zone 1,Tumkur Road,5.0,12.0,14,4,3,0,0.21140991241447676,0
North Zone 2,Bellary Road 1,2.0,0.0,14,1,1,0,0.025829527323489077,0
North Zone 2,Bellary Road 1,2.0,4.0,14,1,0,0,0.04319458952172958,0
North Zone 2,Bellary Road 1,1.0,8.0,14,1,0,0,0.10015492792634674,0
North Zone 2,Bellary Road 1,1.0,12.0,14,3,2,0,0.4725550031556726,0
Central Zone 2,Non-corridor,5.0,0.0,14,13,12,0,0.9288939739266757,1
Central Zone 2,Non-corridor,3.0,0.0,14,14,8,0,0.9082993504344884,1
North Zone 2,Bellary Road 1,0.0,20.0,14,1,1,0,0.021371608802504816,0
West Zone 1,Magadi Road,3.0,0.0,14,1,1,0,0.27746858741234093,0
West Zone 1,Magadi Road,2.0,0.0,14,1,1,0,0.008713278119194234,0
West Zone 1,Tumkur Road,4.0,0.0,14,1,0,0,0.8338545673121223,1
West Zone 1,Tumkur Road,4.0,4.0,14,1,1,0,0.02464168362668964,0
Central Zone 2,Mysore Road,5.0,12.0,14,9,5,0,0.10103925831157407,0
North Zone 2,ORR North 2,0.0,20.0,14,1,0,0,0.22864971457418223,0
West Zone 1,Tumkur Road,5.0,8.0,14,2,1,0,0.12019214621623774,0
West Zone 1,Tumkur Road,4.0,12.0,14,1,1,0,0.12539994239966368,0
West Zone 1,Magadi Road,2.0,4.0,14,1,1,0,0.07118119079247796,0
North Zone 2,Bellary Road 1,0.0,0.0,14,1,0,0,0.12116835479309512,0
North Zone 2,Bellary Road 1,0.0,4.0,14,1,1,0,0.05555259753792205,0
North Zone 2,Bellary Road 2,3.0,0.0,14,2,0,0,0.18899709884751129,0
North Zone 2,Bellary Road 2,2.0,8.0,14,1,1,0,0.06138928557170187,0
South Zone 2,Hosur Road,6.0,0.0,14,1,1,0,0.008541901950901262,0
Central Zone 2,Mysore Road,2.0,12.0,14,2,1,0,0.053707828985728616,0
North Zone 2,Bellary Road 1,0.0,8.0,14,1,1,0,0.319787073029251,0
Central Zone 2,Non-corridor,5.0,4.0,14,1,1,0,0.929974767478112,1
West Zone 1,Magadi Road,3.0,8.0,14,3,2,0,0.22088583366694128,0
West Zone 1,Magadi Road,2.0,8.0,14,1,1,0,0.04712832780780166,0
Central Zone 1,Old Madras Road,4.0,0.0,14,1,1,0,0.6722909650458808,1
Central Zone 2,Non-corridor,1.0,12.0,14,2,2,0,0.9082805628479464,1
South Zone 2,Bannerghata Road,1.0,8.0,14,2,2,0,0.10975768151248493,0
South Zone 2,Bannerghata Road,1.0,12.0,14,1,0,0,0.03862593380089395,0
South Zone 1,ORR West 1,6.0,12.0,14,1,0,0,0.004584045799252556,0
Central Zone 1,Old Madras Road,4.0,4.0,14,1,1,0,0.8635883901924177,1
West Zone 1,Tumkur Road,4.0,8.0,14,1,0,0,0.07218490484089374,0
North Zone 1,ORR North 1,5.0,12.0,14,1,0,0,0.3714115366019271,0
North Zone 1,ORR North 1,5.0,0.0,14,1,1,0,0.011383153276698886,0
Central Zone 2,Mysore Road,0.0,4.0,14,2,2,0,0.30358628812439087,0
South Zone 2,Hosur Road,4.0,0.0,14,1,1,0,0.027129324133121316,0
Central Zone 2,Non-corridor,2.0,12.0,14,10,4,0,0.926888875865661,1
North Zone 2,Bellary Road 2,2.0,12.0,14,2,2,0,0.02596838278944239,0
Central Zone 2,Non-corridor,5.0,8.0,14,7,5,0,0.952333938508993,1
Central Zone 1,Old Madras Road,5.0,4.0,14,1,0,0,0.1223116717057466,0
Central Zone 1,Old Madras Road,5.0,8.0,14,1,1,0,0.05115721555519076,0
North Zone 2,ORR North 2,0.0,0.0,14,1,0,0,0.03764569622084771,0
South Zone 2,Bannerghata Road,3.0,0.0,14,1,0,0,0.02598666700984707,0
South Zone 2,Bannerghata Road,3.0,4.0,14,1,1,0,0.015379290986305484,0
West Zone 1,Tumkur Road,2.0,12.0,14,6,0,0,0.17736061558550623,0
North Zone 1,Airport New South Road,1.0,4.0,14,1,1,0,0.18173251684568234,0
North Zone 1,Airport New South Road,2.0,0.0,14,1,1,0,0.01574623720063957,0
West Zone 1,Tumkur Road,3.0,8.0,14,1,0,0,0.02289669251855709,0
North Zone 1,ORR North 1,4.0,8.0,14,1,1,0,0.2139637489593735,0
West Zone 1,Magadi Road,4.0,12.0,14,1,0,0,0.08215790544993216,0
West Zone 1,Magadi Road,5.0,0.0,14,1,1,0,0.014085418608711252,0
Central Zone 2,Mysore Road,3.0,0.0,14,5,4,0,0.165979619525715,0
Central Zone 2,Mysore Road,3.0,4.0,14,1,1,0,0.06727217075644214,0
North Zone 2,Bellary Road 2,3.0,4.0,14,2,1,0,0.12848255833361305,0
Central Zone 2,Non-corridor,5.0,12.0,14,20,14,0,0.9026176552995384,1
North Zone 1,ORR North 1,2.0,12.0,14,4,3,0,0.03606561536554317,0
Central Zone 2,Non-corridor,5.0,20.0,14,2,2,0,0.37985955396624166,0
Central Zone 2,Mysore Road,5.0,4.0,14,1,0,0,0.2814682577619528,0
Central Zone 2,Mysore Road,4.0,20.0,14,2,2,0,0.025134600698205594,0
Central Zone 1,Old Madras Road,6.0,0.0,14,5,1,0,0.5049829978960687,1
Central Zone 1,Old Madras Road,6.0,4.0,14,1,1,0,0.38090445050786603,0
North Zone 1,ORR North 1,2.0,0.0,14,1,1,0,0.07573181902938032,0
North Zone 1,ORR North 1,1.0,4.0,14,1,0,0,0.07696997519102337,0
South Zone 2,Hosur Road,2.0,20.0,14,3,3,1,0.018492414783945393,0
North Zone 2,Bellary Road 2,4.0,8.0,14,2,2,0,0.2573422390465919,0
North Zone 2,Bellary Road 2,3.0,12.0,14,2,1,0,0.2537593749120743,0
South Zone 2,Hosur Road,4.0,12.0,14,4,1,0,0.02608729924910958,0
Central Zone 2,Mysore Road,0.0,0.0,14,3,2,0,0.3513930814947148,0
North Zone 1,ORR North 1,0.0,4.0,14,1,1,0,0.002679971581499062,0
West Zone 1,Tumkur Road,2.0,4.0,14,1,0,0,0.07299056362704172,0
South Zone 2,Bannerghata Road,5.0,0.0,14,1,1,0,0.03517984531248742,0
North Zone 1,Airport New South Road,6.0,12.0,14,1,1,0,0.01914052068973734,0
West Zone 1,Tumkur Road,3.0,0.0,14,1,1,0,0.662941091940179,1
Central Zone 1,Old Madras Road,5.0,12.0,14,2,1,0,0.39103676775266794,0
Central Zone 2,CBD 2,6.0,4.0,14,1,0,0,0.010258586351606546,0
West Zone 1,Magadi Road,5.0,8.0,14,3,2,0,0.20337029363020961,0
Central Zone 2,Non-corridor,6.0,0.0,14,9,5,0,0.9003728263363179,1
West Zone 1,Magadi Road,6.0,12.0,14,1,1,0,0.13301386197436457,0
Central Zone 2,Non-corridor,2.0,8.0,14,4,1,1,0.877474381999382,1
North Zone 2,Bellary Road 2,4.0,4.0,14,1,1,0,0.013145239736161463,0
West Zone 1,Tumkur Road,1.0,8.0,14,1,1,0,0.02045942434241891,0
South Zone 2,Bannerghata Road,5.0,4.0,14,1,1,0,0.01712818708718036,0
South Zone 2,Bannerghata Road,6.0,4.0,14,1,0,0,0.07688431028348511,0
West Zone 1,Tumkur Road,2.0,0.0,14,1,1,0,0.1218573786244852,0
Central Zone 1,Old Madras Road,6.0,8.0,14,1,1,0,0.05877136389494571,0
Central Zone 2,Mysore Road,4.0,8.0,14,1,0,0,0.3359043135681657,0
South Zone 2,Bannerghata Road,4.0,12.0,14,5,4,0,0.7130630116949093,1
Central Zone 2,Non-corridor,2.0,0.0,14,2,1,0,0.9504157119894631,1
Central Zone 2,Mysore Road,4.0,4.0,14,4,3,0,0.12063871644415852,0
West Zone 1,Tumkur Road,0.0,8.0,14,1,0,0,0.08186263087528708,0
West Zone 1,Tumkur Road,0.0,12.0,14,1,1,0,0.022869828283792134,0
Central Zone 2,CBD 2,3.0,4.0,14,1,1,0,0.015634709992534128,0
North Zone 2,Bellary Road 2,5.0,0.0,14,2,2,0,0.08054161877873617,0
Central Zone 2,Mysore Road,3.0,8.0,14,1,1,0,0.3252744846713681,0
Central Zone 2,Non-corridor,6.0,4.0,14,9,6,0,0.814857892870851,1
Central Zone 2,Non-corridor,6.0,8.0,14,8,2,0,0.9240066491338388,1
Central Zone 2,Non-corridor,2.0,4.0,14,3,3,0,0.8577134186626981,1
North Zone 1,Hennur Main Road,0.0,4.0,14,1,1,0,0.0014570042260540791,0
South Zone 2,Hosur Road,2.0,4.0,14,1,1,0,0.0084942264441626,0
Central Zone 2,Mysore Road,3.0,12.0,14,1,0,0,0.20236708370524442,0
South Zone 2,Hosur Road,1.0,4.0,14,1,1,0,0.014013464641040484,0
Central Zone 2,CBD 1,5.0,4.0,14,1,1,0,0.008083380416519594,0
West Zone 2,West of Chord Road,5.0,12.0,14,1,1,0,0.019778599385434803,0
East Zone 1,ORR East 2,1.0,0.0,14,3,3,0,0.03238909266255711,0
Central Zone 2,Non-corridor,0.0,4.0,14,2,2,0,0.6595116321287162,1
East Zone 1,ORR East 1,5.0,12.0,14,1,0,0,0.02005229516780335,0
Central Zone 2,Non-corridor,0.0,0.0,14,4,4,0,0.28506677147641524,0
East Zone 1,ORR East 1,4.0,12.0,14,1,1,0,0.10088515503497658,0
East Zone 1,ORR East 1,5.0,0.0,14,1,1,0,0.10050001758611543,0
West Zone 2,West of Chord Road,5.0,0.0,14,1,0,0,0.004474664233932076,0
West Zone 2,West of Chord Road,3.0,0.0,14,1,0,0,0.23082584277955587,0
West Zone 2,West of Chord Road,6.0,12.0,14,1,1,0,0.018454852506376074,0
West Zone 2,West of Chord Road,6.0,4.0,14,2,2,0,0.008700186324448125,0
Central Zone 2,Non-corridor,0.0,0.0,15,2,1,0,0.6640846545199774,1
South Zone 1,ORR West 1,0.0,0.0,15,1,1,0,0.0021145869073512327,0
Central Zone 2,Non-corridor,0.0,12.0,15,2,0,0,0.13970699947151408,0
North Zone 2,Bellary Road 2,0.0,8.0,15,1,1,0,0.05736479498496019,0
Central Zone 2,Non-corridor,0.0,20.0,15,1,1,0,0.02374847320542083,0
West Zone 1,Tumkur Road,0.0,0.0,15,1,1,0,0.13596247014660745,0
West Zone 1,Magadi Road,0.0,0.0,15,1,1,0,0.0031435370038122145,0
West Zone 1,Magadi Road,0.0,4.0,15,1,1,0,0.09534400657281711,0
West Zone 2,West of Chord Road,0.0,12.0,15,1,1,0,0.003291656698911538,0
North Zone 2,Bellary Road 1,0.0,0.0,15,3,2,0,0.01783183945702292,0
West Zone 1,Tumkur Road,0.0,16.0,15,1,0,0,0.03684328044189525,0
North Zone 2,Bellary Road 1,0.0,16.0,15,1,1,0,0.0074094661399605015,0
Central Zone 1,Old Madras Road,0.0,8.0,15,1,0,0,0.002049542264103502,0
North Zone 2,Bellary Road 2,0.0,4.0,15,1,1,0,0.05236243037508917,0
North Zone 2,Bellary Road 1,0.0,8.0,15,1,0,0,0.556898396602121,1
Central Zone 2,Non-corridor,0.0,4.0,15,1,1,0,0.6224950083175385,1
Central Zone 2,Non-corridor,0.0,8.0,15,2,1,0,0.6917759190425301,1
North Zone 2,ORR North 2,0.0,0.0,15,2,2,0,0.1114664438222676,0
Central Zone 2,Mysore Road,0.0,0.0,15,2,1,0,0.3369674736527298,0
North Zone 1,ORR North 1,0.0,20.0,15,1,1,0,0.010803189163846212,0
North Zone 2,ORR North 2,5.0,16.0,45,1,1,0,0.048803593623929255,0
North Zone 2,ORR North 2,5.0,0.0,45,1,0,0,0.09822362519803517,0
West Zone 2,Tumkur Road,4.0,4.0,45,2,2,0,0.0718892261967276,0
West Zone 2,Tumkur Road,6.0,8.0,45,1,0,0,0.30710286970277434,0
West Zone 1,Non-corridor,6.0,8.0,45,1,0,0,0.07417430177672878,0
West Zone 1,Non-corridor,5.0,0.0,45,1,1,0,0.6426918264701114,1
Central Zone 2,Mysore Road,4.0,0.0,45,1,1,0,0.4497441643634967,0
Central Zone 1,Non-corridor,4.0,0.0,45,1,0,0,0.03652150595480785,0
Central Zone 2,Non-corridor,4.0,0.0,45,2,2,0,0.9387384036939554,1
North Zone 2,Bellary Road 2,6.0,8.0,45,1,0,0,0.032651966711942176,0
Central Zone 2,Non-corridor,6.0,8.0,45,2,1,0,0.8762492335196523,1
West Zone 1,Non-corridor,5.0,12.0,45,1,1,0,0.1255067217632202,0
Central Zone 2,Non-corridor,4.0,4.0,45,3,2,0,0.9209868665328539,1
Central Zone 1,Non-corridor,5.0,0.0,45,2,2,0,0.8708615239040135,1
West Zone 2,Tumkur Road,5.0,8.0,45,1,0,1,0.04881705130330704,0
Central Zone 1,Non-corridor,6.0,4.0,45,1,1,0,0.1297110801387479,0
Central Zone 2,Non-corridor,6.0,4.0,45,1,0,0,0.833632436296285,1
Central Zone 2,Mysore Road,6.0,0.0,45,2,2,0,0.16168175534228085,0
West Zone 2,Non-corridor,5.0,4.0,45,1,0,0,0.08509489768956437,0
North Zone 2,Bellary Road 1,5.0,0.0,45,1,1,0,0.5312767942471531,1
North Zone 2,Bellary Road 2,6.0,4.0,45,1,0,0,0.01586029759558974,0
South Zone 1,ORR West 1,5.0,12.0,45,1,1,0,0.0345206763621814,0
Central Zone 2,Non-corridor,4.0,8.0,45,1,1,0,0.9176874655187276,1
North Zone 2,Bellary Road 2,5.0,12.0,45,2,2,0,0.32553490836636534,0
Central Zone 2,CBD 2,4.0,0.0,45,1,1,0,0.59577241789499,1
North Zone 1,Bellary Road 2,6.0,0.0,45,1,1,0,0.23695181494272646,0
North Zone 1,Bellary Road 2,4.0,8.0,45,1,1,0,0.01285922901971036,0
Central Zone 2,Mysore Road,4.0,4.0,45,1,0,0,0.17918657729597245,0
West Zone 2,Mysore Road,4.0,8.0,45,1,0,0,0.1491942338078622,0
West Zone 2,Mysore Road,5.0,0.0,45,1,1,0,0.037709143779018586,0
West Zone 2,Bellary Road 1,4.0,4.0,45,1,1,0,0.0140814099133311,0
West Zone 2,Non-corridor,4.0,12.0,45,2,2,0,0.014827583152838756,0
North Zone 2,Bellary Road 1,4.0,8.0,45,1,0,0,0.2279439828174817,0
Central Zone 1,Old Airport Road,4.0,4.0,45,1,1,0,0.4741581620769594,0
East Zone 2,Non-corridor,5.0,8.0,45,1,1,0,0.03433407023928694,0
East Zone 1,Non-corridor,4.0,4.0,45,1,1,0,0.05124189759327645,0
South Zone 2,Bannerghata Road,5.0,8.0,45,2,2,0,0.02270809668036829,0
Central Zone 1,Old Madras Road,6.0,8.0,45,2,2,0,0.04243475622701144,0
West Zone 2,Bellary Road 1,6.0,0.0,45,1,0,0,0.009135249018531822,0
North Zone 1,Hennur Main Road,4.0,8.0,45,1,0,0,0.16684932942977834,0
North Zone 2,Bellary Road 1,6.0,8.0,45,1,1,0,0.0081204588482309,0
North Zone 2,Tumkur Road,4.0,4.0,45,1,1,0,0.06747593463936061,0
North Zone 2,Bellary Road 1,6.0,12.0,45,1,1,0,0.0372059051417246,0
West Zone 1,Non-corridor,6.0,12.0,45,3,3,0,0.060068317138834024,0
Central Zone 1,Old Madras Road,5.0,0.0,45,1,1,0,0.017536767280187552,0
East Zone 1,Non-corridor,4.0,12.0,45,1,0,0,0.021267738447344784,0
East Zone 2,Non-corridor,6.0,4.0,45,1,1,0,0.02068762013471882,0
Central Zone 2,Non-corridor,5.0,0.0,45,2,2,0,0.9526110206189934,1
Central Zone 2,Non-corridor,4.0,12.0,45,2,1,0,0.9544315574544554,1
West Zone 1,Tumkur Road,4.0,12.0,45,1,1,0,0.049393506197789754,0
Central Zone 2,Mysore Road,5.0,8.0,45,1,0,0,0.18410067586065593,0
West Zone 1,Tumkur Road,5.0,8.0,45,1,1,0,0.22842853109955824,0
North Zone 1,ORR North 1,4.0,4.0,45,1,0,0,0.8157447388912289,1
Central Zone 2,Non-corridor,5.0,8.0,45,3,1,0,0.9378307457541531,1
South Zone 2,Hosur Road,5.0,4.0,45,1,1,1,0.16049662052378205,0
Central Zone 2,Non-corridor,6.0,0.0,45,4,2,0,0.7121298893132892,1
West Zone 1,Magadi Road,5.0,8.0,45,1,1,0,0.24662952333190086,0
Central Zone 1,Old Madras Road,5.0,12.0,45,2,2,0,0.2128009077825605,0
South Zone 2,Bannerghata Road,5.0,0.0,45,1,1,1,0.044431559943606584,0
Central Zone 2,Mysore Road,5.0,0.0,45,1,0,0,0.5642267791960903,1
Central Zone 2,Mysore Road,5.0,4.0,45,1,1,0,0.1982647390300598,0
West Zone 1,Tumkur Road,4.0,8.0,45,2,0,0,0.39225244721075575,0
Central Zone 2,Non-corridor,5.0,4.0,45,1,1,1,0.5982720176607657,1
North Zone 1,ORR North 1,5.0,8.0,45,1,0,0,0.010396873077002136,0
North Zone 1,ORR North 1,6.0,4.0,45,2,1,0,0.015579842429960274,0
South Zone 1,Non-corridor,4.0,0.0,45,1,1,0,0.08043123244667448,0
Central Zone 2,Non-corridor,5.0,20.0,45,2,2,0,0.1587859630433797,0
South Zone 2,Hosur Road,5.0,0.0,45,2,1,0,0.14184601706654246,0
North Zone 2,Bellary Road 1,6.0,4.0,45,1,1,0,0.052545700277472386,0
North Zone 2,Bellary Road 1,6.0,0.0,45,2,1,0,0.23698019050897579,0
South Zone 1,Non-corridor,4.0,8.0,45,1,0,0,0.04073593992181031,0
East Zone 1,ORR East 1,6.0,12.0,45,1,1,0,0.08370821460640832,0
Central Zone 1,Mysore Road,5.0,0.0,45,1,1,0,0.006731387451932556,0
South Zone 1,Bannerghata Road,4.0,12.0,45,1,1,0,0.006447316780638715,0
South Zone 1,Non-corridor,4.0,12.0,45,1,1,0,0.01399294114931471,0
South Zone 2,ORR East 1,1.0,4.0,46,1,1,0,0.009338184127261312,0
South Zone 2,Non-corridor,3.0,0.0,46,1,1,0,0.08156592211913628,0
South Zone 2,Non-corridor,3.0,8.0,46,1,1,0,0.027319775351261722,0
North Zone 2,Bellary Road 2,0.0,4.0,46,1,1,0,0.0411836926066637,0
West Zone 2,West of Chord Road,2.0,8.0,46,2,2,0,0.6995247375069127,1
Central Zone 2,Non-corridor,0.0,8.0,46,1,0,0,0.3972579489487015,0
North Zone 2,Tumkur Road,0.0,4.0,46,2,2,0,0.0017837618599915598,0
North Zone 2,Tumkur Road,1.0,0.0,46,1,1,0,0.005871700246844348,0
Central Zone 2,Mysore Road,6.0,8.0,46,1,0,0,0.20121971141109715,0
East Zone 1,ORR East 1,4.0,4.0,46,2,1,0,0.028964451688654202,0
East Zone 1,ORR East 2,2.0,0.0,46,1,1,0,0.009925467039491577,0
Central Zone 1,Mysore Road,1.0,8.0,46,1,0,0,0.027091321918552878,0
East Zone 1,ORR East 1,5.0,4.0,46,2,1,0,0.07036767836926414,0
East Zone 1,ORR East 1,5.0,12.0,46,1,0,0,0.5957439962576162,1
North Zone 2,Bellary Road 1,6.0,4.0,46,1,1,0,0.1996356476499215,0
North Zone 2,Bellary Road 1,6.0,0.0,46,1,1,0,0.046648469066486065,0
South Zone 2,Non-corridor,4.0,4.0,46,1,1,1,0.08588380543985501,0
South Zone 1,Non-corridor,6.0,0.0,46,1,1,0,0.008890103121673357,0
South Zone 1,Non-corridor,2.0,4.0,46,1,0,0,0.48284530262366454,0
South Zone 1,Non-corridor,3.0,0.0,46,1,1,0,0.006438861841198755,0
South Zone 1,Non-corridor,1.0,0.0,46,2,1,0,0.014944043426059027,0
North Zone 2,Bellary Road 1,5.0,8.0,46,1,0,0,0.02898025130053723,0
North Zone 2,Non-corridor,2.0,8.0,46,1,1,0,0.5120893756942646,1
North Zone 2,Non-corridor,2.0,12.0,46,2,1,0,0.08696893613921387,0
South Zone 2,Bannerghata Road,4.0,8.0,46,1,1,0,0.5165522669604087,1
Central Zone 1,Old Madras Road,6.0,4.0,46,1,0,0,0.020407401776934092,0
North Zone 1,Bellary Road 1,2.0,4.0,46,1,1,0,0.004052114018988411,0
East Zone 1,Non-corridor,1.0,12.0,46,1,1,0,0.005113718870529396,0
East Zone 1,Non-corridor,2.0,4.0,46,1,1,0,0.059802234140927245,0
North Zone 1,ORR North 1,1.0,4.0,46,1,1,0,0.01712026416159127,0
Central Zone 2,Magadi Road,3.0,8.0,46,1,1,0,0.10868308480669003,0
South Zone 2,Hosur Road,3.0,0.0,46,1,1,0,0.014310553064412155,0
North Zone 2,Bellary Road 2,4.0,16.0,46,1,0,0,0.06933914402019777,0
North Zone 1,ORR North 1,0.0,4.0,46,1,1,0,0.012772660960160503,0
North Zone 1,ORR North 1,1.0,0.0,46,1,1,0,0.25883270114360435,0
Central Zone 2,Bellary Road 1,1.0,0.0,46,1,0,0,0.06253048589492383,0
North Zone 1,Airport New South Road,1.0,12.0,46,1,0,0,0.07364137987333308,0
North Zone 1,Airport New South Road,2.0,0.0,46,1,1,0,0.01574623720063957,0
West Zone 1,Tumkur Road,3.0,12.0,46,1,1,0,0.1208683740947002,0
North Zone 1,ORR North 1,3.0,4.0,46,1,1,0,0.004432685637521961,0
North Zone 1,ORR North 1,3.0,16.0,46,1,1,1,0.0022400313301842644,0
Central Zone 2,Mysore Road,3.0,0.0,46,1,1,0,0.41215161305280423,0
North Zone 2,Bellary Road 2,3.0,12.0,46,2,0,0,0.7793952431034595,1
North Zone 2,Bellary Road 2,3.0,4.0,46,2,2,0,0.11396437052656237,0
Central Zone 2,Mysore Road,5.0,4.0,46,2,2,0,0.30517807019386,0
North Zone 2,Non-corridor,5.0,12.0,46,1,0,0,0.42407806313307006,0
North Zone 2,Non-corridor,6.0,0.0,46,1,1,0,0.09578297130937477,0
North Zone 2,Non-corridor,2.0,4.0,46,1,1,0,0.41416770938480385,0
South Zone 2,Bannerghata Road,1.0,8.0,46,1,1,0,0.22313445989896422,0
Central Zone 1,Old Madras Road,4.0,4.0,46,1,0,0,0.1917776562919683,0
East Zone 1,Non-corridor,3.0,0.0,46,1,1,0,0.028944292710517027,0
North Zone 1,ORR North 2,6.0,4.0,46,2,1,0,0.04142283287475836,0
Central Zone 2,Non-corridor,5.0,4.0,46,5,5,0,0.6177062893658112,1
South Zone 2,Hosur Road,4.0,0.0,46,1,1,0,0.021631088786330206,0
East Zone 1,Non-corridor,2.0,8.0,46,2,1,0,0.1615009011736043,0
South Zone 2,Bannerghata Road,1.0,0.0,46,1,1,0,0.049664326607455477,0
North Zone 2,Non-corridor,6.0,16.0,46,1,1,0,0.011014036440592194,0
North Zone 1,Bellary Road 2,1.0,12.0,46,2,2,0,0.01734222617624561,0
North Zone 1,Bellary Road 2,2.0,0.0,46,1,1,0,0.010648130985755167,0
North Zone 1,Bellary Road 2,3.0,16.0,46,1,1,0,0.005831372758589266,0
Central Zone 2,Mysore Road,5.0,0.0,46,1,1,0,0.3061328313371659,0
North Zone 2,Non-corridor,4.0,0.0,46,2,0,0,0.13628428679115082,0
North Zone 2,Non-corridor,1.0,8.0,46,1,0,0,0.32242027810979873,0
North Zone 1,Bellary Road 1,0.0,4.0,46,1,1,0,0.0020528481753296756,0
Central Zone 2,CBD 2,6.0,0.0,46,1,1,0,0.1755444468918411,0
West Zone 1,Magadi Road,5.0,8.0,46,1,0,0,0.14747804268463544,0
Central Zone 2,Non-corridor,6.0,0.0,46,2,1,0,0.926492640153469,1
Central Zone 2,Non-corridor,2.0,8.0,46,4,4,0,0.7476899202712693,1
East Zone 2,Non-corridor,6.0,8.0,46,1,1,0,0.05424195365900969,0
Central Zone 1,Old Madras Road,3.0,8.0,46,2,2,0,0.060052117615217816,0
East Zone 2,Non-corridor,4.0,8.0,46,1,0,0,0.18474547853721973,0
North Zone 2,Bellary Road 1,1.0,0.0,46,1,1,0,0.0200536354409242,0
North Zone 2,Bellary Road 2,3.0,0.0,46,2,1,0,0.08870437552177576,0
North Zone 1,ORR North 2,3.0,4.0,46,2,2,0,0.02188594840194857,0
West Zone 1,Magadi Road,3.0,8.0,46,1,1,0,0.2012583890736067,0
West Zone 1,Tumkur Road,3.0,0.0,46,1,1,0,0.01623910031867829,0
North Zone 1,Airport New South Road,2.0,8.0,46,1,1,0,0.00795448310571112,0
Central Zone 2,Non-corridor,1.0,12.0,46,1,1,0,0.8248970880299256,1
North Zone 2,Non-corridor,6.0,4.0,46,2,0,0,0.020751516783293882,0
North Zone 2,ORR North 2,2.0,8.0,46,1,1,0,0.19496246066906942,0
East Zone 2,Non-corridor,3.0,0.0,46,1,1,0,0.029069353890007373,0
Central Zone 1,Old Madras Road,0.0,8.0,46,1,1,0,0.0028292475639385833,0
Central Zone 2,Non-corridor,5.0,0.0,46,2,1,0,0.955898296327265,1
South Zone 2,Hosur Road,4.0,12.0,46,1,1,0,0.050934383298572486,0
Central Zone 2,Non-corridor,3.0,0.0,46,2,1,0,0.888504370393303,1
West Zone 1,Magadi Road,2.0,0.0,46,2,2,0,0.011529760122432463,0
West Zone 1,Tumkur Road,4.0,0.0,46,2,1,0,0.10717855634503709,0
East Zone 2,ORR North 1,1.0,0.0,46,1,1,0,0.003889714923744815,0
East Zone 2,ORR North 1,2.0,0.0,46,1,1,0,0.01409017972991014,0
West Zone 1,Magadi Road,6.0,12.0,46,1,1,0,0.19166099596117303,0
West Zone 1,Non-corridor,0.0,0.0,46,1,0,0,0.008799875953316655,0
West Zone 1,Non-corridor,1.0,4.0,46,1,0,0,0.05850722008023793,0
West Zone 1,Mysore Road,4.0,0.0,46,1,0,0,0.30033774085829734,0
North Zone 1,Bellary Road 2,6.0,4.0,46,1,1,0,0.013445525604704814,0
East Zone 1,Non-corridor,0.0,8.0,46,1,1,0,0.0013051955856428611,0
East Zone 1,Non-corridor,1.0,0.0,46,3,2,0,0.012564375569435078,0
North Zone 2,Non-corridor,0.0,4.0,46,1,1,0,0.0014951997392181036,0
West Zone 1,Tumkur Road,1.0,0.0,46,1,1,0,0.0411669510979261,0
West Zone 1,Tumkur Road,2.0,0.0,46,1,0,0,0.018918186594910607,0
Central Zone 1,Old Madras Road,6.0,8.0,46,1,1,0,0.3062837588737747,0
Central Zone 2,Bellary Road 1,0.0,0.0,46,1,1,0,0.0013555845290795804,0
Central Zone 2,CBD 1,1.0,0.0,46,1,1,0,0.004793238324195509,0
West Zone 2,Bellary Road 1,5.0,8.0,46,1,1,0,0.009499191442956093,0
West Zone 2,Bellary Road 1,5.0,12.0,46,1,0,0,0.145613072133218,0
Central Zone 2,Non-corridor,1.0,8.0,46,1,0,0,0.9356979192245891,1
North Zone 2,ORR North 2,3.0,8.0,46,1,1,0,0.04604838527243122,0
Central Zone 2,Non-corridor,1.0,4.0,46,1,1,0,0.888364232019945,1
West Zone 1,Magadi Road,2.0,4.0,46,1,0,0,0.13361870795346,0
Central Zone 2,Mysore Road,1.0,0.0,46,1,0,0,0.2906719056874453,0
Central Zone 2,Mysore Road,1.0,4.0,46,2,2,0,0.21719644862190882,0
North Zone 2,Bellary Road 1,2.0,12.0,46,1,0,0,0.07809650004354425,0
West Zone 1,Tumkur Road,6.0,0.0,46,3,3,0,0.020075652976521037,0
Central Zone 1,Old Madras Road,2.0,0.0,46,1,1,0,0.49561512286632653,0
East Zone 2,Non-corridor,5.0,4.0,46,1,0,0,0.036255581339950105,0
West Zone 2,Bellary Road 1,6.0,0.0,46,1,0,0,0.02718376346456464,0
Central Zone 1,Old Airport Road,3.0,0.0,46,1,0,0,0.05576364454053245,0
Central Zone 1,Old Airport Road,4.0,0.0,46,1,1,0,0.01586329999702698,0
Central Zone 1,Old Airport Road,4.0,8.0,46,1,0,0,0.07954360372946175,0
West Zone 2,Mysore Road,1.0,4.0,46,1,0,0,0.05836754266069468,0
West Zone 2,Mysore Road,2.0,12.0,46,1,0,0,0.00473245468576833,0
East Zone 1,ORR East 1,1.0,0.0,46,3,2,0,0.38641790310577834,0
West Zone 2,Mysore Road,5.0,4.0,46,1,0,0,0.11321635914296763,0
West Zone 2,Mysore Road,2.0,0.0,46,1,1,0,0.004071320509400273,0
West Zone 2,Bellary Road 1,0.0,12.0,46,1,1,0,0.004187871645765331,0
West Zone 2,Bellary Road 1,1.0,4.0,46,1,1,0,0.005874433523191845,0
East Zone 2,Non-corridor,2.0,0.0,46,2,1,0,0.03878872780091434,0
West Zone 2,Non-corridor,4.0,8.0,46,2,2,0,0.07375897994143872,0
West Zone 2,Non-corridor,5.0,0.0,46,1,0,0,0.17302769403073837,0
East Zone 1,Varthur Road,6.0,8.0,46,1,0,0,0.0067018896301252,0
East Zone 2,Airport New South Road,1.0,0.0,46,1,1,0,0.017234646984426477,0
East Zone 1,Varthur Road,4.0,0.0,46,1,1,0,0.068610518253282,0
East Zone 1,Varthur Road,4.0,8.0,46,1,1,0,0.01885681293833003,0
Central Zone 2,Mysore Road,1.0,8.0,46,1,1,0,0.12109085616553647,0
West Zone 1,Magadi Road,1.0,4.0,46,1,1,0,0.18380177280495397,0
Central Zone 2,Non-corridor,3.0,4.0,46,4,3,0,0.3089921105348249,0
South Zone 2,IRR(Thanisandra road),2.0,8.0,46,2,1,0,0.13501618389260245,0
West Zone 1,Magadi Road,0.0,12.0,46,1,1,0,0.10255925008247192,0
Central Zone 2,Non-corridor,4.0,8.0,46,2,0,0,0.29323048487809655,0
Central Zone 2,CBD 1,1.0,4.0,46,1,1,0,0.06631821673168829,0
Central Zone 2,Non-corridor,2.0,0.0,46,3,2,0,0.3089921105348249,0
West Zone 1,Tumkur Road,0.0,4.0,46,1,1,0,0.1665246838643851,0
North Zone 1,Hennur Main Road,1.0,8.0,46,1,1,0,0.14496088350870537,0
North Zone 1,Bellary Road 2,4.0,8.0,46,1,0,0,0.06514473632028646,0
North Zone 1,Non-corridor,2.0,0.0,46,1,1,0,0.08942073015456707,0
North Zone 1,Non-corridor,3.0,4.0,46,1,1,0,0.2150706945296473,0
West Zone 1,Non-corridor,2.0,4.0,46,1,1,0,0.07658038157851141,0
Central Zone 2,CBD 2,3.0,4.0,46,1,0,0,0.06631821673168829,0
West Zone 1,Non-corridor,1.0,12.0,46,1,0,0,0.06081929242362189,0
East Zone 1,ORR East 1,2.0,4.0,46,1,0,0,0.14769135821022666,0
East Zone 1,Varthur Road,1.0,8.0,46,1,0,0,0.07120625036420067,0
East Zone 1,Varthur Road,2.0,0.0,46,1,1,0,0.0720593480853939,0
West Zone 2,ORR West 1,5.0,0.0,46,1,0,0,0.10478391878282532,0
West Zone 2,Non-corridor,5.0,8.0,46,1,0,0,0.0698401281475721,0
North Zone 2,Bellary Road 1,4.0,8.0,46,2,1,0,0.10750890107655961,0
Central Zone 2,Non-corridor,3.0,8.0,46,1,0,0,0.3089921105348249,0
Central Zone 2,Non-corridor,4.0,4.0,46,2,1,0,0.3089921105348249,0
North Zone 2,Bellary Road 1,4.0,4.0,46,1,0,0,0.12161335598869308,0
Central Zone 1,Old Airport Road,1.0,8.0,46,1,1,0,0.0664692984551503,0
Central Zone 2,Mysore Road,6.0,4.0,46,1,0,0,0.25724831048225133,0
Central Zone 1,Old Airport Road,2.0,8.0,46,1,0,0,0.0664692984551503,0
East Zone 1,ORR East 2,5.0,0.0,46,1,1,0,0.08449569297331137,0
East Zone 1,ORR East 2,4.0,0.0,46,1,1,0,0.11151626741552735,0
West Zone 2,Tumkur Road,4.0,4.0,46,1,0,0,0.12904219916250353,0
West Zone 2,ORR West 1,1.0,0.0,46,1,1,0,0.0757659824949785,0
East Zone 1,Varthur Road,3.0,0.0,46,1,0,1,0.23353940406623314,0
East Zone 1,ORR East 1,2.0,8.0,46,1,0,0,0.12161335598869308,0
Central Zone 1,Non-corridor,5.0,12.0,46,2,2,0,0.0664692984551503,0
Central Zone 2,Non-corridor,1.0,0.0,46,2,0,0,0.3089921105348249,0
East Zone 1,Old Airport Road,1.0,4.0,46,1,1,0,0.06672018934933449,0
East Zone 1,Varthur Road,0.0,0.0,46,1,1,0,0.06644563879151462,0
West Zone 2,Tumkur Road,5.0,12.0,46,1,1,0,0.10074437643896911,0
West Zone 1,Non-corridor,4.0,0.0,46,1,0,0,0.1594039965611532,0
West Zone 1,Non-corridor,3.0,4.0,46,1,1,0,0.09000736163299264,0
Central Zone 2,Non-corridor,6.0,4.0,46,1,1,0,0.29323048487809655,0
West Zone 1,Non-corridor,5.0,0.0,46,1,0,0,0.17854462736778967,0
West Zone 1,Non-corridor,4.0,12.0,46,1,0,0,0.14769135821022666,0
West Zone 1,ORR West 1,1.0,8.0,46,1,0,0,0.12194123939484375,0
North Zone 1,Hennur Main Road,3.0,8.0,46,1,1,0,0.06514473632028646,0
North Zone 1,Hennur Main Road,4.0,0.0,46,1,1,0,0.06514473632028646,0
North Zone 1,Hennur Main Road,4.0,4.0,46,1,0,0,0.1041441260350234,0
Central Zone 2,Non-corridor,2.0,4.0,46,2,0,0,0.3089921105348249,0
Central Zone 2,Non-corridor,4.0,0.0,46,1,0,0,0.3089921105348249,0
South Zone 2,ORR East 1,3.0,8.0,46,1,0,0,0.10451701019107994,0
South Zone 2,ORR East 1,4.0,0.0,46,2,2,0,0.06225257522466349,0
South Zone 2,ORR East 1,6.0,4.0,46,1,1,0,0.07208773633458924,0
West Zone 2,Tumkur Road,1.0,12.0,46,1,0,0,0.10961148532576377,0
North Zone 2,ORR North 2,6.0,4.0,46,2,1,0,0.06514473632028646,0
West Zone 2,Tumkur Road,3.0,8.0,46,1,1,0,0.10173740365894436,0
Central Zone 1,Non-corridor,4.0,4.0,46,1,0,0,0.14794635503029177,0
Central Zone 1,Non-corridor,3.0,8.0,46,1,1,0,0.17026119662592049,0
East Zone 1,ORR East 1,3.0,0.0,46,6,6,0,0.13209028061438938,0
South Zone 1,Non-corridor,6.0,8.0,46,1,1,0,0.2150706945296473,0
North Zone 2,Tumkur Road,2.0,12.0,46,1,1,0,0.10015828014664738,0
Central Zone 2,Non-corridor,0.0,12.0,46,1,0,0,0.2528115402354458,0
North Zone 2,ORR North 2,5.0,8.0,46,1,1,0,0.13209028061438938,0
East Zone 1,ORR East 2,3.0,0.0,46,1,1,0,0.08462834135284489,0
North Zone 2,Bellary Road 2,0.0,8.0,46,2,0,0,0.07694057932986197,0
North Zone 2,Bellary Road 1,6.0,8.0,46,2,1,0,0.09555835119960719,0
Central Zone 2,Mysore Road,2.0,4.0,46,2,2,0,0.21893309355709498,0
South Zone 2,Non-corridor,4.0,0.0,46,1,1,0,0.10515165261140891,0
Central Zone 2,Bellary Road 1,5.0,0.0,46,1,1,0,0.25724831048225133,0
Central Zone 2,Bellary Road 1,5.0,8.0,46,1,0,0,0.21260985937570262,0
North Zone 2,Bellary Road 2,6.0,0.0,46,1,1,0,0.07694057932986197,0
South Zone 2,Hosur Road,2.0,4.0,46,1,1,1,0.2181669586347845,0
West Zone 1,Non-corridor,3.0,8.0,46,1,1,0,0.1594039965611532,0
West Zone 1,Non-corridor,3.0,12.0,46,2,1,0,0.18755262801293202,0
North Zone 1,Non-corridor,1.0,0.0,46,1,1,0,0.0757659824949785,0
North Zone 1,Non-corridor,1.0,8.0,46,1,1,0,0.18723620477857586,0
West Zone 1,Non-corridor,6.0,8.0,46,1,1,0,0.1375117634722059,0
Central Zone 2,CBD 2,1.0,0.0,46,1,1,0,0.06631821673168829,0
Central Zone 1,Mysore Road,4.0,4.0,46,1,0,0,0.06631821673168829,0
East Zone 1,ORR East 2,1.0,0.0,46,1,1,0,0.08808936130332297,0
Central Zone 2,Mysore Road,2.0,0.0,46,1,0,0,0.25724831048225133,0
Central Zone 2,Non-corridor,3.0,12.0,46,3,3,1,0.3089921105348249,0
South Zone 1,Non-corridor,1.0,4.0,46,2,0,0,0.0806267359361896,0
South Zone 2,IRR(Thanisandra road),4.0,4.0,46,1,1,0,0.09156330583704461,0
South Zone 2,IRR(Thanisandra road),1.0,8.0,46,1,0,0,0.10936587025926892,0
Central Zone 1,Mysore Road,3.0,8.0,46,1,1,0,0.10604871647534815,0
North Zone 2,Tumkur Road,3.0,4.0,46,2,2,0,0.17183112037745185,0
South Zone 2,Non-corridor,5.0,8.0,47,2,2,0,0.1900287625519481,0
South Zone 2,ORR East 1,6.0,4.0,47,1,1,0,0.2150706945296473,0
Central Zone 1,Mysore Road,0.0,8.0,47,1,1,0,0.0664692984551503,0
East Zone 1,ORR East 1,5.0,4.0,47,1,1,0,0.10243093729850639,0
North Zone 2,Bellary Road 1,3.0,12.0,47,2,2,0,0.15144129900277967,0
West Zone 2,West of Chord Road,5.0,0.0,47,1,0,0,0.09673758765491887,0
Central Zone 2,Mysore Road,1.0,8.0,47,1,1,0,0.23765032123651444,0
East Zone 1,ORR East 2,2.0,0.0,47,1,1,0,0.11151626741552735,0
West Zone 2,West of Chord Road,2.0,0.0,47,1,0,0,0.1309768740765618,0
Central Zone 1,Non-corridor,1.0,0.0,47,1,0,0,0.06631821673168829,0
South Zone 1,Bannerghata Road,5.0,0.0,47,1,0,0,0.08523175367059217,0
Central Zone 2,Non-corridor,0.0,4.0,47,1,1,0,0.3089921105348249,0
West Zone 2,West of Chord Road,5.0,4.0,47,1,1,0,0.13311150757706142,0
East Zone 1,ORR East 1,2.0,8.0,47,1,1,0,0.10098915616416972,0
East Zone 1,Varthur Road,3.0,0.0,47,4,3,0,0.09018923250273486,0
West Zone 2,Tumkur Road,1.0,4.0,47,1,0,0,0.0757659824949785,0
West Zone 2,Tumkur Road,0.0,0.0,47,1,0,0,0.12185188050454607,0
East Zone 1,Old Airport Road,3.0,0.0,47,1,0,0,0.06619808266880356,0
Central Zone 1,Non-corridor,4.0,12.0,47,1,0,0,0.0664692984551503,0
North Zone 2,Bellary Road 1,5.0,12.0,47,1,0,1,0.15308755372407698,0
Central Zone 2,Mysore Road,2.0,0.0,47,1,0,0,0.18110675347435407,0
North Zone 2,Bellary Road 1,2.0,0.0,47,2,2,0,0.14150817186770462,0
North Zone 2,Bellary Road 1,2.0,12.0,47,1,0,0,0.10750890107655961,0
Central Zone 2,Mysore Road,1.0,4.0,47,1,1,0,0.17411989411649256,0
West Zone 1,Magadi Road,2.0,4.0,47,1,0,0,0.1374614278551755,0
East Zone 1,Varthur Road,0.0,12.0,47,1,1,0,0.06659699009418656,0
West Zone 2,Tumkur Road,5.0,0.0,47,1,1,0,0.08841709967097008,0
West Zone 2,West of Chord Road,1.0,0.0,47,1,1,0,0.14049737171924745,0
West Zone 2,West of Chord Road,0.0,4.0,47,1,0,0,0.07289072105206057,0
Central Zone 2,Non-corridor,0.0,8.0,47,1,0,0,0.17026119662592049,0
Central Zone 2,Non-corridor,0.0,0.0,47,1,0,0,0.3089921105348249,0
South Zone 1,ORR West 1,1.0,0.0,47,1,0,0,0.1608726145401797,0
West Zone 2,Non-corridor,2.0,0.0,47,1,1,0,0.09156330583704461,0
East Zone 1,ORR East 1,2.0,0.0,47,1,1,0,0.2150706945296473,0
Central Zone 1,ORR North 1,2.0,0.0,47,1,1,0,0.06631821673168829,0
Central Zone 2,Non-corridor,3.0,12.0,47,3,3,0,0.3089921105348249,0
South Zone 2,Non-corridor,0.0,4.0,47,1,1,0,0.07545721845155268,0
South Zone 2,Non-corridor,2.0,12.0,47,1,1,0,0.10212846770072587,0
South Zone 2,Non-corridor,2.0,4.0,47,1,1,0,0.09156330583704461,0
West Zone 1,Magadi Road,2.0,12.0,47,1,1,0,0.09004213451447336,0
West Zone 1,Magadi Road,3.0,8.0,47,1,0,0,0.15153015428765512,0
North Zone 2,Bellary Road 1,3.0,8.0,47,2,0,0,0.08640233609410883,0
West Zone 1,Magadi Road,0.0,8.0,47,1,0,0,0.073101260966368,0
North Zone 2,ORR North 2,5.0,8.0,47,1,0,0,0.10113741084701754,0
Central Zone 2,Non-corridor,0.0,12.0,47,1,0,0,0.18110675347435407,0
South Zone 1,ORR West 1,0.0,4.0,47,1,1,0,0.09222215059622899,0
Central Zone 2,Mysore Road,6.0,8.0,47,2,2,0,0.1409244434403009,0
North Zone 2,ORR North 2,6.0,8.0,47,1,0,0,0.12161335598869308,0
West Zone 2,Mysore Road,5.0,8.0,47,1,0,0,0.11270638707906891,0
West Zone 2,Mysore Road,4.0,4.0,47,1,1,0,0.10540664178006254,0
Central Zone 1,Old Airport Road,2.0,8.0,47,1,1,0,0.07702162614836586,0
Central Zone 1,Old Airport Road,2.0,0.0,47,1,0,0,0.06631821673168829,0
North Zone 1,ORR North 1,1.0,12.0,47,1,1,0,0.14402191111732762,0
North Zone 2,Bellary Road 1,2.0,8.0,47,1,0,0,0.17854462736778967,0
Central Zone 2,Non-corridor,5.0,0.0,47,2,2,0,0.3089921105348249,0
Central Zone 1,Old Airport Road,1.0,4.0,47,1,0,0,0.07684853390879255,0
East Zone 1,Varthur Road,5.0,8.0,47,1,0,0,0.2151049307410643,0
Central Zone 2,Non-corridor,1.0,0.0,47,1,0,1,0.3089921105348249,0
East Zone 2,Non-corridor,0.0,4.0,47,1,0,0,0.07104522116248964,0
East Zone 2,Non-corridor,0.0,8.0,47,1,1,0,0.06659699009418656,0
East Zone 2,Non-corridor,2.0,4.0,47,1,1,0,0.16245358725620138,0
West Zone 2,Mysore Road,0.0,4.0,47,1,0,0,0.0806267359361896,0
Central Zone 2,Non-corridor,1.0,4.0,47,1,1,1,0.3089921105348249,0
North Zone 2,Bellary Road 2,1.0,0.0,47,1,1,0,0.07309806484108644,0
North Zone 2,Bellary Road 2,0.0,16.0,47,1,1,0,0.07052472743109786,0
Central Zone 2,Non-corridor,6.0,0.0,47,1,1,0,0.3089921105348249,0
North Zone 1,ORR North 2,0.0,0.0,47,1,1,0,0.07545721845155268,0
Central Zone 2,Non-corridor,5.0,8.0,47,1,1,1,0.29323048487809655,0
North Zone 1,ORR North 1,6.0,4.0,47,1,0,0,0.08638474073869223,0
North Zone 1,ORR North 1,2.0,0.0,47,2,1,1,0.07799125086700691,0
West Zone 1,Non-corridor,1.0,4.0,47,1,1,0,0.09210425493145459,0
West Zone 1,Non-corridor,0.0,4.0,47,1,0,0,0.0717235919868498,0
West Zone 1,Mysore Road,1.0,8.0,47,1,0,0,0.14972307887314928,0
North Zone 2,Bellary Road 2,1.0,8.0,47,1,0,0,0.1767824128769805,0
North Zone 1,Non-corridor,2.0,12.0,47,1,1,0,0.07622748766521961,0
Central Zone 2,Magadi Road,2.0,12.0,47,1,0,0,0.25724831048225133,0
Central Zone 2,Non-corridor,3.0,8.0,47,1,1,0,0.29323048487809655,0
North Zone 2,ORR North 2,4.0,0.0,47,1,1,0,0.0720593480853939,0
North Zone 2,ORR North 2,3.0,16.0,47,1,1,0,0.06081929242362189,0
Central Zone 2,Mysore Road,6.0,4.0,47,1,1,0,0.21893309355709498,0
East Zone 2,Non-corridor,1.0,0.0,47,3,1,0,0.11845301460165655,0
West Zone 2,Mysore Road,1.0,12.0,47,1,1,0,0.10296656230935422,0
West Zone 1,Non-corridor,2.0,4.0,47,1,0,0,0.08732849372930347,0
North Zone 1,Non-corridor,3.0,4.0,47,1,0,0,0.08640233609410883,0
Central Zone 2,Mysore Road,2.0,8.0,47,2,0,0,0.25724831048225133,0
Central Zone 2,Non-corridor,3.0,0.0,47,2,2,1,0.3089921105348249,0
North Zone 2,Bellary Road 2,2.0,8.0,47,1,1,0,0.2150706945296473,0
North Zone 2,Bellary Road 2,2.0,4.0,47,2,2,0,0.08462834135284489,0
Central Zone 2,CBD 2,4.0,4.0,47,1,0,0,0.06631821673168829,0
West Zone 1,Mysore Road,1.0,0.0,47,1,1,0,0.14155974612234737,0
West Zone 2,Mysore Road,3.0,8.0,47,1,0,0,0.05810956896801112,0
North Zone 2,ORR North 2,2.0,4.0,47,1,0,0,0.1794342388264833,0
Central Zone 2,Non-corridor,1.0,8.0,47,1,0,1,0.29323048487809655,0
North Zone 2,ORR North 2,3.0,0.0,47,1,1,1,0.16266769722197888,0
North Zone 2,ORR North 2,2.0,16.0,47,2,2,0,0.12168890597436474,0
East Zone 2,Non-corridor,1.0,12.0,47,1,1,0,0.0668721212323094,0
West Zone 2,Bellary Road 1,3.0,12.0,47,2,1,1,0.13983395274266786,0
West Zone 1,Non-corridor,3.0,4.0,47,1,1,0,0.18380177280495397,0
West Zone 1,Non-corridor,2.0,12.0,47,1,0,0,0.12934530501071229,0
Central Zone 2,Non-corridor,2.0,12.0,47,1,1,0,0.3089921105348249,0
South Zone 2,Hosur Road,4.0,8.0,47,1,1,0,0.08462834135284489,0
North Zone 1,Non-corridor,2.0,4.0,47,1,1,0,0.09156330583704461,0
West Zone 1,Non-corridor,0.0,0.0,47,3,1,0,0.11023107203929387,0
Central Zone 2,CBD 2,3.0,4.0,47,1,0,0,0.06631821673168829,0
West Zone 2,Bellary Road 1,2.0,16.0,47,1,1,0,0.08578599872061347,0
West Zone 2,Bellary Road 1,5.0,8.0,47,1,1,0,0.06220236200954465,0
Central Zone 2,Non-corridor,1.0,12.0,47,1,0,0,0.3089921105348249,0
North Zone 2,ORR North 2,1.0,4.0,47,1,0,0,0.08801404894909946,0
West Zone 2,Magadi Road,1.0,12.0,47,1,0,0,0.10451701019107994,0
West Zone 2,Bellary Road 1,6.0,8.0,47,1,1,0,0.07128292663869183,0
West Zone 2,Bellary Road 1,1.0,0.0,47,1,0,0,0.08379072542683033,0
West Zone 2,Bellary Road 1,0.0,4.0,47,1,0,0,0.07997395031231466,0
South Zone 2,Hosur Road,5.0,0.0,47,1,1,0,0.0653822143651581,0
North Zone 2,Bellary Road 2,3.0,4.0,47,1,1,0,0.07147219893934448,0
South Zone 2,Hosur Road,3.0,4.0,47,1,0,0,0.1767824128769805,0
Central Zone 2,Mysore Road,3.0,4.0,47,1,1,0,0.16296874606609188,0
Central Zone 2,Non-corridor,6.0,8.0,47,1,0,0,0.3089921105348249,0
West Zone 1,Non-corridor,1.0,8.0,47,3,3,0,0.10296656230935422,0
West Zone 1,Non-corridor,5.0,0.0,47,1,1,0,0.15934712791013572,0
Central Zone 2,Non-corridor,6.0,4.0,47,2,1,0,0.3089921105348249,0
South Zone 2,Bannerghata Road,1.0,0.0,47,1,1,0,0.19027095956678416,0
North Zone 2,Non-corridor,6.0,12.0,47,1,1,0,0.16245358725620138,0
Central Zone 2,Non-corridor,1.0,16.0,47,1,1,0,0.16596318846791314,0
West Zone 1,Tumkur Road,5.0,12.0,47,1,0,0,0.10519600603812962,0
East Zone 2,Non-corridor,2.0,16.0,47,1,0,0,0.07120625036420067,0
East Zone 2,Non-corridor,4.0,0.0,47,2,1,0,0.10875197680908798,0
North Zone 1,Hennur Main Road,1.0,0.0,47,2,1,0,0.06666327139335675,0
North Zone 1,Hennur Main Road,2.0,0.0,47,2,0,0,0.15308755372407698,0
South Zone 2,Hosur Road,2.0,12.0,47,3,3,0,0.0720593480853939,0
West Zone 1,Non-corridor,3.0,12.0,47,1,1,0,0.1811265601957929,0
West Zone 1,Non-corridor,3.0,8.0,47,1,0,0,0.20712086643532737,0
West Zone 1,Non-corridor,5.0,4.0,47,1,1,0,0.18380177280495397,0
East Zone 1,Non-corridor,0.0,8.0,47,1,1,0,0.06659699009418656,0
East Zone 1,Non-corridor,0.0,4.0,47,1,0,0,0.0794237813372694,0
West Zone 1,Tumkur Road,1.0,4.0,47,1,0,0,0.18193109297123075,0
North Zone 2,Bellary Road 2,5.0,0.0,47,1,1,0,0.187453607665709,0
North Zone 1,Hennur Main Road,5.0,8.0,47,1,0,0,0.21111617360174778,0
West Zone 1,Non-corridor,6.0,4.0,47,3,2,0,0.19772926166234442,0
West Zone 1,Non-corridor,5.0,12.0,47,1,1,0,0.07208773633458924,0
West Zone 1,Non-corridor,6.0,12.0,47,1,0,0,0.19768363910121228,0
Central Zone 2,Bellary Road 1,4.0,8.0,47,1,0,0,0.20075407489600341,0
North Zone 2,Non-corridor,2.0,12.0,47,1,0,0,0.16266769722197888,0
Central Zone 2,Mysore Road,5.0,4.0,47,1,0,1,0.2428255730698057,0
West Zone 2,Bellary Road 1,2.0,4.0,47,1,1,0,0.06666327139335675,0
West Zone 1,Tumkur Road,6.0,8.0,47,1,0,0,0.10519600603812962,0
Central Zone 1,Old Madras Road,2.0,0.0,47,1,1,0,0.14794635503029177,0
North Zone 2,Non-corridor,1.0,0.0,47,1,1,0,0.0757659824949785,0
South Zone 2,Bannerghata Road,2.0,8.0,47,1,1,0,0.06225257522466349,0
North Zone 1,Bellary Road 2,3.0,4.0,47,1,1,0,0.07006152592489548,0
Central Zone 2,Bellary Road 1,0.0,0.0,47,1,0,0,0.06631821673168829,0
North Zone 2,Bellary Road 2,5.0,8.0,47,1,0,0,0.21111617360174778,0
North Zone 2,Bellary Road 2,6.0,0.0,47,1,0,0,0.11712310981142024,0
North Zone 1,Bellary Road 2,5.0,8.0,47,1,0,0,0.10808888503710795,0
East Zone 1,Non-corridor,0.0,0.0,47,1,0,0,0.0794237813372694,0
Central Zone 2,Non-corridor,6.0,16.0,47,3,0,0,0.12640694880757777,0
West Zone 1,Tumkur Road,0.0,4.0,47,1,1,0,0.1665246838643851,0
Central Zone 2,Bellary Road 1,1.0,4.0,47,2,2,0,0.06631821673168829,0
Central Zone 2,Mysore Road,4.0,12.0,47,1,0,0,0.21893309355709498,0
North Zone 2,Non-corridor,3.0,4.0,47,1,1,0,0.187453607665709,0
Central Zone 1,Old Madras Road,1.0,8.0,47,1,0,0,0.21845770611504892,0
Central Zone 1,Old Madras Road,1.0,4.0,47,1,1,0,0.12164295971962188,0
Central Zone 1,Old Madras Road,1.0,0.0,47,1,1,0,0.3089921105348249,0
East Zone 2,ORR North 1,1.0,0.0,47,1,1,0,0.06672018934933449,0
East Zone 2,Non-corridor,5.0,0.0,47,1,0,0,0.1794342388264833,0
East Zone 2,ORR East 2,2.0,4.0,47,1,1,0,0.06619808266880356,0
Central Zone 1,Old Madras Road,3.0,0.0,47,2,2,0,0.14142308672870432,0
North Zone 2,Bellary Road 2,5.0,12.0,47,1,1,0,0.1693060011467854,0
South Zone 2,Hosur Road,0.0,16.0,47,1,1,0,0.09762621655497554,0
South Zone 2,Hosur Road,1.0,16.0,47,1,1,0,0.10404042449244012,0
South Zone 2,Hosur Road,1.0,4.0,47,1,1,0,0.06084354292251394,0
Central Zone 2,Non-corridor,2.0,4.0,47,1,1,0,0.3089921105348249,0
West Zone 1,Tumkur Road,1.0,0.0,47,1,1,0,0.1608726145401797,0
North Zone 2,Non-corridor,0.0,4.0,47,1,0,0,0.0717235919868498,0
North Zone 2,Bellary Road 2,6.0,12.0,47,2,2,0,0.12041292129491227,0
North Zone 2,Non-corridor,1.0,12.0,47,1,0,0,0.12685252700621047,0
West Zone 1,Tumkur Road,3.0,0.0,47,1,0,0,0.18193109297123075,0
West Zone 1,Tumkur Road,3.0,16.0,47,1,1,0,0.11712244992810787,0
East Zone 2,ORR East 2,5.0,0.0,47,1,1,0,0.07762876747065586,0
West Zone 1,Tumkur Road,4.0,0.0,47,1,1,0,0.19768363910121228,0
North Zone 2,Bellary Road 2,6.0,8.0,47,1,1,0,0.18723620477857586,0
North Zone 2,Bellary Road 2,6.0,4.0,47,1,0,0,0.21111617360174778,0
East Zone 2,ORR North 1,3.0,0.0,47,2,2,0,0.07762876747065586,0
North Zone 1,Bellary Road 2,0.0,4.0,47,1,1,0,0.06666327139335675,0
North Zone 1,Bellary Road 2,0.0,0.0,47,1,0,0,0.0715418622083435,0
North Zone 1,Bellary Road 1,5.0,4.0,47,1,1,0,0.07309806484108644,0
North Zone 1,Bellary Road 1,4.0,8.0,47,2,2,0,0.16136320635085497,0
Central Zone 2,Non-corridor,2.0,0.0,47,2,1,1,0.3089921105348249,0
Central Zone 1,Old Madras Road,2.0,8.0,47,1,0,0,0.14794635503029177,0
Central Zone 1,Old Madras Road,6.0,0.0,47,1,1,0,0.3089921105348249,0
North Zone 1,Bellary Road 1,0.0,0.0,47,1,1,0,0.0715418622083435,0
West Zone 1,Tumkur Road,2.0,8.0,47,2,1,0,0.11571818904627533,0
East Zone 1,ORR East 2,1.0,0.0,47,1,1,0,0.07309806484108644,0
South Zone 2,ORR East 1,3.0,0.0,47,2,2,0,0.0717235919868498,0
South Zone 2,ORR East 1,1.0,12.0,47,1,0,0,0.10296656230935422,0
West Zone 2,West of Chord Road,1.0,8.0,47,1,0,0,0.12157276816586034,0
West Zone 2,West of Chord Road,2.0,12.0,47,1,1,0,0.07785974143317406,0
East Zone 1,ORR East 2,3.0,0.0,47,1,1,0,0.08462834135284489,0
East Zone 1,ORR East 2,3.0,4.0,47,1,1,0,0.187453607665709,0
East Zone 1,ORR East 1,3.0,0.0,47,1,0,0,0.08829753428215201,0
Central Zone 1,Non-corridor,2.0,12.0,47,1,0,0,0.0664692984551503,0
South Zone 1,Non-corridor,6.0,4.0,47,1,1,0,0.15227567682451798,0
Central Zone 1,Mysore Road,5.0,0.0,47,1,0,0,0.06631821673168829,0
North Zone 2,Bellary Road 1,5.0,4.0,47,2,1,0,0.14496088350870537,0
Central Zone 2,Non-corridor,4.0,4.0,47,1,1,0,0.3089921105348249,0
Central Zone 1,Mysore Road,1.0,8.0,47,1,0,0,0.07702162614836586,0
Central Zone 1,Mysore Road,2.0,4.0,47,1,0,0,0.06631821673168829,0
West Zone 2,West of Chord Road,4.0,0.0,47,1,0,0,0.08841709967097008,0
Central Zone 1,IRR(Thanisandra road),0.0,4.0,47,1,0,0,0.06631821673168829,0
East Zone 1,ORR East 1,5.0,0.0,48,1,0,0,0.08640233609410883,0
South Zone 1,Non-corridor,6.0,0.0,48,1,0,0,0.24118463068337398,0
South Zone 1,Non-corridor,1.0,0.0,48,1,1,0,0.17183112037745185,0
South Zone 1,Non-corridor,1.0,8.0,48,2,1,0,0.10451701019107994,0
East Zone 1,ORR East 2,4.0,0.0,48,1,1,0,0.11151626741552735,0
East Zone 1,ORR East 2,2.0,0.0,48,1,1,0,0.11151626741552735,0
East Zone 1,ORR East 2,3.0,0.0,48,1,1,0,0.08462834135284489,0
West Zone 2,West of Chord Road,2.0,4.0,48,1,0,0,0.0698401281475721,0
West Zone 2,West of Chord Road,1.0,4.0,48,1,1,0,0.08801404894909946,0
South Zone 2,ORR East 1,1.0,4.0,48,1,0,0,0.09002576398716737,0
South Zone 2,ORR East 1,2.0,0.0,48,1,0,0,0.11357069158311602,0
South Zone 2,Non-corridor,3.0,4.0,48,1,1,0,0.08801404894909946,0
South Zone 2,Non-corridor,4.0,0.0,48,1,1,0,0.18747566640954494,0
Central Zone 2,Non-corridor,4.0,0.0,48,1,1,0,0.3089921105348249,0
Central Zone 2,Non-corridor,4.0,4.0,48,2,1,0,0.3089921105348249,0
East Zone 1,Non-corridor,2.0,4.0,48,1,0,0,0.2192882163436006,0
North Zone 1,Airport New South Road,5.0,4.0,48,1,0,0,0.07721750606902288,0
North Zone 1,Bellary Road 1,0.0,8.0,48,1,1,0,0.07061714927553583,0
North Zone 1,Bellary Road 1,1.0,0.0,48,2,1,0,0.1041441260350234,0
East Zone 2,Non-corridor,6.0,12.0,48,1,1,0,0.08097753425877749,0
Central Zone 1,Old Madras Road,3.0,4.0,48,2,1,0,0.21845770611504892,0
Central Zone 2,Mysore Road,4.0,8.0,48,2,1,0,0.14794635503029177,0
North Zone 2,Non-corridor,0.0,8.0,48,2,1,0,0.09762621655497554,0
Central Zone 2,Non-corridor,2.0,0.0,48,3,3,0,0.3089921105348249,0
East Zone 1,Non-corridor,4.0,0.0,48,2,1,0,0.14769135821022666,0
West Zone 1,Tumkur Road,4.0,8.0,48,2,0,0,0.23353940406623314,0
North Zone 2,Bellary Road 2,5.0,12.0,48,1,1,0,0.06225257522466349,0
North Zone 1,Bellary Road 1,4.0,4.0,48,1,1,0,0.07309806484108644,0
North Zone 1,Airport New South Road,6.0,0.0,48,1,1,0,0.07694057932986197,0
West Zone 1,Tumkur Road,3.0,4.0,48,1,1,0,0.20802631264220217,0
Central Zone 1,Old Madras Road,5.0,0.0,48,1,1,1,0.14075900849679568,0
North Zone 1,Airport New South Road,2.0,0.0,48,1,1,0,0.07006152592489548,0
South Zone 2,Hosur Road,1.0,0.0,48,2,2,0,0.1514958546434293,0
Central Zone 2,Mysore Road,4.0,4.0,48,1,1,0,0.21893309355709498,0
North Zone 2,Bellary Road 2,6.0,8.0,48,1,1,0,0.2150706945296473,0
East Zone 2,Old Airport Road,1.0,0.0,48,1,1,0,0.06672018934933449,0
East Zone 1,Non-corridor,3.0,0.0,48,3,1,0,0.13209028061438938,0
East Zone 1,Non-corridor,3.0,8.0,48,1,1,0,0.17183112037745185,0
East Zone 1,Non-corridor,4.0,4.0,48,1,0,0,0.08462834135284489,0
East Zone 1,Non-corridor,5.0,4.0,48,1,1,0,0.06514473632028646,0
South Zone 2,Bannerghata Road,4.0,0.0,48,1,1,0,0.06514473632028646,0
North Zone 2,Non-corridor,1.0,8.0,48,1,1,0,0.0720593480853939,0
North Zone 2,Non-corridor,1.0,12.0,48,1,0,0,0.1626853422823481,0
North Zone 2,Non-corridor,2.0,0.0,48,1,1,0,0.08801404894909946,0
North Zone 1,Bellary Road 1,3.0,0.0,48,1,1,0,0.08462834135284489,0
East Zone 1,Non-corridor,0.0,16.0,48,2,2,0,0.06659699009418656,0
East Zone 1,Non-corridor,1.0,0.0,48,1,1,0,0.15227567682451798,0
West Zone 1,Tumkur Road,1.0,8.0,48,1,1,0,0.06514473632028646,0
West Zone 1,Tumkur Road,1.0,12.0,48,2,1,0,0.1608726145401797,0
West Zone 1,Tumkur Road,2.0,0.0,48,1,0,0,0.18193109297123075,0
Central Zone 1,Old Madras Road,6.0,4.0,48,1,0,0,0.11371356604437911,0
East Zone 1,Non-corridor,1.0,8.0,48,1,1,0,0.2150706945296473,0
Central Zone 2,Non-corridor,2.0,4.0,48,2,2,1,0.23095151937498565,0
South Zone 2,Hosur Road,1.0,8.0,48,1,1,0,0.06514473632028646,0
East Zone 2,ORR East 2,2.0,4.0,48,2,2,0,0.06635828669413309,0
East Zone 2,Non-corridor,4.0,8.0,48,1,0,0,0.18723620477857586,0
East Zone 2,Non-corridor,5.0,0.0,48,1,0,0,0.0721055852734694,0
West Zone 1,Tumkur Road,5.0,12.0,48,1,0,0,0.08829753428215201,0
West Zone 1,West of Chord Road,0.0,4.0,48,1,0,0,0.10029571206992748,0
Central Zone 1,Old Madras Road,1.0,8.0,48,1,1,0,0.17026119662592049,0
Central Zone 2,Mysore Road,4.0,12.0,48,2,1,0,0.21893309355709498,0
East Zone 1,Non-corridor,0.0,8.0,48,1,0,0,0.06634891015911633,0
Central Zone 2,Old Madras Road,1.0,0.0,48,1,1,0,0.06631821673168829,0
Central Zone 2,Mysore Road,4.0,0.0,48,1,1,0,0.23095151937498565,0
North Zone 2,Bellary Road 2,5.0,8.0,48,3,2,0,0.19104074206355648,0
Central Zone 2,Bellary Road 1,0.0,4.0,48,1,1,0,0.06631821673168829,0
West Zone 1,Tumkur Road,1.0,4.0,48,1,0,0,0.16587488535650324,0
North Zone 1,Bellary Road 2,4.0,0.0,48,1,0,0,0.16573799898032157,0
Central Zone 2,Non-corridor,1.0,20.0,48,1,1,0,0.19264903809939785,0
North Zone 2,Non-corridor,1.0,0.0,48,1,0,0,0.09002576398716737,0
Central Zone 1,Old Madras Road,1.0,12.0,48,2,2,0,0.12019093567138536,0
East Zone 2,Non-corridor,5.0,4.0,48,1,1,0,0.16241554027531996,0
East Zone 2,Non-corridor,3.0,0.0,48,1,0,0,0.187453607665709,0
West Zone 1,Tumkur Road,6.0,8.0,48,1,1,0,0.0653822143651581,0
West Zone 2,Bellary Road 1,2.0,0.0,48,2,1,0,0.08379072542683033,0
Central Zone 2,Mysore Road,5.0,0.0,48,1,1,1,0.19264903809939785,0
North Zone 2,Non-corridor,5.0,4.0,48,1,0,0,0.13209028061438938,0
Central Zone 2,Bellary Road 1,1.0,0.0,48,1,0,0,0.07684853390879255,0
West Zone 1,Non-corridor,6.0,4.0,48,2,1,0,0.2016477940574371,0
Central Zone 2,Mysore Road,3.0,4.0,48,2,2,0,0.1878123293167715,0
Central Zone 2,Mysore Road,3.0,8.0,48,1,1,0,0.23765032123651444,0
Central Zone 2,Non-corridor,2.0,8.0,48,2,2,0,0.29323048487809655,0
North Zone 1,Bellary Road 2,6.0,0.0,48,1,1,0,0.18747566640954494,0
West Zone 1,Tumkur Road,1.0,0.0,48,1,0,0,0.1608726145401797,0
South Zone 2,Hosur Road,5.0,0.0,48,1,1,0,0.08462834135284489,0
North Zone 1,Non-corridor,1.0,8.0,48,1,1,0,0.2150706945296473,0
West Zone 1,Non-corridor,4.0,12.0,48,1,0,0,0.09000736163299264,0
West Zone 1,Non-corridor,5.0,4.0,48,1,1,0,0.18380177280495397,0
North Zone 2,Bellary Road 2,4.0,4.0,48,1,1,0,0.06514473632028646,0
South Zone 2,Hosur Road,3.0,4.0,48,1,1,0,0.0720593480853939,0
South Zone 2,Hosur Road,2.0,12.0,48,1,0,0,0.1767824128769805,0
North Zone 2,Bellary Road 2,4.0,8.0,48,1,0,0,0.20802631264220217,0
North Zone 2,Bellary Road 2,4.0,12.0,48,1,1,0,0.187453607665709,0
North Zone 2,Bellary Road 2,3.0,8.0,48,1,1,0,0.187453607665709,0
North Zone 2,Non-corridor,2.0,12.0,48,2,2,0,0.09000736163299264,0
West Zone 1,Tumkur Road,6.0,0.0,48,2,0,0,0.1794342388264833,0
East Zone 2,Non-corridor,4.0,4.0,48,1,1,0,0.1872799790342648,0
West Zone 1,Tumkur Road,6.0,4.0,48,1,1,0,0.1758106089198669,0
East Zone 2,Non-corridor,1.0,20.0,48,1,1,0,0.0668721212323094,0
East Zone 2,Non-corridor,2.0,0.0,48,3,2,0,0.10612218859205148,0
North Zone 2,ORR North 2,0.0,12.0,48,1,1,0,0.08267792393048738,0
North Zone 2,Non-corridor,4.0,0.0,48,1,0,0,0.24118463068337398,0
North Zone 2,Non-corridor,4.0,8.0,48,2,0,0,0.2150706945296473,0
North Zone 2,Non-corridor,4.0,12.0,48,1,0,0,0.24118463068337398,0
West Zone 1,Non-corridor,3.0,4.0,48,2,2,0,0.18380177280495397,0
Central Zone 2,Non-corridor,6.0,4.0,48,1,1,0,0.29323048487809655,0
West Zone 1,Non-corridor,1.0,8.0,48,4,2,1,0.1794342388264833,0
West Zone 1,Non-corridor,1.0,12.0,48,1,1,0,0.15934712791013572,0
Central Zone 2,Non-corridor,6.0,8.0,48,2,2,0,0.3089921105348249,0
Central Zone 2,Mysore Road,3.0,0.0,48,1,0,0,0.25724831048225133,0
North Zone 2,Bellary Road 2,3.0,12.0,48,1,1,0,0.14150817186770462,0
North Zone 2,Bellary Road 2,4.0,0.0,48,3,3,0,0.2150706945296473,0
West Zone 1,West of Chord Road,5.0,8.0,48,1,1,0,0.10074437643896911,0
West Zone 2,Bellary Road 1,0.0,8.0,48,1,0,0,0.07061714927553583,0
Central Zone 1,Old Airport Road,5.0,0.0,48,1,1,0,0.12105866654691883,0
West Zone 2,Bellary Road 1,1.0,12.0,48,2,1,0,0.08049701358069236,0
East Zone 2,Non-corridor,2.0,20.0,48,1,1,0,0.08097753425877749,0
West Zone 2,Bellary Road 1,6.0,0.0,48,1,1,0,0.10540664178006254,0
West Zone 2,Bellary Road 1,5.0,12.0,48,1,1,0,0.08462831072901454,0
West Zone 2,Bellary Road 1,3.0,0.0,48,2,1,0,0.14716506239749227,0
Central Zone 2,CBD 2,3.0,0.0,48,1,1,0,0.06631821673168829,0
Central Zone 2,CBD 2,4.0,0.0,48,1,0,0,0.1533394786047357,0
Central Zone 2,CBD 2,1.0,4.0,48,1,0,0,0.07684853390879255,0
North Zone 1,Non-corridor,6.0,4.0,48,1,0,0,0.2198162916056171,0
North Zone 1,Non-corridor,1.0,4.0,48,1,1,0,0.0757659824949785,0
South Zone 2,Hosur Road,4.0,8.0,48,1,0,0,0.12161335598869308,0
Central Zone 2,Non-corridor,2.0,16.0,48,1,1,0,0.16277405135288686,0
West Zone 1,Non-corridor,2.0,12.0,48,1,0,0,0.20712086643532737,0
West Zone 1,Non-corridor,3.0,0.0,48,1,0,0,0.20712086643532737,0
West Zone 2,Bellary Road 1,4.0,0.0,48,1,1,0,0.14049737171924745,0
Central Zone 1,Old Airport Road,3.0,8.0,48,1,1,0,0.0664692984551503,0
East Zone 2,Non-corridor,3.0,4.0,48,1,1,0,0.16266769722197888,0
East Zone 2,Non-corridor,3.0,8.0,48,1,1,0,0.16241554027531996,0
East Zone 2,Non-corridor,1.0,8.0,48,3,3,0,0.18106361112436253,0
East Zone 2,Non-corridor,0.0,8.0,48,1,0,0,0.07960217385271147,0
Central Zone 2,Non-corridor,1.0,4.0,48,3,3,0,0.12640694880757777,0
Central Zone 2,Non-corridor,1.0,8.0,48,10,8,0,0.3089921105348249,0
West Zone 2,Mysore Road,3.0,12.0,48,1,1,0,0.10404042449244012,0
West Zone 1,Mysore Road,3.0,8.0,48,1,0,0,0.12354351404728665,0
West Zone 1,Mysore Road,0.0,8.0,48,1,1,0,0.10255925008247192,0
West Zone 1,Mysore Road,1.0,0.0,48,2,1,0,0.073101260966368,0
Central Zone 2,CBD 2,6.0,4.0,48,1,1,0,0.07684853390879255,0
Central Zone 2,Magadi Road,0.0,12.0,48,2,1,0,0.0664692984551503,0
West Zone 1,Non-corridor,4.0,0.0,48,2,1,0,0.20712086643532737,0
South Zone 2,Hosur Road,4.0,12.0,48,1,1,0,0.17493513291056242,0
Central Zone 2,Non-corridor,3.0,0.0,48,5,4,1,0.3089921105348249,0
West Zone 2,Mysore Road,4.0,0.0,48,1,1,0,0.10540664178006254,0
West Zone 2,Magadi Road,3.0,8.0,48,1,0,0,0.09673758765491887,0
West Zone 2,Magadi Road,3.0,12.0,48,1,1,0,0.10404042449244012,0
West Zone 2,Magadi Road,6.0,12.0,48,1,0,0,0.12354351404728665,0
West Zone 2,Bellary Road 1,5.0,0.0,48,1,1,0,0.09022932940569162,0
West Zone 2,Mysore Road,1.0,0.0,48,1,0,0,0.10029571206992748,0
West Zone 2,Non-corridor,0.0,4.0,48,1,1,0,0.07545721845155268,0
West Zone 2,Mysore Road,1.0,12.0,48,1,0,0,0.09762621655497554,0
Central Zone 2,Mysore Road,6.0,0.0,48,2,0,0,0.25724831048225133,0
North Zone 2,ORR North 2,4.0,0.0,48,2,1,0,0.2192882163436006,0
North Zone 2,ORR North 2,3.0,8.0,48,1,1,0,0.2150706945296473,0
Central Zone 2,Non-corridor,3.0,8.0,48,1,1,1,0.3089921105348249,0
North Zone 1,ORR North 1,1.0,4.0,48,1,1,0,0.06514473632028646,0
Central Zone 2,Magadi Road,2.0,12.0,48,1,1,0,0.15571138318367886,0
Central Zone 2,Mysore Road,0.0,0.0,48,1,1,0,0.21893309355709498,0
North Zone 1,ORR North 1,1.0,8.0,48,2,2,0,0.08829753428215201,0
South Zone 2,Hosur Road,5.0,8.0,48,1,1,0,0.07147219893934448,0
North Zone 2,Bellary Road 2,2.0,0.0,48,1,1,0,0.07721750606902288,0
Central Zone 2,Non-corridor,3.0,4.0,48,1,1,0,0.29323048487809655,0
Central Zone 2,CBD 2,5.0,0.0,48,1,1,0,0.2208235362718436,0
Central Zone 2,Mysore Road,0.0,4.0,48,3,2,0,0.25724831048225133,0
West Zone 1,Magadi Road,3.0,4.0,48,1,0,0,0.20712086643532737,0
Central Zone 2,Non-corridor,5.0,8.0,48,16,15,1,0.29323048487809655,0
Central Zone 2,Non-corridor,6.0,0.0,48,2,1,0,0.3089921105348249,0
West Zone 1,Mysore Road,1.0,12.0,48,1,1,0,0.10296656230935422,0
South Zone 2,IRR(Thanisandra road),3.0,8.0,48,1,1,0,0.07208773633458924,0
South Zone 2,IRR(Thanisandra road),3.0,12.0,48,1,1,0,0.12367633505276113,0
South Zone 2,Hosur Road,6.0,4.0,48,1,1,0,0.09000736163299264,0
South Zone 2,Hosur Road,6.0,12.0,48,2,1,0,0.10438735463936757,0
West Zone 2,Mysore Road,0.0,4.0,48,1,1,0,0.07545721845155268,0
East Zone 1,ORR East 1,1.0,0.0,48,1,0,0,0.17186909148541105,0
East Zone 2,Non-corridor,0.0,4.0,48,1,1,0,0.06644563879151462,0
West Zone 2,ORR West 1,1.0,0.0,48,1,0,0,0.0717235919868498,0
North Zone 2,ORR North 2,5.0,16.0,48,1,1,0,0.15308755372407698,0
Central Zone 2,Non-corridor,1.0,0.0,48,4,4,1,0.3089921105348249,0
East Zone 1,ORR East 1,1.0,8.0,48,1,0,0,0.24118463068337398,0
West Zone 2,Non-corridor,3.0,0.0,48,1,0,0,0.10927097633034114,0
North Zone 2,Bellary Road 1,1.0,8.0,48,2,1,1,0.13469220682648034,0
Central Zone 2,Non-corridor,5.0,0.0,48,2,2,0,0.3089921105348249,0
Central Zone 2,Mysore Road,0.0,8.0,48,2,1,0,0.21893309355709498,0
North Zone 2,Bellary Road 1,1.0,0.0,48,1,1,0,0.06225257522466349,0
North Zone 2,Bellary Road 1,0.0,0.0,48,1,1,0,0.14998588674392488,0
North Zone 2,Bellary Road 2,0.0,8.0,48,1,0,0,0.14769135821022666,0
North Zone 2,Bellary Road 1,6.0,8.0,48,1,0,0,0.062480214846964734,0
Central Zone 2,Mysore Road,2.0,4.0,48,2,0,0,0.25724831048225133,0
South Zone 2,Non-corridor,1.0,8.0,48,1,1,0,0.10296656230935422,0
North Zone 1,ORR North 1,3.0,4.0,48,2,1,0,0.12161335598869308,0
North Zone 1,ORR North 1,3.0,8.0,48,1,1,1,0.07721750606902288,0
Central Zone 2,Non-corridor,5.0,12.0,48,1,1,1,0.3089921105348249,0
North Zone 1,ORR North 1,2.0,8.0,48,1,1,0,0.09005352412870116,0
West Zone 2,Non-corridor,4.0,4.0,48,1,1,0,0.12291607228679084,0
West Zone 2,Mysore Road,6.0,0.0,48,1,0,0,0.09022932940569162,0
West Zone 2,Mysore Road,6.0,4.0,48,3,2,0,0.0967143212528258,0
South Zone 1,ORR West 1,3.0,4.0,48,1,1,0,0.084464074573407,0
Central Zone 2,Mysore Road,6.0,8.0,48,1,1,0,0.19889331578023017,0
West Zone 2,ORR West 1,2.0,8.0,48,3,1,0,0.09556776865072623,0
Central Zone 1,ORR East 1,4.0,4.0,48,1,0,0,0.07684853390879255,0
West Zone 1,Magadi Road,1.0,8.0,48,1,1,0,0.1811265601957929,0
West Zone 1,Magadi Road,0.0,4.0,48,1,0,0,0.1363618601959356,0
West Zone 1,Magadi Road,0.0,8.0,48,1,0,0,0.1614315781458452,0
Central Zone 2,Non-corridor,4.0,8.0,48,3,2,0,0.3089921105348249,0
Central Zone 2,Non-corridor,4.0,12.0,48,2,2,0,0.3089921105348249,0
Central Zone 2,Non-corridor,5.0,4.0,48,3,2,0,0.3089921105348249,0
Central Zone 2,Non-corridor,3.0,12.0,48,2,2,0,0.3089921105348249,0
North Zone 2,Bellary Road 1,6.0,4.0,48,1,0,0,0.2150706945296473,0
Central Zone 1,ORR North 1,3.0,0.0,48,1,0,0,0.06631821673168829,0
East Zone 1,ORR East 1,2.0,4.0,48,1,1,0,0.06514473632028646,0
West Zone 2,Non-corridor,2.0,8.0,48,1,0,0,0.2016477940574371,0
West Zone 2,Non-corridor,2.0,12.0,48,1,1,0,0.12367633505276113,0
West Zone 2,Tumkur Road,6.0,8.0,48,1,0,0,0.07302159970037699,0
West Zone 2,West of Chord Road,0.0,0.0,48,1,1,0,0.07545721845155268,0
West Zone 2,Tumkur Road,2.0,0.0,48,1,1,0,0.06220236200954465,0
East Zone 1,ORR East 2,5.0,0.0,48,2,2,0,0.11151626741552735,0
North Zone 2,Tumkur Road,3.0,8.0,48,1,1,0,0.10015828014664738,0
North Zone 2,Tumkur Road,6.0,8.0,48,2,2,0,0.09631117913268138,0
West Zone 2,West of Chord Road,0.0,4.0,48,1,0,0,0.10964364540033,0
Central Zone 1,Non-corridor,2.0,0.0,48,1,0,0,0.06631821673168829,0
West Zone 2,Tumkur Road,5.0,8.0,48,3,3,0,0.11712244992810787,0
North Zone 2,Bellary Road 1,2.0,0.0,48,1,0,0,0.19874719234514157,0
North Zone 2,Bellary Road 1,6.0,0.0,48,1,0,0,0.11712310981142024,0
North Zone 2,Bellary Road 1,5.0,8.0,48,2,1,0,0.06514473632028646,0
West Zone 2,ORR West 1,3.0,0.0,48,1,1,0,0.09210425493145459,0
South Zone 2,ORR East 1,0.0,4.0,48,1,0,0,0.11170904217466324,0
South Zone 1,Non-corridor,4.0,8.0,48,1,0,0,0.13209028061438938,0
Central Zone 2,Non-corridor,0.0,4.0,48,1,0,0,0.15746052697746388,0
East Zone 1,ORR East 2,1.0,0.0,48,1,1,0,0.07309806484108644,0
West Zone 1,Magadi Road,1.0,0.0,48,2,2,0,0.11344731844392808,0
Central Zone 2,Mysore Road,1.0,8.0,48,2,1,0,0.1326506909676262,0
North Zone 2,Bellary Road 1,4.0,0.0,48,5,5,0,0.187453607665709,0
South Zone 2,ORR East 1,3.0,0.0,48,2,2,0,0.06225257522466349,0
South Zone 1,Non-corridor,0.0,0.0,49,1,0,1,0.10029571206992748,0
Central Zone 1,Mysore Road,4.0,4.0,49,1,1,0,0.06631821673168829,0
West Zone 1,Magadi Road,0.0,8.0,49,1,1,0,0.20712086643532737,0
North Zone 2,Bellary Road 1,4.0,8.0,49,1,1,0,0.1811265601957929,0
Central Zone 1,Mysore Road,2.0,8.0,49,1,1,0,0.21893309355709498,0
East Zone 1,ORR East 2,2.0,0.0,49,1,1,0,0.11151626741552735,0
South Zone 1,Non-corridor,2.0,0.0,49,1,1,0,0.18741101576541672,0
South Zone 1,Non-corridor,3.0,8.0,49,1,1,0,0.16245358725620138,0
South Zone 1,ORR West 1,4.0,8.0,49,1,1,0,0.08462834135284489,0
West Zone 2,Mysore Road,5.0,0.0,49,1,0,0,0.0698401281475721,0
West Zone 2,Non-corridor,5.0,0.0,49,1,1,0,0.09156330583704461,0
North Zone 1,Airport New South Road,3.0,12.0,49,1,1,0,0.07052472743109786,0
South Zone 1,ORR West 1,4.0,0.0,49,1,1,0,0.07208773633458924,0
South Zone 2,Non-corridor,3.0,4.0,49,2,2,0,0.08801404894909946,0
South Zone 2,Non-corridor,3.0,0.0,49,1,0,0,0.0717235919868498,0
Central Zone 2,Non-corridor,2.0,4.0,49,3,3,0,0.3089921105348249,0
North Zone 2,Bellary Road 2,5.0,4.0,49,4,4,0,0.13209028061438938,0
North Zone 2,Bellary Road 2,6.0,0.0,49,1,1,0,0.06514473632028646,0
South Zone 2,Hosur Road,0.0,0.0,49,1,0,0,0.08462834135284489,0
West Zone 1,Tumkur Road,1.0,4.0,49,2,1,0,0.15290038364784028,0
North Zone 1,Bellary Road 2,0.0,8.0,49,1,0,0,0.0671056270917467,0
North Zone 1,Bellary Road 1,4.0,0.0,49,1,1,0,0.06514473632028646,0
North Zone 1,Bellary Road 1,3.0,8.0,49,2,2,0,0.08578599872061347,0
North Zone 1,Bellary Road 2,0.0,12.0,49,1,0,0,0.09402444976923917,0
North Zone 2,ORR North 2,4.0,20.0,49,1,1,0,0.10074437643896911,0
North Zone 2,ORR North 2,4.0,12.0,49,2,0,0,0.12194123939484375,0
North Zone 2,ORR North 2,2.0,0.0,49,1,0,0,0.08462834135284489,0
Central Zone 2,Mysore Road,5.0,8.0,49,1,1,0,0.20639323658289419,0
Central Zone 1,Old Airport Road,5.0,8.0,49,1,1,0,0.0664692984551503,0
West Zone 2,Bellary Road 1,4.0,4.0,49,1,0,0,0.09673758765491887,0
South Zone 1,Non-corridor,6.0,4.0,49,2,2,0,0.17177072420464726,0
South Zone 1,Non-corridor,6.0,0.0,49,1,1,0,0.14035087890863993,0
Central Zone 2,Non-corridor,4.0,0.0,49,2,2,0,0.3089921105348249,0
Central Zone 2,Non-corridor,4.0,12.0,49,3,2,0,0.3089921105348249,0
North Zone 2,Bellary Road 1,2.0,16.0,49,1,1,0,0.2150706945296473,0
Central Zone 2,Mysore Road,1.0,0.0,49,1,1,0,0.2208235362718436,0
North Zone 2,Bellary Road 1,2.0,8.0,49,1,1,0,0.11771307705750966,0
Central Zone 2,Non-corridor,5.0,0.0,49,2,2,0,0.3089921105348249,0
North Zone 2,Bellary Road 1,6.0,4.0,49,1,1,0,0.14035087890863993,0
Central Zone 2,Non-corridor,3.0,12.0,49,2,2,0,0.3089921105348249,0
Central Zone 2,Mysore Road,2.0,0.0,49,2,2,0,0.16709861437890386,0
Central Zone 1,Non-corridor,2.0,0.0,49,1,1,0,0.06631821673168829,0
North Zone 2,Non-corridor,6.0,0.0,49,1,1,0,0.2150706945296473,0
Central Zone 2,Mysore Road,6.0,0.0,49,1,1,0,0.21893309355709498,0
West Zone 2,Mysore Road,2.0,0.0,49,1,0,0,0.13983395274266786,0
West Zone 2,Mysore Road,6.0,8.0,49,1,0,0,0.10120276740564452,0
Central Zone 2,Mysore Road,4.0,0.0,49,2,1,1,0.2428255730698057,0
Central Zone 2,Non-corridor,2.0,8.0,49,2,1,0,0.3089921105348249,0
South Zone 1,ORR West 1,3.0,8.0,49,1,0,0,0.08808936130332297,0
Central Zone 2,Mysore Road,3.0,8.0,49,2,0,0,0.16403417216788369,0
South Zone 2,Hosur Road,3.0,0.0,49,1,0,0,0.12161335598869308,0
North Zone 2,Bellary Road 2,5.0,0.0,49,1,1,0,0.0720593480853939,0
Central Zone 1,Old Madras Road,6.0,8.0,49,1,1,0,0.13875013731278849,0
West Zone 1,Tumkur Road,2.0,0.0,49,1,0,0,0.16571606587404086,0
Central Zone 2,Bellary Road 1,3.0,12.0,49,1,1,0,0.1911590053541045,0
Central Zone 2,Bellary Road 1,2.0,0.0,49,1,1,1,0.06631821673168829,0
East Zone 1,Non-corridor,3.0,0.0,49,1,1,0,0.08829753428215201,0
East Zone 2,Non-corridor,2.0,0.0,49,2,0,0,0.2016477940574371,0
Central Zone 1,Old Madras Road,0.0,8.0,49,1,0,0,0.0664692984551503,0
Central Zone 1,Old Madras Road,0.0,4.0,49,1,1,0,0.13194036943677193,0
North Zone 2,ORR North 2,2.0,8.0,49,1,1,0,0.0720593480853939,0
West Zone 2,Mysore Road,0.0,20.0,49,1,1,0,0.10255925008247192,0
West Zone 2,Mysore Road,0.0,8.0,49,2,1,0,0.13501618389260245,0
East Zone 1,ORR East 1,3.0,8.0,49,1,1,0,0.06514473632028646,0
South Zone 2,Non-corridor,4.0,0.0,49,1,0,0,0.15546822054849782,0
Central Zone 2,Non-corridor,5.0,4.0,49,2,1,0,0.3089921105348249,0
West Zone 1,Magadi Road,2.0,8.0,49,1,0,0,0.12934530501071229,0
Central Zone 2,Non-corridor,5.0,8.0,49,5,3,0,0.3089921105348249,0
South Zone 2,IRR(Thanisandra road),4.0,4.0,49,1,1,0,0.09156330583704461,0
West Zone 2,West of Chord Road,0.0,8.0,49,1,1,0,0.07302159970037699,0
East Zone 1,ORR East 2,4.0,0.0,49,1,1,0,0.11151626741552735,0
North Zone 1,ORR North 1,6.0,4.0,49,2,2,0,0.06514473632028646,0
Central Zone 2,Non-corridor,5.0,16.0,49,2,2,0,0.1481744251532192,0
South Zone 2,Bannerghata Road,4.0,16.0,49,1,1,0,0.0671056270917467,0
South Zone 2,Bannerghata Road,4.0,12.0,49,1,1,0,0.14496088350870537,0
East Zone 2,ORR North 1,4.0,8.0,49,1,1,0,0.08097753425877749,0
East Zone 2,ORR North 1,3.0,8.0,49,1,1,0,0.08097753425877749,0
West Zone 1,Tumkur Road,3.0,4.0,49,1,1,0,0.07208773633458924,0
East Zone 1,Non-corridor,3.0,8.0,49,1,0,0,0.08640233609410883,0
East Zone 1,Non-corridor,0.0,4.0,49,1,1,0,0.066155363543981,0
North Zone 1,Bellary Road 2,5.0,12.0,49,1,1,0,0.07619760304709008,0
South Zone 2,Hosur Road,2.0,0.0,49,1,0,0,0.08640233609410883,0
West Zone 2,Bellary Road 1,4.0,12.0,49,4,4,0,0.06242983024071575,0
West Zone 2,Bellary Road 1,4.0,8.0,49,1,0,0,0.11643814947926008,0
West Zone 2,Bellary Road 1,1.0,8.0,49,2,2,0,0.07090762714798217,0
Central Zone 1,Old Madras Road,1.0,8.0,49,1,0,0,0.14675440354140096,0
Central Zone 2,Mysore Road,5.0,4.0,49,4,4,0,0.14794635503029177,0
North Zone 2,Non-corridor,5.0,0.0,49,1,1,0,0.18747566640954494,0
North Zone 1,ORR North 1,4.0,8.0,49,1,1,0,0.072090671633264,0
Central Zone 1,Non-corridor,3.0,8.0,49,1,1,0,0.17846419608660566,0
South Zone 2,IRR(Thanisandra road),1.0,8.0,49,1,0,0,0.13501618389260245,0
North Zone 2,ORR North 2,5.0,0.0,49,1,0,0,0.15308755372407698,0
East Zone 1,Varthur Road,4.0,4.0,49,2,2,0,0.06619808266880356,0
East Zone 1,Varthur Road,3.0,8.0,49,2,1,0,0.07960217385271147,0
East Zone 1,Varthur Road,3.0,4.0,49,1,0,0,0.08079633006367946,0
North Zone 2,ORR North 2,4.0,0.0,49,2,2,0,0.20802631264220217,0
Central Zone 1,Old Madras Road,2.0,12.0,49,1,1,0,0.14075900849679568,0
East Zone 2,ORR North 1,0.0,4.0,49,1,1,0,0.06644563879151462,0
East Zone 2,ORR East 2,5.0,0.0,49,1,1,0,0.07762876747065586,0
West Zone 1,Tumkur Road,4.0,0.0,49,1,1,0,0.084464074573407,0
Central Zone 2,Non-corridor,2.0,0.0,49,2,2,0,0.3089921105348249,0
West Zone 1,Mysore Road,1.0,4.0,49,1,1,0,0.0757659824949785,0
North Zone 1,ORR North 1,0.0,8.0,49,1,1,0,0.10255925008247192,0
Central Zone 2,Mysore Road,0.0,4.0,49,1,1,0,0.21893309355709498,0
West Zone 1,Magadi Road,4.0,8.0,49,1,1,0,0.06514473632028646,0
West Zone 1,West of Chord Road,3.0,4.0,49,1,1,0,0.09302092697026121,0
West Zone 2,Non-corridor,2.0,4.0,49,1,0,0,0.09002576398716737,0
Central Zone 2,Non-corridor,6.0,8.0,49,1,1,0,0.3089921105348249,0
West Zone 1,Non-corridor,6.0,4.0,49,1,1,0,0.17186909148541105,0
Central Zone 2,Bellary Road 1,1.0,0.0,49,1,1,0,0.06631821673168829,0
West Zone 1,ORR West 1,0.0,0.0,49,1,1,0,0.07545721845155268,0
Central Zone 2,Bellary Road 1,5.0,0.0,49,1,0,0,0.16986115830297316,0
Central Zone 2,Bellary Road 1,4.0,8.0,49,1,0,0,0.14794635503029177,0
Central Zone 1,Non-corridor,4.0,4.0,49,1,0,0,0.20944832552282913,0
South Zone 2,Hosur Road,3.0,12.0,49,1,0,0,0.08640233609410883,0
West Zone 2,Bellary Road 1,2.0,8.0,49,1,1,0,0.08462831072901454,0
West Zone 1,West of Chord Road,3.0,0.0,49,1,1,0,0.09156330583704461,0
East Zone 1,Non-corridor,5.0,12.0,49,1,0,0,0.07120625036420067,0
East Zone 2,Non-corridor,2.0,8.0,49,1,0,0,0.2150706945296473,0
East Zone 2,Non-corridor,4.0,4.0,49,1,1,0,0.15308755372407698,0
Central Zone 2,Non-corridor,6.0,0.0,49,1,1,0,0.3089921105348249,0
Central Zone 2,Magadi Road,1.0,4.0,49,1,0,0,0.21893309355709498,0
Central Zone 2,Magadi Road,0.0,0.0,49,1,0,0,0.06631821673168829,0
South Zone 1,ORR West 1,1.0,0.0,49,1,1,0,0.09000736163299264,0
North Zone 2,Bellary Road 2,3.0,4.0,49,1,1,0,0.07713000638694266,0
East Zone 2,Non-corridor,6.0,12.0,49,1,1,0,0.07780346898129335,0
Central Zone 1,Old Madras Road,3.0,0.0,49,2,2,0,0.14075900849679568,0
Central Zone 2,Mysore Road,4.0,8.0,49,1,1,0,0.21717483173023666,0
South Zone 2,Bannerghata Road,6.0,4.0,49,1,0,0,0.17572889393454094,0
East Zone 2,Non-corridor,0.0,8.0,49,1,0,0,0.07960217385271147,0
East Zone 2,Non-corridor,0.0,4.0,49,1,0,0,0.06619808266880356,0
West Zone 1,Tumkur Road,4.0,8.0,49,2,0,0,0.2126585852999499,0
East Zone 1,Non-corridor,4.0,0.0,49,1,1,0,0.07650049978253619,0
North Zone 2,Tumkur Road,3.0,8.0,49,1,1,0,0.09631117913268138,0
North Zone 2,Tumkur Road,3.0,4.0,49,1,1,0,0.17183112037745185,0
East Zone 1,ORR East 2,5.0,0.0,49,1,1,0,0.08449569297331137,0
West Zone 2,Tumkur Road,3.0,4.0,49,1,0,0,0.07694198128995529,0
West Zone 1,Mysore Road,0.0,0.0,49,2,1,0,0.0717235919868498,0
West Zone 1,Mysore Road,3.0,8.0,49,1,0,0,0.09762621655497554,0
North Zone 2,Bellary Road 2,0.0,4.0,49,1,1,0,0.18812615235343289,0
South Zone 2,Hosur Road,6.0,4.0,49,1,1,0,0.18747566640954494,0
North Zone 1,Non-corridor,4.0,4.0,49,1,1,0,0.16245358725620138,0
Central Zone 2,CBD 2,4.0,4.0,49,1,0,0,0.06631821673168829,0
West Zone 1,Non-corridor,5.0,0.0,49,1,1,0,0.18380177280495397,0
West Zone 1,ORR West 1,1.0,8.0,49,1,1,0,0.08389881230203734,0
West Zone 1,ORR West 1,0.0,8.0,49,1,1,0,0.08267792393048738,0
Central Zone 1,Non-corridor,6.0,4.0,49,1,0,0,0.17774968842863476,0
North Zone 2,Tumkur Road,1.0,12.0,49,1,1,0,0.08301358149933216,0
North Zone 2,Bellary Road 2,2.0,12.0,49,1,1,0,0.20802631264220217,0
West Zone 1,Non-corridor,6.0,8.0,49,1,1,0,0.18380177280495397,0
East Zone 2,Non-corridor,4.0,0.0,49,1,1,0,0.20802631264220217,0
West Zone 2,Mysore Road,2.0,12.0,49,1,1,0,0.12438102929402342,0
West Zone 2,Magadi Road,2.0,8.0,49,2,0,0,0.15195169498120878,0
West Zone 2,Magadi Road,2.0,0.0,49,1,0,0,0.11170904217466324,0
North Zone 2,ORR North 2,2.0,4.0,49,1,0,0,0.12930227050878815,0
Central Zone 2,Non-corridor,1.0,8.0,49,2,0,0,0.3089921105348249,0
Central Zone 2,Non-corridor,3.0,4.0,49,1,1,1,0.3089921105348249,0
South Zone 2,Hosur Road,5.0,8.0,49,2,2,1,0.07721750606902288,0
East Zone 2,Non-corridor,5.0,0.0,49,1,1,0,0.08766247955956931,0
Central Zone 1,Old Madras Road,3.0,8.0,49,1,1,1,0.10153782390403038,0
East Zone 2,Non-corridor,6.0,8.0,49,1,0,0,0.11934669696363391,0
East Zone 2,Non-corridor,4.0,8.0,49,1,0,0,0.2198162916056171,0
North Zone 1,Non-corridor,1.0,0.0,49,1,1,0,0.0757659824949785,0
West Zone 1,Non-corridor,3.0,8.0,49,1,1,0,0.1374614278551755,0
West Zone 1,Non-corridor,5.0,4.0,49,1,0,1,0.12934530501071229,0
North Zone 2,Bellary Road 2,3.0,0.0,49,2,1,0,0.19874719234514157,0
Central Zone 2,Mysore Road,3.0,0.0,49,1,0,0,0.2528115402354458,0
Central Zone 1,Non-corridor,5.0,0.0,49,1,0,0,0.3089921105348249,0
Central Zone 2,Non-corridor,0.0,8.0,49,1,0,0,0.2428255730698057,0
South Zone 1,Bannerghata Road,2.0,0.0,49,1,1,0,0.08523175367059217,0
Central Zone 2,Non-corridor,0.0,0.0,49,2,2,0,0.2281029416721018,0
West Zone 1,Mysore Road,2.0,12.0,49,1,0,0,0.08032306623034988,0
South Zone 2,Bannerghata Road,2.0,4.0,49,1,1,0,0.08078851142197752,0
West Zone 2,Non-corridor,6.0,8.0,49,1,0,0,0.11864832837590755,0
West Zone 2,Non-corridor,5.0,8.0,49,1,1,0,0.11864832837590755,0
West Zone 2,Tumkur Road,0.0,8.0,49,1,0,0,0.076254969383001,0
West Zone 2,Tumkur Road,0.0,0.0,49,1,1,0,0.06870410049559011,0
East Zone 1,Varthur Road,0.0,4.0,49,1,1,0,0.06870410049559011,0
West Zone 2,ORR West 1,3.0,0.0,49,1,1,0,0.0772526735619442,0
North Zone 1,Non-corridor,3.0,8.0,49,1,1,0,0.07194853101754045,0
Central Zone 2,Mysore Road,2.0,8.0,49,2,1,0,0.2377529394587033,0
Central Zone 2,Non-corridor,2.0,12.0,49,1,0,0,0.3030158837008929,0
North Zone 2,Non-corridor,2.0,12.0,49,2,2,0,0.14849584088042833,0
North Zone 2,Bellary Road 2,6.0,12.0,49,1,1,0,0.1300367734499781,0
North Zone 2,Non-corridor,2.0,0.0,49,1,1,0,0.08078851142197752,0
South Zone 2,Bannerghata Road,4.0,0.0,49,1,1,0,0.07311940161358262,0
East Zone 1,Non-corridor,4.0,12.0,49,1,0,0,0.13792465993556954,0
North Zone 1,Non-corridor,3.0,0.0,49,1,1,0,0.08330758351573318,0
Central Zone 2,Non-corridor,3.0,0.0,49,4,4,0,0.3030158837008929,0
North Zone 2,Bellary Road 2,2.0,4.0,49,1,0,0,0.12559382532205524,0
West Zone 1,Non-corridor,4.0,8.0,49,2,0,0,0.23775891979122535,0
West Zone 1,Non-corridor,4.0,0.0,49,1,1,0,0.19264339361989535,0
North Zone 1,Non-corridor,5.0,4.0,49,1,0,0,0.12105137117227445,0
North Zone 1,Non-corridor,4.0,12.0,49,1,0,0,0.23775891979122535,0
West Zone 1,Mysore Road,5.0,0.0,49,1,0,0,0.13746702183303913,0
West Zone 1,Mysore Road,4.0,4.0,49,1,0,0,0.08032306623034988,0
West Zone 2,West of Chord Road,2.0,4.0,49,2,2,0,0.09710750875379993,0
West Zone 2,West of Chord Road,5.0,0.0,49,1,0,0,0.07150697971206708,0
West Zone 2,West of Chord Road,4.0,12.0,49,2,2,0,0.13486836516493875,0
West Zone 1,Tumkur Road,2.0,8.0,49,1,0,0,0.20785563062770496,0
North Zone 1,Airport New South Road,3.0,4.0,49,2,2,0,0.07150697971206708,0
Central Zone 1,Old Airport Road,2.0,0.0,49,1,0,0,0.06515941411529837,0
Central Zone 2,Non-corridor,1.0,0.0,49,3,3,0,0.29885353174478274,0
Central Zone 2,Non-corridor,1.0,12.0,49,3,2,0,0.22698518986041608,0
North Zone 2,Bellary Road 1,3.0,0.0,49,1,1,0,0.19264339361989535,0
Central Zone 2,Non-corridor,4.0,8.0,49,1,0,0,0.3030158837008929,0
East Zone 1,ORR East 1,4.0,0.0,49,1,0,0,0.13746702183303913,0
Central Zone 2,Non-corridor,4.0,4.0,49,2,2,0,0.29885353174478274,0
East Zone 2,Non-corridor,3.0,0.0,49,2,2,0,0.11864832837590755,0
Central Zone 1,Old Airport Road,3.0,12.0,49,1,1,0,0.06419974703873144,0
West Zone 2,Magadi Road,2.0,12.0,49,1,1,0,0.0772526735619442,0
West Zone 2,Bellary Road 1,5.0,0.0,49,2,1,0,0.20339402800981646,0
East Zone 1,ORR East 2,3.0,0.0,49,1,1,0,0.07201901452405948,0
East Zone 1,ORR East 2,3.0,0.0,50,1,1,0,0.07201901452405948,0
West Zone 2,Bellary Road 1,5.0,12.0,50,1,0,0,0.07201901452405948,0
West Zone 2,Bellary Road 1,4.0,0.0,50,1,1,0,0.08285889044969433,0
East Zone 2,Non-corridor,3.0,0.0,50,1,1,0,0.16104192537464065,0
Central Zone 2,Mysore Road,1.0,8.0,50,1,0,0,0.25953294096730656,0
East Zone 1,ORR East 1,4.0,0.0,50,1,1,0,0.14265247491449703,0
Central Zone 2,Non-corridor,4.0,8.0,50,1,0,0,0.3030158837008929,0
North Zone 2,ORR North 2,1.0,4.0,50,2,1,0,0.08330758351573318,0
North Zone 2,Bellary Road 2,6.0,8.0,50,2,1,0,0.23775891979122535,0
West Zone 1,Tumkur Road,2.0,8.0,50,1,1,0,0.06506767775516221,0
West Zone 1,Tumkur Road,2.0,12.0,50,2,2,0,0.10834701843258586,0
Central Zone 1,Hosur Road,3.0,0.0,50,1,1,0,0.14690469439916923,0
East Zone 1,ORR East 1,4.0,8.0,50,2,1,0,0.23775891979122535,0
East Zone 1,ORR East 2,1.0,0.0,50,1,1,0,0.07201901452405948,0
North Zone 2,Bellary Road 1,3.0,12.0,50,1,1,0,0.1599805145349925,0
Central Zone 2,Non-corridor,6.0,4.0,50,1,0,0,0.19361904796916443,0
West Zone 1,Non-corridor,5.0,0.0,50,1,1,0,0.16543391466670393,0
Central Zone 2,Non-corridor,1.0,4.0,50,3,1,0,0.29885353174478274,0
West Zone 1,Mysore Road,5.0,0.0,50,1,1,1,0.1893649908052989,0
North Zone 1,Non-corridor,4.0,4.0,50,1,0,0,0.23775891979122535,0
North Zone 1,Non-corridor,5.0,0.0,50,1,0,0,0.09424433192980258,0
North Zone 1,Non-corridor,1.0,12.0,50,1,0,0,0.12214881823811415,0
West Zone 1,Non-corridor,1.0,12.0,50,1,0,0,0.23775891979122535,0
West Zone 1,Non-corridor,2.0,0.0,50,1,0,0,0.12105137117227445,0
West Zone 1,Non-corridor,4.0,0.0,50,4,1,0,0.07208009398316167,0
North Zone 1,Non-corridor,3.0,0.0,50,1,1,0,0.08078851142197752,0
West Zone 1,Non-corridor,3.0,4.0,50,1,1,0,0.19264339361989535,0
Central Zone 2,CBD 2,1.0,12.0,50,1,1,0,0.06515941411529837,0
East Zone 2,Non-corridor,5.0,8.0,50,1,1,0,0.07311940161358262,0
East Zone 1,Non-corridor,4.0,8.0,50,1,1,0,0.16104192537464065,0
South Zone 2,Bannerghata Road,5.0,0.0,50,4,4,0,0.16543391466670393,0
North Zone 2,Non-corridor,2.0,0.0,50,1,1,0,0.08078851142197752,0
North Zone 2,Non-corridor,0.0,0.0,50,1,1,0,0.06870410049559011,0
Central Zone 2,Non-corridor,2.0,12.0,50,2,1,0,0.29885353174478274,0
Central Zone 2,Non-corridor,3.0,0.0,50,4,1,0,0.3030158837008929,0
West Zone 2,ORR West 1,3.0,0.0,50,1,0,0,0.076129401566919,0
East Zone 1,Varthur Road,2.0,8.0,50,1,1,0,0.076129401566919,0
West Zone 2,ORR West 1,5.0,0.0,50,1,0,0,0.0992790200687794,0
West Zone 2,Non-corridor,6.0,8.0,50,2,2,0,0.14265247491449703,0
North Zone 1,Non-corridor,3.0,8.0,50,1,1,1,0.21038106173845952,0
North Zone 2,Non-corridor,3.0,4.0,50,1,1,0,0.16543391466670393,0
Central Zone 2,CBD 2,5.0,4.0,50,1,0,0,0.07921706531195015,0
Central Zone 2,CBD 2,5.0,8.0,50,1,0,0,0.07442226897247371,0
West Zone 1,Non-corridor,1.0,0.0,50,1,1,0,0.17815818227466146,0
West Zone 1,Non-corridor,1.0,4.0,50,1,1,0,0.0772526735619442,0
Central Zone 2,Non-corridor,0.0,0.0,50,1,0,0,0.2701357468641005,0
Central Zone 2,Non-corridor,0.0,8.0,50,4,2,0,0.20317228342636645,0
Central Zone 1,Non-corridor,4.0,4.0,50,1,1,0,0.15036082603647397,0
Central Zone 1,Non-corridor,4.0,8.0,50,1,1,0,0.2075479401827517,0
South Zone 2,Hosur Road,5.0,4.0,50,3,3,0,0.20196183761391875,0
East Zone 2,Non-corridor,4.0,8.0,50,2,1,0,0.19905741080294595,0
Central Zone 1,Old Madras Road,3.0,8.0,50,4,4,0,0.14690469439916923,0
North Zone 2,Non-corridor,1.0,0.0,50,1,1,0,0.0846210413636086,0
North Zone 2,Non-corridor,1.0,4.0,50,3,3,0,0.06506767775516221,0
East Zone 2,Non-corridor,5.0,0.0,50,1,0,0,0.1211787737252889,0
West Zone 1,Tumkur Road,5.0,4.0,50,2,1,0,0.10070662682575846,0
South Zone 2,Hosur Road,5.0,0.0,50,2,2,0,0.07311940161358262,0
South Zone 2,Hosur Road,5.0,8.0,50,3,3,0,0.08698268309065149,0
North Zone 2,Bellary Road 2,2.0,0.0,50,1,1,0,0.06534782522352058,0
Central Zone 2,Non-corridor,1.0,8.0,50,1,1,0,0.3030158837008929,0
West Zone 2,Magadi Road,1.0,12.0,50,1,0,0,0.076254969383001,0
West Zone 2,Magadi Road,2.0,4.0,50,1,0,0,0.08032306623034988,0
West Zone 1,Tumkur Road,6.0,0.0,50,1,0,0,0.1729174451036019,0
East Zone 1,Non-corridor,5.0,12.0,50,1,1,0,0.06761944955010137,0
East Zone 2,Non-corridor,3.0,12.0,50,1,1,0,0.06761944955010137,0
North Zone 1,Hennur Main Road,4.0,12.0,50,1,1,0,0.06870410049559011,0
North Zone 2,Bellary Road 2,2.0,12.0,50,1,0,0,0.08990041291754139,0
Central Zone 2,Non-corridor,2.0,16.0,50,1,1,0,0.13204441298115832,0
West Zone 1,Non-corridor,3.0,0.0,50,1,1,0,0.11864832837590755,0
Central Zone 2,Mysore Road,6.0,8.0,50,1,1,0,0.15612875893889241,0
Central Zone 2,Mysore Road,6.0,12.0,50,1,0,0,0.15124098748393577,0
Central Zone 2,Non-corridor,0.0,12.0,50,1,1,0,0.20317228342636645,0
West Zone 2,ORR West 1,1.0,8.0,50,1,1,0,0.06870410049559011,0
West Zone 2,Non-corridor,3.0,4.0,50,2,1,0,0.06761944955010137,0
East Zone 2,Non-corridor,4.0,0.0,50,1,1,0,0.08285889044969433,0
North Zone 1,Non-corridor,4.0,0.0,50,1,0,0,0.09848507465774523,0
South Zone 2,IRR(Thanisandra road),1.0,12.0,50,1,1,0,0.06870410049559011,0
North Zone 2,Bellary Road 2,0.0,0.0,50,1,1,0,0.06870410049559011,0
West Zone 2,Tumkur Road,1.0,4.0,50,1,0,0,0.08032306623034988,0
East Zone 1,ORR East 2,5.0,0.0,50,2,1,0,0.0712988290743659,0
North Zone 2,Bellary Road 2,3.0,0.0,50,3,2,0,0.20785563062770496,0
West Zone 2,Mysore Road,0.0,4.0,50,1,0,0,0.06870410049559011,0
East Zone 1,ORR East 1,0.0,0.0,50,1,1,0,0.06870410049559011,0
Central Zone 2,Mysore Road,4.0,8.0,50,3,1,0,0.1459511557601319,0
East Zone 2,Non-corridor,6.0,12.0,50,2,1,0,0.09831050554744858,0
East Zone 2,ORR East 2,0.0,0.0,50,1,1,0,0.06870410049559011,0
North Zone 1,Non-corridor,1.0,8.0,50,1,1,0,0.16543391466670393,0
West Zone 1,Mysore Road,5.0,12.0,50,1,1,0,0.1328554054810297,0
Central Zone 2,Non-corridor,6.0,0.0,50,2,2,0,0.25390676832090964,0
East Zone 2,Non-corridor,4.0,4.0,50,1,1,0,0.07311940161358262,0
East Zone 2,Non-corridor,2.0,4.0,50,1,1,0,0.06989723696972415,0
Central Zone 1,Old Madras Road,1.0,0.0,50,1,1,0,0.2794213680380628,0
West Zone 1,Tumkur Road,6.0,8.0,50,3,2,0,0.06553982849972359,0
West Zone 2,Bellary Road 1,2.0,0.0,50,3,2,0,0.16557142793310642,0
North Zone 2,Bellary Road 2,4.0,8.0,50,1,0,0,0.09008737618429334,0
Central Zone 2,CBD 2,0.0,0.0,50,1,1,0,0.06515941411529837,0
West Zone 1,Tumkur Road,0.0,4.0,50,4,2,0,0.23359408749312208,0
Central Zone 2,Bellary Road 1,5.0,0.0,50,2,1,0,0.11308100092265114,0
West Zone 1,Non-corridor,6.0,4.0,50,2,1,0,0.08823610900114845,0
Central Zone 2,Non-corridor,6.0,8.0,50,2,2,1,0.25390676832090964,0
West Zone 2,Non-corridor,2.0,4.0,50,1,0,0,0.11953830360889132,0
West Zone 1,West of Chord Road,4.0,4.0,50,1,1,0,0.06870410049559011,0
North Zone 1,ORR North 1,5.0,0.0,50,2,0,0,0.12297434777956316,0
West Zone 1,Magadi Road,3.0,0.0,50,2,2,0,0.07194853101754045,0
North Zone 1,ORR North 1,1.0,4.0,50,2,1,0,0.07311940161358262,0
Central Zone 2,Mysore Road,0.0,0.0,50,2,2,0,0.14755598867592962,0
North Zone 1,ORR North 1,1.0,8.0,50,2,2,0,0.07977688920122815,0
North Zone 1,ORR North 1,0.0,4.0,50,2,2,0,0.07201901452405948,0
North Zone 1,ORR North 1,1.0,0.0,50,1,1,0,0.06989723696972415,0
South Zone 2,Non-corridor,0.0,8.0,50,1,0,0,0.09423844856506863,0
Central Zone 2,Mysore Road,2.0,0.0,50,2,1,0,0.25953294096730656,0
Central Zone 2,Mysore Road,2.0,4.0,50,1,0,0,0.2377529394587033,0
Central Zone 2,Non-corridor,2.0,0.0,50,2,1,1,0.3030158837008929,0
West Zone 1,Tumkur Road,4.0,0.0,50,1,0,0,0.10165803400074837,0
East Zone 2,ORR East 2,5.0,0.0,50,1,0,0,0.0992790200687794,0
North Zone 2,ORR North 2,4.0,0.0,50,1,0,0,0.2399856588008282,0
East Zone 2,Non-corridor,0.0,0.0,50,1,0,0,0.076254969383001,0
Central Zone 2,Non-corridor,2.0,8.0,50,3,2,0,0.3030158837008929,0
South Zone 2,Non-corridor,1.0,8.0,50,1,1,0,0.06870410049559011,0
South Zone 2,Non-corridor,2.0,8.0,50,1,1,0,0.06870410049559011,0
North Zone 1,ORR North 1,4.0,0.0,50,1,1,0,0.07833638610860234,0
North Zone 2,Non-corridor,5.0,0.0,50,1,1,0,0.20196183761391875,0
Central Zone 2,Mysore Road,5.0,4.0,50,1,0,0,0.23418585053188612,0
North Zone 2,Non-corridor,5.0,4.0,50,1,1,0,0.06553982849972359,0
West Zone 2,Mysore Road,4.0,0.0,50,2,1,0,0.12395156491565577,0
Central Zone 2,Mysore Road,3.0,8.0,50,4,2,0,0.23105124729721238,0
North Zone 1,Bellary Road 2,6.0,8.0,50,1,0,0,0.23775891979122535,0
North Zone 1,Airport New South Road,3.0,0.0,50,1,1,0,0.0772526735619442,0
East Zone 2,ORR North 1,3.0,0.0,50,1,1,0,0.19264339361989535,0
East Zone 2,ORR North 1,4.0,12.0,50,1,1,0,0.06870410049559011,0
North Zone 2,Bellary Road 2,6.0,4.0,50,1,0,0,0.09330167685696143,0
North Zone 2,Non-corridor,0.0,8.0,50,2,2,0,0.13782663030869122,0
East Zone 1,ORR East 2,4.0,0.0,50,1,1,0,0.07201901452405948,0
West Zone 2,Tumkur Road,4.0,4.0,50,1,0,0,0.07612199867514456,0
South Zone 2,Non-corridor,2.0,12.0,50,1,0,0,0.08078851142197752,0
South Zone 2,Non-corridor,0.0,0.0,50,1,1,0,0.06870410049559011,0
Central Zone 2,Non-corridor,5.0,8.0,50,3,2,0,0.3030158837008929,0
North Zone 1,ORR North 2,0.0,0.0,50,1,1,0,0.06346205295228306,0
North Zone 1,ORR North 2,2.0,0.0,50,1,1,0,0.0772526735619442,0
West Zone 1,Magadi Road,3.0,4.0,50,1,0,0,0.12135643629845774,0
West Zone 1,Magadi Road,2.0,8.0,50,2,2,0,0.08272395064702807,0
West Zone 1,Magadi Road,2.0,12.0,50,1,0,0,0.23775891979122535,0
Central Zone 1,Non-corridor,4.0,0.0,50,2,1,1,0.07958514102679366,0
East Zone 1,ORR East 1,3.0,0.0,50,1,1,0,0.07977688920122815,0
East Zone 1,ORR East 1,3.0,8.0,50,1,1,0,0.06553982849972359,0
West Zone 2,Bellary Road 1,6.0,0.0,50,1,0,0,0.13960801212302165,0
West Zone 2,Bellary Road 1,1.0,8.0,50,1,1,0,0.1357900989402766,0
Central Zone 1,Old Madras Road,0.0,12.0,50,1,0,0,0.2481897874435674,0
Central Zone 2,Bellary Road 1,0.0,12.0,50,1,1,0,0.20982257242230207,0
East Zone 1,Non-corridor,0.0,4.0,50,1,1,0,0.08078851142197752,0
Central Zone 2,Old Madras Road,1.0,0.0,50,2,1,0,0.06419974703873144,0
North Zone 1,Bellary Road 2,4.0,0.0,50,1,1,0,0.07538973836486682,0
West Zone 2,Non-corridor,3.0,8.0,50,1,1,0,0.06611429939549589,0
West Zone 1,Tumkur Road,1.0,4.0,50,1,0,0,0.15987675021049258,0
West Zone 1,Tumkur Road,2.0,0.0,50,1,0,0,0.16566214870764204,0
Central Zone 2,Mysore Road,3.0,4.0,50,1,1,0,0.19435002520914,0
North Zone 2,ORR North 2,4.0,8.0,50,1,0,0,0.07991049535646791,0
South Zone 2,Hosur Road,2.0,0.0,50,1,1,0,0.1702807015779329,0
North Zone 2,Bellary Road 2,5.0,4.0,50,1,1,0,0.07218626090942148,0
North Zone 2,Bellary Road 2,5.0,8.0,50,2,2,0,0.1328554054810297,0
West Zone 2,Mysore Road,6.0,8.0,50,1,0,0,0.09898934232074556,0
Central Zone 2,Mysore Road,4.0,4.0,50,1,1,0,0.11551425211814567,0
East Zone 2,Old Airport Road,1.0,0.0,50,1,1,0,0.06870410049559011,0
Central Zone 1,Old Madras Road,4.0,4.0,50,1,1,0,0.17278874657583246,0
Central Zone 1,Old Madras Road,4.0,8.0,50,2,2,0,0.12418379647050712,0
North Zone 1,Airport New South Road,1.0,0.0,50,1,1,0,0.076129401566919,0
North Zone 2,Non-corridor,6.0,0.0,50,1,1,0,0.20196183761391875,0
North Zone 2,Tumkur Road,3.0,0.0,50,2,2,0,0.08078851142197752,0
Central Zone 1,Non-corridor,2.0,4.0,50,2,0,0,0.2075479401827517,0
Central Zone 2,Non-corridor,3.0,8.0,50,4,3,1,0.2678007115421923,0
North Zone 2,Bellary Road 1,2.0,4.0,50,1,1,0,0.14831079983662643,0
Central Zone 2,Non-corridor,5.0,0.0,50,3,2,0,0.3030158837008929,0
Central Zone 2,Mysore Road,1.0,4.0,50,1,0,0,0.1368968888871276,0
Central Zone 2,Non-corridor,4.0,12.0,50,1,1,0,0.3030158837008929,0
South Zone 2,Non-corridor,3.0,8.0,50,3,2,0,0.07976257709662671,0
South Zone 2,Non-corridor,4.0,4.0,50,3,3,0,0.07194853101754045,0
West Zone 2,Bellary Road 1,0.0,0.0,50,1,0,0,0.09775484682637638,0
West Zone 2,Bellary Road 1,0.0,4.0,50,1,1,0,0.0772526735619442,0
South Zone 1,ORR West 1,5.0,8.0,50,1,0,0,0.12297434777956316,0
North Zone 2,ORR North 2,1.0,20.0,50,1,1,0,0.07668572958065208,0
North Zone 2,ORR North 2,2.0,0.0,50,1,1,0,0.06553982849972359,0
North Zone 1,Bellary Road 1,3.0,4.0,50,1,1,0,0.06870410049559011,0
South Zone 2,Hosur Road,0.0,8.0,50,1,1,0,0.0772526735619442,0
North Zone 1,Airport New South Road,6.0,0.0,50,1,1,0,0.07201901452405948,0
North Zone 2,Bellary Road 2,6.0,0.0,50,1,0,0,0.12297434777956316,0
North Zone 2,ORR North 2,5.0,0.0,50,1,0,0,0.19905741080294595,0
North Zone 1,Airport New South Road,3.0,8.0,50,1,1,0,0.0772526735619442,0
North Zone 1,Airport New South Road,5.0,0.0,50,1,1,0,0.0772526735619442,0
Central Zone 1,Old Madras Road,6.0,4.0,50,1,1,0,0.12387174145478516,0
North Zone 1,Bellary Road 1,1.0,4.0,50,1,1,0,0.06870410049559011,0
North Zone 1,Bellary Road 1,1.0,8.0,50,1,1,0,0.06870410049559011,0
East Zone 1,Non-corridor,1.0,8.0,50,2,0,0,0.08990041291754139,0
East Zone 1,Non-corridor,1.0,16.0,50,1,1,0,0.14867305203921455,0
West Zone 2,Non-corridor,4.0,0.0,50,1,0,0,0.0992790200687794,0
West Zone 2,Mysore Road,4.0,12.0,50,1,1,0,0.0772526735619442,0
West Zone 2,West of Chord Road,5.0,8.0,50,1,0,0,0.07311940161358262,0
West Zone 2,West of Chord Road,2.0,0.0,50,1,1,0,0.09710750875379993,0
Central Zone 1,Mysore Road,2.0,4.0,50,1,0,0,0.06419974703873144,0
Central Zone 1,Mysore Road,3.0,8.0,50,1,0,0,0.122416427613821,0
South Zone 2,Non-corridor,5.0,8.0,50,1,0,0,0.22080917636581981,0
North Zone 2,Bellary Road 1,5.0,0.0,50,2,2,0,0.08285889044969433,0
West Zone 2,West of Chord Road,6.0,4.0,50,1,1,0,0.11135979361784534,0
West Zone 2,West of Chord Road,5.0,0.0,50,1,1,0,0.11733383640245884,0
Central Zone 2,Non-corridor,3.0,12.0,50,2,2,0,0.3030158837008929,0
North Zone 2,Bellary Road 1,3.0,4.0,50,1,1,1,0.21038106173845952,0
South Zone 2,ORR East 1,3.0,0.0,50,1,1,0,0.11973203479345004,0
Central Zone 2,Non-corridor,4.0,4.0,50,1,1,0,0.3030158837008929,0
South Zone 1,Non-corridor,5.0,4.0,50,12,12,0,0.1599805145349925,0
South Zone 1,Non-corridor,5.0,0.0,50,2,2,0,0.20196183761391875,0
South Zone 2,ORR East 1,5.0,4.0,50,2,2,0,0.08330758351573318,0
Central Zone 2,Non-corridor,0.0,4.0,50,2,1,0,0.11875795765044075,0
Central Zone 1,Hosur Road,1.0,8.0,50,1,0,0,0.06419974703873144,0
Central Zone 1,Mysore Road,6.0,8.0,50,1,1,0,0.10818920356512987,0
South Zone 2,Non-corridor,5.0,0.0,50,2,2,0,0.20196183761391875,0
Central Zone 2,Non-corridor,0.0,4.0,51,2,1,0,0.24104105964036096,0
West Zone 2,West of Chord Road,1.0,8.0,51,2,0,0,0.0631992013694727,0
West Zone 2,West of Chord Road,2.0,4.0,51,1,1,0,0.12491835640606651,0
East Zone 1,ORR East 2,2.0,0.0,51,1,1,0,0.07201901452405948,0
East Zone 1,ORR East 1,4.0,0.0,51,1,0,0,0.23775891979122535,0
South Zone 2,Non-corridor,4.0,4.0,51,1,0,0,0.19060267982862206,0
Central Zone 2,Non-corridor,4.0,4.0,51,3,1,0,0.17219626075175784,0
South Zone 2,Bannerghata Road,1.0,4.0,51,1,1,0,0.06870410049559011,0
East Zone 1,ORR East 1,4.0,8.0,51,1,1,0,0.19264339361989535,0
Central Zone 1,IRR(Thanisandra road),5.0,8.0,51,1,1,0,0.06515941411529837,0
Central Zone 1,Hosur Road,3.0,0.0,51,1,1,0,0.12418379647050712,0
Central Zone 1,Mysore Road,4.0,0.0,51,1,1,0,0.06515941411529837,0
South Zone 2,Bannerghata Road,5.0,8.0,51,1,1,0,0.1709361779171983,0
Central Zone 2,Non-corridor,2.0,4.0,51,1,1,0,0.3030158837008929,0
Central Zone 1,Old Airport Road,1.0,8.0,51,1,1,0,0.08038193130046749,0
West Zone 2,Non-corridor,3.0,0.0,51,1,1,0,0.08330758351573318,0
Central Zone 2,Non-corridor,1.0,0.0,51,2,2,0,0.3030158837008929,0
South Zone 1,ORR West 1,3.0,0.0,51,1,1,0,0.11088581882489404,0
West Zone 2,Non-corridor,5.0,0.0,51,1,1,0,0.08078851142197752,0
South Zone 2,Hosur Road,1.0,0.0,51,1,1,0,0.14849584088042833,0
East Zone 1,Non-corridor,1.0,4.0,51,1,1,0,0.19264339361989535,0
North Zone 1,Bellary Road 1,1.0,0.0,51,1,1,0,0.07311940161358262,0
East Zone 1,Non-corridor,2.0,0.0,51,1,0,0,0.1473773057788333,0
North Zone 2,Bellary Road 2,6.0,0.0,51,1,1,0,0.0705578509579438,0
North Zone 1,Airport New South Road,6.0,0.0,51,1,1,0,0.07311940161358262,0
North Zone 1,Bellary Road 1,5.0,8.0,51,1,0,0,0.08990041291754139,0
North Zone 1,Bellary Road 1,5.0,4.0,51,1,1,0,0.07311940161358262,0
West Zone 1,Tumkur Road,2.0,4.0,51,2,1,0,0.07150697971206708,0
West Zone 1,Tumkur Road,2.0,0.0,51,1,0,0,0.11733383640245884,0
North Zone 1,Bellary Road 1,4.0,4.0,51,1,1,0,0.06534782522352058,0
South Zone 2,Hosur Road,0.0,12.0,51,1,0,0,0.076129401566919,0
South Zone 2,Hosur Road,0.0,0.0,51,1,1,0,0.06534782522352058,0
South Zone 2,Hosur Road,1.0,4.0,51,2,1,0,0.1951111062520144,0
East Zone 1,Non-corridor,1.0,0.0,51,1,1,0,0.07194853101754045,0
North Zone 1,Bellary Road 2,1.0,8.0,51,2,2,0,0.07311940161358262,0
Central Zone 2,Bannerghata Road,1.0,4.0,51,3,3,0,0.0809538486762033,0
West Zone 1,Tumkur Road,4.0,0.0,51,1,1,0,0.07150697971206708,0
Central Zone 2,Mysore Road,4.0,4.0,51,1,1,0,0.13220231052280118,0
Central Zone 2,Mysore Road,4.0,0.0,51,5,4,0,0.25953294096730656,0
North Zone 2,ORR North 2,3.0,12.0,51,1,1,0,0.09668924346540428,0
East Zone 2,Non-corridor,1.0,4.0,51,1,0,0,0.0992790200687794,0
East Zone 2,Non-corridor,0.0,8.0,51,2,2,0,0.06761944955010137,0
Central Zone 2,Mysore Road,3.0,12.0,51,1,0,0,0.24592387332490057,0
Central Zone 2,Mysore Road,3.0,8.0,51,2,1,0,0.2377529394587033,0
North Zone 2,Bellary Road 2,5.0,4.0,51,1,1,0,0.08823610900114845,0
North Zone 2,Bellary Road 2,5.0,0.0,51,1,1,0,0.21038106173845952,0
South Zone 2,Hosur Road,2.0,0.0,51,1,1,0,0.16543391466670393,0
North Zone 2,Bellary Road 2,5.0,8.0,51,1,1,0,0.17523126740985226,0
West Zone 1,Tumkur Road,1.0,4.0,51,1,1,0,0.06506767775516221,0
Central Zone 2,Old Madras Road,2.0,12.0,51,1,1,0,0.08038193130046749,0
Central Zone 2,Bellary Road 1,4.0,0.0,51,3,3,0,0.0809538486762033,0
Central Zone 2,Bellary Road 1,3.0,4.0,51,1,0,0,0.16621005947996956,0
East Zone 1,Non-corridor,0.0,4.0,51,1,1,0,0.08078851142197752,0
Central Zone 2,Non-corridor,2.0,0.0,51,3,3,0,0.3030158837008929,0
West Zone 1,Tumkur Road,3.0,12.0,51,1,0,0,0.19921204416943689,0
North Zone 1,Airport New South Road,5.0,8.0,51,1,0,0,0.0772526735619442,0
East Zone 1,Non-corridor,0.0,0.0,51,1,0,0,0.0846210413636086,0
West Zone 1,Tumkur Road,0.0,20.0,51,1,1,0,0.10026420212670593,0
West Zone 1,Tumkur Road,0.0,8.0,51,1,1,0,0.09710750875379993,0
North Zone 2,Bellary Road 2,4.0,8.0,51,1,1,0,0.11695770124969328,0
East Zone 2,Airport New South Road,4.0,0.0,51,1,1,0,0.0772526735619442,0
Central Zone 2,Mysore Road,6.0,0.0,51,2,2,0,0.25240338199304585,0
North Zone 2,Non-corridor,0.0,4.0,51,2,1,0,0.076129401566919,0
West Zone 1,Tumkur Road,5.0,8.0,51,1,1,0,0.06989723696972415,0
East Zone 2,ORR East 2,4.0,0.0,51,1,0,0,0.09724520874350018,0
West Zone 1,Tumkur Road,4.0,8.0,51,1,1,0,0.12243955464297458,0
East Zone 1,Non-corridor,3.0,8.0,51,1,0,0,0.12105137117227445,0
West Zone 2,Non-corridor,2.0,12.0,51,1,1,0,0.06870410049559011,0
West Zone 2,Non-corridor,1.0,8.0,51,2,1,0,0.09775484682637638,0
East Zone 1,Varthur Road,1.0,12.0,51,1,1,0,0.06346205295228306,0
East Zone 1,ORR East 1,2.0,0.0,51,2,2,0,0.07194853101754045,0
Central Zone 2,Non-corridor,6.0,8.0,51,3,3,0,0.29885353174478274,0
North Zone 1,Hennur Main Road,4.0,12.0,51,2,2,0,0.06870410049559011,0
West Zone 1,Non-corridor,5.0,12.0,51,1,0,0,0.23775891979122535,0
Central Zone 2,Bellary Road 1,1.0,0.0,51,1,0,0,0.09947362530529885,0
Central Zone 2,Bellary Road 1,5.0,0.0,51,2,1,0,0.19061554787894847,0
North Zone 1,Hennur Main Road,0.0,4.0,51,1,1,0,0.06870410049559011,0
West Zone 1,Non-corridor,4.0,12.0,51,2,1,0,0.13746702183303913,0
Central Zone 2,CBD 2,1.0,0.0,51,1,1,0,0.06515941411529837,0
Central Zone 2,CBD 2,0.0,4.0,51,1,0,0,0.06515941411529837,0
North Zone 2,Bellary Road 2,3.0,0.0,51,1,1,0,0.17506112428372766,0
East Zone 2,Non-corridor,6.0,12.0,51,1,1,0,0.19264339361989535,0
Central Zone 1,Old Madras Road,2.0,12.0,51,1,0,0,0.23429019086617361,0
East Zone 2,Non-corridor,0.0,4.0,51,1,1,0,0.0846210413636086,0
East Zone 1,Non-corridor,6.0,8.0,51,1,1,0,0.09491587036690649,0
North Zone 2,ORR North 2,4.0,4.0,51,1,0,0,0.20196183761391875,0
Central Zone 2,Mysore Road,3.0,0.0,51,2,2,0,0.21959958685582248,0
North Zone 1,Hennur Main Road,1.0,8.0,51,1,1,0,0.14205244677597373,0
North Zone 1,Hennur Main Road,3.0,4.0,51,1,1,0,0.08330758351573318,0
West Zone 1,ORR West 1,3.0,4.0,51,1,1,0,0.0772526735619442,0
Central Zone 1,ORR East 1,3.0,0.0,51,1,0,0,0.2754550310055835,0
Central Zone 1,Non-corridor,6.0,0.0,51,1,1,0,0.2075479401827517,0
North Zone 2,ORR North 2,5.0,8.0,51,1,1,0,0.06553982849972359,0
Central Zone 2,Non-corridor,0.0,12.0,51,2,2,0,0.20317228342636645,0
North Zone 2,Tumkur Road,1.0,8.0,51,1,1,0,0.06870410049559011,0
Central Zone 2,Non-corridor,2.0,8.0,51,2,1,0,0.3030158837008929,0
South Zone 2,Hosur Road,4.0,0.0,51,2,2,0,0.07311940161358262,0
South Zone 2,Hosur Road,5.0,0.0,51,1,1,0,0.10878917986270745,0
Central Zone 1,Old Madras Road,1.0,12.0,51,1,1,0,0.21436467264422404,0
West Zone 1,Tumkur Road,5.0,4.0,51,1,0,0,0.16200895648945152,0
Central Zone 1,Old Madras Road,3.0,4.0,51,1,1,0,0.2177156798913515,0
East Zone 2,ORR North 1,1.0,8.0,51,1,0,0,0.08032306623034988,0
East Zone 2,ORR North 1,1.0,4.0,51,1,1,0,0.06870410049559011,0
East Zone 2,ORR North 1,1.0,0.0,51,1,1,0,0.06870410049559011,0
North Zone 1,Non-corridor,1.0,0.0,51,1,0,0,0.076254969383001,0
West Zone 1,Non-corridor,5.0,0.0,51,1,1,0,0.16543391466670393,0
West Zone 2,Tumkur Road,1.0,0.0,51,1,1,0,0.08078851142197752,0
West Zone 2,ORR West 1,4.0,0.0,51,1,0,0,0.0992790200687794,0
North Zone 1,Non-corridor,3.0,4.0,51,1,0,0,0.19905741080294595,0
Central Zone 2,Non-corridor,3.0,0.0,51,1,1,0,0.3030158837008929,0
North Zone 2,Bellary Road 2,2.0,8.0,51,1,0,0,0.1951111062520144,0
West Zone 1,Non-corridor,2.0,8.0,51,1,1,0,0.14013364404791664,0
West Zone 1,Non-corridor,4.0,8.0,51,1,1,0,0.11864832837590755,0
West Zone 1,Non-corridor,1.0,8.0,51,4,4,0,0.17076934168434732,0
Central Zone 2,CBD 2,2.0,4.0,51,1,0,0,0.07921706531195015,0
North Zone 1,Non-corridor,0.0,8.0,51,3,2,0,0.13792465993556954,0
North Zone 1,Non-corridor,2.0,4.0,51,2,2,0,0.08078851142197752,0
West Zone 1,Mysore Road,4.0,0.0,51,1,0,0,0.09703626632469763,0
Central Zone 2,Non-corridor,1.0,4.0,51,2,2,0,0.3030158837008929,0
Central Zone 1,Old Madras Road,1.0,0.0,51,1,1,1,0.17278874657583246,0
North Zone 2,Bellary Road 2,6.0,8.0,51,1,1,0,0.19264339361989535,0
West Zone 1,Non-corridor,0.0,0.0,51,2,0,0,0.1599805145349925,0
West Zone 1,Non-corridor,2.0,4.0,51,1,1,0,0.08330758351573318,0
Central Zone 1,Non-corridor,5.0,4.0,51,1,1,0,0.2075479401827517,0
Central Zone 1,Non-corridor,5.0,0.0,51,1,0,0,0.1763870538385039,0
Central Zone 1,Non-corridor,4.0,4.0,51,2,2,0,0.18162097196596994,0
Central Zone 2,Non-corridor,0.0,0.0,51,2,2,0,0.15299362484479123,0
North Zone 1,Non-corridor,2.0,8.0,51,2,2,0,0.20196183761391875,0
West Zone 1,Mysore Road,2.0,4.0,51,1,1,0,0.06870410049559011,0
West Zone 1,Mysore Road,2.0,0.0,51,1,1,0,0.06506767775516221,0
Central Zone 2,CBD 2,5.0,0.0,51,2,1,0,0.16621005947996956,0
Central Zone 2,CBD 2,4.0,8.0,51,1,0,0,0.15124098748393577,0
East Zone 2,Non-corridor,4.0,0.0,51,1,0,0,0.1473773057788333,0
Central Zone 2,Non-corridor,1.0,8.0,51,5,1,1,0.3030158837008929,0
North Zone 2,ORR North 2,2.0,8.0,51,1,0,0,0.1656091635877044,0
North Zone 2,Bellary Road 2,1.0,8.0,51,1,1,0,0.18845678503899588,0
North Zone 2,Bellary Road 2,1.0,4.0,51,2,2,0,0.06553982849972359,0
North Zone 2,Bellary Road 2,1.0,0.0,51,1,1,0,0.07311940161358262,0
North Zone 2,Bellary Road 2,2.0,0.0,51,2,1,0,0.07311940161358262,0
East Zone 1,ORR East 2,5.0,0.0,51,1,1,0,0.08665724474890342,0
West Zone 2,Tumkur Road,4.0,0.0,51,1,0,0,0.1725645490271995,0
West Zone 2,Tumkur Road,1.0,4.0,51,1,0,0,0.08032306623034988,0
Central Zone 1,Non-corridor,1.0,8.0,51,2,1,0,0.06515941411529837,0
Central Zone 1,Non-corridor,1.0,4.0,51,1,1,0,0.2075479401827517,0
West Zone 1,Mysore Road,0.0,12.0,51,1,1,0,0.06870410049559011,0
North Zone 1,ORR North 1,2.0,4.0,51,1,1,0,0.06553982849972359,0
North Zone 2,Bellary Road 2,0.0,8.0,51,1,0,0,0.1118231251918262,0
Central Zone 2,Non-corridor,3.0,4.0,51,4,4,0,0.2342516087906556,0
Central Zone 2,Non-corridor,6.0,0.0,51,1,0,0,0.29885353174478274,0
West Zone 2,Bellary Road 1,1.0,20.0,51,1,1,0,0.10026420212670593,0
West Zone 1,West of Chord Road,0.0,0.0,51,1,1,0,0.06870410049559011,0
West Zone 1,Tumkur Road,6.0,0.0,51,1,0,0,0.07612199867514456,0
East Zone 2,Non-corridor,4.0,4.0,51,1,1,0,0.07311940161358262,0
West Zone 1,Mysore Road,6.0,0.0,51,2,2,0,0.1328554054810297,0
West Zone 1,Mysore Road,5.0,12.0,51,1,1,0,0.07194853101754045,0
South Zone 2,Non-corridor,1.0,4.0,51,1,1,0,0.06870410049559011,0
Central Zone 2,Mysore Road,2.0,0.0,51,2,2,0,0.2301862368948258,0
North Zone 2,Bellary Road 1,6.0,8.0,51,3,2,0,0.06534782522352058,0
Central Zone 2,CBD 2,5.0,8.0,51,1,1,0,0.05517049022283532,0
North Zone 1,ORR North 1,5.0,0.0,51,1,0,0,0.10408710152876394,0
Central Zone 2,Mysore Road,0.0,0.0,51,2,1,0,0.23333616055677917,0
North Zone 1,ORR North 1,3.0,0.0,51,3,3,0,0.14265247491449703,0
Central Zone 2,Non-corridor,5.0,12.0,51,3,3,1,0.3030158837008929,0
West Zone 2,Mysore Road,4.0,0.0,51,1,0,0,0.10212464147126889,0
West Zone 2,Mysore Road,3.0,4.0,51,1,0,0,0.19905741080294595,0
North Zone 2,Non-corridor,2.0,8.0,51,1,0,0,0.23775891979122535,0
North Zone 2,Non-corridor,5.0,8.0,51,1,1,0,0.11993505727875663,0
North Zone 2,Non-corridor,5.0,4.0,51,1,0,0,0.07150697971206708,0
Central Zone 2,Mysore Road,5.0,0.0,51,3,3,0,0.19435002520914,0
West Zone 1,Magadi Road,4.0,0.0,51,1,1,0,0.11088581882489404,0
West Zone 1,Magadi Road,4.0,12.0,51,1,1,0,0.06534782522352058,0
Central Zone 2,Non-corridor,5.0,8.0,51,1,1,0,0.3030158837008929,0
South Zone 2,Non-corridor,1.0,12.0,51,1,1,0,0.06870410049559011,0
South Zone 2,Non-corridor,2.0,4.0,51,1,1,0,0.08078851142197752,0
Central Zone 2,Non-corridor,5.0,4.0,51,1,0,0,0.3030158837008929,0
West Zone 1,Magadi Road,2.0,8.0,51,1,1,0,0.07311940161358262,0
North Zone 1,ORR North 2,3.0,8.0,51,1,1,0,0.06870410049559011,0
North Zone 1,ORR North 2,3.0,0.0,51,1,1,0,0.0772526735619442,0
West Zone 2,Tumkur Road,4.0,4.0,51,1,0,0,0.09426418734044983,0
East Zone 1,ORR East 2,3.0,0.0,51,1,1,0,0.07201901452405948,0
East Zone 1,ORR East 1,3.0,8.0,51,1,0,0,0.07311940161358262,0
Central Zone 2,Mysore Road,5.0,4.0,51,2,2,0,0.25240338199304585,0
East Zone 2,Non-corridor,1.0,12.0,51,1,1,0,0.06870410049559011,0
East Zone 2,Non-corridor,1.0,8.0,51,1,1,0,0.14582293300146112,0
West Zone 2,Bellary Road 1,6.0,0.0,51,1,1,0,0.13623166504308806,0
West Zone 2,Mysore Road,1.0,0.0,51,2,1,0,0.076254969383001,0
East Zone 1,ORR East 1,3.0,0.0,51,1,1,0,0.11766232315052041,0
Central Zone 1,Non-corridor,4.0,0.0,51,3,3,0,0.2075479401827517,0
Central Zone 2,Non-corridor,5.0,0.0,51,1,0,0,0.3030158837008929,0
North Zone 2,Bellary Road 1,1.0,0.0,51,2,2,0,0.07311940161358262,0
North Zone 2,Bellary Road 1,2.0,0.0,51,1,1,0,0.09806973004004267,0
Central Zone 2,Non-corridor,3.0,8.0,51,6,4,0,0.29885353174478274,0
North Zone 2,Bellary Road 1,6.0,0.0,51,1,1,0,0.06553982849972359,0
Central Zone 1,Non-corridor,2.0,8.0,51,2,2,0,0.1565008509889242,0
South Zone 1,Non-corridor,3.0,4.0,51,3,0,0,0.1729174451036019,0
Central Zone 2,Mysore Road,5.0,12.0,51,1,1,0,0.21098039709022431,0
Central Zone 1,Old Madras Road,0.0,0.0,51,1,1,0,0.06515941411529837,0
Central Zone 1,Old Airport Road,5.0,8.0,51,1,1,0,0.08038193130046749,0
West Zone 1,West of Chord Road,4.0,8.0,51,1,0,0,0.076254969383001,0
North Zone 2,Non-corridor,4.0,0.0,51,1,1,0,0.0631992013694727,0
South Zone 2,Bannerghata Road,1.0,12.0,51,1,1,0,0.13246363158929725,0
South Zone 2,Bannerghata Road,1.0,8.0,51,1,1,0,0.05994212653973757,0
South Zone 1,Non-corridor,3.0,0.0,51,1,0,0,0.07150697971206708,0
Central Zone 2,Mysore Road,1.0,12.0,51,1,1,0,0.2377529394587033,0
South Zone 2,Non-corridor,4.0,0.0,51,1,1,0,0.11864832837590755,0
Central Zone 2,Non-corridor,4.0,0.0,51,1,1,0,0.29885353174478274,0
South Zone 2,ORR East 1,2.0,0.0,51,1,1,0,0.0846210413636086,0
South Zone 2,ORR East 1,1.0,8.0,51,1,0,0,0.06870410049559011,0
West Zone 1,Magadi Road,1.0,0.0,51,1,0,0,0.12297434777956316,0
North Zone 2,Bellary Road 1,4.0,4.0,51,1,1,0,0.0705578509579438,0
West Zone 2,Bellary Road 1,4.0,4.0,51,1,0,0,0.1051900325686879,0
North Zone 2,Bellary Road 1,3.0,8.0,51,2,1,0,0.2091920609916532,0
West Zone 1,Magadi Road,0.0,12.0,51,1,1,0,0.06870410049559011,0
West Zone 1,Magadi Road,1.0,8.0,51,2,2,0,0.06989723696972415,0
South Zone 1,Non-corridor,5.0,8.0,51,1,1,0,0.20196183761391875,0
Central Zone 1,Hosur Road,1.0,8.0,51,2,1,0,0.06419974703873144,0
East Zone 1,ORR East 2,1.0,0.0,51,2,2,0,0.07201901452405948,0
West Zone 2,West of Chord Road,5.0,0.0,51,1,1,0,0.10879198722945997,0
North Zone 2,Bellary Road 1,5.0,4.0,51,1,1,0,0.1709361779171983,0
Central Zone 1,Non-corridor,0.0,12.0,51,1,1,0,0.06515941411529837,0
West Zone 2,West of Chord Road,5.0,8.0,52,1,1,0,0.09710750875379993,0
Central Zone 1,Mysore Road,1.0,0.0,52,1,0,0,0.06419974703873144,0
Central Zone 2,Non-corridor,0.0,4.0,52,1,1,1,0.21318332770612786,0
South Zone 1,Non-corridor,4.0,12.0,52,1,0,0,0.1473773057788333,0
Central Zone 1,Mysore Road,5.0,4.0,52,1,1,0,0.06515941411529837,0
Central Zone 1,Non-corridor,1.0,0.0,52,1,1,0,0.06515941411529837,0
Central Zone 1,Mysore Road,3.0,0.0,52,1,0,0,0.07921706531195015,0
Central Zone 1,Hosur Road,3.0,0.0,52,2,2,0,0.12418379647050712,0
Central Zone 1,Hosur Road,3.0,12.0,52,1,1,0,0.06515941411529837,0
East Zone 1,ORR East 2,2.0,0.0,52,1,1,0,0.07201901452405948,0
South Zone 1,ORR West 1,5.0,8.0,52,2,2,0,0.06534782522352058,0
North Zone 2,ORR North 2,0.0,12.0,52,1,1,0,0.06870410049559011,0
North Zone 2,ORR North 2,1.0,0.0,52,2,1,0,0.07311940161358262,0
West Zone 2,Bellary Road 1,2.0,8.0,52,2,0,0,0.07201901452405948,0
West Zone 2,Bellary Road 1,3.0,4.0,52,1,0,0,0.0712988290743659,0
West Zone 2,Bellary Road 1,4.0,0.0,52,1,0,0,0.16557142793310642,0
West Zone 2,Bellary Road 1,1.0,12.0,52,1,1,0,0.14085329801441193,0
East Zone 2,Non-corridor,3.0,0.0,52,3,2,0,0.08406672508591513,0
East Zone 2,Non-corridor,3.0,4.0,52,1,1,0,0.16543391466670393,0
East Zone 2,Non-corridor,1.0,8.0,52,1,0,0,0.14205244677597373,0
East Zone 2,Non-corridor,1.0,12.0,52,1,0,0,0.07976257709662671,0
Central Zone 2,Non-corridor,1.0,16.0,52,1,1,0,0.22698518986041608,0
South Zone 2,Bannerghata Road,1.0,0.0,52,1,1,0,0.16543391466670393,0
North Zone 2,Non-corridor,4.0,0.0,52,1,1,0,0.16543391466670393,0
West Zone 2,Mysore Road,4.0,0.0,52,2,1,0,0.06506767775516221,0
West Zone 2,Bellary Road 1,4.0,4.0,52,1,0,0,0.08246262735326257,0
West Zone 2,Bellary Road 1,4.0,12.0,52,1,0,0,0.09596827136072361,0
West Zone 2,Magadi Road,1.0,8.0,52,1,1,0,0.06346205295228306,0
North Zone 2,ORR North 2,2.0,4.0,52,1,0,0,0.19905741080294595,0
West Zone 2,Bellary Road 1,1.0,8.0,52,1,1,0,0.07194853101754045,0
West Zone 2,Bellary Road 1,2.0,0.0,52,1,0,0,0.17681029734038486,0
South Zone 2,Bannerghata Road,3.0,0.0,52,1,1,0,0.06553982849972359,0
North Zone 2,Non-corridor,2.0,4.0,52,1,1,0,0.1656091635877044,0
East Zone 1,Non-corridor,5.0,4.0,52,2,2,0,0.06553982849972359,0
West Zone 1,Tumkur Road,5.0,8.0,52,1,1,0,0.13666241129352913,0
North Zone 2,Non-corridor,3.0,8.0,52,1,1,0,0.11864832837590755,0
North Zone 2,Non-corridor,3.0,12.0,52,1,1,0,0.19455544905389813,0
Central Zone 2,Non-corridor,1.0,4.0,52,2,1,0,0.3030158837008929,0
North Zone 2,ORR North 2,2.0,16.0,52,1,1,0,0.1668648874774758,0
Central Zone 2,Non-corridor,1.0,8.0,52,5,3,0,0.29885353174478274,0
West Zone 2,Mysore Road,2.0,0.0,52,1,0,0,0.19905741080294595,0
North Zone 2,Non-corridor,0.0,8.0,52,2,2,0,0.15119477763407832,0
North Zone 2,Non-corridor,0.0,12.0,52,1,0,0,0.076254969383001,0
East Zone 2,Non-corridor,5.0,0.0,52,1,1,0,0.11864832837590755,0
East Zone 1,Non-corridor,4.0,0.0,52,3,2,0,0.07736408220092965,0
East Zone 1,Non-corridor,4.0,8.0,52,3,2,0,0.08406672508591513,0
East Zone 1,Non-corridor,4.0,16.0,52,1,1,0,0.14280834246168542,0
South Zone 2,Bannerghata Road,4.0,0.0,52,2,1,0,0.07201901452405948,0
North Zone 2,Non-corridor,1.0,12.0,52,1,1,0,0.06761944955010137,0
East Zone 2,ORR East 2,1.0,0.0,52,1,1,0,0.06870410049559011,0
East Zone 2,Non-corridor,4.0,12.0,52,1,0,0,0.0992790200687794,0
East Zone 2,Non-corridor,5.0,8.0,52,1,0,0,0.12297434777956316,0
West Zone 1,Tumkur Road,4.0,4.0,52,1,1,0,0.17242242786015355,0
North Zone 2,Non-corridor,0.0,4.0,52,1,0,1,0.07150697971206708,0
North Zone 2,ORR North 2,3.0,20.0,52,1,1,0,0.07668572958065208,0
North Zone 2,ORR North 2,4.0,4.0,52,1,1,0,0.11864832837590755,0
North Zone 2,ORR North 2,3.0,4.0,52,1,1,0,0.1656091635877044,0
East Zone 2,Non-corridor,2.0,0.0,52,1,1,0,0.11925134861192939,0
East Zone 1,ORR East 1,1.0,0.0,52,1,1,0,0.1529438452424322,0
West Zone 2,Mysore Road,4.0,4.0,52,1,0,0,0.20339402800981646,0
Central Zone 2,Mysore Road,4.0,8.0,52,1,1,0,0.20770553222492413,0
East Zone 1,Non-corridor,3.0,12.0,52,1,0,0,0.06870410049559011,0
West Zone 1,Tumkur Road,4.0,8.0,52,1,1,0,0.08285889044969433,0
East Zone 2,ORR North 1,5.0,0.0,52,1,0,0,0.23775891979122535,0
Central Zone 1,Old Madras Road,4.0,8.0,52,2,2,0,0.2355219512438338,0
North Zone 1,Airport New South Road,0.0,0.0,52,1,1,0,0.06870410049559011,0
North Zone 1,Airport New South Road,0.0,8.0,52,1,0,0,0.06870410049559011,0
East Zone 1,Non-corridor,3.0,0.0,52,1,1,0,0.06534782522352058,0
East Zone 1,Non-corridor,3.0,4.0,52,1,1,0,0.07311940161358262,0
North Zone 1,Airport New South Road,2.0,0.0,52,1,1,0,0.0772526735619442,0
North Zone 1,Airport New South Road,3.0,0.0,52,1,1,0,0.0772526735619442,0
Central Zone 2,Non-corridor,2.0,0.0,52,2,1,0,0.3030158837008929,0
West Zone 2,Non-corridor,4.0,8.0,52,1,1,0,0.16508264257284228,0
West Zone 2,Mysore Road,5.0,12.0,52,1,1,0,0.0772526735619442,0
East Zone 2,Non-corridor,1.0,0.0,52,1,1,0,0.17076934168434732,0
East Zone 2,Non-corridor,1.0,4.0,52,1,0,0,0.08330758351573318,0
Central Zone 2,Mysore Road,4.0,0.0,52,3,1,0,0.2377529394587033,0
Central Zone 2,Mysore Road,4.0,4.0,52,3,0,0,0.13220231052280118,0
South Zone 2,Bannerghata Road,5.0,8.0,52,1,0,0,0.08406672508591513,0
East Zone 1,Non-corridor,2.0,0.0,52,1,0,0,0.19905741080294595,0
West Zone 1,Tumkur Road,2.0,16.0,52,1,0,0,0.07668572958065208,0
West Zone 1,Tumkur Road,2.0,20.0,52,1,0,0,0.12297434777956316,0
North Zone 1,Airport New South Road,3.0,4.0,52,2,1,0,0.12559382532205524,0
North Zone 1,Airport New South Road,4.0,0.0,52,1,1,0,0.076129401566919,0
North Zone 1,Airport New South Road,5.0,0.0,52,1,0,0,0.0772526735619442,0
North Zone 1,Bellary Road 1,2.0,0.0,52,1,1,0,0.06534782522352058,0
East Zone 1,Non-corridor,1.0,0.0,52,1,0,0,0.1656091635877044,0
South Zone 1,ORR West 1,2.0,0.0,52,1,1,0,0.06534782522352058,0
Central Zone 2,Non-corridor,1.0,0.0,52,1,0,0,0.3030158837008929,0
East Zone 1,Varthur Road,5.0,0.0,52,1,1,0,0.07311940161358262,0
Central Zone 2,Non-corridor,2.0,4.0,52,3,2,1,0.25390676832090964,0
West Zone 1,Tumkur Road,2.0,0.0,52,1,0,0,0.16566214870764204,0
West Zone 1,Tumkur Road,2.0,4.0,52,1,0,0,0.07312155445146269,0
North Zone 1,Bellary Road 1,4.0,8.0,52,2,2,0,0.19455544905389813,0
North Zone 2,Bellary Road 2,5.0,4.0,52,2,1,0,0.07201901452405948,0
South Zone 2,Hosur Road,1.0,0.0,52,1,0,0,0.08990041291754139,0
North Zone 1,Bellary Road 2,0.0,8.0,52,2,2,0,0.0772526735619442,0
North Zone 1,Bellary Road 2,1.0,0.0,52,1,1,0,0.0772526735619442,0
North Zone 1,Bellary Road 2,2.0,0.0,52,2,2,0,0.0772526735619442,0
North Zone 1,Bellary Road 2,0.0,4.0,52,1,0,0,0.09408628383263187,0
West Zone 1,Tumkur Road,1.0,4.0,52,3,0,0,0.24689882464295398,0
North Zone 2,Bellary Road 2,4.0,20.0,52,1,1,0,0.16543391466670393,0
North Zone 1,Bellary Road 2,5.0,12.0,52,1,1,0,0.16543391466670393,0
West Zone 1,Tumkur Road,0.0,8.0,52,1,0,0,0.2030482736049043,0
Central Zone 2,Bellary Road 1,3.0,12.0,52,1,1,0,0.19435002520914,0
West Zone 1,Tumkur Road,0.0,0.0,52,1,0,0,0.13644285372576098,0
West Zone 2,Non-corridor,3.0,12.0,52,1,1,0,0.0772526735619442,0
West Zone 2,Non-corridor,5.0,0.0,52,2,2,0,0.08078851142197752,0
East Zone 1,Varthur Road,4.0,0.0,52,1,1,0,0.07311940161358262,0
North Zone 1,Bellary Road 2,4.0,0.0,52,1,0,0,0.16543391466670393,0
South Zone 2,Hosur Road,3.0,8.0,52,2,1,0,0.10594669432408244,0
South Zone 2,Hosur Road,3.0,12.0,52,1,0,0,0.16403960961266423,0
North Zone 2,Bellary Road 2,4.0,4.0,52,1,0,0,0.07311940161358262,0
North Zone 2,Bellary Road 2,4.0,8.0,52,1,1,0,0.06553982849972359,0
South Zone 2,Hosur Road,4.0,8.0,52,1,0,0,0.07150697971206708,0
North Zone 1,Hennur Main Road,2.0,8.0,52,1,1,0,0.07977688920122815,0
West Zone 1,ORR North 2,1.0,0.0,52,1,1,0,0.06870410049559011,0
West Zone 1,Non-corridor,5.0,12.0,52,1,1,0,0.11864832837590755,0
Central Zone 2,Mysore Road,3.0,0.0,52,1,1,0,0.20084314549089058,0
North Zone 2,Bellary Road 2,4.0,0.0,52,1,1,0,0.1328554054810297,0
North Zone 1,Hennur Main Road,4.0,8.0,52,1,0,0,0.07150697971206708,0
Central Zone 2,CBD 1,5.0,8.0,52,1,0,0,0.1459511557601319,0
North Zone 2,Tumkur Road,1.0,0.0,52,1,1,0,0.06870410049559011,0
Central Zone 2,Non-corridor,0.0,12.0,52,1,0,0,0.2336282895830346,0
Central Zone 1,Old Airport Road,0.0,4.0,52,1,1,0,0.06515941411529837,0
West Zone 1,ORR West 1,2.0,4.0,52,1,0,0,0.076254969383001,0
West Zone 1,ORR West 1,3.0,4.0,52,1,1,0,0.0772526735619442,0
West Zone 1,Non-corridor,5.0,4.0,52,4,4,0,0.06553982849972359,0
West Zone 1,Non-corridor,3.0,8.0,52,1,1,0,0.20196183761391875,0
North Zone 1,Non-corridor,1.0,0.0,52,1,1,0,0.08330758351573318,0
North Zone 1,Non-corridor,1.0,4.0,52,1,1,0,0.06870410049559011,0
South Zone 2,Hosur Road,4.0,0.0,52,5,1,0,0.07364423363103335,0
Central Zone 2,Non-corridor,2.0,8.0,52,1,1,0,0.3030158837008929,0
Central Zone 2,Non-corridor,2.0,12.0,52,1,1,1,0.29885353174478274,0
West Zone 1,Non-corridor,2.0,12.0,52,2,1,0,0.19905741080294595,0
East Zone 1,Old Airport Road,4.0,0.0,52,1,1,0,0.0772526735619442,0
West Zone 2,Tumkur Road,1.0,0.0,52,1,1,0,0.08078851142197752,0
West Zone 2,Non-corridor,5.0,4.0,52,1,1,0,0.11864832837590755,0
West Zone 2,Non-corridor,5.0,8.0,52,1,0,0,0.20339402800981646,0
North Zone 1,Non-corridor,0.0,8.0,52,1,0,0,0.16154489196737992,0
West Zone 1,Non-corridor,1.0,8.0,52,1,1,0,0.14582293300146112,0
West Zone 1,Non-corridor,2.0,0.0,52,2,2,0,0.11530171297427523,0
West Zone 1,Non-corridor,4.0,0.0,52,1,0,0,0.15624790048675363,0
Central Zone 2,Non-corridor,2.0,16.0,52,1,1,0,0.10818920356512987,0
Central Zone 2,Mysore Road,2.0,12.0,52,1,0,0,0.22669891023143562,0
South Zone 2,Hosur Road,4.0,12.0,52,1,1,0,0.19264339361989535,0
Central Zone 2,Non-corridor,3.0,0.0,52,3,2,0,0.3030158837008929,0
Central Zone 2,CBD 2,3.0,0.0,52,2,2,0,0.06515941411529837,0
Central Zone 2,CBD 2,3.0,8.0,52,1,1,0,0.15612875893889241,0
Central Zone 2,CBD 2,4.0,0.0,52,1,1,0,0.10818920356512987,0
West Zone 1,Mysore Road,5.0,0.0,52,3,3,0,0.16543391466670393,0
West Zone 1,Mysore Road,5.0,8.0,52,1,1,0,0.14065058469057087,0
Central Zone 2,Non-corridor,0.0,0.0,52,2,2,1,0.24104105964036096,0
South Zone 1,Non-corridor,4.0,8.0,52,1,1,0,0.14265247491449703,0
Central Zone 1,Non-corridor,5.0,0.0,52,1,0,0,0.2075479401827517,0
Central Zone 1,Non-corridor,5.0,4.0,52,1,1,0,0.1565008509889242,0
Central Zone 2,Mysore Road,2.0,8.0,52,2,0,0,0.2377529394587033,0
North Zone 2,Bellary Road 2,2.0,0.0,52,1,1,0,0.17815818227466146,0
North Zone 2,Bellary Road 2,1.0,0.0,52,1,1,0,0.07311940161358262,0
West Zone 1,Mysore Road,1.0,8.0,52,1,1,0,0.0772526735619442,0
West Zone 1,Non-corridor,0.0,0.0,52,1,1,0,0.11925134861192939,0
West Zone 1,Non-corridor,0.0,8.0,52,1,1,0,0.06870410049559011,0
West Zone 1,Non-corridor,0.0,12.0,52,1,1,1,0.06870410049559011,0
West Zone 1,Non-corridor,1.0,0.0,52,1,0,0,0.07208009398316167,0
West Zone 1,Mysore Road,2.0,12.0,52,1,1,1,0.08330758351573318,0
West Zone 1,Mysore Road,3.0,8.0,52,1,1,0,0.11898671546057493,0
West Zone 2,Tumkur Road,4.0,4.0,52,1,1,0,0.09430346676135637,0
East Zone 1,Varthur Road,1.0,0.0,52,2,2,0,0.14205244677597373,0
East Zone 1,ORR East 2,5.0,0.0,52,1,1,0,0.0712988290743659,0
East Zone 1,ORR East 2,5.0,4.0,52,1,0,0,0.09703626632469763,0
Central Zone 2,Magadi Road,1.0,4.0,52,1,0,0,0.16621005947996956,0
Central Zone 2,Magadi Road,2.0,8.0,52,2,1,0,0.06419974703873144,0
North Zone 1,Non-corridor,3.0,12.0,52,1,0,0,0.23775891979122535,0
North Zone 1,Non-corridor,4.0,0.0,52,1,1,0,0.08330758351573318,0
Central Zone 2,Non-corridor,3.0,4.0,52,4,0,0,0.29885353174478274,0
North Zone 2,Bellary Road 2,0.0,0.0,52,1,1,0,0.06346205295228306,0
North Zone 1,ORR North 1,2.0,0.0,52,5,5,0,0.12425756064187944,0
Central Zone 2,Mysore Road,2.0,0.0,52,1,0,0,0.2377529394587033,0
Central Zone 2,Mysore Road,2.0,4.0,52,1,1,0,0.16621005947996956,0
South Zone 2,Non-corridor,1.0,12.0,52,1,0,0,0.09775484682637638,0
North Zone 1,ORR North 1,3.0,4.0,52,1,0,0,0.12297434777956316,0
West Zone 1,Magadi Road,5.0,4.0,52,1,0,0,0.13195194451986822,0
Central Zone 2,Non-corridor,5.0,12.0,52,4,4,0,0.29885353174478274,0
North Zone 1,ORR North 1,5.0,8.0,52,1,1,0,0.07150697971206708,0
Central Zone 2,Mysore Road,0.0,4.0,52,1,0,0,0.17258730206198417,0
Central Zone 2,Non-corridor,5.0,4.0,52,2,1,0,0.25390676832090964,0
East Zone 1,ORR East 2,4.0,0.0,52,1,1,0,0.07201901452405948,0
West Zone 2,West of Chord Road,0.0,4.0,52,1,1,0,0.06761944955010137,0
South Zone 2,Non-corridor,2.0,8.0,52,1,0,0,0.07976257709662671,0
Central Zone 2,Non-corridor,3.0,8.0,52,1,1,0,0.3030158837008929,0
North Zone 2,Bellary Road 1,1.0,8.0,52,3,3,0,0.17720939675572323,0
North Zone 2,Bellary Road 1,0.0,12.0,52,1,1,0,0.06870410049559011,0
North Zone 2,Bellary Road 1,0.0,4.0,52,1,1,0,0.08078851142197752,0
Central Zone 2,Non-corridor,5.0,0.0,52,2,1,0,0.3030158837008929,0
North Zone 2,Bellary Road 1,3.0,0.0,52,1,0,0,0.06989723696972415,0
Central Zone 2,Mysore Road,1.0,4.0,52,1,0,0,0.12946898907872678,0
Central Zone 2,Non-corridor,4.0,12.0,52,1,1,0,0.3030158837008929,0
Central Zone 2,Non-corridor,4.0,16.0,52,1,1,0,0.2605239407688276,0
South Zone 1,Non-corridor,5.0,8.0,52,1,1,0,0.20196183761391875,0
South Zone 1,Non-corridor,1.0,0.0,52,1,1,0,0.08285889044969433,0
South Zone 1,Non-corridor,1.0,4.0,52,1,1,1,0.11298066248584554,0
South Zone 1,Non-corridor,1.0,8.0,52,1,1,0,0.1668648874774758,0
South Zone 1,Non-corridor,1.0,12.0,52,1,1,0,0.13782663030869122,0
Central Zone 1,Non-corridor,2.0,0.0,52,1,1,0,0.08038193130046749,0
Central Zone 2,Mysore Road,1.0,12.0,52,1,1,0,0.2377529394587033,0
South Zone 2,Non-corridor,1.0,0.0,52,1,0,0,0.08330758351573318,0
Central Zone 2,Non-corridor,3.0,12.0,52,1,1,1,0.3030158837008929,0
North Zone 2,Bellary Road 1,5.0,8.0,52,1,1,0,0.19663637560283903,0
Central Zone 2,Non-corridor,4.0,8.0,52,1,1,0,0.22698518986041608,0
South Zone 2,Non-corridor,3.0,8.0,52,1,0,0,0.08698268309065149,0
Central Zone 2,Non-corridor,4.0,0.0,52,1,1,0,0.17219626075175784,0
Central Zone 2,Mysore Road,1.0,8.0,52,1,1,0,0.16621005947996956,0
North Zone 2,Bellary Road 1,4.0,4.0,52,1,0,0,0.10448654476645826,0
West Zone 2,West of Chord Road,2.0,0.0,52,2,1,0,0.21157957291408766,0
East Zone 1,ORR East 1,4.0,4.0,52,1,1,0,0.19264339361989535,0
West Zone 2,West of Chord Road,2.0,8.0,52,1,1,0,0.12176516717676414,0
West Zone 2,West of Chord Road,1.0,0.0,52,1,0,0,0.08990041291754139,0
Central Zone 1,Mysore Road,4.0,8.0,52,1,1,0,0.07849467903356346,0
Central Zone 2,Non-corridor,4.0,4.0,52,1,1,0,0.29885353174478274,0
North Zone 2,Bellary Road 1,4.0,8.0,52,1,1,0,0.06989723696972415,0
North Zone 2,Bellary Road 1,4.0,12.0,52,1,1,0,0.07538973836486682,0
Central Zone 1,Hosur Road,1.0,4.0,52,1,1,0,0.06515941411529837,0
West Zone 2,West of Chord Road,5.0,4.0,52,1,1,0,0.16834414166769962,0
