zone,corridor,start_dow,hour_block,start_week,event_count,high_impact_count,avg_impact_score,avg_duration,peak_hour_pct,rain_pct,fog_pct,avg_visibility,avg_lane_block,road_closure_pct,tech_hub_pct,corroborated_pct,ipl_pct,holiday_pct,current_high_impact,target_next_week_high_impact,ewma_event_count,ewma_high_impact_count,ewma_avg_impact_score,lag1_event_count,lag2_event_count,lag4_event_count,lag1_high_impact_count,lag2_high_impact_count,lag4_high_impact_count,roll3_event_count,event_volatility,event_count_trend,high_impact_trend,bucket_sparsity,zone_enc,corridor_enc,risk_proba,risk_label
North Zone 2,ORR North 2,3.0,8.0,1,1,1,,,1.0,0.0,0.0,1.0,3.0,1.0,0.0,0.0,0.0,0.0,0,0,1.1251258850097656,0.6250648498535156,0.03676981032862568,1.0,1.0,3.0,0.0,1.0,3.0,1.0,1.0,0.0,-1.0,0,5,15,0.3122480960465609,MEDIUM
Central Zone 2,Non-corridor,1.0,8.0,1,2,0,0.49895,56.099999999999994,0.5,0.0,0.5,0.75,2.75,0.0,0.0,0.0,0.0,0.0,0,0,2.5601806640625,1.062255859375,0.3484854791838139,4.0,1.0,1.0,2.0,0.0,0.0,2.0,1.5,3.0,2.0,0,1,11,0.6700838857934093,HIGH
West Zone 2,West of Chord Road,4.0,0.0,1,1,1,,,0.0,0.0,0.0,1.0,3.0,0.0,0.0,0.0,0.0,0.0,0,0,1.0156707763671875,0.0272674560546875,0.2932745901093524,1.0,1.0,1.0,0.0,0.0,0.0,1.0,0.0,0.0,0.0,0,9,21,0.06629819660623508,LOW
West Zone 2,Tumkur Road,4.0,4.0,1,2,1,1.0298,84.5,0.0,0.0,0.5,0.75,2.5,0.0,0.0,0.0,0.0,0.0,0,0,1.0,0.0,0.48357039999999996,1.0,1.0,1.0,0.0,0.0,0.0,1.0,0.0,0.0,0.0,0,9,19,0.1884480016811622,LOW
Central Zone 1,Non-corridor,4.0,4.0,1,1,1,,,1.0,0.0,1.0,0.5,1.0,0.0,0.0,0.0,0.0,0.0,0,0,1.5625,0.5625,0.0224,2.0,1.0,2.0,0.0,1.0,2.0,1.3333333333333333,0.5773502691896257,1.0,-1.0,0,0,11,0.24996170869582546,LOW
Central Zone 1,Non-corridor,5.0,8.0,1,1,1,,,0.0,0.0,0.0,1.0,2.5,0.0,0.0,0.0,0.0,0.0,0,0,1.046875,0.953125,0.14383578947368422,1.0,1.0,1.0,1.0,1.0,0.0,1.0,0.0,0.0,0.0,0,0,11,0.14871794063390173,LOW
South Zone 2,Non-corridor,4.0,0.0,1,2,0,0.17935,51.85,0.0,0.0,0.5,0.75,1.75,0.0,0.0,0.0,0.0,0.0,0,0,1.0,0.40234375,0.3488749197630164,1.0,1.0,1.0,0.0,1.0,0.0,1.0,0.0,0.0,-1.0,0,7,11,0.3231420710497502,MEDIUM
South Zone 2,Non-corridor,1.0,4.0,1,1,1,,,0.0,0.0,1.0,0.5,1.0,0.0,0.0,1.0,0.0,0.0,0,0,1.0,0.5,0.166,1.0,1.0,0.0,1.0,0.0,0.0,1.0,0.0,0.0,1.0,0,7,11,0.12046805205189881,LOW
South Zone 2,Non-corridor,2.0,0.0,1,1,1,,,0.0,0.0,0.0,1.0,1.0,0.0,0.0,0.0,0.0,0.0,0,0,1.0,0.21875,0.31808773413897273,1.0,1.0,1.0,0.0,0.0,1.0,1.0,0.0,0.0,0.0,0,7,11,0.18513958668845912,LOW
South Zone 2,IRR(Thanisandra road),6.0,0.0,1,1,1,,,0.0,0.0,0.0,1.0,1.0,0.0,0.0,0.0,0.0,0.0,0,0,1.0,0.9296875,0.8521734138972809,1.0,1.0,1.0,1.0,1.0,0.0,1.0,0.0,0.0,0.0,0,7,8,0.07452414867309529,LOW
South Zone 2,IRR(Thanisandra road),6.0,4.0,1,1,0,0.7238,64.2,0.0,0.0,0.0,1.0,1.0,1.0,0.0,0.0,0.0,0.0,0,0,1.0,0.9375,0.37048400000000004,1.0,1.0,1.0,1.0,1.0,1.0,1.0,0.0,0.0,0.0,0,7,8,0.21405822853222362,LOW
North Zone 1,Bellary Road 2,3.0,4.0,1,1,1,,,0.0,0.0,1.0,0.5,3.0,0.0,1.0,0.0,0.0,0.0,0,0,1.0,0.75,1.12998,1.0,1.0,0.0,1.0,0.0,0.0,1.0,0.0,0.0,1.0,0,4,3,0.054176707539816606,LOW
North Zone 1,Bellary Road 1,4.0,16.0,1,1,0,0.0563,7.7,0.0,0.0,1.0,0.5,1.5,0.0,0.0,0.0,0.0,0.0,0,0,1.0,1.0,0.0,1.0,0.0,0.0,1.0,0.0,0.0,1.0,0.0,0.0,0.0,0,4,2,0.07412523116479665,LOW
South Zone 2,Non-corridor,1.0,0.0,1,1,1,,,0.0,0.0,0.0,1.0,2.5,0.0,0.0,0.0,0.0,0.0,0,0,1.0,0.75,0.081,1.0,1.0,0.0,1.0,1.0,0.0,1.0,0.0,0.0,0.0,0,7,11,0.09484266119847895,LOW
Central Zone 2,Non-corridor,4.0,8.0,1,4,2,0.4504,100.15,0.25,0.0,0.0,1.0,1.75,0.0,0.25,0.25,0.0,0.0,0,0,2.713618628324883,2.025906007622607,0.4545045195607863,1.0,6.0,1.0,1.0,4.0,1.0,3.6666666666666665,2.449489742783178,-5.0,-3.0,0,1,11,0.7183114868436348,HIGH
West Zone 1,Magadi Road,1.0,12.0,1,1,1,,,0.0,0.0,0.0,1.0,2.5,0.0,0.0,0.0,0.0,0.0,0,0,1.0,1.0,0.0,1.0,1.0,0.0,1.0,1.0,0.0,1.0,0.0,0.0,0.0,0,8,9,0.11451727877217159,LOW
Central Zone 2,Mysore Road,1.0,12.0,1,1,1,,,0.0,0.0,1.0,0.5,2.5,0.0,0.0,0.0,0.0,0.0,0,0,1.0,0.59375,0.8014978947368421,1.0,1.0,1.0,1.0,0.0,1.0,1.0,0.0,0.0,1.0,0,1,10,0.18837790207099006,LOW
South Zone 2,ORR East 1,6.0,4.0,1,2,0,0.1733,35.55,0.0,0.0,1.0,0.5,1.0,0.0,0.0,1.0,0.0,0.0,0,0,1.5,1.1875,0.22579999999999997,2.0,1.0,1.0,2.0,0.0,0.0,1.3333333333333333,0.5,1.0,2.0,0,7,12,0.314661847253838,MEDIUM
North Zone 2,Bellary Road 1,4.0,0.0,1,1,1,,,0.0,0.0,0.0,1.0,2.5,0.0,0.0,0.0,0.0,0.0,0,0,1.125490330716275,0.4139706103342178,0.2118799500747634,1.0,1.0,1.0,0.0,1.0,0.0,1.3333333333333333,0.5,0.0,-1.0,0,5,2,0.3282017379478324,MEDIUM
East Zone 2,Non-corridor,0.0,0.0,1,1,0,0.42,139.7,0.0,0.0,0.0,1.0,1.0,0.0,1.0,0.0,0.0,1.0,0,0,0.0,0.0,0.0,0.0,0.0,0.0,0.0,0.0,0.0,0.0,0.0,0.0,0.0,0,3,11,0.04060035965784495,LOW
North Zone 2,ORR North 2,2.0,0.0,1,1,1,,,0.0,0.0,0.0,1.0,2.5,0.0,0.0,0.0,0.0,0.0,0,0,1.53515625,0.95703125,0.3273734791524265,2.0,1.0,1.0,1.0,1.0,0.0,1.3333333333333333,0.5,1.0,0.0,0,5,15,0.3662918125670338,MEDIUM
North Zone 2,Non-corridor,6.0,8.0,1,1,0,0.2498,44.0,0.0,0.0,0.0,1.0,2.5,0.0,0.0,0.0,0.0,0.0,0,0,1.37890625,0.8427734375,0.13327594741234478,1.0,2.0,1.0,1.0,0.0,1.0,1.6666666666666667,0.5773502691896257,-1.0,1.0,0,5,11,0.1559068018049262,LOW
North Zone 2,Non-corridor,4.0,4.0,1,1,1,,,0.0,0.0,0.0,1.0,2.5,0.0,1.0,0.0,0.0,0.0,0,0,1.03515625,1.021484375,0.548104,1.0,1.0,1.0,1.0,1.0,1.0,1.0,0.0,0.0,0.0,0,5,11,0.40071404304714753,MEDIUM
Central Zone 2,Non-corridor,1.0,12.0,1,3,1,0.6459,583.75,0.0,0.0,1.0,0.5,1.6666666666666667,0.3333333333333333,0.6666666666666666,0.0,0.0,0.0,0,0,1.2752685546875,0.63897705078125,0.23561397746239265,1.0,2.0,1.0,0.0,2.0,0.0,1.3333333333333333,0.5,-1.0,-2.0,0,1,11,0.33065388322405487,MEDIUM
Central Zone 2,Non-corridor,1.0,0.0,1,3,3,,,0.0,0.0,0.6666666666666666,0.6666666666666666,1.8333333333333333,0.0,0.3333333333333333,0.0,0.0,0.0,1,0,1.856964111328125,1.676666259765625,1.1129507751241614,2.0,2.0,2.0,2.0,2.0,2.0,1.6666666666666667,0.49999999999999944,0.0,0.0,0,1,11,0.647698295872982,HIGH
Central Zone 1,ORR North 1,3.0,0.0,1,1,1,,,0.0,0.0,1.0,0.5,1.0,0.0,0.0,0.0,0.0,0.0,0,0,1.0,0.5,0.4241,1.0,1.0,0.0,1.0,0.0,0.0,1.0,0.0,0.0,1.0,0,0,14,0.12247680787493397,LOW
West Zone 2,Non-corridor,4.0,8.0,1,1,1,,,1.0,0.0,0.0,1.0,1.0,0.0,0.0,0.0,0.0,0.0,0,0,1.25,0.875,0.21862105263157897,1.0,1.0,2.0,1.0,0.0,1.0,1.3333333333333333,0.5773502691896257,0.0,1.0,0,9,11,0.09491234411310387,LOW
East Zone 2,ORR East 2,3.0,4.0,1,1,0,0.4519,30.9,0.0,0.0,0.0,1.0,3.0,0.0,0.0,0.0,0.0,0.0,0,0,1.5,1.5,2.1645,2.0,1.0,0.0,2.0,1.0,0.0,1.5,0.7071067811865476,1.0,1.0,0,3,13,0.1749258650367669,LOW
South Zone 2,Hosur Road,6.0,8.0,1,1,1,,,0.0,0.0,1.0,0.5,1.0,0.0,0.0,0.0,0.0,0.0,0,0,2.4140892727300525,2.30712776677683,0.9195840010294638,3.0,2.0,3.0,3.0,2.0,2.0,2.0,0.9574271077563382,1.0,1.0,0,7,7,0.07288248400341174,LOW
South Zone 2,Hosur Road,6.0,12.0,1,1,1,,,0.0,0.0,0.0,1.0,2.5,0.0,0.0,0.0,0.0,0.0,0,0,1.1377735137939453,0.37420447543263435,0.7863424168486842,1.0,1.0,1.0,0.0,0.0,1.0,1.3333333333333333,0.5,0.0,0.0,0,7,7,0.11246076016139402,LOW
Central Zone 2,Mysore Road,3.0,0.0,1,1,0,1.0998,75.2,0.0,0.0,0.0,1.0,3.0,0.0,0.0,0.0,0.0,0.0,0,0,1.4536921224134858,0.7661575098791218,0.19929144019772738,1.0,2.0,2.0,0.0,2.0,2.0,1.6666666666666667,0.5,-1.0,-2.0,0,1,10,0.3368853986885263,MEDIUM
West Zone 1,Magadi Road,2.0,8.0,1,1,1,,,0.0,0.0,0.0,1.0,1.0,0.0,0.0,0.0,0.0,0.0,0,0,1.65673828125,1.4501953125,0.37105497529085874,2.0,1.0,1.0,2.0,1.0,1.0,1.6666666666666667,0.5773502691896257,1.0,1.0,0,8,9,0.31197675766898464,MEDIUM
West Zone 1,Magadi Road,1.0,4.0,1,2,0,0.8858,71.05,0.0,0.0,0.0,1.0,2.75,0.0,0.0,0.0,0.0,0.0,0,0,1.25,0.75,0.6431298701298702,1.0,1.0,3.0,0.0,1.0,3.0,1.0,1.0,0.0,-1.0,0,8,9,0.37336657167628523,MEDIUM
West Zone 2,Non-corridor,4.0,12.0,1,1,1,,,0.0,0.0,0.0,1.0,1.0,0.0,0.0,0.0,0.0,0.0,0,0,1.0,0.71875,0.9616984894259818,1.0,1.0,1.0,1.0,0.0,1.0,1.0,0.0,0.0,1.0,0,9,11,0.04883254613112899,LOW
West Zone 2,Non-corridor,1.0,0.0,1,1,1,,,0.0,0.0,1.0,0.5,1.0,0.0,0.0,0.0,0.0,0.0,0,0,0.0,0.0,0.0,0.0,0.0,0.0,0.0,0.0,0.0,0.0,0.0,0.0,0.0,0,9,11,0.04851273654875473,LOW
West Zone 2,Non-corridor,1.0,4.0,1,1,1,,,0.0,0.0,0.0,1.0,1.0,0.0,0.0,0.0,0.0,0.0,0,0,1.0,1.0,0.0,1.0,0.0,0.0,1.0,0.0,0.0,1.0,0.0,0.0,0.0,0,9,11,0.04366175580781869,LOW
West Zone 2,Non-corridor,2.0,0.0,1,1,1,,,0.0,0.0,0.0,1.0,1.0,0.0,0.0,0.0,0.0,0.0,0,0,1.0,1.0,0.0,1.0,1.0,0.0,1.0,1.0,0.0,1.0,0.0,0.0,0.0,0,9,11,0.047200088912856986,LOW
West Zone 2,Non-corridor,2.0,8.0,1,2,2,,,0.5,0.0,1.0,0.5,2.5,0.5,0.0,0.0,0.0,0.0,0,0,2.0,1.0,0.2802,2.0,0.0,0.0,1.0,0.0,0.0,2.0,0.0,0.0,0.0,0,9,11,0.14736124632127562,LOW
West Zone 2,Mysore Road,4.0,12.0,1,1,1,2.34,1009.0,0.0,0.0,0.0,1.0,1.0,0.0,0.0,0.0,0.0,0.0,0,0,1.0,0.8125,0.77424,1.0,1.0,1.0,1.0,1.0,0.0,1.0,0.0,0.0,0.0,0,9,10,0.09276212564394849,LOW
West Zone 2,Mysore Road,2.0,8.0,1,1,1,,,1.0,0.0,1.0,0.5,1.0,0.0,0.0,0.0,0.0,0.0,0,0,2.0,1.0,0.5614,2.0,0.0,0.0,1.0,0.0,0.0,2.0,0.0,0.0,0.0,0,9,10,0.04243678198034111,LOW
West Zone 2,Mysore Road,3.0,0.0,1,1,0,0.2559,21.0,0.0,0.0,1.0,0.5,2.5,0.0,0.0,0.0,0.0,0.0,0,0,1.03125,0.21875,0.4575370389610389,1.0,1.0,1.0,0.0,0.0,1.0,1.0,0.0,0.0,0.0,0,9,10,0.2424440753964866,LOW
West Zone 2,Magadi Road,5.0,4.0,1,1,1,,,0.0,0.0,0.0,1.0,2.5,0.0,0.0,0.0,0.0,0.0,0,0,1.0,0.5,0.3115,1.0,1.0,0.0,1.0,0.0,0.0,1.0,0.0,0.0,1.0,0,9,9,0.05737858077684247,LOW
West Zone 2,Mysore Road,0.0,12.0,1,1,1,,,0.0,0.0,0.0,1.0,2.5,0.0,0.0,0.0,0.0,1.0,0,0,0.0,0.0,0.0,0.0,0.0,0.0,0.0,0.0,0.0,0.0,0.0,0.0,0.0,0,9,10,0.0622685258489741,LOW
West Zone 2,Mysore Road,1.0,4.0,1,2,1,0.6572,32.1,0.5,0.0,0.0,1.0,2.0,0.0,0.0,0.5,0.0,0.0,0,0,1.0,0.25,0.09916315789473684,1.0,1.0,0.0,0.0,1.0,0.0,1.0,0.0,0.0,-1.0,0,9,10,0.21372662670117382,LOW
East Zone 1,Non-corridor,6.0,4.0,1,1,1,,,0.0,0.0,1.0,0.5,3.0,1.0,1.0,0.0,0.0,0.0,0,0,1.500244140625,1.3703460693359375,1.082528760594015,2.0,1.0,1.0,2.0,1.0,1.0,1.3333333333333333,0.5,1.0,1.0,0,2,11,0.05365480225976049,LOW
East Zone 2,Non-corridor,3.0,20.0,1,1,0,0.201,59.0,0.0,0.0,1.0,0.5,1.5,0.0,1.0,0.0,0.0,0.0,0,0,1.0,1.0,0.0,1.0,1.0,0.0,1.0,1.0,0.0,1.0,0.0,0.0,0.0,0,3,11,0.19762250233265555,LOW
East Zone 2,Non-corridor,4.0,0.0,1,1,1,,,0.0,0.0,1.0,0.5,2.5,0.0,1.0,0.0,0.0,0.0,0,0,2.12969970703125,1.5459365844726562,0.19727240770762303,3.0,1.0,1.0,2.0,1.0,0.0,2.0,0.9574271077563381,2.0,1.0,0,3,11,0.21746481147500787,LOW
North Zone 2,Bellary Road 1,5.0,0.0,1,1,1,,,0.0,0.0,1.0,0.5,3.0,0.0,0.0,0.0,0.0,0.0,0,0,3.0979013483021802,3.026199161348309,0.44194658695892036,5.0,1.0,1.0,5.0,1.0,0.0,2.3333333333333335,2.0,4.0,4.0,0,5,2,0.06425917346782438,LOW
East Zone 1,ORR East 2,4.0,0.0,1,1,1,2.34,726.5,0.0,0.0,0.0,1.0,1.0,0.0,1.0,0.0,0.0,0.0,0,0,1.0012207702421652,1.000244200290604,2.3579899282647316,1.0,1.0,1.0,1.0,1.0,1.0,1.0,0.0,0.0,0.0,0,2,13,0.03269159004331568,LOW
West Zone 2,Bellary Road 1,6.0,12.0,1,1,1,,,0.0,0.0,0.0,1.0,1.0,0.0,0.0,0.0,0.0,0.0,0,0,1.111328125,0.4052734375,1.0137069696787422,1.0,1.0,1.0,0.0,1.0,0.0,1.0,0.0,0.0,-1.0,0,9,2,0.028995545807988413,LOW
North Zone 2,Tumkur Road,2.0,8.0,1,1,1,,,0.0,0.0,0.0,1.0,1.5,0.0,0.0,0.0,0.0,0.0,0,0,1.0,1.0,0.0,1.0,0.0,0.0,1.0,0.0,0.0,1.0,0.0,0.0,0.0,0,5,19,0.07906337835891772,LOW
North Zone 2,Tumkur Road,3.0,0.0,1,1,1,,,0.0,0.0,1.0,0.5,2.5,0.0,0.0,0.0,0.0,0.0,0,0,1.0,1.0,0.0,1.0,1.0,0.0,1.0,1.0,0.0,1.0,0.0,0.0,0.0,0,5,19,0.06389017088801385,LOW
North Zone 2,ORR North 2,6.0,0.0,1,1,1,,,0.0,0.0,1.0,0.5,3.0,0.0,0.0,0.0,0.0,0.0,0,0,1.0031814595131436,0.1232923118659528,0.4929023502856651,1.0,1.0,1.0,0.0,0.0,1.0,1.0,0.0,0.0,0.0,0,5,15,0.19138366209225202,LOW
Central Zone 2,Magadi Road,2.0,0.0,1,1,1,,,0.0,0.0,0.0,1.0,1.5,0.0,0.0,0.0,0.0,0.0,0,0,1.0,0.0,0.3739,1.0,0.0,0.0,0.0,0.0,0.0,1.0,0.0,0.0,0.0,0,1,9,0.07109953339612686,LOW
Central Zone 2,Magadi Road,4.0,4.0,1,1,0,1.2017,98.6,0.0,0.0,0.0,1.0,2.5,0.0,0.0,0.0,0.0,0.0,0,0,1.25,0.25,0.4329720000000001,1.0,1.0,0.0,0.0,0.0,0.0,1.3333333333333333,0.5773502691896257,0.0,0.0,0,1,9,0.32764056580254675,MEDIUM
West Zone 1,Magadi Road,5.0,8.0,1,1,1,,,0.0,0.0,0.0,1.0,1.5,0.0,0.0,0.0,0.0,0.0,0,0,1.2613537916913629,0.98880853690207,1.0160271265592244,1.0,2.0,1.0,1.0,1.0,1.0,1.3333333333333333,0.5,-1.0,0.0,0,8,9,0.05098151703653959,LOW
West Zone 1,Magadi Road,3.0,4.0,1,1,0,0.1531,31.4,0.0,0.0,1.0,0.5,1.0,0.0,0.0,0.0,0.0,0.0,0,0,1.0039443969726562,0.23818206787109375,0.29184803268435905,1.0,1.0,1.0,0.0,0.0,1.0,1.0,0.0,0.0,0.0,0,8,9,0.3774070731793718,MEDIUM
East Zone 1,ORR East 2,3.0,0.0,1,1,1,2.34,722.8,0.0,0.0,1.0,0.5,1.0,0.0,1.0,0.0,0.0,0.0,0,0,1.0043985905358568,1.0039102450245991,2.33558710227977,1.0,1.0,1.0,1.0,1.0,1.0,1.0,0.0,0.0,0.0,0,2,13,0.040283563741359704,LOW
North Zone 1,Airport New South Road,1.0,0.0,1,1,1,1.7774,364.6,0.0,0.0,0.0,1.0,1.0,0.0,1.0,0.0,0.0,0.0,0,0,1.0,1.0,0.0,1.0,0.0,0.0,1.0,0.0,0.0,1.0,0.0,0.0,0.0,0,4,0,0.027743890627336884,LOW
East Zone 1,Non-corridor,3.0,8.0,1,2,2,,,0.0,0.0,0.0,1.0,1.75,0.0,1.0,0.0,0.0,0.0,0,0,1.65625,0.640625,0.22020690909090906,2.0,1.0,1.0,1.0,0.0,1.0,1.6666666666666667,0.5773502691896257,1.0,1.0,0,2,11,0.29919579975869964,LOW
Central Zone 2,Non-corridor,4.0,0.0,1,4,1,0.39233333333333337,72.53333333333335,0.0,0.0,0.25,0.875,1.875,0.25,0.0,0.0,0.0,0.0,0,1,2.772606994709143,1.8303864688888827,0.2633163731506861,3.0,1.0,4.0,2.0,1.0,4.0,2.6666666666666665,1.4142135623730916,2.0,1.0,0,1,11,0.7172740121448937,HIGH
Central Zone 2,Non-corridor,5.0,4.0,1,3,2,0.6692,113.7,0.0,0.0,0.6666666666666666,0.6666666666666666,2.6666666666666665,0.0,0.0,0.0,0.0,0.0,0,0,1.626224897199286,1.075623826243176,0.11819685499828822,1.0,3.0,2.0,1.0,1.0,2.0,1.6666666666666667,0.9574271077563384,-2.0,0.0,0,1,11,0.49102557411731723,MEDIUM
North Zone 1,ORR North 2,5.0,0.0,1,1,1,,,0.0,0.0,1.0,0.5,2.5,0.0,0.0,0.0,0.0,0.0,0,0,1.0,1.0,1.8063636363636362,1.0,1.0,1.0,1.0,1.0,1.0,1.0,0.0,0.0,0.0,0,4,15,0.05158590008642207,LOW
Central Zone 2,Non-corridor,5.0,8.0,1,1,1,,,1.0,0.0,0.0,1.0,2.5,0.0,0.0,0.0,0.0,0.0,0,0,1.2118734619495932,0.6910973089332726,0.260273129955244,1.0,1.0,3.0,1.0,0.0,2.0,1.0,1.0,0.0,1.0,0,1,11,0.5216747502203575,MEDIUM
East Zone 2,Non-corridor,4.0,4.0,1,1,0,0.7656,120.1,0.0,0.0,0.0,1.0,3.0,0.0,1.0,0.0,0.0,0.0,0,0,1.03125,0.9423828125,0.28878093074792244,1.0,1.0,1.0,1.0,1.0,1.0,1.0,0.0,0.0,0.0,0,3,11,0.16521914359080436,LOW
East Zone 2,Non-corridor,4.0,8.0,1,1,1,,,1.0,0.0,0.0,1.0,3.0,0.0,1.0,0.0,0.0,0.0,0,0,1.04296875,0.711669921875,0.14511626925076937,1.0,1.0,1.0,1.0,0.0,0.0,1.0,0.0,0.0,1.0,0,3,11,0.2055564285150214,LOW
East Zone 2,Non-corridor,2.0,8.0,1,1,1,,,1.0,0.0,0.0,1.0,1.0,0.0,1.0,0.0,0.0,0.0,0,0,1.34375,0.693359375,0.21980101286273535,1.0,1.0,2.0,0.0,1.0,0.0,1.6666666666666667,0.9574271077563381,0.0,-1.0,0,3,11,0.21457527757571015,LOW
East Zone 2,Non-corridor,2.0,12.0,1,1,0,0.1965,26.2,0.0,0.0,0.0,1.0,3.0,0.0,1.0,0.0,0.0,0.0,0,0,1.0,0.4375,0.6419960725075528,1.0,1.0,1.0,0.0,1.0,1.0,1.0,0.0,0.0,-1.0,0,3,11,0.2314051668229713,LOW
North Zone 2,Bellary Road 1,6.0,4.0,1,1,0,0.0502,10.3,0.0,0.0,1.0,0.5,1.0,0.0,0.0,0.0,0.0,0.0,0,0,1.589859491221432,1.2429190575346638,0.2305438720023321,1.0,2.0,1.0,1.0,1.0,0.0,2.0,0.9574271077563381,-1.0,0.0,0,5,2,0.046150147435626634,LOW
Central Zone 2,Mysore Road,3.0,4.0,1,1,1,,,0.0,0.0,0.0,1.0,2.5,0.0,0.0,0.0,0.0,0.0,0,0,1.2536702582146972,0.703528601443395,0.24711132673912548,1.0,1.0,2.0,1.0,0.0,2.0,1.3333333333333333,0.5773502691896257,0.0,1.0,0,1,10,0.543464120596482,MEDIUM
South Zone 2,Hosur Road,3.0,0.0,1,1,1,,,0.0,0.0,0.0,1.0,1.0,0.0,0.0,0.0,0.0,0.0,0,0,1.0328445434570312,0.8320751190185547,0.22042767579802694,1.0,1.0,1.0,1.0,1.0,0.0,1.0,0.0,0.0,0.0,0,7,7,0.3649253904554287,MEDIUM
Central Zone 2,Mysore Road,3.0,8.0,1,1,1,,,1.0,0.0,0.0,1.0,2.5,0.0,0.0,0.0,0.0,0.0,0,0,2.008799737901427,0.42320295082754456,0.6277618300824054,2.0,2.0,3.0,0.0,1.0,2.0,2.0,0.49999999999999994,0.0,-1.0,0,1,10,0.30937234508195466,MEDIUM
West Zone 2,Bellary Road 1,4.0,4.0,1,1,1,,,0.0,0.0,0.0,1.0,1.0,0.0,0.0,0.0,0.0,0.0,0,0,1.125,0.482421875,1.9647551144598336,1.0,1.0,1.0,0.0,1.0,1.0,1.3333333333333333,0.5,0.0,-1.0,0,9,2,0.03605448130541777,LOW
North Zone 1,Bellary Road 2,5.0,8.0,1,1,0,1.0764,73.6,0.0,0.0,0.0,1.0,3.0,0.0,1.0,0.0,0.0,0.0,0,0,1.09375,0.4375,0.5744274094326726,1.0,1.0,2.0,0.0,1.0,2.0,1.0,0.5,0.0,-1.0,0,4,3,0.24004616652350907,LOW
North Zone 1,Bellary Road 2,5.0,12.0,1,1,0,0.3807,78.1,0.0,0.0,1.0,0.5,1.0,0.0,1.0,0.0,0.0,0.0,0,0,1.5,1.0,0.4027,2.0,1.0,0.0,2.0,0.0,0.0,1.5,0.7071067811865476,1.0,2.0,0,4,3,0.27990601644795415,LOW
East Zone 1,Non-corridor,0.0,4.0,1,1,1,,,0.0,0.0,0.0,1.0,1.0,0.0,1.0,0.0,0.0,1.0,0,0,0.0,0.0,0.0,0.0,0.0,0.0,0.0,0.0,0.0,0.0,0.0,0.0,0.0,0,2,11,0.05702005593725174,LOW
Central Zone 1,Old Madras Road,0.0,0.0,1,1,1,1.8822,99.0,0.0,0.0,0.0,1.0,3.0,0.0,0.0,0.0,0.0,1.0,0,0,0.0,0.0,0.0,0.0,0.0,0.0,0.0,0.0,0.0,0.0,0.0,0.0,0.0,0,0,18,0.027991721732663375,LOW
Central Zone 2,CBD 2,5.0,8.0,1,1,1,,,1.0,0.0,0.0,1.0,1.0,0.0,0.0,0.0,0.0,0.0,0,0,1.008056640625,0.507568359375,0.46955187467099413,1.0,1.0,1.0,0.0,1.0,1.0,1.0,0.0,0.0,-1.0,0,1,5,0.13159917801890422,LOW
West Zone 1,Mysore Road,2.0,8.0,1,1,1,,,0.0,0.0,0.0,1.0,3.0,0.0,0.0,0.0,0.0,0.0,0,0,1.0,0.75,0.7717,1.0,1.0,1.0,1.0,0.0,1.0,1.0,0.0,0.0,1.0,0,8,10,0.16878286898062292,LOW
South Zone 2,Hosur Road,2.0,8.0,1,2,2,,,0.0,0.0,0.0,1.0,2.5,0.0,0.0,0.0,0.0,0.0,0,0,1.171875,0.8828125,1.1754494736842107,1.0,1.0,1.0,1.0,1.0,1.0,1.3333333333333333,0.5,0.0,0.0,0,7,7,0.10865306542938623,LOW
South Zone 2,Hosur Road,2.0,12.0,1,1,1,,,0.0,0.0,1.0,0.5,3.0,0.0,1.0,0.0,0.0,0.0,0,0,1.0,0.3125,0.9443282548476455,1.0,1.0,1.0,0.0,1.0,1.0,1.0,0.0,0.0,-1.0,0,7,7,0.04367277653814861,LOW
Central Zone 2,Mysore Road,3.0,12.0,1,1,0,0.0804,6.6,0.0,0.0,0.0,1.0,2.5,0.0,0.0,0.0,0.0,0.0,0,0,1.3193359375,0.5466766357421875,0.36472103268294614,1.0,2.0,2.0,0.0,1.0,2.0,1.3333333333333333,0.5773502691896257,-1.0,-1.0,0,1,10,0.3606283544676728,MEDIUM
North Zone 2,Bellary Road 1,6.0,8.0,1,1,1,,,0.0,0.0,0.0,1.0,1.0,0.0,0.0,0.0,0.0,0.0,0,0,1.3762240393100118,0.991564570686879,0.6985989460133125,1.0,2.0,3.0,1.0,1.0,3.0,1.3333333333333333,0.9574271077563381,-1.0,0.0,0,5,2,0.10587736732688331,LOW
East Zone 2,Non-corridor,5.0,0.0,1,3,2,0.5201,87.6,0.0,0.0,0.0,1.0,1.6666666666666667,0.3333333333333333,1.0,0.0,0.0,0.0,0,0,1.0978031158447266,0.5170605182647705,0.6407045079104255,1.0,1.0,2.0,0.0,1.0,1.0,1.0,0.4999999999999999,0.0,-1.0,0,3,11,0.22620496616823374,LOW
East Zone 2,Non-corridor,5.0,8.0,1,1,1,,,0.0,0.0,1.0,0.5,1.5,0.0,1.0,0.0,0.0,0.0,0,0,1.50067138671875,0.5267448425292969,0.4289519642774324,2.0,1.0,1.0,1.0,0.0,0.0,1.3333333333333333,0.5,1.0,1.0,0,3,11,0.14182702938895084,LOW
West Zone 1,Mysore Road,3.0,12.0,1,3,3,,,0.0,0.0,0.0,1.0,1.6666666666666667,0.0,0.0,0.0,0.0,0.0,1,0,1.0,0.75,0.3583,1.0,1.0,1.0,1.0,0.0,1.0,1.0,0.0,0.0,1.0,0,8,10,0.22725248397356604,LOW
West Zone 1,Mysore Road,1.0,8.0,1,1,1,,,1.0,0.0,1.0,0.5,1.0,1.0,0.0,0.0,0.0,0.0,0,0,1.0,1.0,0.0,1.0,1.0,0.0,1.0,1.0,0.0,1.0,0.0,0.0,0.0,0,8,10,0.0840275281767176,LOW
Central Zone 2,Magadi Road,1.0,4.0,1,2,1,0.0609,12.5,0.5,0.0,1.0,0.5,2.0,0.0,0.0,0.0,0.0,0.0,0,0,0.0,0.0,0.0,0.0,0.0,0.0,0.0,0.0,0.0,0.0,0.0,0.0,0.0,0,1,9,0.07277414999330169,LOW
West Zone 2,Bellary Road 1,0.0,4.0,1,1,1,,,1.0,0.0,1.0,0.5,3.0,0.0,0.0,0.0,0.0,1.0,0,0,0.0,0.0,0.0,0.0,0.0,0.0,0.0,0.0,0.0,0.0,0.0,0.0,0.0,0,9,2,0.034855162831033376,LOW
North Zone 2,Tumkur Road,3.0,16.0,1,1,1,,,0.0,0.0,0.0,1.0,2.5,0.0,0.0,0.0,0.0,0.0,0,0,0.0,0.0,0.0,0.0,0.0,0.0,0.0,0.0,0.0,0.0,0.0,0.0,0.0,0,5,19,0.14650434978413004,LOW
North Zone 2,Tumkur Road,4.0,4.0,1,1,1,,,0.0,0.0,0.0,1.0,2.5,0.0,0.0,0.0,0.0,0.0,0,0,1.5,1.5,0.0,1.0,2.0,0.0,1.0,2.0,0.0,1.6666666666666667,0.5773502691896258,-1.0,-1.0,0,5,19,0.06531401533305144,LOW
South Zone 1,Bannerghata Road,0.0,4.0,1,1,1,,,0.0,0.0,0.0,1.0,1.0,0.0,0.0,0.0,0.0,1.0,0,0,0.0,0.0,0.0,0.0,0.0,0.0,0.0,0.0,0.0,0.0,0.0,0.0,0.0,0,6,1,0.07911076574734725,LOW
South Zone 1,Bannerghata Road,2.0,8.0,1,1,1,,,0.0,0.0,0.0,1.0,1.0,0.0,0.0,0.0,0.0,0.0,0,0,0.0,0.0,0.0,0.0,0.0,0.0,0.0,0.0,0.0,0.0,0.0,0.0,0.0,0,6,1,0.09217746353434621,LOW
South Zone 1,Bannerghata Road,5.0,0.0,1,1,1,,,0.0,0.0,1.0,0.5,3.0,0.0,0.0,0.0,0.0,0.0,0,0,1.0,1.0,0.0,1.0,0.0,0.0,1.0,0.0,0.0,1.0,0.0,0.0,0.0,0,6,1,0.07233742528253496,LOW
North Zone 2,Non-corridor,4.0,12.0,1,1,0,0.1163,20.3,0.0,0.0,0.0,1.0,2.5,0.0,1.0,0.0,0.0,0.0,0,0,1.40625,1.3046875,0.21448541922077918,1.0,2.0,1.0,1.0,2.0,0.0,1.6666666666666667,0.5773502691896257,-1.0,-1.0,0,5,11,0.12622997040443013,LOW
North Zone 2,Non-corridor,2.0,4.0,1,1,1,,,0.0,0.0,0.0,1.0,2.5,0.0,0.0,0.0,0.0,0.0,0,0,2.125,1.6875,0.548104,3.0,1.0,1.0,3.0,0.0,0.0,2.0,0.9574271077563381,2.0,3.0,0,5,11,0.23954040143931962,LOW
West Zone 2,Bellary Road 1,1.0,0.0,1,1,1,,,0.0,0.0,0.0,1.0,3.0,0.0,0.0,0.0,0.0,0.0,0,0,1.0,0.0,0.1965,1.0,0.0,0.0,0.0,0.0,0.0,1.0,0.0,0.0,0.0,0,9,2,0.046300271113314535,LOW
West Zone 2,Bellary Road 1,1.0,4.0,1,1,1,1.6073,235.5,1.0,0.0,0.0,1.0,1.0,0.0,0.0,0.0,0.0,0.0,0,0,1.0,0.75,0.9945,1.0,1.0,0.0,1.0,0.0,0.0,1.0,0.0,0.0,1.0,0,9,2,0.0341360929048428,LOW
West Zone 1,West of Chord Road,1.0,0.0,1,1,1,,,0.0,0.0,0.0,1.0,1.0,1.0,0.0,0.0,0.0,0.0,0,0,1.0,1.0,0.0,1.0,0.0,0.0,1.0,0.0,0.0,1.0,0.0,0.0,0.0,0,8,21,0.06347364765301419,LOW
West Zone 1,West of Chord Road,3.0,4.0,1,1,1,,,0.0,0.0,0.0,1.0,3.0,0.0,0.0,0.0,0.0,0.0,0,0,1.0,0.0,0.5401,1.0,0.0,0.0,0.0,0.0,0.0,1.0,0.0,0.0,0.0,0,8,21,0.07782946624496627,LOW
Central Zone 1,Old Madras Road,1.0,8.0,1,1,1,,,1.0,0.0,0.0,1.0,2.5,0.0,0.0,0.0,0.0,0.0,0,0,1.0,0.375,0.2783421052631579,1.0,1.0,1.0,0.0,1.0,1.0,1.0,0.0,0.0,-1.0,0,0,18,0.10155485298187575,LOW
West Zone 1,Tumkur Road,6.0,8.0,1,1,1,,,1.0,0.0,0.0,1.0,1.0,0.0,0.0,0.0,0.0,0.0,0,0,1.094635572488329,0.9912924252312134,0.5354292292852134,1.0,1.0,2.0,1.0,1.0,1.0,1.0,0.4999999999999999,0.0,0.0,0,8,19,0.30232586706796055,MEDIUM
Central Zone 2,Old Madras Road,2.0,8.0,1,1,1,,,0.0,0.0,0.0,1.0,3.0,0.0,0.0,0.0,0.0,0.0,0,0,0.0,0.0,0.0,0.0,0.0,0.0,0.0,0.0,0.0,0.0,0.0,0.0,0.0,0,1,18,0.03649366837317124,LOW
South Zone 2,Hosur Road,2.0,0.0,1,1,0,0.3612,49.4,0.0,0.0,0.0,1.0,1.5,0.0,0.0,0.0,0.0,0.0,0,0,1.2041015625,0.505615234375,0.3191270613629706,1.0,1.0,1.0,0.0,1.0,0.0,1.3333333333333333,0.4999999999999999,0.0,-1.0,0,7,7,0.4826322139226409,MEDIUM
Central Zone 2,Mysore Road,4.0,4.0,1,2,1,0.39,12.8,0.0,0.0,0.5,0.75,1.75,0.5,0.0,0.0,0.0,0.0,0,0,1.251100424930769,1.2088396135749235,0.1414861547270238,1.0,2.0,1.0,1.0,2.0,1.0,1.3333333333333333,0.5,-1.0,-1.0,0,1,10,0.12489582445406895,LOW
North Zone 2,Bellary Road 2,1.0,0.0,1,2,2,2.1255,1323.3,0.0,0.0,0.0,1.0,1.0,0.0,1.0,0.0,0.0,0.0,0,0,1.0,1.0,3.042,1.0,1.0,1.0,1.0,1.0,1.0,1.0,0.0,0.0,0.0,0,5,3,0.028892544494520774,LOW
Central Zone 2,Non-corridor,3.0,8.0,1,2,1,0.9506,152.1,0.0,0.0,0.0,1.0,1.75,0.0,0.0,0.0,0.0,0.0,0,0,1.6834071963396855,1.2089244413569133,0.7687759764801382,1.0,2.0,2.0,1.0,1.0,1.0,2.0,0.8164965809277261,-1.0,0.0,0,1,11,0.628431663261338,HIGH
North Zone 2,Bellary Road 1,6.0,12.0,1,3,3,,,0.0,0.0,0.3333333333333333,0.8333333333333334,2.0,0.0,0.0,0.0,0.0,0.0,1,0,1.0026593822985888,0.029976394027471542,0.8923785247964822,1.0,1.0,1.0,0.0,0.0,0.0,1.0,0.0,0.0,0.0,0,5,2,0.07437116046185493,LOW
South Zone 2,Bannerghata Road,6.0,0.0,1,1,1,,,0.0,0.0,0.0,1.0,1.0,0.0,0.0,0.0,0.0,0.0,0,0,2.531417965888977,2.4989395439624786,0.6681343528855287,4.0,1.0,1.0,4.0,1.0,1.0,2.0,1.5,3.0,3.0,0,7,1,0.08206445983199123,LOW
West Zone 1,Mysore Road,5.0,4.0,1,1,0,0.3293,19.3,1.0,0.0,1.0,0.5,2.5,0.0,0.0,0.0,0.0,0.0,0,0,1.0,0.5,0.3374,1.0,1.0,0.0,0.0,1.0,0.0,1.0,0.0,0.0,-1.0,0,8,10,0.2617988353832772,LOW
West Zone 1,Mysore Road,6.0,4.0,1,1,1,,,0.0,0.0,1.0,0.5,3.0,0.0,0.0,0.0,0.0,0.0,0,0,1.0,0.125,0.337496,1.0,1.0,1.0,0.0,0.0,1.0,1.0,0.0,0.0,0.0,0,8,10,0.11357270690185174,LOW
Central Zone 2,CBD 2,2.0,0.0,1,1,1,,,0.0,0.0,0.0,1.0,1.0,0.0,0.0,0.0,0.0,0.0,0,0,1.0,0.875,1.2227,1.0,1.0,1.0,1.0,1.0,0.0,1.0,0.0,0.0,0.0,0,1,5,0.07173199091792001,LOW
Central Zone 2,CBD 2,2.0,12.0,1,2,2,,,0.0,0.0,0.0,1.0,2.5,0.0,0.0,0.0,0.0,0.0,0,0,1.0,1.0,0.0,1.0,0.0,0.0,1.0,0.0,0.0,1.0,0.0,0.0,0.0,0,1,5,0.039773559664177706,LOW
North Zone 2,Bellary Road 2,2.0,4.0,1,3,2,1.14065,49.5,0.6666666666666666,0.0,0.0,1.0,1.5,0.3333333333333333,1.0,0.3333333333333333,0.0,0.0,0,0,1.50048828125,1.21923828125,0.8089298701298702,2.0,1.0,1.0,2.0,0.0,1.0,1.3333333333333333,0.5,1.0,2.0,0,5,3,0.3057032967527325,MEDIUM
West Zone 1,Non-corridor,2.0,8.0,1,2,0,0.3548,60.3,0.0,0.0,0.5,0.75,2.5,0.0,0.0,0.0,0.0,0.0,0,0,2.25,1.9453125,0.4816519667590028,1.0,4.0,3.0,1.0,4.0,3.0,3.0,1.4142135623730951,-3.0,-3.0,0,8,11,0.5284798667062378,MEDIUM
North Zone 1,ORR North 1,5.0,4.0,1,2,2,,,0.0,0.0,0.5,0.75,1.25,0.5,1.0,0.0,0.0,0.0,0,0,1.0322304535657167,0.3415064960718155,0.41540561309111584,1.0,1.0,1.0,0.0,1.0,1.0,1.0,0.0,0.0,-1.0,0,4,14,0.17827201223683384,LOW
Central Zone 2,Non-corridor,5.0,12.0,1,1,0,0.0617,24.7,0.0,0.0,0.0,1.0,1.0,0.0,0.0,0.0,0.0,0.0,0,0,1.6317322649425692,1.2435427234269856,0.46486267254125846,1.0,1.0,2.0,1.0,1.0,2.0,1.6666666666666667,0.957427107756339,0.0,0.0,0,1,11,0.6002902229239757,HIGH
West Zone 1,Non-corridor,0.0,8.0,1,1,0,0.2247,76.1,0.0,0.0,0.0,1.0,1.0,0.0,0.0,0.0,0.0,1.0,0,0,0.0,0.0,0.0,0.0,0.0,0.0,0.0,0.0,0.0,0.0,0.0,0.0,0.0,0,8,11,0.2240454346089089,LOW
Central Zone 2,Old Madras Road,4.0,0.0,1,1,1,,,0.0,0.0,1.0,0.5,3.0,0.0,0.0,0.0,0.0,0.0,0,0,1.25,1.0,0.5587,1.0,2.0,0.0,1.0,1.0,0.0,1.3333333333333333,0.5773502691896257,-1.0,0.0,0,1,18,0.24801758079414718,LOW
South Zone 1,Non-corridor,6.0,0.0,1,1,0,0.6359,114.1,0.0,0.0,0.0,1.0,2.5,0.0,0.0,0.0,0.0,0.0,0,0,1.50042724609375,1.2872314453125,0.517587607098835,2.0,1.0,1.0,2.0,1.0,0.0,1.3333333333333333,0.5,1.0,1.0,0,6,11,0.20508402233999792,LOW
South Zone 1,Non-corridor,3.0,0.0,1,1,0,1.15,737.9,0.0,0.0,0.0,1.0,1.0,0.0,0.0,0.0,0.0,0.0,0,0,1.0546875,0.765625,0.2534583732057416,1.0,1.0,1.0,1.0,0.0,1.0,1.0,0.0,0.0,1.0,0,6,11,0.21422981788149442,LOW
South Zone 1,Non-corridor,4.0,0.0,1,1,0,0.3512,66.1,0.0,0.0,0.0,1.0,2.5,0.0,0.0,0.0,0.0,0.0,0,0,1.00341796875,0.2978515625,0.6285126784980583,1.0,1.0,1.0,0.0,1.0,0.0,1.0,0.0,0.0,-1.0,0,6,11,0.33627849120859066,MEDIUM
South Zone 1,Non-corridor,4.0,4.0,1,1,1,,,0.0,0.0,0.0,1.0,2.5,0.0,0.0,0.0,0.0,0.0,0,0,8.5625,6.6875,0.2911992640692641,3.0,1.0,1.0,0.0,0.0,1.0,19.0,25.68397684679432,2.0,0.0,0,6,11,0.32080650524278287,MEDIUM
South Zone 1,Non-corridor,1.0,0.0,1,4,4,1.8408,249.6,0.0,0.0,0.25,0.875,2.625,0.25,0.0,0.0,0.0,0.0,1,0,1.0,0.0,0.3448,1.0,0.0,0.0,0.0,0.0,0.0,1.0,0.0,0.0,0.0,0,6,11,0.06556529477564883,LOW
South Zone 1,Non-corridor,1.0,8.0,1,1,0,0.0485,22.6,0.0,0.0,0.0,1.0,1.0,0.0,0.0,0.0,0.0,0.0,0,0,0.0,0.0,0.0,0.0,0.0,0.0,0.0,0.0,0.0,0.0,0.0,0.0,0.0,0,6,11,0.07321217885771242,LOW
Central Zone 1,Old Madras Road,2.0,8.0,1,1,0,0.7802,65.1,0.0,0.0,1.0,0.5,2.5,0.0,0.0,0.0,0.0,0.0,0,0,1.08203125,0.326904296875,0.5506486866088571,1.0,1.0,2.0,0.0,1.0,0.0,1.0,0.5,0.0,-1.0,0,0,18,0.29145614084048904,LOW
Central Zone 1,Old Madras Road,2.0,12.0,1,2,2,,,0.0,0.0,1.0,0.5,2.5,0.0,0.0,0.0,0.0,0.0,0,0,1.3125,1.125,0.11282,1.0,2.0,1.0,1.0,2.0,0.0,1.3333333333333333,0.5,-1.0,-1.0,0,0,18,0.16229965773563088,LOW
West Zone 1,Non-corridor,6.0,4.0,1,2,0,0.2556,42.900000000000006,0.0,0.0,0.0,1.0,2.5,0.0,0.0,0.0,0.0,0.0,0,0,2.50830078125,2.256702423095703,1.1259177248354713,4.0,1.0,1.0,4.0,0.0,1.0,2.0,1.5,3.0,4.0,0,8,11,0.24642147229384337,LOW
West Zone 1,Non-corridor,6.0,12.0,1,1,0,0.1024,43.9,0.0,0.0,0.0,1.0,1.0,0.0,0.0,0.0,0.0,0.0,0,0,1.0366249084472656,0.7261619567871094,0.3024242706848956,1.0,1.0,1.0,1.0,0.0,1.0,1.0,0.0,0.0,1.0,0,8,11,0.17888551808486378,LOW
Central Zone 2,CBD 2,0.0,8.0,1,1,0,0.8255,52.1,0.0,0.0,0.0,1.0,2.5,0.0,0.0,0.0,0.0,1.0,0,0,0.0,0.0,0.0,0.0,0.0,0.0,0.0,0.0,0.0,0.0,0.0,0.0,0.0,0,1,5,0.03373058955888321,LOW
West Zone 1,Non-corridor,5.0,0.0,1,2,2,,,0.0,0.0,0.0,1.0,2.75,0.0,0.0,0.0,0.0,0.0,0,0,1.813523292541504,0.45909786224365234,0.7057815563484702,1.0,4.0,2.0,0.0,1.0,1.0,2.0,1.4142135623730951,-3.0,-1.0,0,8,11,0.32033795949514765,MEDIUM
West Zone 1,Non-corridor,4.0,4.0,1,1,1,,,0.0,0.0,0.0,1.0,2.5,0.0,0.0,0.0,0.0,0.0,0,0,1.265625,1.2144775390625,0.21422659627921767,1.0,2.0,1.0,1.0,2.0,1.0,1.3333333333333333,0.5,-1.0,-1.0,0,8,11,0.07172938527630461,LOW
West Zone 1,Non-corridor,2.0,12.0,1,1,1,,,0.0,0.0,1.0,0.5,1.0,0.0,0.0,0.0,0.0,0.0,0,0,1.0625,0.4375,0.19134736842105263,1.0,1.0,1.0,0.0,1.0,1.0,1.0,0.0,0.0,-1.0,0,8,11,0.17454060595163726,LOW
West Zone 1,Non-corridor,3.0,0.0,1,1,0,0.4095,54.6,0.0,0.0,0.0,1.0,3.0,0.0,0.0,0.0,0.0,0.0,0,0,1.52392578125,1.05810546875,0.38571181429362883,2.0,1.0,1.0,2.0,0.0,0.0,1.3333333333333333,0.5,1.0,2.0,0,8,11,0.3634166730772296,MEDIUM
West Zone 1,Non-corridor,3.0,4.0,1,2,1,0.0688,12.0,0.5,0.0,0.5,0.75,2.5,0.5,0.0,0.0,0.0,0.0,0,0,1.0,0.7265625,0.5440343202416918,1.0,1.0,1.0,1.0,0.0,1.0,1.0,0.0,0.0,1.0,0,8,11,0.07735672218418596,LOW
Central Zone 2,CBD 2,1.0,8.0,1,1,1,,,0.0,0.0,1.0,0.5,1.0,1.0,0.0,0.0,0.0,0.0,0,0,1.5,0.5,0.62158,2.0,1.0,0.0,1.0,0.0,0.0,1.5,0.7071067811865476,1.0,1.0,0,1,5,0.1609913416964875,LOW
Central Zone 1,Old Madras Road,2.0,16.0,1,1,1,,,1.0,0.0,1.0,0.5,2.5,0.0,0.0,0.0,0.0,0.0,0,0,1.0,1.0,0.0,1.0,0.0,0.0,1.0,0.0,0.0,1.0,0.0,0.0,0.0,0,0,18,0.07445451800898559,LOW
West Zone 1,Tumkur Road,5.0,0.0,1,2,1,0.0472,10.1,0.0,0.0,0.5,0.75,1.0,0.0,0.0,0.0,0.0,0.0,0,0,1.0529210569806984,0.7345153697421396,1.4978513474698643,1.0,1.0,1.0,1.0,0.0,1.0,1.0,0.0,0.0,1.0,0,8,19,0.06141603496206267,LOW
Central Zone 1,Old Madras Road,4.0,0.0,1,1,1,,,0.0,0.0,1.0,0.5,1.0,0.0,0.0,0.0,0.0,0.0,0,0,1.7591838836669922,1.6338143050670624,0.10005217311644855,2.0,2.0,1.0,2.0,2.0,1.0,1.6666666666666667,0.5773502691896257,0.0,0.0,0,0,18,0.4941917993388531,MEDIUM
North Zone 1,Hennur Main Road,4.0,0.0,1,1,1,,,0.0,0.0,1.0,0.5,3.0,0.0,1.0,0.0,0.0,0.0,0,0,1.0791015625,0.9210205078125,1.075045446823871,1.0,1.0,2.0,1.0,1.0,2.0,1.0,0.5,0.0,0.0,0,4,6,0.04747422198662504,LOW
Central Zone 2,Non-corridor,6.0,12.0,1,2,2,,,0.0,0.0,0.5,0.75,2.5,0.0,0.0,0.0,0.0,0.0,0,0,4.269810727937813,3.839380215017116,0.748124960138551,4.0,3.0,20.0,4.0,3.0,14.0,2.6666666666666665,8.755950357709132,1.0,1.0,0,1,11,0.6956474887742276,HIGH
Central Zone 2,Non-corridor,6.0,8.0,1,1,1,,,0.0,0.0,1.0,0.5,1.5,0.0,0.0,0.0,0.0,0.0,0,0,3.0505756604642142,2.419997579760187,0.2582966638310288,1.0,3.0,16.0,1.0,2.0,15.0,3.0,6.701989754294367,-2.0,-1.0,0,1,11,0.718159128334034,HIGH
North Zone 1,Non-corridor,0.0,4.0,1,1,1,,,0.0,0.0,1.0,0.5,1.0,0.0,1.0,0.0,0.0,1.0,0,0,0.0,0.0,0.0,0.0,0.0,0.0,0.0,0.0,0.0,0.0,0.0,0.0,0.0,0,4,11,0.08194314388293539,LOW
North Zone 2,Bellary Road 2,6.0,12.0,1,1,0,0.0462,9.8,0.0,0.0,0.0,1.0,1.0,0.0,1.0,0.0,0.0,0.0,0,0,1.265993420034647,1.2648345828056335,1.5918064032704675,1.0,1.0,2.0,1.0,1.0,2.0,1.3333333333333333,0.5773502691896257,0.0,0.0,0,5,3,0.07387858937271542,LOW
South Zone 1,Non-corridor,6.0,12.0,1,1,0,0.1987,35.0,0.0,0.0,0.0,1.0,2.5,0.0,0.0,0.0,0.0,0.0,0,0,1.53125,1.25,0.9480138972809666,2.0,1.0,1.0,2.0,0.0,1.0,1.3333333333333333,0.5,1.0,2.0,0,6,11,0.21140609207727123,LOW
South Zone 1,Non-corridor,5.0,4.0,1,1,1,,,0.0,0.0,1.0,0.5,1.0,0.0,0.0,0.0,0.0,0.0,0,1,4.78125,3.84375,0.2911992640692641,1.0,3.0,53.0,1.0,0.0,53.0,1.6666666666666667,25.68397684679432,-2.0,1.0,0,6,11,0.5603293260714975,MEDIUM
North Zone 1,Non-corridor,1.0,0.0,1,1,0,0.0261,4.6,0.0,0.0,0.0,1.0,2.5,0.0,0.0,0.0,0.0,0.0,0,0,0.0,0.0,0.0,0.0,0.0,0.0,0.0,0.0,0.0,0.0,0.0,0.0,0.0,0,4,11,0.055439024357016385,LOW
North Zone 1,Hennur Main Road,6.0,4.0,1,1,0,0.9694,31.5,0.0,0.0,0.0,1.0,3.0,1.0,1.0,0.0,0.0,0.0,0,0,1.0,0.71875,0.1425948051948052,1.0,1.0,1.0,1.0,0.0,1.0,1.0,0.0,0.0,1.0,0,4,6,0.14519433049199376,LOW
North Zone 1,Hennur Main Road,6.0,8.0,1,1,1,,,0.0,0.0,0.0,1.0,3.0,0.0,1.0,0.0,0.0,0.0,0,0,1.0039125233888626,0.25781679153442383,0.5792971258384153,1.0,1.0,1.0,0.0,1.0,0.0,1.0,0.0,0.0,-1.0,0,4,6,0.10045009822993664,LOW
West Zone 1,Tumkur Road,4.0,0.0,1,1,0,0.5704,39.0,0.0,0.0,0.0,1.0,3.0,0.0,0.0,0.0,0.0,0.0,0,0,1.117195143524441,0.5996357104304479,0.39335118661249374,1.0,1.0,2.0,0.0,1.0,2.0,1.0,0.49999999999999944,0.0,-1.0,0,8,19,0.32054639579751754,MEDIUM
West Zone 1,Tumkur Road,3.0,4.0,1,1,1,1.51,88.5,1.0,0.0,0.0,1.0,2.5,0.0,0.0,0.0,0.0,0.0,0,0,1.25415969081223,0.3411252237856388,0.6119593566035059,1.0,2.0,1.0,0.0,1.0,1.0,1.3333333333333333,0.5,-1.0,-1.0,0,8,19,0.07615632817372153,LOW
Central Zone 2,Bellary Road 1,4.0,12.0,1,2,2,,,0.0,0.0,0.5,0.75,2.5,0.0,0.0,0.0,0.0,0.0,0,0,1.0625,1.0625,0.0,1.0,1.0,1.0,1.0,1.0,1.0,1.0,0.0,0.0,0.0,0,1,2,0.3089566853091987,MEDIUM
South Zone 2,Bannerghata Road,3.0,0.0,1,2,2,,,0.0,0.0,0.5,0.75,2.0,0.0,0.0,0.0,0.0,0.0,0,0,1.0078125,0.501953125,0.2317206213413127,1.0,1.0,1.0,0.0,1.0,1.0,1.0,0.0,0.0,-1.0,0,7,1,0.30818968023026827,MEDIUM
East Zone 1,ORR East 1,3.0,0.0,1,1,1,,,0.0,0.0,0.0,1.0,2.5,0.0,1.0,0.0,0.0,0.0,0,0,1.6363677978515625,1.625213623046875,0.6044886690747923,2.0,1.0,1.0,2.0,1.0,1.0,1.6666666666666667,0.5773502691896257,1.0,1.0,0,2,12,0.4669897164262657,MEDIUM
East Zone 1,ORR East 2,6.0,4.0,1,1,0,0.2698,31.0,1.0,0.0,0.0,1.0,1.5,0.0,1.0,0.0,0.0,0.0,0,0,1.1328125,0.25,0.79463529912927,1.0,1.0,1.0,0.0,0.0,1.0,1.3333333333333333,0.5,0.0,0.0,0,2,13,0.14598641151375769,LOW
Central Zone 2,Bellary Road 1,5.0,8.0,1,1,1,,,1.0,0.0,1.0,0.5,1.0,0.0,0.0,0.0,0.0,0.0,0,0,1.125,0.34375,0.4796677945619334,1.0,1.0,1.0,0.0,0.0,1.0,1.3333333333333333,0.5,0.0,0.0,0,1,2,0.23135125943243762,LOW
Central Zone 2,Bellary Road 1,6.0,0.0,1,1,1,,,0.0,0.0,0.0,1.0,3.0,0.0,0.0,0.0,0.0,0.0,0,0,1.8125,0.9320068359375,0.8464424275689382,2.0,2.0,1.0,1.0,1.0,1.0,1.6666666666666667,0.5773502691896257,0.0,0.0,0,1,2,0.4231376839416764,MEDIUM
West Zone 1,ORR West 1,1.0,12.0,1,1,0,0.5321,38.3,0.0,0.0,0.0,1.0,3.0,0.0,0.0,0.0,0.0,0.0,0,0,0.0,0.0,0.0,0.0,0.0,0.0,0.0,0.0,0.0,0.0,0.0,0.0,0.0,0,8,16,0.11658303604390913,LOW
Central Zone 2,Bellary Road 1,2.0,0.0,1,1,1,,,0.0,0.0,0.0,1.0,3.0,0.0,0.0,0.0,0.0,0.0,0,0,1.0,0.296875,0.4560571745152354,1.0,1.0,1.0,0.0,1.0,0.0,1.0,0.0,0.0,-1.0,0,1,2,0.1704943284458843,LOW
East Zone 1,ORR East 2,5.0,0.0,1,1,1,2.34,728.7,0.0,0.0,1.0,0.5,1.0,0.0,1.0,0.0,0.0,0.0,0,0,1.0156250186274756,1.0117187537262007,2.3749754036964092,1.0,1.0,1.0,1.0,1.0,1.0,1.0,0.0,0.0,0.0,0,2,13,0.040283563741359704,LOW
Central Zone 2,Non-corridor,3.0,0.0,1,2,1,0.5612,103.6,0.0,0.0,0.0,1.0,2.75,0.0,1.0,0.0,0.0,0.0,0,0,2.3041682689779135,1.6440032581279895,0.8281676927475948,2.0,3.0,2.0,1.0,3.0,2.0,2.3333333333333335,0.4999999999999848,-1.0,-2.0,0,1,11,0.6464505452686911,HIGH
North Zone 2,Bellary Road 2,2.0,8.0,1,1,1,,,0.0,0.0,0.0,1.0,1.0,0.0,1.0,0.0,0.0,0.0,0,0,1.3173828125,0.848388671875,0.4186527921691843,1.0,1.0,1.0,1.0,0.0,1.0,1.6666666666666667,1.0,0.0,1.0,0,5,3,0.3519047544489417,MEDIUM
North Zone 2,Bellary Road 2,2.0,12.0,1,1,1,,,0.0,0.0,1.0,0.5,2.5,0.0,1.0,0.0,0.0,0.0,0,0,1.125,1.0,0.5411,1.0,1.0,1.0,1.0,1.0,1.0,1.3333333333333333,0.5,0.0,0.0,0,5,3,0.22177732608363054,LOW
Central Zone 2,Non-corridor,3.0,4.0,1,4,3,0.303,121.2,0.25,0.0,0.25,0.875,1.875,0.0,0.25,0.0,0.0,0.0,1,0,2.361344486543028,1.820964244516204,0.2645874099660498,3.0,1.0,2.0,2.0,1.0,2.0,2.3333333333333335,0.957427107756338,2.0,1.0,0,1,11,0.6799222750778043,HIGH
Central Zone 2,Mysore Road,5.0,4.0,1,2,2,,,0.0,0.0,0.0,1.0,2.5,0.0,0.0,0.0,0.0,0.0,0,0,2.0593874756896806,0.510793173733783,0.33942618966313537,3.0,1.0,1.0,0.0,1.0,1.0,1.6666666666666667,1.0,2.0,-1.0,0,1,10,0.35643612616229964,MEDIUM
West Zone 1,Tumkur Road,0.0,8.0,1,1,1,1.7745,80.0,1.0,0.0,1.0,0.5,2.5,0.0,0.0,0.0,0.0,1.0,0,0,0.0,0.0,0.0,0.0,0.0,0.0,0.0,0.0,0.0,0.0,0.0,0.0,0.0,0,8,19,0.07226621135885643,LOW
North Zone 1,ORR North 1,4.0,4.0,1,1,1,,,0.0,0.0,1.0,0.5,3.0,0.0,1.0,0.0,0.0,0.0,0,0,1.2509961128234863,0.4256629943847656,0.9999744877107957,1.0,2.0,1.0,0.0,1.0,0.0,1.3333333333333333,0.5,-1.0,-1.0,0,4,14,0.03895702492685925,LOW
North Zone 1,ORR North 1,3.0,8.0,1,1,1,,,1.0,0.0,0.0,1.0,3.0,0.0,1.0,0.0,0.0,0.0,0,0,1.2275390625,1.0322265625,0.7419729154078549,1.0,1.0,2.0,1.0,1.0,1.0,1.3333333333333333,0.5773502691896262,0.0,0.0,0,4,14,0.32873925892086364,MEDIUM
West Zone 1,Tumkur Road,3.0,8.0,1,1,0,0.4948,29.0,1.0,0.0,0.0,1.0,2.5,0.0,0.0,0.0,0.0,0.0,0,0,1.2189026474952698,0.78514663875103,0.5784074032934463,1.0,1.0,2.0,1.0,0.0,2.0,1.3333333333333333,0.5773502691896257,0.0,1.0,0,8,19,0.3825205541352854,MEDIUM
North Zone 2,Bellary Road 2,6.0,8.0,1,1,1,,,1.0,0.0,1.0,0.5,1.5,0.0,1.0,0.0,0.0,0.0,0,0,1.5003891757851306,1.2957810814011737,0.4546680505009093,1.0,2.0,1.0,1.0,2.0,0.0,2.0,0.9574271077563381,-1.0,-1.0,0,5,3,0.040237263172657106,LOW
East Zone 2,Non-corridor,1.0,20.0,1,1,1,,,0.0,0.0,0.0,1.0,3.0,0.0,1.0,0.0,0.0,0.0,0,0,0.0,0.0,0.0,0.0,0.0,0.0,0.0,0.0,0.0,0.0,0.0,0.0,0.0,0,3,11,0.1153476528096625,LOW
North Zone 1,Bellary Road 1,0.0,16.0,1,1,1,,,1.0,0.0,1.0,0.5,1.0,0.0,0.0,0.0,0.0,1.0,0,0,0.0,0.0,0.0,0.0,0.0,0.0,0.0,0.0,0.0,0.0,0.0,0.0,0.0,0,4,2,0.10384961121634549,LOW
East Zone 1,Non-corridor,2.0,4.0,1,1,0,0.3307,44.1,0.0,0.0,0.0,1.0,3.0,0.0,1.0,0.0,0.0,0.0,0,0,1.25,1.234375,0.3075,1.0,2.0,1.0,1.0,2.0,1.0,1.3333333333333333,0.5,-1.0,-1.0,0,2,11,0.10874064396865407,LOW
East Zone 1,Non-corridor,2.0,8.0,1,1,0,0.1517,51.5,1.0,0.0,0.0,1.0,1.0,0.0,1.0,0.0,0.0,0.0,0,0,1.625,0.5625,0.37266363636363636,2.0,1.0,1.0,0.0,1.0,0.0,1.6666666666666667,0.5773502691896257,1.0,-1.0,0,2,11,0.3231265907773653,MEDIUM
North Zone 1,Airport New South Road,5.0,0.0,1,1,1,,,0.0,0.0,0.0,1.0,3.0,0.0,0.0,0.0,0.0,0.0,0,0,1.0,1.0,2.3296106869836732,1.0,1.0,1.0,1.0,1.0,1.0,1.0,0.0,0.0,0.0,0,4,0,0.0502089025730401,LOW
North Zone 1,Airport New South Road,5.0,8.0,1,1,0,0.0136,2.8,0.0,0.0,0.0,1.0,1.0,0.0,1.0,0.0,0.0,0.0,0,0,1.0,0.75,2.4437472,1.0,1.0,1.0,1.0,1.0,0.0,1.0,0.0,0.0,0.0,0,4,0,0.04376660355612743,LOW
North Zone 1,Airport New South Road,2.0,4.0,1,1,1,2.1929,107.1,1.0,0.0,1.0,0.5,3.0,0.0,1.0,0.0,0.0,0.0,0,0,1.25,1.25,0.0,1.0,2.0,1.0,1.0,2.0,1.0,1.3333333333333333,0.5,-1.0,-1.0,0,4,0,0.026275696109695768,LOW
North Zone 1,Non-corridor,3.0,0.0,1,1,1,,,0.0,0.0,1.0,0.5,1.0,0.0,0.0,1.0,0.0,0.0,0,0,1.0,0.84375,0.7366194805194807,1.0,1.0,1.0,1.0,1.0,1.0,1.0,0.0,0.0,0.0,0,4,11,0.09851147163282103,LOW
Central Zone 2,Non-corridor,2.0,8.0,1,2,1,0.235,37.6,0.0,0.0,0.0,1.0,2.5,0.0,0.0,0.0,0.0,0.0,0,0,4.384309082117397,2.155020266654901,0.2495824260039391,5.0,5.0,2.0,3.0,1.0,0.0,3.6666666666666665,2.06155281280883,0.0,2.0,0,1,11,0.7183114868436348,HIGH
North Zone 2,Bellary Road 2,6.0,0.0,1,3,1,1.5314666666666668,239.76666666666665,0.0,0.0,0.0,1.0,1.8333333333333333,0.0,1.0,0.0,0.0,0.0,0,0,1.0662085201056701,1.0642227009002685,0.4837368957671336,1.0,1.0,2.0,1.0,1.0,2.0,1.0,0.5,0.0,0.0,0,5,3,0.12106409740034088,LOW
North Zone 2,Bellary Road 2,5.0,12.0,1,1,1,,,0.0,0.0,0.0,1.0,1.5,0.0,1.0,0.0,0.0,0.0,0,0,1.0471577644348145,0.8988265991210938,0.3369101238939324,1.0,1.0,1.0,1.0,1.0,1.0,1.0,0.0,0.0,0.0,0,5,3,0.3717684639993855,MEDIUM
North Zone 2,Bellary Road 2,5.0,0.0,1,2,2,,,0.0,0.0,0.0,1.0,1.25,0.0,1.0,0.0,0.0,0.0,0,0,1.5950491764124308,1.5280914437498723,0.6568069897926273,1.0,3.0,1.0,1.0,3.0,1.0,1.6666666666666667,1.0,-2.0,-2.0,0,5,3,0.2488036357290092,LOW
North Zone 2,Bellary Road 2,6.0,16.0,1,2,2,5.85,487.3,0.0,0.0,0.0,1.0,1.0,0.5,1.0,0.0,0.0,0.0,0,0,1.5,1.234375,1.0129453739612189,2.0,1.0,1.0,2.0,0.0,1.0,1.3333333333333333,0.5,1.0,2.0,0,5,3,0.06138774626309584,LOW
Central Zone 2,Non-corridor,2.0,4.0,1,1,0,0.0727,30.9,0.0,0.0,0.0,1.0,1.0,0.0,0.0,0.0,0.0,0.0,0,0,2.156321342015872,1.4036578231680323,0.6424165046451689,2.0,2.0,3.0,1.0,2.0,3.0,2.3333333333333335,0.5773502691896263,0.0,-1.0,0,1,11,0.681080048351259,HIGH
East Zone 1,ORR East 2,2.0,0.0,1,1,1,2.34,724.5,0.0,0.0,0.0,1.0,1.0,0.0,1.0,0.0,0.0,0.0,0,0,1.5320587158203125,1.5236358642578125,2.3981346670672083,2.0,1.0,1.0,2.0,1.0,1.0,1.3333333333333333,0.5,1.0,1.0,0,2,13,0.05689623601260034,LOW
Central Zone 2,Mysore Road,6.0,4.0,1,1,0,0.2218,18.2,0.0,0.0,0.0,1.0,2.5,0.0,0.0,0.0,0.0,0.0,0,0,1.908705905145432,1.5797145491146811,0.773316104311703,2.0,1.0,1.0,2.0,0.0,0.0,2.3333333333333335,1.4142135623730951,1.0,2.0,0,1,10,0.4304684799389418,MEDIUM
North Zone 2,Bellary Road 2,3.0,0.0,1,1,1,,,0.0,0.0,1.0,0.5,3.0,0.0,1.0,0.0,0.0,0.0,0,0,1.2856507301330566,1.0017151832580566,0.3944621662391542,1.0,2.0,1.0,1.0,1.0,1.0,1.3333333333333333,0.5,-1.0,0.0,0,5,3,0.07162983374904847,LOW
Central Zone 2,Mysore Road,5.0,12.0,1,1,0,0.3335,22.8,0.0,0.0,0.0,1.0,3.0,0.0,0.0,0.0,0.0,0.0,0,0,1.9397912546992302,1.08523976651486,0.7083628183684064,2.0,1.0,1.0,1.0,0.0,1.0,2.3333333333333335,1.4142135623730951,1.0,1.0,0,1,10,0.41863322465985875,MEDIUM
Central Zone 2,Bellary Road 1,0.0,0.0,1,1,1,,,0.0,0.0,0.0,1.0,2.5,0.0,0.0,0.0,0.0,1.0,0,0,0.0,0.0,0.0,0.0,0.0,0.0,0.0,0.0,0.0,0.0,0.0,0.0,0.0,0,1,2,0.034088849893478844,LOW
West Zone 1,Tumkur Road,1.0,12.0,1,1,1,,,0.0,0.0,0.0,1.0,1.0,1.0,0.0,0.0,0.0,0.0,0,0,1.0,0.5625,0.32960842105263166,1.0,1.0,1.0,1.0,0.0,1.0,1.0,0.0,0.0,1.0,0,8,19,0.1549981312330187,LOW
West Zone 1,Tumkur Road,0.0,12.0,1,1,0,0.3454,21.8,0.0,0.0,0.0,1.0,2.5,0.0,0.0,0.0,0.0,1.0,0,0,0.0,0.0,0.0,0.0,0.0,0.0,0.0,0.0,0.0,0.0,0.0,0.0,0.0,0,8,19,0.12090587830408553,LOW
Central Zone 2,Bellary Road 1,1.0,4.0,1,1,0,0.1326,27.2,0.0,0.0,0.0,1.0,1.0,0.0,0.0,0.0,0.0,0.0,0,0,1.0,1.0,0.0,1.0,0.0,0.0,1.0,0.0,0.0,1.0,0.0,0.0,0.0,0,1,2,0.031992742365145786,LOW
Central Zone 2,Bellary Road 1,1.0,8.0,1,1,1,,,0.0,0.0,0.0,1.0,1.0,0.0,0.0,0.0,0.0,0.0,0,0,1.0,0.0,0.8056,1.0,0.0,0.0,0.0,0.0,0.0,1.0,0.0,0.0,0.0,0,1,2,0.04437928561566971,LOW
Central Zone 2,Non-corridor,6.0,4.0,1,1,1,,,0.0,0.0,0.0,1.0,1.5,0.0,0.0,0.0,0.0,0.0,0,1,1.9002634298562024,0.9509287601698172,0.3465681058819944,2.0,1.0,3.0,1.0,0.0,2.0,1.6666666666666667,0.8164965809277264,1.0,1.0,0,1,11,0.7033002071470335,HIGH
West Zone 1,Tumkur Road,2.0,4.0,1,1,1,,,0.0,0.0,1.0,0.5,1.0,0.0,0.0,0.0,0.0,0.0,0,0,2.064880847930908,0.32805728912353516,0.2529411886703447,3.0,1.0,2.0,0.0,1.0,1.0,1.6666666666666667,0.9574271077563381,2.0,-1.0,0,8,19,0.2399083638181809,LOW
Central Zone 2,Non-corridor,6.0,0.0,1,2,2,,,0.0,0.0,0.0,1.0,1.75,0.0,0.0,0.0,0.0,0.0,0,0,1.9126207851957338,1.0219909271407508,0.0939623581052804,2.0,1.0,2.0,1.0,0.0,2.0,2.0,0.816496580927726,1.0,1.0,0,1,11,0.6201596675896378,HIGH
East Zone 1,ORR East 2,1.0,0.0,1,1,1,2.34,724.9,0.0,0.0,0.0,1.0,1.0,0.0,1.0,0.0,0.0,0.0,0,0,0.0,0.0,0.0,0.0,0.0,0.0,0.0,0.0,0.0,0.0,0.0,0.0,0.0,0,2,13,0.02717569097655689,LOW
West Zone 2,West of Chord Road,5.0,12.0,1,1,1,,,0.0,0.0,1.0,0.5,2.5,0.0,0.0,0.0,0.0,0.0,0,0,2.0078125,1.491455078125,0.2758604158463778,2.0,3.0,1.0,2.0,1.0,1.0,2.0,0.9574271077563381,-1.0,1.0,0,9,21,0.1858569321029297,LOW
West Zone 2,West of Chord Road,5.0,0.0,1,1,1,,,0.0,0.0,1.0,0.5,1.0,0.0,0.0,0.0,0.0,0.0,0,0,1.0004897117614746,0.469602108001709,1.181105643266291,1.0,1.0,1.0,0.0,1.0,1.0,1.0,0.0,0.0,-1.0,0,9,21,0.04505440268090175,LOW
Central Zone 1,Non-corridor,3.0,8.0,1,1,0,0.1587,25.4,0.0,0.0,0.0,1.0,2.5,0.0,0.0,0.0,0.0,0.0,0,0,1.75,1.25,0.12732,2.0,1.0,0.0,2.0,0.0,0.0,1.6666666666666667,0.5773502691896257,1.0,2.0,0,0,11,0.40974517400445276,MEDIUM
West Zone 2,West of Chord Road,0.0,8.0,1,2,1,0.7376,52.7,0.0,0.0,0.5,0.75,2.5,0.0,0.0,0.0,0.0,1.0,0,0,0.0,0.0,0.0,0.0,0.0,0.0,0.0,0.0,0.0,0.0,0.0,0.0,0.0,0,9,21,0.08330103288260697,LOW
West Zone 2,Tumkur Road,2.0,8.0,1,1,1,,,0.0,0.0,1.0,0.5,1.0,0.0,0.0,0.0,0.0,0.0,0,0,1.0,0.0,0.55186,1.0,1.0,0.0,0.0,0.0,0.0,1.0,0.0,0.0,0.0,0,9,19,0.058652836852482675,LOW
Central Zone 1,Mysore Road,2.0,0.0,1,1,1,,,0.0,0.0,0.0,1.0,3.0,0.0,0.0,0.0,0.0,0.0,0,0,1.0,0.0,0.3973,1.0,0.0,0.0,0.0,0.0,0.0,1.0,0.0,0.0,0.0,0,0,10,0.07437174410350124,LOW
Central Zone 1,Mysore Road,2.0,12.0,1,1,0,0.1497,30.7,0.0,0.0,0.0,1.0,1.0,0.0,0.0,0.0,0.0,0.0,0,0,0.0,0.0,0.0,0.0,0.0,0.0,0.0,0.0,0.0,0.0,0.0,0.0,0.0,0,0,10,0.0500939150391543,LOW
Central Zone 1,Hosur Road,2.0,8.0,1,1,1,4.1535,113.6,0.0,0.0,1.0,0.5,3.0,1.0,0.0,0.0,0.0,0.0,0,0,1.5,0.5,1.02404,2.0,1.0,0.0,1.0,0.0,0.0,1.5,0.7071067811865476,1.0,1.0,0,0,7,0.11753133087327064,LOW
Central Zone 1,Hosur Road,3.0,0.0,1,1,1,2.106,514.8,0.0,0.0,0.0,1.0,1.0,0.0,0.0,0.0,0.0,0.0,0,0,2.0,2.0,0.0,2.0,0.0,0.0,2.0,0.0,0.0,2.0,0.0,0.0,0.0,0,0,7,0.2945858275977213,LOW
Central Zone 1,Hosur Road,3.0,8.0,1,1,1,,,0.0,0.0,0.0,1.0,1.0,1.0,0.0,0.0,0.0,0.0,0,0,1.25,0.75,2.275824,1.0,2.0,0.0,1.0,1.0,0.0,1.3333333333333333,0.5773502691896257,-1.0,0.0,0,0,7,0.15581343739004763,LOW
Central Zone 1,Mysore Road,0.0,8.0,1,1,0,0.2218,14.0,0.0,0.0,0.0,1.0,2.5,0.0,0.0,0.0,0.0,1.0,0,0,0.0,0.0,0.0,0.0,0.0,0.0,0.0,0.0,0.0,0.0,0.0,0.0,0.0,0,0,10,0.03567531255949444,LOW
Central Zone 1,Hosur Road,2.0,0.0,2,2,2,,,0.0,0.0,0.5,0.75,1.0,0.5,0.0,0.0,0.0,0.0,0,0,0.0,0.0,0.0,0.0,0.0,0.0,0.0,0.0,0.0,0.0,0.0,0.0,0.0,0,0,7,0.08414386293843648,LOW
West Zone 2,West of Chord Road,3.0,0.0,2,1,0,0.2971,25.0,0.0,0.0,1.0,0.5,2.5,0.0,0.0,0.0,0.0,0.0,0,0,1.50146484375,0.87255859375,0.2649954489371453,2.0,1.0,1.0,1.0,1.0,1.0,1.3333333333333333,0.5,1.0,0.0,0,9,21,0.17900757764687822,LOW
West Zone 2,West of Chord Road,2.0,4.0,2,1,1,,,0.0,0.0,1.0,0.5,2.5,0.0,0.0,0.0,0.0,0.0,0,0,1.0,0.84765625,0.2973348051948052,1.0,1.0,1.0,1.0,1.0,1.0,1.0,0.0,0.0,0.0,0,9,21,0.04604567680430735,LOW
Central Zone 1,Non-corridor,0.0,4.0,2,1,1,,,0.0,0.0,0.0,1.0,2.5,0.0,0.0,0.0,0.0,0.0,0,0,0.0,0.0,0.0,0.0,0.0,0.0,0.0,0.0,0.0,0.0,0.0,0.0,0.0,0,0,11,0.041168332874288324,LOW
Central Zone 1,Mysore Road,6.0,4.0,2,1,1,,,0.0,0.0,0.0,1.0,1.0,0.0,0.0,0.0,0.0,1.0,0,0,1.0,0.89453125,0.4053250526315789,1.0,1.0,1.0,1.0,1.0,0.0,1.0,0.0,0.0,0.0,0,0,10,0.06705648131700073,LOW
Central Zone 1,Mysore Road,5.0,8.0,2,1,0,0.3726,36.4,1.0,0.0,0.0,1.0,1.5,0.0,0.0,0.0,0.0,0.0,0,0,1.03125,0.6259765625,0.8210526076281612,1.0,1.0,1.0,1.0,0.0,1.0,1.0,0.0,0.0,1.0,0,0,10,0.0571419710374855,LOW
Central Zone 1,Mysore Road,5.0,4.0,2,1,1,,,1.0,0.0,0.0,1.0,1.0,0.0,0.0,0.0,0.0,0.0,0,0,1.0,0.578125,0.4053250526315789,1.0,1.0,1.0,1.0,0.0,1.0,1.0,0.0,0.0,1.0,0,0,10,0.07405936476137069,LOW
Central Zone 1,Mysore Road,4.0,4.0,2,1,0,0.6484,53.2,0.0,0.0,0.0,1.0,1.0,1.0,0.0,0.0,0.0,0.0,0,0,1.0,0.625,0.42844000000000004,1.0,1.0,1.0,1.0,0.0,1.0,1.0,0.0,0.0,1.0,0,0,10,0.10424307330559462,LOW
West Zone 2,West of Chord Road,6.0,4.0,2,1,0,0.1551,27.7,0.0,0.0,0.0,1.0,1.0,0.0,0.0,0.0,0.0,1.0,0,0,1.0001373291015625,0.9819782078266144,0.08030543785822236,1.0,1.0,1.0,1.0,1.0,1.0,1.0,0.0,0.0,0.0,0,9,21,0.09212880665403339,LOW
West Zone 2,West of Chord Road,6.0,12.0,2,1,1,,,0.0,0.0,0.0,1.0,2.5,0.0,0.0,0.0,0.0,1.0,0,0,1.251953125,1.12286376953125,0.2758604158463778,1.0,1.0,3.0,1.0,1.0,1.0,1.3333333333333333,0.9574271077563381,0.0,0.0,0,9,21,0.11866923308461096,LOW
West Zone 2,Tumkur Road,6.0,12.0,2,1,0,0.0894,9.4,0.0,0.0,1.0,0.5,1.5,0.0,0.0,0.0,0.0,1.0,0,0,1.0,0.5,0.8064600000000001,1.0,1.0,0.0,1.0,0.0,0.0,1.0,0.0,0.0,1.0,0,9,19,0.02207649487770369,LOW
West Zone 2,Tumkur Road,6.0,4.0,2,1,0,0.7003,66.3,0.0,0.0,1.0,0.5,2.5,0.0,0.0,0.0,0.0,1.0,0,0,1.046875,0.578125,0.28130871882105263,1.0,1.0,1.0,1.0,0.0,0.0,1.0,0.0,0.0,1.0,0,9,19,0.2834706968036027,LOW
West Zone 2,Tumkur Road,5.0,12.0,2,1,0,0.1938,15.9,0.0,0.0,1.0,0.5,1.0,1.0,0.0,0.0,0.0,0.0,0,0,1.0,0.0,1.2149,1.0,0.0,0.0,0.0,0.0,0.0,1.0,0.0,0.0,0.0,0,9,19,0.0669523398314999,LOW
West Zone 2,West of Chord Road,1.0,0.0,2,1,1,,,0.0,0.0,0.0,1.0,2.5,0.0,0.0,0.0,0.0,0.0,0,0,1.0,1.0,0.0,1.0,1.0,0.0,1.0,1.0,0.0,1.0,0.0,0.0,0.0,0,9,21,0.02875402632766826,LOW
Central Zone 1,Non-corridor,2.0,8.0,2,1,0,0.24,38.4,0.0,0.0,1.0,0.5,2.5,0.0,0.0,0.0,0.0,0.0,0,0,2.0,1.0,0.0522,2.0,0.0,0.0,1.0,0.0,0.0,2.0,0.0,0.0,0.0,0,0,11,0.488695952122843,MEDIUM
Central Zone 1,Non-corridor,2.0,4.0,2,1,1,,,0.0,0.0,0.0,1.0,3.0,0.0,0.0,0.0,0.0,0.0,0,0,1.25,1.25,0.0,1.0,2.0,0.0,1.0,2.0,0.0,1.3333333333333333,0.5773502691896257,-1.0,-1.0,0,0,11,0.11360122778896257,LOW
East Zone 1,ORR East 2,1.0,0.0,2,1,1,2.34,720.8,0.0,0.0,0.0,1.0,1.0,0.0,1.0,0.0,0.0,0.0,0,0,1.0,1.0,2.34,1.0,0.0,0.0,1.0,0.0,0.0,1.0,0.0,0.0,0.0,0,2,13,0.027917512066759367,LOW
East Zone 1,ORR East 1,6.0,8.0,2,1,1,,,1.0,0.0,0.0,1.0,2.5,0.0,1.0,0.0,0.0,1.0,0,0,1.01563560962677,0.24385139346122742,1.3040015409074475,1.0,1.0,1.0,0.0,0.0,1.0,1.0,0.0,0.0,0.0,0,2,12,0.06235747730686526,LOW
West Zone 2,West of Chord Road,6.0,0.0,2,1,1,,,0.0,0.0,0.0,1.0,2.5,0.0,0.0,0.0,0.0,1.0,0,0,1.0078144129365683,0.7791781332343817,1.1828172848839198,1.0,1.0,1.0,1.0,1.0,0.0,1.0,0.0,0.0,0.0,0,9,21,0.07552029020408604,LOW
East Zone 1,ORR East 1,5.0,8.0,2,1,1,5.1188,980.1,0.0,0.0,1.0,0.5,2.5,0.0,1.0,0.0,0.0,0.0,0,0,1.2501697540283203,0.9016222953796387,0.6445381948063483,1.0,2.0,1.0,1.0,1.0,0.0,1.3333333333333333,0.5,-1.0,0.0,0,2,12,0.03721473036130994,LOW
South Zone 1,ORR West 1,5.0,8.0,2,1,1,,,1.0,0.0,1.0,0.5,1.0,1.0,0.0,0.0,0.0,0.0,0,0,1.1015625,0.97998046875,1.7780777410586681,1.0,1.0,1.0,1.0,1.0,0.0,1.0,0.0,0.0,0.0,0,6,16,0.052782473171631775,LOW
South Zone 1,ORR West 1,5.0,4.0,2,1,0,0.1092,6.4,1.0,0.0,0.0,1.0,2.5,0.0,0.0,0.0,0.0,0.0,0,0,1.0625,0.484375,0.2360449991566875,1.0,1.0,2.0,0.0,1.0,1.0,1.0,0.5,0.0,-1.0,0,6,16,0.13918199781613227,LOW
North Zone 1,ORR North 1,2.0,0.0,2,2,2,5.85,1260.0,0.0,0.0,1.0,0.5,1.0,1.0,1.0,0.0,0.0,0.0,0,0,1.12890625,1.00390625,0.0049,1.0,1.0,1.0,1.0,1.0,1.0,1.3333333333333333,0.5,0.0,0.0,0,4,14,0.1293122244855472,LOW
North Zone 1,ORR North 1,3.0,4.0,2,1,1,,,0.0,0.0,0.0,1.0,1.0,0.0,1.0,0.0,0.0,0.0,0,0,1.0318756103515625,0.6212158203125,0.9044705681980905,1.0,1.0,1.0,1.0,0.0,1.0,1.0,0.0,0.0,1.0,0,4,14,0.09891802901980291,LOW
North Zone 1,ORR North 1,3.0,0.0,2,1,0,0.0439,9.0,0.0,0.0,1.0,0.5,1.0,0.0,1.0,0.0,0.0,0.0,0,0,3.2522048950195312,2.9433670043945312,0.9297248839966268,5.0,2.0,1.0,5.0,1.0,1.0,2.6666666666666665,1.8929694486000912,3.0,4.0,0,4,14,0.09474323826955111,LOW
West Zone 1,Tumkur Road,2.0,0.0,2,1,0,0.253,17.3,0.0,0.0,0.0,1.0,3.0,0.0,0.0,0.0,0.0,0.0,0,0,1.05926513671875,0.45880126953125,0.14085259231730604,1.0,1.0,1.0,0.0,1.0,0.0,1.0,0.0,0.0,-1.0,0,8,19,0.18686426395077343,LOW
West Zone 1,Tumkur Road,2.0,8.0,2,1,1,,,1.0,0.0,0.0,1.0,2.5,0.0,0.0,0.0,0.0,0.0,0,0,1.078155517578125,0.9950790405273438,1.1080532569612052,1.0,1.0,1.0,1.0,1.0,0.0,1.0,0.0,0.0,0.0,0,8,19,0.056914018599187086,LOW
West Zone 1,Tumkur Road,2.0,4.0,2,1,1,,,1.0,0.0,0.0,1.0,1.5,0.0,0.0,0.0,0.0,0.0,0,0,1.532440423965454,0.6640286445617676,0.2529411886703447,1.0,3.0,1.0,1.0,0.0,0.0,1.6666666666666667,1.0,-2.0,1.0,0,8,19,0.10411136104476174,LOW
Central Zone 1,Old Madras Road,6.0,0.0,2,3,3,,,0.0,0.0,0.3333333333333333,0.8333333333333334,2.0,0.0,0.0,0.0,0.0,1.0,1,0,1.0747997050639242,0.8435832292852865,0.16106983621933008,1.0,1.0,2.0,1.0,1.0,1.0,1.0,0.4999999999999999,0.0,0.0,0,0,18,0.17345279246682557,LOW
West Zone 1,Tumkur Road,3.0,0.0,2,1,1,,,0.0,0.0,0.0,1.0,2.5,0.0,0.0,0.0,0.0,0.0,0,0,1.0039134845137596,0.013483740389347076,0.3676723291023717,1.0,1.0,1.0,0.0,0.0,0.0,1.0,0.0,0.0,0.0,0,8,19,0.294589581016135,LOW
North Zone 1,Non-corridor,4.0,12.0,2,1,1,,,0.0,0.0,1.0,0.5,1.0,0.0,0.0,0.0,0.0,0.0,0,0,1.0625,0.375,0.36076155844155844,1.0,1.0,1.0,0.0,1.0,0.0,1.0,0.0,0.0,-1.0,0,4,11,0.16137235355700474,LOW
North Zone 1,ORR North 1,1.0,4.0,2,1,1,,,0.0,0.0,0.0,1.0,1.0,1.0,1.0,0.0,0.0,0.0,0,0,1.5625,1.5,1.9566701298701297,2.0,1.0,1.0,2.0,1.0,0.0,1.3333333333333333,0.5,1.0,1.0,0,4,14,0.12177458771233896,LOW
East Zone 1,ORR East 2,2.0,0.0,2,1,1,2.34,729.8,0.0,0.0,0.0,1.0,1.0,0.0,1.0,0.0,0.0,0.0,0,0,1.2660293579101562,1.2618179321289062,2.3748808002403248,1.0,2.0,1.0,1.0,2.0,1.0,1.3333333333333333,0.5,-1.0,-1.0,0,2,13,0.041269128804006176,LOW
West Zone 1,Tumkur Road,1.0,0.0,2,2,1,1.2314,84.2,0.0,0.0,0.0,1.0,3.0,0.0,0.0,0.0,0.0,0.0,0,0,1.375,0.625,0.5129842105263158,1.0,1.0,1.0,0.0,1.0,1.0,2.0,1.5,0.0,-1.0,0,8,19,0.2685978746913296,LOW
Central Zone 2,Bellary Road 1,0.0,8.0,2,1,0,0.8056,66.1,0.0,0.0,0.0,1.0,2.5,0.0,0.0,0.0,0.0,0.0,0,0,0.0,0.0,0.0,0.0,0.0,0.0,0.0,0.0,0.0,0.0,0.0,0.0,0.0,0,1,2,0.03393942370205996,LOW
North Zone 2,Bellary Road 2,3.0,0.0,2,2,0,0.6815,71.6,0.0,0.0,0.5,0.75,2.0,0.0,1.0,0.0,0.0,0.0,0,0,1.1428253650665283,1.0008575916290283,0.3944621662391542,1.0,1.0,1.0,1.0,1.0,1.0,1.3333333333333333,0.5,0.0,0.0,0,5,3,0.34792497487251517,MEDIUM
South Zone 2,Bannerghata Road,1.0,8.0,2,1,0,0.3359,71.9,0.0,0.0,0.0,1.0,1.0,0.0,0.0,0.0,0.0,0.0,0,0,1.0,1.0,1.7228,1.0,1.0,0.0,1.0,1.0,0.0,1.0,0.0,0.0,0.0,0,7,1,0.13306707297340092,LOW
South Zone 2,Bannerghata Road,2.0,0.0,2,1,1,,,0.0,0.0,1.0,0.5,1.0,0.0,0.0,0.0,0.0,0.0,0,0,1.03125,1.0078125,0.2934578947368421,1.0,1.0,1.0,1.0,1.0,1.0,1.0,0.0,0.0,0.0,0,7,1,0.4465176245389302,MEDIUM
South Zone 2,Bannerghata Road,1.0,12.0,2,1,1,,,0.0,0.0,0.0,1.0,3.0,0.0,0.0,0.0,0.0,0.0,0,0,0.0,0.0,0.0,0.0,0.0,0.0,0.0,0.0,0.0,0.0,0.0,0.0,0.0,0,7,1,0.11080523767944106,LOW
South Zone 1,ORR West 1,2.0,0.0,2,2,2,1.6541,113.1,0.0,0.0,0.5,0.75,2.0,0.0,0.0,0.0,0.0,0.0,0,0,1.125,0.65625,0.314724,1.0,1.0,1.0,1.0,0.0,0.0,1.3333333333333333,0.5,0.0,1.0,0,6,16,0.13497921700140383,LOW
North Zone 2,Bellary Road 2,3.0,4.0,2,1,1,,,0.0,0.0,0.0,1.0,1.0,0.0,1.0,0.0,0.0,0.0,0,0,1.2597675323486328,0.7547626495361328,1.189841511804234,1.0,2.0,1.0,0.0,2.0,1.0,1.3333333333333333,0.5,-1.0,-2.0,0,5,3,0.05694895464876877,LOW
East Zone 1,ORR East 1,5.0,4.0,2,1,0,0.3372,20.8,1.0,0.0,1.0,0.5,2.5,0.0,1.0,0.0,0.0,0.0,0,0,1.2500762939453125,0.7845458984375,0.6200798170437611,1.0,2.0,1.0,1.0,1.0,0.0,1.3333333333333333,0.5,-1.0,0.0,0,2,12,0.08345707775318724,LOW
Central Zone 2,Non-corridor,2.0,4.0,2,1,1,,,0.0,0.0,1.0,0.5,3.0,0.0,1.0,0.0,0.0,0.0,0,0,1.578160671007936,0.7018289115840162,0.4145299027871013,1.0,2.0,3.0,0.0,1.0,1.0,1.6666666666666667,0.8164965809277265,-1.0,-1.0,0,1,11,0.4548232480240239,MEDIUM
North Zone 2,Bellary Road 2,5.0,0.0,2,4,2,0.46354999999999996,103.05000000000001,0.0,0.0,0.25,0.875,1.125,0.0,1.0,0.0,0.0,0.0,0,0,1.7975245882062154,1.7640457218749361,0.6568069897926273,2.0,1.0,1.0,2.0,1.0,1.0,2.0,0.9574271077563382,1.0,1.0,0,5,3,0.11839777711121145,LOW
North Zone 2,Bellary Road 2,6.0,4.0,2,2,1,0.7991,46.7,0.5,0.0,1.0,0.5,2.0,0.0,1.0,0.0,0.0,1.0,0,0,1.6880952166402494,1.1636456273854492,1.3319143581484885,2.0,1.0,4.0,1.0,1.0,4.0,1.3333333333333333,1.4142135623730951,1.0,0.0,0,5,3,0.1017556448498394,LOW
North Zone 2,Bellary Road 2,6.0,0.0,2,1,1,,,0.0,0.0,0.0,1.0,3.0,0.0,1.0,0.0,0.0,1.0,0,0,2.033104260052835,1.0321113504501342,1.5158644648549378,3.0,1.0,1.0,1.0,1.0,1.0,1.6666666666666667,1.0,2.0,0.0,0,5,3,0.03597520024953006,LOW
Central Zone 2,Non-corridor,2.0,8.0,2,1,1,,,0.0,0.0,0.0,1.0,1.5,0.0,0.0,0.0,0.0,0.0,0,0,3.1921545410586987,1.5775101333274506,0.24374945560236344,2.0,5.0,1.0,1.0,3.0,1.0,4.0,2.06155281280883,-3.0,-2.0,0,1,11,0.7183114868436348,HIGH
East Zone 1,ORR East 1,5.0,0.0,2,1,1,,,0.0,0.0,0.0,1.0,2.5,0.0,1.0,0.0,0.0,0.0,0,0,1.0102639631950296,0.2592873581452295,0.5356804769840229,1.0,1.0,1.0,0.0,1.0,0.0,1.0,0.0,0.0,-1.0,0,2,12,0.1897257875976527,LOW
North Zone 1,Non-corridor,3.0,0.0,2,1,0,0.3044,48.7,0.0,0.0,0.0,1.0,2.5,0.0,0.0,0.0,0.0,0.0,0,0,1.0,0.921875,0.7366194805194807,1.0,1.0,1.0,1.0,1.0,0.0,1.0,0.0,0.0,0.0,0,4,11,0.1748220043281261,LOW
East Zone 1,Non-corridor,1.0,8.0,2,2,2,,,0.0,0.0,0.5,0.75,1.75,0.0,1.0,0.5,0.0,0.0,0,0,1.0,0.5,0.6038,1.0,1.0,0.0,0.0,1.0,0.0,1.0,0.0,0.0,-1.0,0,2,11,0.0788537573395319,LOW
East Zone 2,Non-corridor,1.0,12.0,2,1,1,,,0.0,0.0,0.0,1.0,1.5,1.0,1.0,0.0,0.0,0.0,0,0,1.0,0.0,0.2747,1.0,0.0,0.0,0.0,0.0,0.0,1.0,0.0,0.0,0.0,0,3,11,0.09825498709223203,LOW
East Zone 2,Non-corridor,1.0,8.0,2,2,0,0.228,36.8,0.0,0.0,0.0,1.0,1.0,1.0,1.0,0.0,0.0,0.0,0,1,1.5,1.09375,0.6430818181818182,2.0,1.0,1.0,2.0,0.0,1.0,1.3333333333333333,0.5,1.0,2.0,0,3,11,0.44520840244719834,MEDIUM
East Zone 1,ORR East 1,2.0,4.0,2,1,1,,,0.0,0.0,1.0,0.5,3.0,0.0,1.0,0.0,0.0,0.0,0,0,1.0,1.0,0.0,1.0,1.0,1.0,1.0,1.0,1.0,1.0,0.0,0.0,0.0,0,2,12,0.08543572132097596,LOW
East Zone 1,Varthur Road,4.0,8.0,2,1,1,,,1.0,0.0,0.0,1.0,3.0,0.0,1.0,0.0,0.0,0.0,0,0,1.5,0.640625,0.6230928255999999,2.0,1.0,1.0,1.0,0.0,0.0,1.3333333333333333,0.5,1.0,1.0,0,2,20,0.14446341104760677,LOW
North Zone 2,Bellary Road 2,6.0,8.0,2,2,2,1.991,74.8,1.0,0.0,0.5,0.75,3.0,0.0,1.0,0.0,0.0,1.0,0,0,1.2501945878925653,1.1478905407005868,0.4546680505009093,1.0,1.0,3.0,1.0,1.0,2.0,1.3333333333333333,0.9574271077563381,0.0,0.0,0,5,3,0.2812003485893283,LOW
Central Zone 1,Old Madras Road,5.0,8.0,2,1,1,,,0.0,0.0,0.0,1.0,2.5,0.0,0.0,0.0,0.0,0.0,0,0,1.8008447885513306,1.7990822419524193,1.1911588213530093,2.0,2.0,1.0,2.0,2.0,1.0,1.6666666666666667,0.5773502691896257,0.0,0.0,0,0,18,0.5789854474892103,MEDIUM
North Zone 1,ORR North 1,3.0,8.0,2,1,1,,,0.0,0.0,0.0,1.0,1.0,0.0,1.0,0.0,0.0,0.0,0,0,1.11376953125,1.01611328125,0.7419729154078549,1.0,1.0,2.0,1.0,1.0,1.0,1.0,0.5000000000000004,0.0,0.0,0,4,14,0.27442150196421083,LOW
North Zone 1,ORR North 1,4.0,8.0,2,7,6,0.245,20.1,0.42857142857142855,0.0,0.2857142857142857,0.8571428571428571,1.4285714285714286,0.0,1.0,0.0,0.0,0.0,1,0,1.3142776489257812,1.2815017700195312,0.8469736175930779,1.0,2.0,2.0,1.0,2.0,2.0,1.3333333333333333,0.5773502691896257,-1.0,-1.0,0,4,14,0.13084725539614414,LOW
West Zone 1,Tumkur Road,0.0,8.0,2,1,0,0.3361,19.7,1.0,0.0,0.0,1.0,2.5,0.0,0.0,0.0,0.0,0.0,0,0,1.0,1.0,1.7745,1.0,0.0,0.0,1.0,0.0,0.0,1.0,0.0,0.0,0.0,0,8,19,0.08680302114066332,LOW
Central Zone 2,Bellary Road 1,3.0,4.0,2,1,0,0.1955,40.1,0.0,0.0,0.0,1.0,1.0,0.0,0.0,0.0,0.0,0.0,0,0,1.5,1.375,0.1326,2.0,1.0,1.0,2.0,1.0,1.0,1.3333333333333333,0.5,1.0,1.0,0,1,2,0.4257463539990451,MEDIUM
North Zone 2,Bellary Road 2,2.0,8.0,2,2,0,0.6992,43.75,0.5,0.0,0.0,1.0,2.75,0.0,1.0,0.0,0.0,0.0,0,1,1.15869140625,0.9241943359375,0.4186527921691843,1.0,1.0,3.0,1.0,1.0,2.0,1.0,1.0,0.0,0.0,0,5,3,0.4639422276974528,MEDIUM
Central Zone 2,Non-corridor,3.0,0.0,2,3,2,0.077,14.5,0.0,0.0,0.3333333333333333,0.8333333333333334,2.1666666666666665,0.3333333333333333,0.0,0.0,0.0,0.0,0,0,2.1520841344889567,1.3220016290639949,0.7213806156485569,2.0,2.0,2.0,1.0,1.0,1.0,2.3333333333333335,0.4999999999999848,0.0,0.0,0,1,11,0.6442398737911994,HIGH
West Zone 1,ORR West 1,3.0,12.0,2,1,0,0.2096,17.2,0.0,0.0,0.0,1.0,2.5,0.0,0.0,0.0,0.0,0.0,0,0,1.0,0.0,0.5321,1.0,0.0,0.0,0.0,0.0,0.0,1.0,0.0,0.0,0.0,0,8,16,0.16461857691652299,LOW
West Zone 1,ORR North 2,1.0,0.0,2,1,1,,,0.0,0.0,0.0,1.0,1.5,0.0,0.0,0.0,0.0,0.0,0,0,0.0,0.0,0.0,0.0,0.0,0.0,0.0,0.0,0.0,0.0,0.0,0.0,0.0,0,8,15,0.07204492293515541,LOW
Central Zone 2,Bellary Road 1,5.0,8.0,2,2,2,,,0.5,0.0,1.0,0.5,1.0,0.0,0.0,0.0,0.0,0.0,0,0,1.0625,0.671875,0.4796677945619334,1.0,1.0,2.0,1.0,0.0,2.0,1.0,0.5,0.0,1.0,0,1,2,0.33550670799901483,MEDIUM
East Zone 1,ORR East 2,4.0,8.0,2,1,0,0.5979,29.2,1.0,0.0,0.0,1.0,3.0,0.0,1.0,0.0,0.0,0.0,0,0,1.5078125,0.3984375,0.47980298017771705,1.0,3.0,1.0,0.0,1.0,0.0,1.6666666666666667,1.0,-2.0,-1.0,0,2,13,0.1456570699103042,LOW
South Zone 2,Bannerghata Road,2.0,4.0,2,1,1,,,0.0,0.0,0.0,1.0,1.5,0.0,0.0,0.0,0.0,0.0,0,0,1.0,0.875,0.0958,1.0,1.0,1.0,1.0,1.0,0.0,1.0,0.0,0.0,0.0,0,7,1,0.12074894975478295,LOW
Central Zone 2,Mysore Road,5.0,0.0,2,1,0,1.3206,270.9,0.0,0.0,0.0,1.0,1.0,0.0,0.0,0.0,0.0,0.0,0,0,3.1647129539675425,1.7717256305080467,0.5741279829616945,3.0,5.0,1.0,1.0,4.0,1.0,3.3333333333333335,1.7078251276599332,-2.0,-3.0,0,1,10,0.6207821429991837,HIGH
South Zone 2,Bannerghata Road,4.0,4.0,2,1,1,,,0.0,0.0,0.0,1.0,1.0,0.0,0.0,0.0,0.0,0.0,0,0,1.0,0.99609375,0.0958,1.0,1.0,1.0,1.0,1.0,1.0,1.0,0.0,0.0,0.0,0,7,1,0.12268337887337212,LOW
South Zone 2,Bannerghata Road,3.0,8.0,2,1,1,,,0.0,0.0,0.0,1.0,1.0,0.0,0.0,0.0,0.0,0.0,0,0,1.03125,1.018798828125,1.2299821793384864,1.0,1.0,1.0,1.0,1.0,1.0,1.0,0.0,0.0,0.0,0,7,1,0.08193883089749142,LOW
Central Zone 2,Bellary Road 1,4.0,8.0,2,2,2,,,0.0,0.0,0.5,0.75,1.75,0.0,0.0,0.0,0.0,0.0,0,0,1.0,0.75,0.8056,1.0,1.0,0.0,1.0,1.0,0.0,1.0,0.0,0.0,0.0,0,1,2,0.09171502232845345,LOW
Central Zone 1,Old Madras Road,5.0,0.0,2,1,0,0.1346,9.2,0.0,0.0,1.0,0.5,3.0,0.0,0.0,0.0,0.0,0.0,0,0,1.3935905620455742,0.9946633371291682,0.5424539778294049,1.0,2.0,3.0,1.0,1.0,3.0,1.3333333333333333,0.9574271077563381,-1.0,0.0,0,0,18,0.31463190084683745,MEDIUM
Central Zone 1,Old Madras Road,4.0,8.0,2,1,1,,,0.0,0.0,1.0,0.5,1.0,0.0,0.0,0.0,0.0,0.0,0,0,2.627033233642578,2.570631742477417,1.1911588213530093,4.0,1.0,1.0,4.0,1.0,1.0,2.3333333333333335,1.4142135623730951,3.0,3.0,0,0,18,0.5462429259548273,MEDIUM
North Zone 1,Non-corridor,1.0,8.0,2,1,0,0.3168,55.3,0.0,0.0,1.0,0.5,2.5,0.0,0.0,0.0,0.0,0.0,0,0,1.5,0.75,0.3735,1.0,3.0,0.0,0.0,2.0,0.0,1.6666666666666667,1.1547005383792517,-2.0,-2.0,0,4,11,0.1544074321679927,LOW
South Zone 1,Non-corridor,5.0,12.0,2,2,2,,,0.0,0.0,1.0,0.5,2.25,0.0,0.0,0.0,0.0,0.0,0,0,1.0625,0.5,0.9480138972809666,1.0,1.0,1.0,0.0,1.0,1.0,1.0,0.0,0.0,-1.0,0,6,11,0.05152078298556801,LOW
South Zone 1,Non-corridor,5.0,8.0,2,1,1,,,0.0,0.0,0.0,1.0,2.5,0.0,0.0,0.0,0.0,0.0,0,0,1.00390625,0.57421875,0.5987555878116344,1.0,1.0,1.0,1.0,0.0,1.0,1.0,0.0,0.0,1.0,0,6,11,0.30257006008988063,MEDIUM
Central Zone 2,Non-corridor,0.0,4.0,2,3,2,0.0287,4.6,0.0,0.0,0.0,1.0,2.6666666666666665,0.0,0.0,0.0,0.0,0.0,0,0,0.0,0.0,0.0,0.0,0.0,0.0,0.0,0.0,0.0,0.0,0.0,0.0,0.0,0,1,11,0.0437398049537061,LOW
South Zone 1,ORR West 1,1.0,8.0,2,1,1,,,0.0,0.0,0.0,1.0,2.5,1.0,0.0,0.0,0.0,0.0,0,0,0.0,0.0,0.0,0.0,0.0,0.0,0.0,0.0,0.0,0.0,0.0,0.0,0.0,0,6,16,0.08507401374213137,LOW
South Zone 1,ORR West 1,1.0,0.0,2,1,0,1.0405,92.3,0.0,0.0,1.0,0.5,2.5,0.0,0.0,0.0,0.0,0.0,0,0,1.0,1.0,0.0,1.0,0.0,0.0,1.0,0.0,0.0,1.0,0.0,0.0,0.0,0,6,16,0.09406653484675007,LOW
Central Zone 2,Non-corridor,0.0,0.0,2,3,3,,,0.0,0.0,0.0,1.0,2.5,0.0,0.0,0.0,0.0,0.0,1,0,0.0,0.0,0.0,0.0,0.0,0.0,0.0,0.0,0.0,0.0,0.0,0.0,0.0,0,1,11,0.04700530180745324,LOW
East Zone 2,Non-corridor,0.0,12.0,2,1,0,0.2747,29.3,0.0,0.0,0.0,1.0,1.5,1.0,1.0,0.0,0.0,0.0,0,0,0.0,0.0,0.0,0.0,0.0,0.0,0.0,0.0,0.0,0.0,0.0,0.0,0.0,0,3,11,0.14174284941089016,LOW
East Zone 2,Non-corridor,0.0,8.0,2,1,0,0.4815,192.6,0.0,0.0,0.0,1.0,1.0,0.0,1.0,0.0,0.0,0.0,0,0,0.0,0.0,0.0,0.0,0.0,0.0,0.0,0.0,0.0,0.0,0.0,0.0,0.0,0,3,11,0.04406588099002794,LOW
Central Zone 2,Non-corridor,6.0,8.0,2,2,1,0.2462,30.3,0.5,0.0,0.5,0.75,1.75,0.0,0.0,0.0,0.0,1.0,0,0,2.025287830232107,1.7099987898800935,0.2582966638310288,1.0,1.0,5.0,1.0,1.0,3.0,1.6666666666666667,1.9148542155126762,0.0,0.0,0,1,11,0.7033002071470335,HIGH
Central Zone 2,Non-corridor,6.0,12.0,2,2,1,0.8287,102.0,0.0,0.0,0.0,1.0,2.75,0.0,0.0,0.0,0.0,1.0,0,0,3.1349053639689064,2.9196901075085577,0.748124960138551,2.0,4.0,1.0,2.0,4.0,1.0,3.0,1.290994448735808,-2.0,-2.0,0,1,11,0.7183114868436348,HIGH
North Zone 1,Hennur Main Road,4.0,8.0,2,1,1,,,0.0,0.0,0.0,1.0,1.0,0.0,1.0,0.0,0.0,0.0,0,0,1.0032119750976562,1.002197265625,1.3169352545645914,1.0,1.0,1.0,1.0,1.0,1.0,1.0,0.0,0.0,0.0,0,4,6,0.0717056648381815,LOW
Central Zone 1,Old Madras Road,4.0,0.0,2,1,0,0.9262,76.0,0.0,0.0,0.0,1.0,2.5,0.0,0.0,0.0,0.0,0.0,0,0,1.379591941833496,1.3169071525335312,0.10005217311644855,1.0,2.0,1.0,1.0,2.0,0.0,1.6666666666666667,0.5773502691896257,-1.0,-1.0,0,0,18,0.1620170901510318,LOW
West Zone 1,Tumkur Road,5.0,0.0,2,2,1,0.2706,18.5,0.0,0.0,0.5,0.75,2.25,0.0,0.0,0.0,0.0,0.0,0,0,1.5264605284903492,0.8672576848710698,0.9175908084819185,2.0,1.0,1.0,1.0,1.0,1.0,1.3333333333333333,0.5,1.0,0.0,0,8,19,0.1536689582439279,LOW
Central Zone 1,Old Madras Road,3.0,0.0,2,2,2,,,0.0,0.0,0.5,0.75,3.0,0.0,0.0,0.0,0.0,0.0,0,0,1.175537109375,1.1282310485839844,0.15372210388032795,1.0,1.0,1.0,1.0,1.0,1.0,1.3333333333333333,0.5,0.0,0.0,0,0,18,0.3955276851506108,MEDIUM
West Zone 1,Non-corridor,2.0,8.0,2,1,0,0.4976,66.9,1.0,0.0,0.0,1.0,2.5,0.0,0.0,0.0,0.0,0.0,0,0,2.125,0.97265625,0.3992805597726374,2.0,1.0,4.0,0.0,1.0,2.0,2.3333333333333335,1.5,1.0,-1.0,0,8,11,0.5216069503616761,MEDIUM
West Zone 1,Non-corridor,4.0,12.0,2,2,1,0.1163,31.0,0.0,0.0,0.5,0.75,1.25,0.0,0.0,0.0,0.0,0.0,0,0,1.3759765625,0.8974609375,0.3583587412742382,1.0,2.0,1.0,1.0,1.0,0.0,1.6666666666666667,0.5773502691896257,-1.0,0.0,0,8,11,0.12214604505048543,LOW
West Zone 1,Non-corridor,3.0,8.0,2,1,1,,,1.0,0.0,0.0,1.0,1.5,0.0,0.0,0.0,0.0,0.0,0,0,1.28125,0.7431640625,0.4386083358635824,1.0,1.0,1.0,1.0,0.0,1.0,1.3333333333333333,0.5000000000000001,0.0,1.0,0,8,11,0.2938162763389338,LOW
West Zone 1,Non-corridor,5.0,0.0,2,3,2,0.0467,18.7,0.0,0.0,0.0,1.0,2.3333333333333335,0.0,0.0,0.0,0.0,0.0,0,0,1.906761646270752,1.2295489311218262,0.7057815563484702,2.0,1.0,1.0,2.0,0.0,1.0,2.3333333333333335,1.4142135623730951,1.0,2.0,0,8,11,0.23086981441919646,LOW
West Zone 1,Non-corridor,6.0,12.0,2,2,0,0.4935,63.25,0.0,0.0,0.5,0.75,1.75,0.0,0.0,0.0,0.0,1.0,0,1,1.0183124542236328,0.3630809783935547,0.19714833874547685,1.0,1.0,1.0,0.0,1.0,1.0,1.0,0.0,0.0,-1.0,0,8,11,0.5339825959379528,MEDIUM
West Zone 1,Non-corridor,6.0,8.0,2,1,0,0.6768,80.1,0.0,0.0,1.0,0.5,3.0,0.0,0.0,0.0,0.0,1.0,0,0,1.252197265625,0.7167434692382812,0.43275685371105493,1.0,2.0,1.0,1.0,0.0,1.0,1.3333333333333333,0.5,-1.0,1.0,0,8,11,0.14045458558232524,LOW
West Zone 1,Non-corridor,6.0,0.0,2,2,0,0.15835,40.55,0.0,0.0,0.5,0.75,1.25,0.0,0.0,0.0,0.0,1.0,0,0,1.0227090753614902,0.9783558510243893,0.2807404600117066,1.0,1.0,1.0,1.0,1.0,1.0,1.0,0.0,0.0,0.0,0,8,11,0.3954052957492795,MEDIUM
Central Zone 1,Old Madras Road,2.0,12.0,2,1,0,0.1499,12.3,0.0,0.0,0.0,1.0,2.5,0.0,0.0,0.0,0.0,0.0,0,0,1.65625,1.5625,0.11282,2.0,1.0,1.0,2.0,1.0,0.0,1.6666666666666667,0.5773502691896257,1.0,1.0,0,0,18,0.47425626185960557,MEDIUM
West Zone 1,Tumkur Road,5.0,4.0,2,1,1,,,0.0,0.0,1.0,0.5,3.0,0.0,0.0,0.0,0.0,0.0,0,0,1.0327226000882206,0.7960614357062923,0.5709489288581773,1.0,1.0,1.0,1.0,1.0,0.0,1.0,0.0,0.0,0.0,0,8,19,0.3674768804910278,MEDIUM
North Zone 2,Tumkur Road,3.0,8.0,2,1,1,,,0.0,0.0,0.0,1.0,2.5,0.0,0.0,0.0,0.0,0.0,0,0,1.0,1.0,0.0,1.0,1.0,0.0,1.0,1.0,0.0,1.0,0.0,0.0,0.0,0,5,19,0.07473308654384278,LOW
South Zone 1,Non-corridor,1.0,12.0,2,2,1,0.3246,61.1,0.0,0.0,0.5,0.75,1.75,0.0,0.5,0.0,0.0,0.0,0,0,0.0,0.0,0.0,0.0,0.0,0.0,0.0,0.0,0.0,0.0,0.0,0.0,0.0,0,6,11,0.2745104372546467,LOW
South Zone 1,Non-corridor,2.0,12.0,2,1,1,,,0.0,0.0,0.0,1.0,1.0,0.0,0.0,0.0,0.0,0.0,0,0,1.5,1.0,0.3246,1.0,2.0,0.0,1.0,1.0,0.0,1.5,0.7071067811865476,-1.0,0.0,0,6,11,0.1281041702791363,LOW
South Zone 1,Non-corridor,2.0,8.0,2,1,0,0.057,17.7,0.0,0.0,0.0,1.0,1.5,0.0,1.0,0.0,0.0,0.0,0,0,1.25,0.75,0.23762,1.0,2.0,0.0,1.0,1.0,0.0,1.3333333333333333,0.5773502691896257,-1.0,0.0,0,6,11,0.049950418621330726,LOW
Central Zone 2,Old Madras Road,3.0,0.0,2,1,1,,,0.0,0.0,0.0,1.0,2.5,0.0,0.0,0.0,0.0,0.0,0,0,1.5,1.0,0.5587,2.0,1.0,0.0,1.0,1.0,0.0,1.5,0.7071067811865476,1.0,0.0,0,1,18,0.35847849522748276,MEDIUM
Central Zone 2,Non-corridor,5.0,12.0,2,1,1,,,0.0,0.0,1.0,0.5,3.0,0.0,1.0,0.0,0.0,0.0,0,0,1.3158661324712846,0.6217713617134928,0.20306872933264908,1.0,1.0,3.0,0.0,1.0,2.0,1.0,1.0000000000000007,0.0,-1.0,0,1,11,0.3355531991396128,MEDIUM
North Zone 1,ORR North 1,4.0,12.0,2,1,1,,,0.0,0.0,0.0,1.0,1.0,0.0,1.0,0.0,0.0,0.0,0,0,1.375,0.67578125,0.4683194236788142,1.0,1.0,1.0,0.0,1.0,0.0,2.0,1.5,0.0,-1.0,0,4,14,0.24389943349035115,LOW
North Zone 1,ORR North 1,6.0,4.0,2,2,2,,,0.0,0.0,0.5,0.75,1.0,0.0,1.0,0.0,0.0,1.0,0,0,1.1290288066957146,0.7926883120089769,0.9254552904115813,1.0,1.0,1.0,1.0,0.0,0.0,1.3333333333333333,0.5,0.0,1.0,0,4,14,0.09618537660365196,LOW
West Zone 1,Non-corridor,2.0,0.0,2,1,0,0.2809,46.5,0.0,0.0,0.0,1.0,2.5,0.0,0.0,0.0,0.0,0.0,0,0,1.19140625,0.46484375,0.4598217063711912,1.0,1.0,1.0,0.0,1.0,1.0,1.3333333333333333,0.5,0.0,-1.0,0,8,11,0.37222534150873593,MEDIUM
North Zone 2,Bellary Road 2,2.0,4.0,2,1,1,,,0.0,0.0,0.0,1.0,1.5,0.0,1.0,0.0,0.0,0.0,0,0,2.250244140625,1.609619140625,0.9835194121667805,3.0,2.0,1.0,2.0,2.0,1.0,2.0,0.9574271077563381,1.0,0.0,0,5,3,0.042512713885341044,LOW
Central Zone 2,Mysore Road,4.0,12.0,2,1,1,,,0.0,0.0,1.0,0.5,1.0,0.0,0.0,0.0,0.0,0.0,0,0,1.3462448120117188,0.28552091121673584,0.20631085639541225,1.0,1.0,4.0,0.0,0.0,4.0,1.3333333333333333,1.4142135623730951,0.0,0.0,0,1,10,0.38323350405708667,MEDIUM
South Zone 2,Hosur Road,0.0,0.0,2,1,0,0.4022,33.0,0.0,0.0,0.0,1.0,2.5,0.0,0.0,0.0,0.0,0.0,0,0,0.0,0.0,0.0,0.0,0.0,0.0,0.0,0.0,0.0,0.0,0.0,0.0,0.0,0,7,7,0.1558151212038974,LOW
West Zone 1,Non-corridor,1.0,12.0,2,3,3,,,0.0,0.0,0.6666666666666666,0.6666666666666666,1.0,0.0,0.0,1.0,0.0,0.0,1,0,1.0,1.0,0.0,1.0,0.0,0.0,1.0,0.0,0.0,1.0,0.0,0.0,0.0,0,8,11,0.10674517167102787,LOW
Central Zone 2,CBD 2,3.0,0.0,2,1,1,,,0.0,0.0,0.0,1.0,1.0,0.0,0.0,0.0,0.0,0.0,0,0,1.0,0.734375,0.6410690555927662,1.0,1.0,1.0,1.0,0.0,1.0,1.0,0.0,0.0,1.0,0,1,5,0.10043142848190799,LOW
Central Zone 2,CBD 2,5.0,4.0,2,1,1,,,1.0,0.0,0.0,1.0,1.0,0.0,0.0,0.0,0.0,0.0,0,0,1.0,0.1981201171875,0.35703363003482114,1.0,1.0,1.0,0.0,0.0,1.0,1.0,0.0,0.0,0.0,0,1,5,0.08409101722168094,LOW
West Zone 1,Non-corridor,0.0,0.0,2,2,2,,,0.0,0.0,0.0,1.0,1.0,0.0,0.0,0.0,0.0,0.0,0,0,0.0,0.0,0.0,0.0,0.0,0.0,0.0,0.0,0.0,0.0,0.0,0.0,0.0,0,8,11,0.1388601949246026,LOW
West Zone 1,Mysore Road,5.0,4.0,2,1,0,0.3425,21.9,1.0,0.0,0.0,1.0,1.0,1.0,0.0,0.0,0.0,0.0,0,0,1.0,0.25,0.33416,1.0,1.0,1.0,0.0,0.0,1.0,1.0,0.0,0.0,0.0,0,8,10,0.24928881909270617,LOW
West Zone 1,Non-corridor,1.0,8.0,2,1,0,0.5854,77.2,1.0,0.0,1.0,0.5,2.5,0.0,0.0,0.0,0.0,0.0,0,0,1.0,0.5,0.2247,1.0,1.0,0.0,1.0,0.0,0.0,1.0,0.0,0.0,1.0,0,8,11,0.187041938696215,LOW
South Zone 2,Bannerghata Road,6.0,4.0,2,1,1,,,0.0,0.0,0.0,1.0,1.5,0.0,0.0,0.0,0.0,1.0,0,0,1.0625,0.812469482421875,0.9623024315316466,1.0,1.0,2.0,1.0,0.0,2.0,1.0,0.5,0.0,1.0,0,7,1,0.0758362095072707,LOW
Central Zone 2,Non-corridor,3.0,8.0,2,1,0,0.0928,37.1,0.0,0.0,0.0,1.0,1.0,0.0,0.0,0.0,0.0,0.0,0,1,1.8417035981698429,1.1044622206784567,0.8644728309642761,2.0,1.0,3.0,1.0,1.0,2.0,1.6666666666666667,0.8164965809277261,1.0,0.0,0,1,11,0.6423756822960243,HIGH
Central Zone 2,Mysore Road,4.0,4.0,2,2,1,0.5119,50.0,0.5,0.0,0.0,1.0,2.0,0.0,0.0,0.0,0.0,0.0,0,0,1.6255502124653844,1.1044198067874618,0.3495519997311901,2.0,1.0,1.0,1.0,1.0,1.0,1.6666666666666667,0.5773502691896257,1.0,0.0,0,1,10,0.48401339387602565,MEDIUM
West Zone 1,Non-corridor,1.0,0.0,2,2,1,0.2531,45.0,0.0,0.0,0.5,0.75,2.75,0.0,0.0,0.0,0.0,0.0,0,0,1.53125,0.71875,0.175156,1.0,2.0,1.0,1.0,0.0,0.0,2.0,0.9574271077563381,-1.0,1.0,0,8,11,0.1293788917416044,LOW
Central Zone 2,Old Madras Road,1.0,12.0,2,1,0,0.3742,30.7,0.0,0.0,0.0,1.0,2.5,0.0,0.0,0.0,0.0,0.0,0,0,0.0,0.0,0.0,0.0,0.0,0.0,0.0,0.0,0.0,0.0,0.0,0.0,0.0,0,1,18,0.039708009934336055,LOW
Central Zone 2,Non-corridor,6.0,20.0,2,1,1,,,0.0,0.0,0.0,1.0,3.0,1.0,1.0,0.0,0.0,1.0,0,0,1.7702713012695312,1.6441647410392761,0.5715102380993584,2.0,2.0,1.0,2.0,2.0,1.0,1.6666666666666667,0.5773502691896257,0.0,0.0,0,1,11,0.6342291478749064,HIGH
North Zone 1,Hennur Main Road,1.0,8.0,2,1,1,,,0.0,0.0,1.0,0.5,2.5,0.0,1.0,0.0,0.0,0.0,0,0,2.0,1.0,0.4458,2.0,0.0,0.0,1.0,0.0,0.0,2.0,0.0,0.0,0.0,0,4,6,0.09877457907783359,LOW
North Zone 1,Hennur Main Road,0.0,8.0,2,2,1,0.4458,104.5,0.0,0.0,1.0,0.5,1.0,0.0,1.0,0.0,0.0,0.0,0,0,0.0,0.0,0.0,0.0,0.0,0.0,0.0,0.0,0.0,0.0,0.0,0.0,0.0,0,4,6,0.04443030465723326,LOW
Central Zone 2,Non-corridor,6.0,16.0,2,1,1,,,1.0,0.0,0.0,1.0,3.0,1.0,0.0,0.0,0.0,1.0,0,0,1.698433876503259,1.3152474914677441,0.7592855185403526,2.0,1.0,2.0,2.0,0.0,2.0,1.6666666666666667,0.5,1.0,2.0,0,1,11,0.5889655046763713,MEDIUM
Central Zone 1,Old Madras Road,1.0,12.0,2,1,0,0.0902,18.5,0.0,0.0,1.0,0.5,1.0,0.0,0.0,0.0,0.0,0.0,0,0,1.5,1.0,0.1279,1.0,2.0,0.0,0.0,2.0,0.0,1.5,0.7071067811865476,-1.0,-2.0,0,0,18,0.11051923312092964,LOW
West Zone 1,Tumkur Road,6.0,0.0,2,2,2,,,0.0,0.0,0.5,0.75,1.25,0.0,0.0,0.0,0.0,1.0,0,0,2.511925472878831,1.3583379506630553,0.8507183157388915,3.0,3.0,1.0,1.0,3.0,1.0,2.3333333333333335,1.1547005383792515,0.0,-2.0,0,8,19,0.15683260785244477,LOW
West Zone 1,Tumkur Road,6.0,8.0,2,1,0,1.1335,51.1,1.0,0.0,0.0,1.0,2.5,0.0,0.0,0.0,0.0,1.0,0,0,1.0473177862441645,0.9956462126156067,0.5354292292852134,1.0,1.0,1.0,1.0,1.0,1.0,1.0,0.0,0.0,0.0,0,8,19,0.47865735869351456,MEDIUM
West Zone 1,Tumkur Road,6.0,4.0,2,1,0,0.1819,28.7,0.0,0.0,0.0,1.0,1.0,0.0,0.0,0.0,0.0,1.0,0,0,1.2500639113282972,0.42928918249161385,0.2216116100059965,1.0,2.0,1.0,0.0,1.0,0.0,1.3333333333333333,0.5,-1.0,-1.0,0,8,19,0.07665841105592554,LOW
Central Zone 1,Old Madras Road,1.0,8.0,2,2,1,0.3188,65.4,0.5,0.0,0.0,1.0,1.25,0.0,0.0,0.0,0.0,0.0,0,0,1.0,0.6875,0.2783421052631579,1.0,1.0,1.0,1.0,0.0,0.0,1.0,0.0,0.0,1.0,0,0,18,0.10801633482558094,LOW
Central Zone 1,Old Madras Road,1.0,4.0,2,1,0,0.1381,28.8,0.0,0.0,1.0,0.5,1.0,0.0,0.0,0.0,0.0,0.0,0,0,1.0625,0.75,0.4334,1.0,1.0,1.0,1.0,0.0,1.0,1.0,0.0,0.0,1.0,0,0,18,0.37856557621870324,MEDIUM
West Zone 1,Tumkur Road,6.0,20.0,2,1,0,0.1575,49.7,0.0,0.0,0.0,1.0,0.5,0.0,0.0,0.0,0.0,1.0,0,0,1.0625,0.375,1.1422536842105264,1.0,1.0,2.0,0.0,1.0,1.0,1.0,0.5,0.0,-1.0,0,8,19,0.17442168383302914,LOW
West Zone 2,Bellary Road 1,1.0,4.0,2,1,0,1.2848,75.3,1.0,0.0,0.0,1.0,1.0,1.0,0.0,0.0,0.0,0.0,0,0,1.0,0.875,1.3170263157894735,1.0,1.0,1.0,1.0,1.0,1.0,1.0,0.0,0.0,0.0,0,9,2,0.12926896684839717,LOW
Central Zone 2,Non-corridor,1.0,20.0,2,1,0,0.3086,45.3,0.0,0.0,1.0,0.5,3.0,0.0,1.0,0.0,0.0,0.0,0,0,1.0,0.75,1.1634,1.0,1.0,0.0,1.0,0.0,0.0,1.0,0.0,0.0,1.0,0,1,11,0.1357671432388905,LOW
North Zone 2,Non-corridor,4.0,8.0,2,2,2,,,0.0,0.0,0.5,0.75,1.75,0.0,0.0,0.0,0.0,0.0,0,0,1.03125,0.7421875,0.28674992410187217,1.0,1.0,1.0,1.0,0.0,1.0,1.0,0.0,0.0,1.0,0,5,11,0.358769599117776,MEDIUM
Central Zone 2,Non-corridor,0.0,12.0,2,1,0,0.555,88.8,0.0,0.0,0.0,1.0,2.5,0.0,0.0,0.0,0.0,0.0,0,0,0.0,0.0,0.0,0.0,0.0,0.0,0.0,0.0,0.0,0.0,0.0,0.0,0.0,0,1,11,0.05553658936426024,LOW
West Zone 2,Bellary Road 1,2.0,8.0,2,1,1,,,1.0,0.0,0.0,1.0,3.0,0.0,0.0,0.0,0.0,0.0,0,0,1.125,1.03125,0.32880000000000004,1.0,1.0,1.0,1.0,1.0,0.0,1.3333333333333333,0.5,0.0,0.0,0,9,2,0.1257074417540538,LOW
East Zone 1,Non-corridor,4.0,8.0,2,1,0,0.143,45.4,1.0,0.0,0.0,1.0,1.0,0.0,1.0,0.0,0.0,0.0,0,0,1.103515625,0.2900390625,0.5133115834710744,1.0,1.0,2.0,0.0,0.0,2.0,1.0,0.5,0.0,0.0,0,2,11,0.2734121516801581,LOW
North Zone 2,Bellary Road 1,6.0,8.0,2,2,2,,,1.0,0.0,0.0,1.0,3.0,0.0,0.0,0.0,0.0,1.0,0,0,1.188112019655006,0.9957822853434395,0.6985989460133125,1.0,1.0,1.0,1.0,1.0,0.0,1.3333333333333333,0.4999999999999999,0.0,0.0,0,5,2,0.21357279054361827,LOW
South Zone 2,Hosur Road,2.0,12.0,2,1,0,0.5679,46.6,0.0,0.0,1.0,0.5,2.5,0.0,0.0,0.0,0.0,0.0,0,0,1.0,0.65625,0.9443282548476455,1.0,1.0,1.0,1.0,0.0,0.0,1.0,0.0,0.0,1.0,0,7,7,0.14456125558957214,LOW
West Zone 1,Mysore Road,3.0,0.0,2,1,1,,,0.0,0.0,0.0,1.0,3.0,1.0,0.0,0.0,0.0,0.0,0,0,1.1875,0.75,0.5490957894736843,1.0,1.0,1.0,1.0,0.0,1.0,1.3333333333333333,0.5,0.0,1.0,0,8,10,0.30748002108535244,MEDIUM
West Zone 1,Mysore Road,2.0,0.0,2,1,0,0.812,172.3,0.0,0.0,1.0,0.5,1.0,0.0,0.0,0.0,0.0,0.0,0,0,1.75,1.0,0.37382631578947373,2.0,1.0,0.0,1.0,1.0,0.0,1.6666666666666667,0.5773502691896257,1.0,0.0,0,8,10,0.09449829950548037,LOW
West Zone 2,Bellary Road 1,2.0,0.0,2,1,1,,,0.0,0.0,0.0,1.0,1.0,0.0,0.0,0.0,0.0,0.0,0,0,1.0,0.375,0.22370779220779222,1.0,1.0,1.0,0.0,1.0,0.0,1.0,0.0,0.0,-1.0,0,9,2,0.11136307005732375,LOW
West Zone 2,Bellary Road 1,1.0,12.0,2,1,0,0.1048,8.6,0.0,0.0,0.0,1.0,2.5,0.0,0.0,0.0,0.0,0.0,0,0,1.0,1.0,0.0,1.0,0.0,0.0,1.0,0.0,0.0,1.0,0.0,0.0,0.0,0,9,2,0.041203163178056564,LOW
North Zone 1,Bellary Road 2,1.0,4.0,2,1,1,,,1.0,0.0,1.0,0.5,1.0,0.0,1.0,0.0,0.0,0.0,0,0,1.0,0.5,1.12998,1.0,1.0,0.0,0.0,1.0,0.0,1.0,0.0,0.0,-1.0,0,4,3,0.05271529699846344,LOW
East Zone 1,Non-corridor,1.0,0.0,2,1,0,0.1027,15.8,0.0,0.0,0.0,1.0,3.0,0.0,1.0,0.0,0.0,0.0,0,0,1.0,0.25,0.12684,1.0,1.0,1.0,0.0,0.0,1.0,1.0,0.0,0.0,0.0,0,2,11,0.041636101706085483,LOW
North Zone 1,Bellary Road 2,6.0,8.0,2,1,1,,,0.0,0.0,0.0,1.0,1.5,0.0,0.0,0.0,0.0,1.0,0,0,1.0234375,0.109375,0.5520898673957622,1.0,1.0,1.0,0.0,0.0,1.0,1.0,0.0,0.0,0.0,0,4,3,0.27898834266627537,LOW
North Zone 1,Bellary Road 2,4.0,8.0,2,1,0,0.9145,134.0,1.0,0.0,1.0,0.5,1.0,0.0,0.0,0.0,0.0,0.0,0,0,1.75,1.5,1.4331,2.0,2.0,0.0,2.0,2.0,0.0,1.6666666666666667,0.5773502691896257,0.0,0.0,0,4,3,0.0562797798460778,LOW
North Zone 1,Bellary Road 2,4.0,4.0,2,1,1,,,0.0,0.0,0.0,1.0,3.0,0.0,1.0,0.0,0.0,0.0,0,0,1.0,0.9375,1.12998,1.0,1.0,1.0,1.0,1.0,0.0,1.0,0.0,0.0,0.0,0,4,3,0.06172504094546134,LOW
East Zone 1,Non-corridor,0.0,0.0,2,1,1,,,0.0,0.0,0.0,1.0,1.0,0.0,1.0,0.0,0.0,0.0,0,0,0.0,0.0,0.0,0.0,0.0,0.0,0.0,0.0,0.0,0.0,0.0,0.0,0.0,0,2,11,0.05702005593725174,LOW
Central Zone 2,Old Madras Road,6.0,8.0,2,2,1,1.0599,66.9,0.0,0.0,0.0,1.0,2.0,0.0,0.0,0.0,0.0,1.0,0,0,1.0,1.0,0.0,1.0,0.0,0.0,1.0,0.0,0.0,1.0,0.0,0.0,0.0,0,1,18,0.03139478943859768,LOW
Central Zone 2,Old Madras Road,5.0,12.0,2,1,0,0.37,75.9,0.0,0.0,0.0,1.0,1.0,0.0,0.0,0.0,0.0,0.0,0,0,1.0,0.75,0.3742,1.0,1.0,0.0,1.0,1.0,0.0,1.0,0.0,0.0,0.0,0,1,18,0.06334253968119637,LOW
West Zone 2,Bellary Road 1,4.0,4.0,2,1,1,,,0.0,0.0,0.0,1.0,1.0,0.0,0.0,0.0,0.0,0.0,0,0,1.0625,0.7412109375,1.9647551144598336,1.0,1.0,2.0,1.0,0.0,1.0,1.0,0.5,0.0,1.0,0,9,2,0.04255147154530731,LOW
Central Zone 2,Non-corridor,5.0,8.0,2,3,1,0.07619999999999999,16.25,0.0,0.0,0.0,1.0,1.5,0.0,0.0,0.0,0.0,0.0,0,1,1.1059367309747965,0.8455486544666363,0.260273129955244,1.0,1.0,1.0,1.0,1.0,0.0,1.0,0.0,0.0,0.0,0,1,11,0.5496481937918967,MEDIUM
Central Zone 2,Mysore Road,3.0,8.0,2,1,1,,,1.0,0.0,0.0,1.0,2.5,0.0,0.0,0.0,0.0,0.0,0,0,1.5043998689507134,0.7116014754137723,0.6277618300824054,1.0,2.0,2.0,1.0,0.0,0.0,1.6666666666666667,0.5,-1.0,1.0,0,1,10,0.24555592451703673,LOW
East Zone 2,Non-corridor,3.0,0.0,2,1,1,,,0.0,0.0,0.0,1.0,1.0,1.0,1.0,0.0,0.0,0.0,0,0,1.6015625,0.8798828125,0.5648456029067885,1.0,2.0,2.0,1.0,0.0,1.0,2.0,0.816496580927726,-1.0,1.0,0,3,11,0.2914787823468503,LOW
North Zone 1,ORR North 2,4.0,0.0,2,1,1,1.6235,121.1,0.0,0.0,0.0,1.0,3.0,0.0,0.0,0.0,0.0,0.0,0,0,1.0,1.0,2.145,1.0,1.0,1.0,1.0,1.0,1.0,1.0,0.0,0.0,0.0,0,4,15,0.038644443804787015,LOW
Central Zone 2,Non-corridor,5.0,4.0,2,1,1,,,0.0,0.0,1.0,0.5,3.0,0.0,1.0,0.0,0.0,0.0,0,1,2.313112448599643,1.5378119131215882,0.4081985102623471,3.0,1.0,1.0,2.0,1.0,1.0,2.3333333333333335,1.1547005383792517,2.0,1.0,0,1,11,0.6520771538654979,HIGH
Central Zone 2,Non-corridor,4.0,0.0,2,3,3,,,0.0,0.0,0.0,1.0,3.0,0.0,0.0,0.0,0.0,0.0,1,0,3.3863034973545716,1.4151932344444413,0.31492315722374503,4.0,3.0,4.0,1.0,2.0,1.0,2.6666666666666665,1.4142135623730916,1.0,-1.0,0,1,11,0.7172740121448937,HIGH
East Zone 1,Non-corridor,3.0,4.0,2,1,1,,,1.0,0.0,0.0,1.0,1.0,0.0,1.0,0.0,0.0,0.0,0,0,1.03125,0.404296875,0.2474468178973009,1.0,1.0,1.0,0.0,1.0,1.0,1.0,0.0,0.0,-1.0,0,2,11,0.15093237808551468,LOW
East Zone 1,Non-corridor,2.0,16.0,2,1,1,,,1.0,0.0,0.0,1.0,3.0,0.0,1.0,0.0,0.0,0.0,0,0,1.5,1.5,0.0,1.0,2.0,0.0,1.0,2.0,0.0,1.5,0.7071067811865476,-1.0,-1.0,0,2,11,0.07100148754197766,LOW
East Zone 2,ORR North 1,4.0,8.0,2,1,1,,,0.0,0.0,1.0,0.5,2.5,0.0,0.0,0.0,0.0,0.0,0,0,1.0,0.75,0.5631,1.0,1.0,0.0,1.0,1.0,0.0,1.0,0.0,0.0,0.0,0,3,14,0.11181486358821914,LOW
East Zone 1,ORR East 2,3.0,0.0,2,1,1,2.34,720.6,0.0,0.0,0.0,1.0,1.0,0.0,1.0,0.0,0.0,0.0,0,0,1.0021992952679284,1.0019551225122996,2.3373522613678617,1.0,1.0,1.0,1.0,1.0,1.0,1.0,0.0,0.0,0.0,0,2,13,0.03269159004331568,LOW
Central Zone 2,Mysore Road,0.0,8.0,2,1,1,,,1.0,0.0,0.0,1.0,2.5,0.0,0.0,0.0,0.0,0.0,0,0,0.0,0.0,0.0,0.0,0.0,0.0,0.0,0.0,0.0,0.0,0.0,0.0,0.0,0,1,10,0.041165954990170325,LOW
West Zone 1,Magadi Road,5.0,8.0,2,1,1,1.7172,140.9,0.0,0.0,0.0,1.0,2.5,0.0,0.0,0.0,0.0,0.0,0,0,1.1306768958456814,0.994404268451035,1.0160271265592244,1.0,1.0,1.0,1.0,1.0,1.0,1.3333333333333333,0.5,0.0,0.0,0,8,9,0.05709131423560779,LOW
West Zone 1,Magadi Road,5.0,0.0,2,2,2,,,0.0,0.0,0.0,1.0,2.25,0.0,0.0,0.0,0.0,0.0,0,0,1.2629094123840332,1.2546076774597168,1.1264662197495503,1.0,2.0,1.0,1.0,2.0,1.0,1.3333333333333333,0.5,-1.0,-1.0,0,8,9,0.0522593614756335,LOW
West Zone 2,Bellary Road 1,3.0,16.0,2,1,1,,,0.0,0.0,0.0,1.0,2.5,0.0,0.0,0.0,0.0,0.0,0,0,1.0,1.0,0.0,1.0,0.0,0.0,1.0,0.0,0.0,1.0,0.0,0.0,0.0,0,9,2,0.074553512204235,LOW
West Zone 2,Bellary Road 1,3.0,4.0,2,2,1,0.8032,65.9,0.0,0.0,0.0,1.0,2.75,0.0,0.0,0.0,0.0,0.0,0,0,1.0,0.859375,3.696695900277008,1.0,1.0,1.0,1.0,1.0,1.0,1.0,0.0,0.0,0.0,0,9,2,0.12926896684839717,LOW
West Zone 2,Bellary Road 1,5.0,4.0,2,1,1,,,0.0,0.0,0.0,1.0,1.0,0.0,0.0,0.0,0.0,0.0,0,0,1.001953125,0.116912841796875,0.5010846257935007,1.0,1.0,1.0,0.0,0.0,1.0,1.0,0.0,0.0,0.0,0,9,2,0.14184118872006815,LOW
East Zone 2,Non-corridor,1.0,0.0,2,1,1,,,0.0,0.0,0.0,1.0,1.0,0.0,1.0,0.0,0.0,0.0,0,0,1.0,0.25,0.798263157894737,1.0,1.0,0.0,0.0,1.0,0.0,1.0,0.0,0.0,-1.0,0,3,11,0.05894223868774798,LOW
North Zone 2,ORR North 2,5.0,8.0,2,1,1,,,1.0,0.0,0.0,1.0,1.0,1.0,0.0,0.0,0.0,0.0,0,0,1.312650457039581,0.8125092536288321,0.9870293808230849,1.0,2.0,2.0,0.0,2.0,2.0,1.3333333333333333,0.5773502691896257,-1.0,-2.0,0,5,15,0.04521883862154954,LOW
North Zone 2,ORR North 2,6.0,0.0,2,1,0,0.1692,8.9,0.0,0.0,0.0,1.0,3.0,0.0,0.0,0.0,0.0,1.0,0,0,1.0015907297565718,0.5616461559329764,0.4929023502856651,1.0,1.0,1.0,1.0,0.0,0.0,1.0,0.0,0.0,1.0,0,5,15,0.3157557227288366,MEDIUM
North Zone 2,Tumkur Road,2.0,0.0,2,1,1,,,0.0,0.0,1.0,0.5,1.0,0.0,0.0,0.0,0.0,0.0,0,0,1.0,1.0,0.0,1.0,1.0,0.0,1.0,1.0,0.0,1.0,0.0,0.0,0.0,0,5,19,0.0676381146233543,LOW
North Zone 2,Non-corridor,1.0,12.0,2,1,0,1.02,614.4,0.0,0.0,0.0,1.0,1.0,0.0,0.0,0.0,0.0,0.0,0,0,1.0,0.0,0.5214,1.0,0.0,0.0,0.0,0.0,0.0,1.0,0.0,0.0,0.0,0,5,11,0.1335458899336477,LOW
West Zone 2,Bellary Road 1,4.0,8.0,2,1,0,1.0306,60.4,1.0,0.0,0.0,1.0,2.5,0.0,0.0,0.0,0.0,0.0,0,0,1.515625,0.50390625,1.9024690421969188,2.0,1.0,1.0,0.0,1.0,1.0,1.3333333333333333,0.5,1.0,-1.0,0,9,2,0.13781194840374136,LOW
West Zone 2,Magadi Road,3.0,4.0,2,1,1,,,1.0,0.0,0.0,1.0,2.5,1.0,0.0,0.0,0.0,0.0,0,0,1.0,0.0,0.3115,1.0,0.0,0.0,0.0,0.0,0.0,1.0,0.0,0.0,0.0,0,9,9,0.05737858077684247,LOW
West Zone 2,Magadi Road,1.0,12.0,2,1,0,0.3598,49.2,0.0,0.0,1.0,0.5,1.5,0.0,0.0,0.0,0.0,0.0,0,0,0.0,0.0,0.0,0.0,0.0,0.0,0.0,0.0,0.0,0.0,0.0,0.0,0.0,0,9,9,0.12387471641286456,LOW
West Zone 2,Bellary Road 1,6.0,8.0,2,3,2,0.5824,91.9,0.0,0.0,1.0,0.5,1.5,0.0,0.0,0.0,0.0,1.0,0,0,1.0322265625,0.781494140625,1.0707928551908907,1.0,1.0,1.0,1.0,1.0,0.0,1.0,0.0,0.0,0.0,0,9,2,0.21843690979005295,LOW
East Zone 2,Non-corridor,6.0,8.0,2,1,1,,,1.0,0.0,1.0,0.5,1.0,0.0,1.0,0.0,0.0,1.0,0,0,1.0312919616699219,0.47042155265808105,0.7069781415691746,1.0,1.0,1.0,0.0,1.0,1.0,1.0,0.0,0.0,-1.0,0,3,11,0.04494707502601833,LOW
East Zone 2,Non-corridor,5.0,12.0,2,1,1,,,0.0,0.0,0.0,1.0,1.5,0.0,1.0,0.0,0.0,0.0,0,0,1.0,0.27734375,0.35879090920655105,1.0,1.0,1.0,0.0,1.0,0.0,1.0,0.0,0.0,-1.0,0,3,11,0.19833890105083668,LOW
East Zone 2,ORR North 1,2.0,8.0,2,1,1,,,0.0,0.0,0.0,1.0,3.0,0.0,0.0,0.0,0.0,0.0,0,0,1.0,0.0,0.5631,1.0,0.0,0.0,0.0,0.0,0.0,1.0,0.0,0.0,0.0,0,3,14,0.10758124442689643,LOW
East Zone 2,ORR North 1,2.0,0.0,2,1,1,,,0.0,0.0,0.0,1.0,3.0,0.0,1.0,0.0,0.0,0.0,0,0,1.0,1.0,0.0,1.0,1.0,1.0,1.0,1.0,1.0,1.0,0.0,0.0,0.0,0,3,14,0.15031901108248605,LOW
South Zone 2,Hosur Road,5.0,4.0,2,1,1,,,0.0,0.0,1.0,0.5,1.0,0.0,0.0,0.0,0.0,0.0,0,0,1.064697265625,0.5,0.5684166609749189,1.0,1.0,1.0,0.0,1.0,0.0,1.0,0.0,0.0,-1.0,0,7,7,0.22713910586942035,LOW
East Zone 1,ORR East 2,4.0,0.0,2,1,1,2.34,680.0,0.0,0.0,0.0,1.0,1.0,0.0,1.0,0.0,0.0,0.0,0,0,1.0006103851210826,1.000122100145302,2.3507939569588387,1.0,1.0,1.0,1.0,1.0,1.0,1.0,0.0,0.0,0.0,0,2,13,0.03269159004331568,LOW
North Zone 2,Bellary Road 1,5.0,4.0,2,1,0,0.0278,5.7,0.0,0.0,1.0,0.5,1.0,0.0,0.0,0.0,0.0,0.0,0,0,1.0080595053732395,0.3745574577478692,0.4146028427983386,1.0,1.0,1.0,0.0,1.0,1.0,1.0,0.0,0.0,-1.0,0,5,2,0.14638409368879762,LOW
East Zone 1,ORR East 2,5.0,0.0,2,1,1,2.34,719.8,0.0,0.0,1.0,0.5,1.0,0.0,1.0,0.0,0.0,0.0,0,0,1.0078125093137378,1.0058593768631003,2.3609852422178452,1.0,1.0,1.0,1.0,1.0,1.0,1.0,0.0,0.0,0.0,0,2,13,0.040283563741359704,LOW
South Zone 2,Hosur Road,5.0,0.0,2,1,1,,,0.0,0.0,0.0,1.0,2.5,0.0,0.0,0.0,0.0,0.0,0,0,3.2580568912089802,1.2392565313348314,0.6040716063598293,5.0,2.0,1.0,1.0,2.0,1.0,2.6666666666666665,1.8929694486000912,3.0,-1.0,0,7,7,0.12413154848359878,LOW
East Zone 1,Non-corridor,6.0,8.0,2,1,0,0.2357,56.0,1.0,0.0,0.0,1.0,1.0,0.0,1.0,0.0,0.0,1.0,0,0,2.1314697265625,1.51812744140625,0.24876685262638193,3.0,1.0,1.0,2.0,1.0,0.0,2.0,0.9574271077563381,2.0,1.0,0,2,11,0.44895520081932966,MEDIUM
North Zone 2,Bellary Road 1,5.0,12.0,2,1,1,,,0.0,0.0,1.0,0.5,2.5,0.0,0.0,0.0,0.0,0.0,0,0,1.1702004671096802,0.9184892177581787,0.19119611606342254,1.0,1.0,1.0,1.0,0.0,1.0,1.3333333333333333,0.5000000000000003,0.0,1.0,0,5,2,0.3167277442459221,MEDIUM
West Zone 2,Mysore Road,2.0,0.0,2,1,1,,,0.0,0.0,0.0,1.0,1.5,0.0,0.0,0.0,0.0,0.0,0,0,1.5,0.5,0.63016,2.0,1.0,0.0,1.0,0.0,0.0,1.5,0.7071067811865476,1.0,1.0,0,9,10,0.05058815197306365,LOW
West Zone 2,Mysore Road,4.0,8.0,2,1,1,,,1.0,0.0,0.0,1.0,1.0,0.0,0.0,1.0,0.0,0.0,0,0,1.25,0.5,0.6569263157894737,1.0,1.0,0.0,0.0,1.0,0.0,1.3333333333333333,0.5773502691896257,0.0,-1.0,0,9,10,0.04407234326895531,LOW
West Zone 2,Non-corridor,1.0,12.0,2,1,0,0.2262,90.5,0.0,0.0,1.0,0.5,1.0,0.0,0.0,0.0,0.0,0.0,0,0,0.0,0.0,0.0,0.0,0.0,0.0,0.0,0.0,0.0,0.0,0.0,0.0,0.0,0,9,11,0.18368455680725856,LOW
West Zone 2,Non-corridor,1.0,0.0,2,1,1,,,0.0,0.0,0.0,1.0,1.0,0.0,0.0,0.0,0.0,0.0,0,0,1.0,1.0,0.0,1.0,0.0,0.0,1.0,0.0,0.0,1.0,0.0,0.0,0.0,0,9,11,0.04366175580781869,LOW
West Zone 2,Non-corridor,4.0,8.0,2,2,1,0.2806,44.9,0.0,0.0,0.5,0.75,2.5,0.0,0.0,0.0,0.0,0.0,0,0,1.125,0.9375,0.21862105263157897,1.0,1.0,2.0,1.0,1.0,2.0,1.0,0.5,0.0,0.0,0,9,11,0.28862038767982595,LOW
West Zone 1,Magadi Road,1.0,4.0,2,1,0,0.1214,8.3,0.0,0.0,1.0,0.5,3.0,0.0,0.0,0.0,0.0,0.0,0,0,1.625,0.375,0.7401979220779221,2.0,1.0,1.0,0.0,0.0,1.0,1.3333333333333333,0.5,1.0,0.0,0,8,9,0.172578234735887,LOW
Central Zone 2,Mysore Road,1.0,8.0,2,1,1,,,0.0,0.0,1.0,0.5,2.5,0.0,0.0,0.0,0.0,0.0,0,0,2.3125,1.171875,0.434915567867036,2.0,4.0,2.0,1.0,2.0,0.0,2.3333333333333335,1.2583057392117918,-2.0,-1.0,0,1,10,0.3109194594003272,MEDIUM
Central Zone 2,Mysore Road,1.0,4.0,2,1,1,,,0.0,0.0,0.0,1.0,1.0,0.0,0.0,0.0,0.0,0.0,0,0,1.357421875,0.654296875,0.7168027126403266,1.0,1.0,2.0,0.0,1.0,2.0,1.6666666666666667,0.9574271077563381,0.0,-1.0,0,1,10,0.29789712621051595,LOW
Central Zone 2,Mysore Road,3.0,0.0,2,2,2,,,0.0,0.0,0.0,1.0,3.0,0.0,0.0,0.0,0.0,0.0,0,0,1.2268460612067429,0.3830787549395609,0.5594948641186365,1.0,1.0,2.0,0.0,0.0,1.0,1.3333333333333333,0.5773502691896257,0.0,0.0,0,1,10,0.5532941819485232,MEDIUM
Central Zone 2,Mysore Road,2.0,16.0,2,1,1,5.226,428.8,0.0,0.0,0.0,1.0,1.0,1.0,0.0,0.0,0.0,0.0,0,0,1.0,0.0,1.4259,1.0,0.0,0.0,0.0,0.0,0.0,1.0,0.0,0.0,0.0,0,1,10,0.07627179672122085,LOW
South Zone 2,Hosur Road,5.0,12.0,2,1,1,,,0.0,0.0,0.0,1.0,1.5,0.0,0.0,0.0,0.0,0.0,0,0,1.204376220703125,0.9872716069221497,0.528339293980264,1.0,1.0,4.0,1.0,1.0,1.0,1.0,1.5000000000000002,0.0,0.0,0,7,7,0.49965145250795034,MEDIUM
South Zone 2,Hosur Road,5.0,8.0,2,1,1,,,0.0,0.0,0.0,1.0,1.0,0.0,0.0,0.0,0.0,0.0,0,0,1.0137076377868652,0.24941658973693848,0.8837703831151056,1.0,1.0,1.0,0.0,0.0,1.0,1.0,0.0,0.0,0.0,0,7,7,0.11997366452832244,LOW
South Zone 2,IRR(Thanisandra road),4.0,0.0,2,1,1,,,0.0,0.0,1.0,0.5,1.0,0.0,0.0,0.0,0.0,0.0,0,0,1.0,0.71875,0.8521734138972809,1.0,1.0,1.0,1.0,0.0,1.0,1.0,0.0,0.0,1.0,0,7,8,0.0965830821123167,LOW
Central Zone 2,Mysore Road,0.0,12.0,2,1,1,,,0.0,0.0,0.0,1.0,2.5,0.0,0.0,0.0,0.0,0.0,0,0,0.0,0.0,0.0,0.0,0.0,0.0,0.0,0.0,0.0,0.0,0.0,0.0,0.0,0,1,10,0.05442439052544727,LOW
East Zone 1,ORR East 1,4.0,4.0,2,1,0,0.4368,89.6,0.0,0.0,0.0,1.0,1.0,0.0,1.0,0.0,0.0,0.0,0,0,1.01953125,0.84375,1.9812902318122174,1.0,1.0,1.0,1.0,1.0,1.0,1.0,0.0,0.0,0.0,0,2,12,0.18229275058761688,LOW
Central Zone 1,ORR North 1,4.0,8.0,2,1,1,,,0.0,0.0,0.0,1.0,1.0,1.0,0.0,0.0,0.0,0.0,0,0,1.0,0.0,0.1077,1.0,0.0,0.0,0.0,0.0,0.0,1.0,0.0,0.0,0.0,0,0,14,0.043791845156356035,LOW
Central Zone 1,ORR North 1,2.0,8.0,2,1,0,0.1077,22.1,0.0,0.0,1.0,0.5,1.0,0.0,0.0,0.0,0.0,0.0,0,0,0.0,0.0,0.0,0.0,0.0,0.0,0.0,0.0,0.0,0.0,0.0,0.0,0.0,0,0,14,0.06363629591735095,LOW
Central Zone 2,Non-corridor,1.0,12.0,2,1,0,0.047,19.3,0.0,0.0,0.0,1.0,1.0,0.0,0.0,0.0,0.0,0.0,0,1,2.13763427734375,0.819488525390625,0.3997283864774356,3.0,1.0,1.0,1.0,0.0,1.0,2.0,0.9574271077563381,2.0,1.0,0,1,11,0.688180839804309,HIGH
North Zone 2,ORR North 2,3.0,4.0,2,1,1,,,0.0,0.0,0.0,1.0,3.0,0.0,0.0,0.0,0.0,0.0,0,1,1.140625,0.2109375,0.3866863831578947,1.0,1.0,3.0,0.0,0.0,3.0,1.0,1.0,0.0,0.0,0,5,15,0.5105417249632812,MEDIUM
East Zone 1,Varthur Road,6.0,8.0,2,1,1,,,1.0,0.0,0.0,1.0,3.0,0.0,1.0,0.0,0.0,1.0,0,0,1.015625,0.42626953125,0.4772423490231032,1.0,1.0,1.0,0.0,1.0,0.0,1.0,0.0,0.0,-1.0,0,2,20,0.0803700640113953,LOW
East Zone 1,Varthur Road,5.0,16.0,2,1,1,5.6767,332.7,1.0,0.0,0.0,1.0,1.0,1.0,1.0,0.0,0.0,0.0,0,0,1.0,1.0,5.539540000000001,1.0,1.0,1.0,1.0,1.0,1.0,1.0,0.0,0.0,0.0,0,2,20,0.06806134859557839,LOW
West Zone 2,ORR West 1,1.0,0.0,2,1,0,0.0943,13.0,0.0,0.0,0.0,1.0,1.5,0.0,0.0,0.0,0.0,0.0,0,0,0.0,0.0,0.0,0.0,0.0,0.0,0.0,0.0,0.0,0.0,0.0,0.0,0.0,0,9,16,0.028642142998180343,LOW
West Zone 2,Non-corridor,6.0,4.0,2,2,2,,,0.0,0.0,0.5,0.75,2.75,0.0,0.0,0.0,0.0,1.0,0,0,1.0625,0.703125,0.30400505263157895,1.0,1.0,2.0,1.0,0.0,1.0,1.0,0.5,0.0,1.0,0,9,11,0.0918754984165897,LOW
South Zone 2,Non-corridor,5.0,8.0,2,1,0,0.5506,88.1,0.0,0.0,1.0,0.5,2.5,0.0,0.0,0.0,0.0,0.0,0,0,1.5,0.65234375,0.7624110504054697,1.0,3.0,1.0,0.0,2.0,0.0,1.6666666666666667,1.0,-2.0,-2.0,0,7,11,0.13746923755349105,LOW
South Zone 2,Non-corridor,5.0,4.0,2,1,0,0.6033,105.3,0.0,0.0,1.0,0.5,2.5,0.0,1.0,0.0,0.0,0.0,0,0,1.5625,1.0615234375,0.4599563952176115,1.0,3.0,2.0,0.0,3.0,2.0,1.6666666666666667,0.9574271077563381,-2.0,-3.0,0,7,11,0.08257826098759682,LOW
South Zone 2,ORR East 1,6.0,4.0,2,1,1,,,1.0,0.0,0.0,1.0,1.0,0.0,1.0,0.0,0.0,1.0,0,0,1.75,0.59375,0.19816842105263158,2.0,2.0,1.0,0.0,2.0,1.0,1.6666666666666667,0.5773502691896257,0.0,-2.0,0,7,12,0.23112784866480643,LOW
West Zone 1,Magadi Road,1.0,0.0,2,1,1,,,0.0,0.0,1.0,0.5,2.5,0.0,0.0,0.0,0.0,0.0,0,0,1.0,1.0,1.5707,1.0,1.0,1.0,1.0,1.0,1.0,1.0,0.0,0.0,0.0,0,8,9,0.050342597116646515,LOW
Central Zone 2,Non-corridor,4.0,8.0,2,2,1,0.4769,76.3,0.0,0.0,0.5,0.75,2.5,0.0,0.0,0.0,0.0,0.0,0,0,3.3568093141624415,2.0129530038113037,0.4523442461077409,4.0,1.0,4.0,2.0,1.0,3.0,3.6666666666666665,2.0615528128088303,3.0,1.0,0,1,11,0.718159128334034,HIGH
Central Zone 2,Mysore Road,2.0,4.0,2,1,1,,,0.0,0.0,1.0,0.5,2.5,1.0,0.0,0.0,0.0,0.0,0,0,1.0667552947998047,0.3063030242919922,0.8291125392051837,1.0,1.0,2.0,0.0,0.0,2.0,1.0,0.5,0.0,0.0,0,1,10,0.19458853924044264,LOW
South Zone 2,Non-corridor,0.0,12.0,2,1,1,,,0.0,0.0,1.0,0.5,2.5,1.0,0.0,0.0,0.0,0.0,0,0,0.0,0.0,0.0,0.0,0.0,0.0,0.0,0.0,0.0,0.0,0.0,0.0,0.0,0,7,11,0.17673409234413606,LOW
South Zone 2,Non-corridor,0.0,4.0,2,1,0,0.166,69.9,0.0,0.0,1.0,0.5,1.0,0.0,0.0,0.0,0.0,0.0,0,0,0.0,0.0,0.0,0.0,0.0,0.0,0.0,0.0,0.0,0.0,0.0,0.0,0.0,0,7,11,0.2162883360476588,LOW
South Zone 2,Non-corridor,0.0,0.0,2,1,0,0.081,32.4,0.0,0.0,0.0,1.0,1.0,0.0,0.0,0.0,0.0,0.0,0,0,0.0,0.0,0.0,0.0,0.0,0.0,0.0,0.0,0.0,0.0,0.0,0.0,0.0,0,7,11,0.07527072005639572,LOW
West Zone 1,Magadi Road,1.0,8.0,2,1,1,,,1.0,0.0,1.0,0.5,3.0,0.0,0.0,0.0,0.0,0.0,0,0,1.0625,0.625,0.9103528000000001,1.0,1.0,1.0,1.0,0.0,0.0,1.0,0.0,0.0,1.0,0,8,9,0.061324487698853576,LOW
North Zone 1,Bellary Road 1,5.0,8.0,2,1,1,,,0.0,0.0,0.0,1.0,1.0,0.0,0.0,0.0,0.0,0.0,0,0,1.875,1.875,0.0,2.0,2.0,1.0,2.0,2.0,1.0,2.0,0.5,0.0,0.0,0,4,2,0.3120232010070349,MEDIUM
North Zone 1,Bellary Road 1,4.0,4.0,2,2,2,2.34,1293.5,0.5,0.0,0.5,0.75,1.0,0.0,0.0,0.0,0.0,0.0,0,0,1.0,1.0,0.0,1.0,1.0,1.0,1.0,1.0,1.0,1.0,0.0,0.0,0.0,0,4,2,0.04136943684594337,LOW
West Zone 2,West of Chord Road,2.0,0.0,2,1,1,,,0.0,0.0,0.0,1.0,1.0,0.0,0.0,0.0,0.0,0.0,0,0,1.1875,0.6875,0.3047,1.0,1.0,2.0,0.0,1.0,2.0,1.3333333333333333,0.5773502691896257,0.0,-1.0,0,9,21,0.06326198573802032,LOW
South Zone 2,IRR(Thanisandra road),5.0,0.0,2,1,1,,,0.0,0.0,0.0,1.0,1.0,0.0,0.0,0.0,0.0,0.0,0,0,1.0,0.859375,0.8521734138972809,1.0,1.0,1.0,1.0,1.0,1.0,1.0,0.0,0.0,0.0,0,7,8,0.11579391701971532,LOW
South Zone 2,Non-corridor,1.0,12.0,2,1,1,,,0.0,0.0,0.0,1.0,1.0,1.0,0.0,0.0,0.0,0.0,0,0,1.0,1.0,0.0,1.0,0.0,0.0,1.0,0.0,0.0,1.0,0.0,0.0,0.0,0,7,11,0.14155725811951794,LOW
South Zone 2,Non-corridor,1.0,0.0,2,1,0,0.6288,43.9,0.0,0.0,1.0,0.5,2.5,1.0,1.0,0.0,0.0,0.0,0,0,1.0,0.875,0.081,1.0,1.0,1.0,1.0,1.0,0.0,1.0,0.0,0.0,0.0,0,7,11,0.09768722344172806,LOW
South Zone 2,Non-corridor,3.0,8.0,2,1,0,0.3694,59.1,0.0,0.0,0.0,1.0,2.5,0.0,0.0,0.0,0.0,0.0,0,0,1.0,0.4375,0.8396006042296073,1.0,1.0,1.0,0.0,1.0,1.0,1.0,0.0,0.0,-1.0,0,7,11,0.18134563525277003,LOW
South Zone 2,ORR East 1,2.0,0.0,2,1,1,,,0.0,0.0,0.0,1.0,2.5,0.0,0.0,0.0,0.0,0.0,0,0,0.0,0.0,0.0,0.0,0.0,0.0,0.0,0.0,0.0,0.0,0.0,0.0,0.0,0,7,12,0.10909094767862328,LOW
South Zone 2,ORR East 1,0.0,4.0,2,1,1,,,0.0,0.0,0.0,1.0,1.0,0.0,0.0,0.0,0.0,0.0,0,0,0.0,0.0,0.0,0.0,0.0,0.0,0.0,0.0,0.0,0.0,0.0,0.0,0.0,0,7,12,0.10140679081172453,LOW
West Zone 2,Tumkur Road,1.0,0.0,2,1,1,,,0.0,0.0,0.0,1.0,1.0,0.0,0.0,0.0,0.0,0.0,0,0,1.0,0.5,0.43122,1.0,1.0,0.0,1.0,0.0,0.0,1.0,0.0,0.0,1.0,0,9,19,0.043086493404256784,LOW
West Zone 2,ORR West 1,6.0,0.0,2,1,1,,,0.0,0.0,0.0,1.0,1.0,0.0,0.0,0.0,0.0,1.0,0,0,1.0,0.087890625,0.6440329389502464,1.0,1.0,1.0,0.0,0.0,1.0,1.0,0.0,0.0,0.0,0,9,16,0.038486526866897235,LOW
Central Zone 1,Non-corridor,5.0,12.0,2,1,1,,,0.0,0.0,1.0,0.5,2.5,0.0,0.0,0.0,0.0,0.0,0,0,1.0,0.25,0.03664,1.0,1.0,0.0,0.0,0.0,0.0,1.0,0.0,0.0,0.0,0,0,11,0.07495166277746292,LOW
West Zone 2,Tumkur Road,4.0,0.0,2,1,1,,,0.0,0.0,0.0,1.0,1.0,0.0,0.0,0.0,0.0,0.0,0,0,1.125,0.3671875,0.5279995290302112,1.0,1.0,1.0,0.0,1.0,1.0,1.3333333333333333,0.5,0.0,-1.0,0,9,19,0.07946352701476501,LOW
West Zone 2,Tumkur Road,2.0,8.0,2,1,0,0.3184,31.1,1.0,0.0,0.0,1.0,1.5,0.0,0.0,0.0,0.0,0.0,0,0,1.0,0.5,0.55186,1.0,1.0,0.0,1.0,0.0,0.0,1.0,0.0,0.0,1.0,0,9,19,0.17250247189915635,LOW
Central Zone 1,Mysore Road,4.0,8.0,2,1,0,0.3876,53.0,0.0,0.0,0.0,1.0,1.5,0.0,0.0,0.0,0.0,0.0,0,0,1.125,0.50390625,1.110021012713602,1.0,1.0,3.0,0.0,1.0,2.0,1.0,1.0,0.0,-1.0,0,0,10,0.2190053983319081,LOW
Central Zone 2,Non-corridor,1.0,8.0,2,1,0,0.3902,44.6,1.0,0.0,0.0,1.0,2.5,0.0,0.0,0.0,0.0,0.0,0,0,2.28009033203125,0.5311279296875,0.40867128751028836,2.0,4.0,1.0,0.0,2.0,0.0,2.3333333333333335,1.4142135623730951,-2.0,-2.0,0,1,11,0.6019685936386859,HIGH
Central Zone 2,Non-corridor,1.0,4.0,2,4,4,,,0.5,0.0,0.5,0.75,1.75,0.0,0.25,0.0,0.0,0.0,1,0,1.4037628173828125,0.9527931213378906,0.4375691059938261,1.0,2.0,1.0,1.0,1.0,0.0,1.6666666666666667,0.5773502691896257,-1.0,0.0,0,1,11,0.35154035710285325,MEDIUM
North Zone 2,ORR North 2,5.0,0.0,2,1,1,,,0.0,0.0,0.0,1.0,3.0,0.0,0.0,0.0,0.0,0.0,0,0,1.4072268176823854,0.781415918841958,0.19508899150089087,1.0,2.0,1.0,0.0,2.0,1.0,1.6666666666666667,0.5773502691896257,-1.0,-2.0,0,5,15,0.07584215337981626,LOW
Central Zone 2,Non-corridor,1.0,0.0,2,1,1,,,0.0,0.0,0.0,1.0,1.0,0.0,0.0,0.0,0.0,0.0,0,1,2.4284820556640625,2.3383331298828125,1.1129507751241614,3.0,2.0,1.0,3.0,2.0,0.0,2.3333333333333335,0.8164965809277257,1.0,1.0,0,1,11,0.6510035802772814,HIGH
Central Zone 2,Non-corridor,1.0,0.0,3,4,4,,,0.0,0.0,0.5,0.75,1.75,0.0,0.25,0.0,0.0,0.0,1,1,1.7142410278320312,1.6691665649414062,1.1129507751241614,1.0,3.0,2.0,1.0,3.0,2.0,2.0,0.8164965809277257,-2.0,-2.0,0,1,11,0.6804620392057179,HIGH
Central Zone 1,IRR(Thanisandra road),1.0,0.0,3,1,0,1.391,51.2,0.0,0.0,0.0,1.0,2.5,1.0,0.0,0.0,0.0,0.0,0,0,0.0,0.0,0.0,0.0,0.0,0.0,0.0,0.0,0.0,0.0,0.0,0.0,0.0,0,0,8,0.039724920107921086,LOW
Central Zone 2,Non-corridor,1.0,4.0,3,2,2,,,0.0,0.0,0.0,1.0,2.75,0.0,0.0,0.0,0.0,0.0,0,0,2.7018814086914062,2.4763965606689453,0.4375691059938261,4.0,1.0,2.0,4.0,1.0,1.0,2.3333333333333335,1.2583057392117916,3.0,3.0,0,1,11,0.6500998203348087,HIGH
East Zone 1,ORR East 1,5.0,8.0,3,1,1,,,0.0,0.0,0.0,1.0,1.0,0.0,0.0,0.0,0.0,0.0,0,0,1.1250848770141602,0.9508111476898193,2.9994128291187967,1.0,1.0,1.0,1.0,1.0,1.0,1.3333333333333333,0.5,0.0,0.0,0,2,12,0.08730861037523878,LOW
East Zone 1,ORR East 2,1.0,0.0,3,1,1,2.34,718.7,0.0,0.0,1.0,0.5,1.0,0.0,1.0,0.0,0.0,0.0,0,0,1.0,1.0,2.34,1.0,1.0,0.0,1.0,1.0,0.0,1.0,0.0,0.0,0.0,0,2,13,0.0336658031308373,LOW
Central Zone 2,Non-corridor,1.0,8.0,3,1,1,,,1.0,0.0,1.0,0.5,1.0,0.0,0.0,0.0,0.0,0.0,0,0,1.640045166015625,0.26556396484375,0.401282772506173,1.0,2.0,1.0,0.0,0.0,0.0,2.3333333333333335,1.4142135623730951,-1.0,0.0,0,1,11,0.34992335618970266,MEDIUM
Central Zone 1,Mysore Road,2.0,4.0,3,1,1,,,0.0,0.0,1.0,0.5,1.0,0.0,0.0,0.0,0.0,0.0,0,0,0.0,0.0,0.0,0.0,0.0,0.0,0.0,0.0,0.0,0.0,0.0,0.0,0.0,0,0,10,0.08073236215583862,LOW
Central Zone 1,Mysore Road,2.0,8.0,3,3,2,1.08985,59.75,0.0,0.0,0.0,1.0,2.0,0.6666666666666666,0.0,0.0,0.0,0.0,0,0,1.0,0.0625,0.6439035789473685,1.0,1.0,1.0,0.0,0.0,1.0,1.0,0.0,0.0,0.0,0,0,10,0.11060380909187247,LOW
Central Zone 1,Mysore Road,3.0,4.0,3,1,1,,,0.0,0.0,0.0,1.0,1.0,0.0,0.0,0.0,0.0,0.0,0,0,1.0,0.25,0.42844000000000004,1.0,1.0,0.0,0.0,0.0,0.0,1.0,0.0,0.0,0.0,0,0,10,0.0626081501434852,LOW
Central Zone 1,Mysore Road,3.0,12.0,3,1,1,,,0.0,0.0,0.0,1.0,1.5,0.0,0.0,0.0,0.0,0.0,0,0,1.0,0.0,0.1497,1.0,0.0,0.0,0.0,0.0,0.0,1.0,0.0,0.0,0.0,0,0,10,0.052062251661306104,LOW
Central Zone 1,Non-corridor,0.0,0.0,3,1,1,,,0.0,0.0,0.0,1.0,1.0,1.0,0.0,0.0,0.0,1.0,0,0,0.0,0.0,0.0,0.0,0.0,0.0,0.0,0.0,0.0,0.0,0.0,0.0,0.0,0,0,11,0.05071870182938477,LOW
Central Zone 1,Non-corridor,1.0,4.0,3,2,2,,,0.0,0.0,0.5,0.75,1.5,0.0,0.0,0.0,0.0,0.0,0,0,1.0,1.0,0.0,1.0,0.0,0.0,1.0,0.0,0.0,1.0,0.0,0.0,0.0,0,0,11,0.05871046626947748,LOW
West Zone 2,West of Chord Road,1.0,8.0,3,1,0,0.4003,30.7,0.0,0.0,0.0,1.0,3.0,0.0,0.0,0.0,0.0,0.0,0,0,1.1875,1.125,0.7376,1.0,1.0,1.0,1.0,1.0,1.0,1.3333333333333333,0.5,0.0,0.0,0,9,21,0.1909682034174737,LOW
West Zone 2,Tumkur Road,2.0,0.0,3,2,0,0.95835,117.94999999999999,0.0,0.0,0.5,0.75,2.5,0.0,0.0,0.0,0.0,0.0,0,0,1.0,0.9375,0.43122,1.0,1.0,1.0,1.0,1.0,1.0,1.0,0.0,0.0,0.0,0,9,19,0.07034873213732908,LOW
South Zone 2,IRR(Thanisandra road),1.0,0.0,3,1,1,,,0.0,0.0,0.0,1.0,1.0,0.0,0.0,0.0,0.0,0.0,0,0,1.0,0.5,0.0774,1.0,1.0,0.0,1.0,0.0,0.0,1.0,0.0,0.0,1.0,0,7,8,0.10417984170146061,LOW
Central Zone 2,Mysore Road,2.0,8.0,3,1,1,,,0.0,0.0,1.0,0.5,2.5,0.0,0.0,0.0,0.0,0.0,0,0,1.174905776977539,0.7571463584899902,0.317912231760459,1.0,1.0,1.0,1.0,0.0,1.0,1.3333333333333333,0.5000000000000003,0.0,1.0,0,1,10,0.4384793038814587,MEDIUM
Central Zone 1,ORR North 1,2.0,0.0,3,1,0,0.4241,34.8,0.0,0.0,1.0,0.5,2.5,0.0,0.0,0.0,0.0,0.0,0,0,0.0,0.0,0.0,0.0,0.0,0.0,0.0,0.0,0.0,0.0,0.0,0.0,0.0,0,0,14,0.06397279249892782,LOW
West Zone 2,Non-corridor,3.0,12.0,3,1,0,1.2,598.4,0.0,0.0,0.0,1.0,1.0,0.0,0.0,0.0,0.0,0.0,0,0,1.0,0.875,0.2262,1.0,1.0,1.0,1.0,1.0,0.0,1.0,0.0,0.0,0.0,0,9,11,0.09052770148735247,LOW
West Zone 2,Non-corridor,1.0,12.0,3,1,1,,,0.0,0.0,1.0,0.5,2.5,0.0,0.0,0.0,0.0,0.0,0,0,1.0,0.0,0.2262,1.0,0.0,0.0,0.0,0.0,0.0,1.0,0.0,0.0,0.0,0,9,11,0.07241031558621956,LOW
West Zone 2,Mysore Road,1.0,4.0,3,1,0,0.3473,47.5,0.0,0.0,0.0,1.0,1.5,0.0,0.0,0.0,0.0,0.0,0,0,1.5,0.625,0.3223778947368421,2.0,1.0,1.0,1.0,0.0,0.0,1.3333333333333333,0.5,1.0,1.0,0,9,10,0.2563449731561967,LOW
West Zone 2,Magadi Road,1.0,0.0,3,1,1,,,0.0,0.0,0.0,1.0,3.0,0.0,0.0,0.0,0.0,0.0,0,0,0.0,0.0,0.0,0.0,0.0,0.0,0.0,0.0,0.0,0.0,0.0,0.0,0.0,0,9,9,0.043773923328866156,LOW
North Zone 2,Non-corridor,2.0,0.0,3,1,1,,,0.0,0.0,0.0,1.0,3.0,0.0,1.0,0.0,0.0,0.0,0,0,1.0,0.75,0.1576,1.0,1.0,1.0,1.0,0.0,1.0,1.0,0.0,0.0,1.0,0,5,11,0.12287539061204632,LOW
North Zone 2,ORR North 2,6.0,8.0,3,1,1,,,1.0,0.0,0.0,1.0,1.0,0.0,0.0,0.0,0.0,0.0,0,0,1.005935705677988,0.7553253196419992,1.4210099346529774,1.0,1.0,1.0,1.0,0.0,1.0,1.0,0.0,0.0,1.0,0,5,15,0.12576884149803486,LOW
East Zone 2,Non-corridor,1.0,0.0,3,2,2,,,0.0,0.0,1.0,0.5,1.0,0.5,1.0,0.0,0.0,0.0,0,0,1.0,0.625,0.798263157894737,1.0,1.0,1.0,1.0,0.0,0.0,1.0,0.0,0.0,1.0,0,3,11,0.06770470551382085,LOW
Central Zone 2,Mysore Road,2.0,4.0,3,4,1,0.09706666666666668,15.800000000000002,0.25,0.0,0.0,1.0,1.125,0.0,0.0,0.0,0.0,0.0,0,0,1.0333776473999023,0.6531515121459961,0.8291125392051837,1.0,1.0,1.0,1.0,0.0,1.0,1.0,0.0,0.0,1.0,0,1,10,0.102270333996703,LOW
North Zone 2,Bellary Road 1,4.0,4.0,3,3,3,,,0.3333333333333333,0.0,0.3333333333333333,0.8333333333333334,1.6666666666666667,0.0,0.0,0.0,0.0,0.0,1,0,1.0632333755493164,0.8867091834545135,0.5595629929062211,1.0,1.0,1.0,1.0,1.0,1.0,1.0,0.0,0.0,0.0,0,5,2,0.37039573782726504,MEDIUM
North Zone 2,Bellary Road 1,4.0,8.0,3,1,0,0.6998,111.5,0.0,0.0,0.0,1.0,1.5,0.0,0.0,0.0,0.0,0.0,0,0,1.8745608837639338,0.7028181411865262,0.6438903179444023,2.0,2.0,2.0,1.0,0.0,2.0,1.6666666666666667,0.5,0.0,1.0,0,5,2,0.1294850079535666,LOW
Central Zone 2,Mysore Road,1.0,8.0,3,2,0,0.44279999999999997,25.95,1.0,0.0,0.0,1.0,2.5,0.0,0.0,0.0,0.0,0.0,0,0,1.65625,1.0859375,0.434915567867036,1.0,2.0,1.0,1.0,1.0,1.0,2.3333333333333335,1.4142135623730951,-1.0,0.0,0,1,10,0.31409863647620584,MEDIUM
Central Zone 2,Non-corridor,5.0,0.0,3,5,2,0.40116666666666667,465.23333333333335,0.0,0.0,0.2,0.9,1.4,0.0,0.2,0.0,0.0,0.0,0,0,1.25245740185451,1.158417539965123,0.1770176206408759,1.0,1.0,1.0,1.0,1.0,1.0,1.3333333333333333,0.4999999999999968,0.0,0.0,0,1,11,0.46209327754892093,MEDIUM
South Zone 2,Non-corridor,0.0,0.0,3,1,1,,,0.0,0.0,1.0,0.5,2.5,1.0,0.0,0.0,0.0,1.0,0,0,1.0,0.0,0.081,1.0,0.0,0.0,0.0,0.0,0.0,1.0,0.0,0.0,0.0,0,7,11,0.15576202396990682,LOW
Central Zone 2,Non-corridor,4.0,4.0,3,1,0,0.1644,26.3,0.0,0.0,0.0,1.0,2.5,0.0,0.0,0.0,0.0,0.0,0,0,3.3978056386737308,1.3292267645425588,0.29727537797839193,4.0,4.0,1.0,0.0,4.0,1.0,3.0,1.7320508075688772,0.0,-4.0,0,1,11,0.7183114868436348,HIGH
East Zone 1,ORR East 1,4.0,0.0,3,2,0,0.439,53.95,0.0,0.0,1.0,0.5,2.0,0.0,1.0,0.0,0.0,0.0,0,0,1.3137872889637947,1.1887818425893784,1.6861749195887779,1.0,1.0,6.0,1.0,1.0,6.0,1.0,2.5,0.0,0.0,0,2,12,0.15279227505067283,LOW
East Zone 2,ORR North 1,3.0,0.0,3,1,1,,,0.0,0.0,0.0,1.0,3.0,0.0,1.0,0.0,0.0,0.0,0,0,1.0,1.0,0.0,1.0,1.0,1.0,1.0,1.0,1.0,1.0,0.0,0.0,0.0,0,3,14,0.1426907387500529,LOW
East Zone 2,ORR East 2,3.0,0.0,3,1,0,0.4592,94.2,0.0,0.0,0.0,1.0,1.0,0.0,0.0,0.0,0.0,0.0,0,0,1.0,1.0,0.0,1.0,1.0,0.0,1.0,1.0,0.0,1.0,0.0,0.0,0.0,0,3,13,0.10274714910818135,LOW
East Zone 1,Non-corridor,0.0,4.0,3,1,1,,,0.0,0.0,1.0,0.5,1.0,0.0,1.0,0.0,0.0,1.0,0,0,1.0,1.0,0.0,1.0,0.0,0.0,1.0,0.0,0.0,1.0,0.0,0.0,0.0,0,2,11,0.05864557822972811,LOW
East Zone 1,Non-corridor,1.0,0.0,3,1,0,0.2559,39.0,0.0,0.0,0.0,1.0,3.0,0.0,1.0,0.0,0.0,0.0,0,0,1.0,0.125,0.11718400000000001,1.0,1.0,1.0,0.0,0.0,1.0,1.0,0.0,0.0,0.0,0,2,11,0.12011222665274185,LOW
North Zone 1,Bellary Road 2,0.0,20.0,3,1,1,,,0.0,0.0,0.0,1.0,3.0,0.0,1.0,0.0,0.0,1.0,0,0,0.0,0.0,0.0,0.0,0.0,0.0,0.0,0.0,0.0,0.0,0.0,0.0,0.0,0,4,3,0.1362896394042982,LOW
North Zone 1,Bellary Road 2,2.0,0.0,3,1,1,,,0.0,0.0,0.0,1.0,1.0,0.0,0.0,0.0,0.0,0.0,0,0,1.0,0.5,1.0969,1.0,1.0,0.0,1.0,0.0,0.0,1.0,0.0,0.0,1.0,0,4,3,0.05027963333582515,LOW
Central Zone 1,Old Airport Road,6.0,12.0,3,1,1,,,0.0,0.0,1.0,0.5,2.5,0.0,0.0,0.0,0.0,0.0,0,0,1.0,0.25,0.8274024,1.0,1.0,1.0,0.0,0.0,1.0,1.0,0.0,0.0,0.0,0,0,17,0.11484931409378751,LOW
Central Zone 1,Old Madras Road,0.0,0.0,3,1,0,0.4008,25.3,0.0,0.0,0.0,1.0,2.5,0.0,0.0,0.0,0.0,1.0,0,0,1.0,1.0,1.8822,1.0,0.0,0.0,1.0,0.0,0.0,1.0,0.0,0.0,0.0,0,0,18,0.039990371190975635,LOW
West Zone 2,Bellary Road 1,1.0,8.0,3,1,0,0.7473,36.5,1.0,0.0,0.0,1.0,3.0,0.0,0.0,0.0,0.0,0.0,0,0,1.0,0.5,0.0498,1.0,1.0,0.0,0.0,1.0,0.0,1.0,0.0,0.0,-1.0,0,9,2,0.16739465451644508,LOW
West Zone 2,Bellary Road 1,0.0,8.0,3,1,1,,,1.0,0.0,1.0,0.5,3.0,0.0,0.0,0.0,0.0,1.0,0,0,0.0,0.0,0.0,0.0,0.0,0.0,0.0,0.0,0.0,0.0,0.0,0.0,0.0,0,9,2,0.03399407058950903,LOW
North Zone 2,Non-corridor,2.0,12.0,3,1,1,,,0.0,0.0,0.0,1.0,1.0,0.0,0.0,0.0,0.0,0.0,0,0,1.0,0.5,0.5213344,1.0,1.0,1.0,1.0,0.0,0.0,1.0,0.0,0.0,1.0,0,5,11,0.20990026452235205,LOW
North Zone 2,ORR North 2,2.0,16.0,3,1,0,0.5221,25.5,1.0,0.0,0.0,1.0,3.0,0.0,0.0,0.0,0.0,0.0,0,0,0.0,0.0,0.0,0.0,0.0,0.0,0.0,0.0,0.0,0.0,0.0,0.0,0.0,0,5,15,0.19427188811053372,LOW
North Zone 2,ORR North 2,3.0,0.0,3,1,0,1.1524,78.8,0.0,0.0,0.0,1.0,3.0,0.0,0.0,0.0,0.0,0.0,0,0,1.004180908203125,0.718414306640625,1.2601332882951795,1.0,1.0,1.0,1.0,0.0,1.0,1.0,0.0,0.0,1.0,0,5,15,0.19482292899259732,LOW
West Zone 2,ORR West 1,2.0,8.0,3,1,1,1.7114,100.3,1.0,0.0,0.0,1.0,2.5,0.0,0.0,0.0,0.0,0.0,0,0,1.0,1.0,0.0,1.0,1.0,0.0,1.0,1.0,0.0,1.0,0.0,0.0,0.0,0,9,16,0.030396606156654533,LOW
Central Zone 1,ORR East 1,1.0,0.0,3,2,2,,,0.0,0.0,0.5,0.75,2.0,0.0,0.0,0.0,0.0,0.0,0,0,0.0,0.0,0.0,0.0,0.0,0.0,0.0,0.0,0.0,0.0,0.0,0.0,0.0,0,0,12,0.07129470409746815,LOW
East Zone 1,ORR East 2,3.0,0.0,3,1,1,2.34,722.8,0.0,0.0,1.0,0.5,1.0,0.0,1.0,0.0,0.0,0.0,0,0,1.0010996476339642,1.0009775612561498,2.3384113568207168,1.0,1.0,1.0,1.0,1.0,1.0,1.0,0.0,0.0,0.0,0,2,13,0.04010397711666996,LOW
East Zone 1,ORR East 2,2.0,4.0,3,1,1,,,1.0,0.0,0.0,1.0,3.0,0.0,1.0,0.0,0.0,0.0,0,0,2.0,1.0,0.07542,3.0,1.0,0.0,2.0,0.0,0.0,2.0,1.4142135623730951,2.0,2.0,0,2,13,0.20855365878568857,LOW
West Zone 1,Magadi Road,3.0,0.0,3,2,2,,,0.0,0.0,0.5,0.75,2.0,0.0,0.0,0.0,0.0,0.0,0,0,1.5078125,1.4921875,1.4865935980984086,2.0,1.0,1.0,2.0,1.0,1.0,1.3333333333333333,0.5,1.0,1.0,0,8,9,0.10576592546113324,LOW
Central Zone 2,Mysore Road,1.0,0.0,3,2,1,0.4314,35.4,0.0,0.0,0.0,1.0,2.0,0.0,0.0,0.0,0.0,0.0,0,0,1.8818359375,1.26611328125,0.4041595219340217,2.0,2.0,2.0,1.0,2.0,1.0,1.6666666666666667,0.5,0.0,-1.0,0,1,10,0.517812315721311,MEDIUM
South Zone 2,Hosur Road,6.0,4.0,3,1,0,0.2742,40.9,0.0,0.0,0.0,1.0,1.5,0.0,0.0,0.0,0.0,0.0,0,0,2.008087158203125,1.9375,0.5684166609749189,3.0,1.0,1.0,3.0,1.0,0.0,1.6666666666666667,1.0,2.0,2.0,0,7,7,0.41507212154845996,MEDIUM
East Zone 2,ORR North 1,0.0,0.0,3,1,1,,,0.0,0.0,0.0,1.0,3.0,0.0,0.0,0.0,0.0,1.0,0,0,0.0,0.0,0.0,0.0,0.0,0.0,0.0,0.0,0.0,0.0,0.0,0.0,0.0,0,3,14,0.06773905925983827,LOW
East Zone 2,ORR North 1,1.0,4.0,3,1,1,,,0.0,0.0,0.0,1.0,1.5,0.0,1.0,0.0,0.0,0.0,0,0,1.0,1.0,0.0,1.0,0.0,0.0,1.0,0.0,0.0,1.0,0.0,0.0,0.0,0,3,14,0.09255268293606993,LOW
Central Zone 2,Non-corridor,3.0,16.0,3,1,1,,,0.0,0.0,0.0,1.0,2.5,0.0,1.0,0.0,0.0,0.0,0,0,1.0009765625,0.9072265625,0.62344,1.0,1.0,1.0,1.0,1.0,0.0,1.0,0.0,0.0,0.0,0,1,11,0.19382364813401393,LOW
Central Zone 2,Non-corridor,4.0,0.0,3,1,0,0.3995,66.7,0.0,0.0,0.0,1.0,2.5,0.0,0.0,0.0,0.0,0.0,0,0,3.193151748677286,2.2075966172222206,0.31492315722374503,3.0,4.0,1.0,3.0,1.0,1.0,3.3333333333333335,1.2583057392117876,-1.0,2.0,0,1,11,0.7183114868436348,HIGH
North Zone 2,Bellary Road 1,5.0,12.0,3,1,0,0.1341,27.5,0.0,0.0,0.0,1.0,1.0,0.0,0.0,0.0,0.0,0.0,0,0,1.08510023355484,0.9592446088790894,0.19119611606342254,1.0,1.0,2.0,1.0,1.0,2.0,1.0,0.5000000000000003,0.0,0.0,0,5,2,0.47290068698160864,MEDIUM
North Zone 2,Bellary Road 1,6.0,0.0,3,1,1,,,0.0,0.0,0.0,1.0,1.0,0.0,0.0,0.0,0.0,0.0,0,0,1.7197743658927256,1.4648565425592521,0.3526611714288247,2.0,1.0,2.0,2.0,1.0,0.0,1.6666666666666667,0.5,1.0,1.0,0,5,2,0.3310764655239591,MEDIUM
East Zone 1,Non-corridor,4.0,8.0,3,2,2,,,1.0,0.0,0.0,1.0,2.0,0.0,1.0,0.0,0.0,0.0,0,0,1.0517578125,0.14501953125,0.3651869500826447,1.0,1.0,1.0,0.0,0.0,1.0,1.0,0.0,0.0,0.0,0,2,11,0.15887787939198786,LOW
East Zone 2,Non-corridor,3.0,12.0,3,1,0,0.1632,76.8,0.0,0.0,0.0,1.0,1.0,0.0,0.0,0.0,0.0,0.0,0,0,1.0,0.21875,0.4637976435045316,1.0,1.0,1.0,0.0,0.0,1.0,1.0,0.0,0.0,0.0,0,3,11,0.30696088691083434,MEDIUM
East Zone 2,Non-corridor,3.0,20.0,3,1,1,,,0.0,0.0,0.0,1.0,3.0,0.0,1.0,0.0,0.0,0.0,0,0,1.0,0.5,0.201,1.0,1.0,1.0,0.0,1.0,1.0,1.0,0.0,0.0,-1.0,0,3,11,0.1515978628658974,LOW
Central Zone 2,Mysore Road,3.0,0.0,3,2,2,,,0.0,0.0,0.5,0.75,1.0,0.0,0.0,0.0,0.0,0.0,0,0,1.6134230306033714,1.1915393774697804,0.5594948641186365,2.0,1.0,2.0,2.0,0.0,2.0,1.3333333333333333,0.5773502691896257,1.0,2.0,0,1,10,0.39294222461906064,MEDIUM
North Zone 2,Bellary Road 1,5.0,4.0,3,2,2,,,1.0,0.0,0.5,0.75,2.5,0.0,0.0,0.0,0.0,0.0,0,0,1.0040297526866198,0.1872787288739346,0.25988170567900315,1.0,1.0,1.0,0.0,0.0,0.0,1.0,0.0,0.0,0.0,0,5,2,0.2938639883759723,LOW
North Zone 2,Bellary Road 1,5.0,0.0,3,1,0,0.4765,39.1,0.0,0.0,0.0,1.0,2.5,0.0,0.0,0.0,0.0,0.0,0,0,2.04895067415109,2.0130995806741545,0.44194658695892036,1.0,5.0,1.0,1.0,5.0,1.0,2.3333333333333335,2.0,-4.0,-4.0,0,5,2,0.4561167961371397,MEDIUM
South Zone 2,Hosur Road,3.0,0.0,3,1,1,,,0.0,0.0,0.0,1.0,1.0,0.0,0.0,0.0,0.0,0.0,0,0,1.0164222717285156,0.9160375595092773,0.22042767579802694,1.0,1.0,1.0,1.0,1.0,0.0,1.0,0.0,0.0,0.0,0,7,7,0.4176586317348937,MEDIUM
Central Zone 2,Non-corridor,5.0,8.0,3,3,3,,,0.3333333333333333,0.0,0.0,1.0,1.6666666666666667,0.0,0.0,0.0,0.0,0.0,1,0,2.0529683654873985,0.9227743272333182,0.14074512349079984,3.0,1.0,1.0,1.0,1.0,0.0,1.6666666666666667,1.0,2.0,0.0,0,1,11,0.6000502526870811,HIGH
West Zone 1,Magadi Road,5.0,12.0,3,2,0,0.23145,23.25,0.0,0.0,0.5,0.75,1.75,0.0,0.0,0.0,0.0,0.0,0,0,1.25006103515625,0.7493133544921875,0.8075922537385423,1.0,1.0,1.0,1.0,0.0,1.0,1.6666666666666667,1.0,0.0,1.0,0,8,9,0.17488217298665767,LOW
West Zone 1,Magadi Road,6.0,0.0,3,1,1,,,0.0,0.0,0.0,1.0,1.0,0.0,0.0,0.0,0.0,0.0,0,0,1.039465919137001,1.0392064899206161,1.1264662197495503,1.0,1.0,1.0,1.0,1.0,1.0,1.0,0.0,0.0,0.0,0,8,9,0.08903628857872474,LOW
West Zone 1,Magadi Road,4.0,8.0,3,1,1,1.7513,143.7,0.0,0.0,1.0,0.5,2.5,0.0,0.0,0.0,0.0,0.0,0,0,1.3633213341236115,0.6418731808662415,0.4691442606868106,1.0,1.0,2.0,0.0,1.0,1.0,1.6666666666666667,0.9574271077563381,0.0,-1.0,0,8,9,0.12861971976991513,LOW
Central Zone 1,Old Madras Road,1.0,0.0,3,1,0,0.1458,29.9,0.0,0.0,1.0,0.5,1.0,0.0,0.0,0.0,0.0,0.0,0,0,1.0,0.9375,1.2896400000000001,1.0,1.0,1.0,1.0,1.0,0.0,1.0,0.0,0.0,0.0,0,0,18,0.15573203562626747,LOW
West Zone 1,Tumkur Road,6.0,0.0,3,1,1,,,0.0,0.0,1.0,0.5,2.5,0.0,0.0,0.0,0.0,0.0,0,0,2.2559627364394155,1.6791689753315278,0.8507183157388915,2.0,3.0,1.0,2.0,1.0,0.0,2.6666666666666665,0.9574271077563381,-1.0,1.0,0,8,19,0.28420614731657956,LOW
Central Zone 1,Old Madras Road,2.0,0.0,3,4,3,0.0792,6.5,0.0,0.0,0.5,0.75,1.5,0.0,0.0,0.0,0.0,0.0,1,0,1.234375,1.206787109375,0.420707504531722,1.0,1.0,4.0,1.0,1.0,4.0,1.0,1.5,0.0,0.0,0,0,18,0.4896555074845969,MEDIUM
Central Zone 2,Old Madras Road,2.0,12.0,3,1,1,,,0.0,0.0,0.0,1.0,3.0,0.0,0.0,0.0,0.0,0.0,0,0,1.0,0.0,0.3742,1.0,0.0,0.0,0.0,0.0,0.0,1.0,0.0,0.0,0.0,0,1,18,0.060042723092160584,LOW
South Zone 1,Non-corridor,2.0,4.0,3,53,53,,,0.0,0.0,0.32075471698113206,0.839622641509434,1.0,0.0,0.0,1.0,0.0,0.0,1,0,1.5,0.5,0.16045,1.0,2.0,0.0,1.0,0.0,0.0,1.5,0.7071067811865476,-1.0,1.0,0,6,11,0.11557806105676952,LOW
South Zone 1,Non-corridor,3.0,0.0,3,1,0,1.2,1241.2,0.0,0.0,0.0,1.0,1.0,0.0,0.0,0.0,0.0,0.0,0,0,1.02734375,0.3828125,0.7253223873079828,1.0,1.0,1.0,0.0,1.0,1.0,1.0,0.0,0.0,-1.0,0,6,11,0.09337480415134415,LOW
East Zone 1,ORR East 1,1.0,8.0,3,1,1,1.6507,83.4,1.0,0.0,0.0,1.0,3.0,0.0,1.0,0.0,0.0,0.0,0,0,0.0,0.0,0.0,0.0,0.0,0.0,0.0,0.0,0.0,0.0,0.0,0.0,0.0,0,2,12,0.0750149672040538,LOW
West Zone 2,Bellary Road 1,3.0,4.0,3,1,1,1.9807,406.3,0.0,0.0,0.0,1.0,1.0,0.0,0.0,0.0,0.0,0.0,0,0,1.5,0.9296875,2.5392975401662046,2.0,1.0,1.0,1.0,1.0,0.0,1.3333333333333333,0.5,1.0,0.0,0,9,2,0.04893182497458388,LOW
West Zone 2,Bellary Road 1,3.0,12.0,3,1,1,,,0.0,0.0,1.0,0.5,1.5,0.0,0.0,0.0,0.0,0.0,0,0,1.25,0.875,0.20268000000000003,1.0,2.0,1.0,1.0,1.0,1.0,1.3333333333333333,0.5,-1.0,0.0,0,9,2,0.039358621709504125,LOW
East Zone 1,Non-corridor,0.0,0.0,3,1,1,,,0.0,0.0,0.0,1.0,3.0,1.0,1.0,0.0,0.0,1.0,0,0,1.0,1.0,0.0,1.0,0.0,0.0,1.0,0.0,0.0,1.0,0.0,0.0,0.0,0,2,11,0.06926190600939275,LOW
Central Zone 2,Mysore Road,0.0,8.0,3,1,0,0.2123,33.5,0.0,0.0,1.0,0.5,1.0,0.0,0.0,0.0,0.0,1.0,0,0,1.0,1.0,0.0,1.0,0.0,0.0,1.0,0.0,0.0,1.0,0.0,0.0,0.0,0,1,10,0.05727673079201169,LOW
East Zone 1,Non-corridor,3.0,4.0,3,1,1,1.653,472.3,1.0,0.0,0.0,1.0,1.0,0.0,1.0,0.0,0.0,0.0,0,0,1.015625,0.7021484375,0.2474468178973009,1.0,1.0,1.0,1.0,0.0,0.0,1.0,0.0,0.0,1.0,0,2,11,0.11485877369286444,LOW
East Zone 1,Non-corridor,4.0,0.0,3,2,0,0.532,200.0,0.0,0.0,0.5,0.75,2.0,0.5,1.0,0.0,0.0,0.0,0,0,1.2509765625,0.949249267578125,0.878138651053279,1.0,1.0,1.0,1.0,1.0,1.0,1.6666666666666667,1.0,0.0,0.0,0,2,11,0.07303450678766434,LOW
West Zone 1,Magadi Road,6.0,8.0,3,1,0,0.8939,44.4,1.0,0.0,0.0,1.0,3.0,0.0,0.0,0.0,0.0,0.0,0,0,1.2541614783121986,0.5351453208368184,0.38133744126219865,1.0,1.0,1.0,0.0,1.0,0.0,1.6666666666666667,1.0,0.0,-1.0,0,8,9,0.2909318456485523,LOW
West Zone 1,Magadi Road,6.0,12.0,3,1,1,,,0.0,0.0,0.0,1.0,1.5,0.0,0.0,0.0,0.0,0.0,0,0,1.3125152587890625,0.18732833862304688,0.32697569316779623,1.0,2.0,1.0,0.0,0.0,0.0,1.3333333333333333,0.4999999999999999,-1.0,0.0,0,8,9,0.09792701745183681,LOW
West Zone 1,Mysore Road,0.0,8.0,3,1,1,,,1.0,0.0,1.0,0.5,1.0,0.0,0.0,0.0,0.0,1.0,0,0,0.0,0.0,0.0,0.0,0.0,0.0,0.0,0.0,0.0,0.0,0.0,0.0,0.0,0,8,10,0.10830077076984301,LOW
Central Zone 1,Old Madras Road,3.0,4.0,3,1,0,0.2895,20.3,0.0,0.0,0.0,1.0,3.0,0.0,0.0,0.0,0.0,0.0,0,0,1.7509765625,0.60546875,0.2587333453250351,2.0,2.0,1.0,0.0,2.0,1.0,1.6666666666666667,0.5773502691896257,0.0,-2.0,0,0,18,0.5495066092740052,MEDIUM
West Zone 1,Tumkur Road,5.0,0.0,3,1,0,0.6228,51.1,0.0,0.0,1.0,0.5,2.5,0.0,0.0,0.0,0.0,0.0,0,0,1.7632302642451747,0.9336288424355349,0.6587944850891511,2.0,2.0,1.0,1.0,1.0,0.0,1.6666666666666667,0.5773502691896257,0.0,0.0,0,8,19,0.3777947476627063,MEDIUM
Central Zone 1,Old Madras Road,4.0,0.0,3,2,1,0.6472,53.1,0.0,0.0,0.5,0.75,2.5,0.0,0.0,0.0,0.0,0.0,0,0,1.189795970916748,0.6584535762667656,0.72403089432759,1.0,1.0,2.0,0.0,1.0,2.0,1.3333333333333333,0.5773502691896257,0.0,-1.0,0,0,18,0.25636062850435415,LOW
West Zone 1,Tumkur Road,4.0,8.0,3,1,1,,,0.0,0.0,0.0,1.0,1.5,0.0,0.0,0.0,0.0,0.0,0,0,1.3602300884667784,0.7843169790576212,1.4192361823492101,1.0,2.0,1.0,0.0,2.0,1.0,1.3333333333333333,0.5000000000000001,-1.0,-2.0,0,8,19,0.04076456537099826,LOW
North Zone 1,Hennur Main Road,3.0,0.0,3,1,1,,,0.0,0.0,1.0,0.5,3.0,0.0,1.0,0.0,0.0,0.0,0,0,1.53125,0.47265625,0.5660555335347431,2.0,1.0,1.0,0.0,1.0,1.0,1.3333333333333333,0.5,1.0,-1.0,0,4,6,0.09147993165196848,LOW
Central Zone 2,Non-corridor,6.0,12.0,3,2,2,,,0.0,0.0,0.5,0.75,1.25,0.0,0.0,0.0,0.0,0.0,0,0,2.567452681984453,1.9598450537542789,0.8155856432107621,2.0,2.0,3.0,1.0,2.0,3.0,2.6666666666666665,0.9574271077563415,0.0,-1.0,0,1,11,0.6956474887742276,HIGH
Central Zone 2,Non-corridor,6.0,8.0,3,2,1,0.1106,17.7,0.0,0.0,0.0,1.0,1.75,0.0,0.5,0.0,0.0,0.0,0,0,2.012643915116054,1.3549993949400467,0.25044168731737376,2.0,1.0,3.0,1.0,1.0,2.0,1.3333333333333333,0.957427107756338,1.0,0.0,0,1,11,0.6975815842682679,HIGH
North Zone 2,Non-corridor,2.0,16.0,3,1,0,0.8528,289.5,1.0,0.0,0.0,1.0,1.0,0.0,0.0,0.0,0.0,0.0,0,0,0.0,0.0,0.0,0.0,0.0,0.0,0.0,0.0,0.0,0.0,0.0,0.0,0.0,0,5,11,0.1383978699697852,LOW
Central Zone 2,Non-corridor,1.0,20.0,3,1,1,,,0.0,0.0,0.0,1.0,2.5,0.0,0.0,0.0,0.0,0.0,0,0,1.0,0.375,0.7135052631578946,1.0,1.0,1.0,0.0,1.0,1.0,1.0,0.0,0.0,-1.0,0,1,11,0.11736110825093937,LOW
Central Zone 2,Non-corridor,2.0,0.0,3,2,2,,,0.0,0.0,0.5,0.75,1.75,0.0,0.5,0.0,0.0,0.0,0,0,1.7734058923379052,1.1801974074041937,0.28551159092879874,1.0,2.0,4.0,0.0,2.0,4.0,2.0,1.2909944487358016,-1.0,-2.0,0,1,11,0.684024774168666,HIGH
West Zone 2,Bellary Road 1,1.0,0.0,3,1,1,,,0.0,0.0,1.0,0.5,3.0,0.0,0.0,0.0,0.0,0.0,0,0,1.0,0.5,0.1965,1.0,1.0,0.0,1.0,0.0,0.0,1.0,0.0,0.0,1.0,0,9,2,0.04809160351343124,LOW
Central Zone 1,Old Madras Road,0.0,16.0,3,1,1,,,0.0,0.0,1.0,0.5,3.0,0.0,0.0,0.0,0.0,1.0,0,0,0.0,0.0,0.0,0.0,0.0,0.0,0.0,0.0,0.0,0.0,0.0,0.0,0.0,0,0,18,0.08156910887044817,LOW
Central Zone 2,Non-corridor,5.0,4.0,3,5,3,0.21534999999999999,27.45,0.2,0.0,0.2,0.9,2.0,0.0,0.2,0.0,0.0,0.0,1,0,1.6565562242998215,1.268905956560794,0.4081985102623471,1.0,3.0,3.0,1.0,2.0,1.0,1.6666666666666667,1.1547005383792517,-2.0,-1.0,0,1,11,0.6517885131232036,HIGH
North Zone 1,ORR North 2,1.0,8.0,3,1,1,,,1.0,0.0,0.0,1.0,1.0,0.0,0.0,0.0,0.0,0.0,0,0,0.0,0.0,0.0,0.0,0.0,0.0,0.0,0.0,0.0,0.0,0.0,0.0,0.0,0,4,15,0.06400277471309793,LOW
North Zone 2,Bellary Road 1,0.0,0.0,3,1,1,,,0.0,0.0,0.0,1.0,1.5,0.0,0.0,0.0,0.0,1.0,0,0,0.0,0.0,0.0,0.0,0.0,0.0,0.0,0.0,0.0,0.0,0.0,0.0,0.0,0,5,2,0.07911076574734725,LOW
East Zone 2,Non-corridor,4.0,8.0,3,1,0,0.0698,30.2,0.0,0.0,0.0,1.0,1.0,0.0,1.0,0.0,0.0,0.0,0,0,1.021484375,0.8558349609375,0.14511626925076937,1.0,1.0,1.0,1.0,1.0,1.0,1.0,0.0,0.0,0.0,0,3,11,0.16788532620525265,LOW
South Zone 2,Hosur Road,4.0,0.0,3,1,0,0.1158,9.5,0.0,0.0,1.0,0.5,2.5,0.0,0.0,0.0,0.0,0.0,0,1,1.125128298997879,0.49934404343366623,0.5588834111834712,1.0,1.0,3.0,0.0,1.0,1.0,1.0,1.0,0.0,-1.0,0,7,7,0.4495446070124057,MEDIUM
South Zone 2,Hosur Road,1.0,8.0,3,2,2,1.5002,111.9,0.0,0.0,0.5,0.75,2.0,0.5,0.5,0.0,0.0,0.0,0,0,1.0,0.5,1.1863,1.0,1.0,0.0,1.0,0.0,0.0,1.0,0.0,0.0,1.0,0,7,7,0.048435408298951134,LOW
South Zone 2,Hosur Road,0.0,16.0,3,1,0,0.2979,18.8,0.0,0.0,0.0,1.0,2.5,0.0,0.0,0.0,0.0,1.0,0,0,0.0,0.0,0.0,0.0,0.0,0.0,0.0,0.0,0.0,0.0,0.0,0.0,0.0,0,7,7,0.28646856895110356,LOW
South Zone 2,Hosur Road,1.0,0.0,3,1,0,0.4576,97.1,0.0,0.0,0.0,1.0,1.0,0.0,0.0,0.0,0.0,0.0,0,0,1.125,0.71875,1.1060779220779222,1.0,1.0,1.0,1.0,0.0,1.0,1.3333333333333333,0.5,0.0,1.0,0,7,7,0.20362333707738348,LOW
North Zone 2,Bellary Road 2,0.0,4.0,3,2,2,,,0.0,0.0,0.5,0.75,2.5,0.0,1.0,0.0,0.0,1.0,0,0,0.0,0.0,0.0,0.0,0.0,0.0,0.0,0.0,0.0,0.0,0.0,0.0,0.0,0,5,3,0.07054335299842669,LOW
West Zone 1,Non-corridor,1.0,8.0,3,1,0,0.1901,57.4,0.0,0.0,1.0,0.5,1.5,0.0,0.0,0.0,0.0,0.0,0,1,1.0,0.25,0.41454210526315793,1.0,1.0,0.0,0.0,1.0,0.0,1.0,0.0,0.0,-1.0,0,8,11,0.4671332421697367,MEDIUM
West Zone 1,Non-corridor,0.0,0.0,3,1,1,,,0.0,0.0,1.0,0.5,2.5,0.0,0.0,0.0,0.0,1.0,0,0,2.0,2.0,0.0,2.0,0.0,0.0,2.0,0.0,0.0,2.0,0.0,0.0,0.0,0,8,11,0.36560974912460054,MEDIUM
Central Zone 2,CBD 2,4.0,8.0,3,1,1,,,1.0,0.0,0.0,1.0,2.5,0.0,0.0,0.0,0.0,0.0,0,0,1.12890625,1.12109375,2.8439678097789685,1.0,1.0,1.0,1.0,1.0,1.0,1.3333333333333333,0.5,0.0,0.0,0,1,5,0.3237937253628356,MEDIUM
West Zone 1,Mysore Road,2.0,12.0,3,1,1,,,0.0,0.0,0.0,1.0,3.0,0.0,0.0,0.0,0.0,0.0,0,0,1.0,1.0,0.0,1.0,1.0,0.0,1.0,1.0,0.0,1.0,0.0,0.0,0.0,0,8,10,0.12305884052846805,LOW
West Zone 1,Mysore Road,3.0,0.0,3,3,1,0.5951,54.349999999999994,0.0,0.0,0.0,1.0,2.1666666666666665,0.0,0.0,0.0,0.0,0.0,0,0,1.09375,0.875,0.5490957894736843,1.0,1.0,2.0,1.0,1.0,1.0,1.0,0.5,0.0,0.0,0,8,10,0.480298529276476,MEDIUM
Central Zone 2,Mysore Road,3.0,8.0,3,1,1,,,1.0,0.0,0.0,1.0,3.0,0.0,0.0,0.0,0.0,0.0,0,0,1.2521999344753567,0.8558007377068861,0.6277618300824054,1.0,1.0,2.0,1.0,1.0,1.0,1.3333333333333333,0.5773502691896257,0.0,0.0,0,1,10,0.44854115162407143,MEDIUM
North Zone 2,Bellary Road 2,1.0,8.0,3,3,1,0.18165,20.35,0.3333333333333333,0.0,0.3333333333333333,0.8333333333333334,2.3333333333333335,0.0,1.0,0.0,0.0,0.0,0,0,1.15625,0.1484375,0.41357995407854986,1.0,1.0,1.0,0.0,0.0,1.0,1.3333333333333333,0.5,0.0,0.0,0,5,3,0.24377000544069452,LOW
Central Zone 2,Non-corridor,0.0,4.0,3,1,1,,,0.0,0.0,0.0,1.0,1.0,0.0,0.0,1.0,0.0,1.0,0,0,3.0,2.0,0.0287,3.0,0.0,0.0,2.0,0.0,0.0,3.0,0.0,0.0,0.0,0,1,11,0.7020605113650638,HIGH
West Zone 1,Tumkur Road,4.0,0.0,3,2,2,,,0.0,0.0,0.5,0.75,2.75,0.0,0.0,0.0,0.0,0.0,0,0,1.0585975717622205,0.29981785521522397,0.46417071196749626,1.0,1.0,1.0,0.0,0.0,1.0,1.0,0.0,0.0,0.0,0,8,19,0.2386435723524435,LOW
Central Zone 1,Old Madras Road,5.0,0.0,3,2,1,0.1486,31.0,0.0,0.0,0.0,1.0,1.75,0.0,0.0,0.0,0.0,0.0,0,0,1.196795281022787,0.4973316685645841,0.32779398949813915,1.0,1.0,1.0,0.0,1.0,0.0,1.3333333333333333,0.4999999999999999,0.0,-1.0,0,0,18,0.35226989583107887,MEDIUM
North Zone 2,Bellary Road 2,6.0,8.0,3,1,0,0.8059,61.8,0.0,0.0,1.0,0.5,3.0,0.0,1.0,0.0,0.0,0.0,0,0,1.6250972939462827,1.5739452703502934,1.6150396135666878,2.0,1.0,2.0,2.0,1.0,2.0,1.3333333333333333,0.5773502691896257,1.0,1.0,0,5,3,0.13319814915384234,LOW
South Zone 1,Non-corridor,3.0,8.0,3,1,0,0.1237,25.7,1.0,0.0,0.0,1.0,1.5,0.0,0.0,0.0,0.0,0.0,0,0,1.125,0.375,0.14255684210526315,1.0,1.0,1.0,0.0,1.0,0.0,1.3333333333333333,0.5,0.0,-1.0,0,6,11,0.2629612737623786,LOW
South Zone 1,Non-corridor,1.0,0.0,3,1,1,,,0.0,0.0,0.0,1.0,1.0,0.0,0.0,0.0,0.0,0.0,0,0,2.5,2.0,0.9432,4.0,1.0,0.0,4.0,0.0,0.0,2.5,2.1213203435596424,3.0,4.0,0,6,11,0.11183933690175543,LOW
South Zone 1,Non-corridor,2.0,0.0,3,1,0,0.0507,20.3,0.0,0.0,1.0,0.5,1.0,0.0,0.0,0.0,0.0,0.0,0,0,1.21875,1.0625,0.6289368421052632,1.0,1.0,1.0,1.0,1.0,1.0,1.3333333333333333,0.5000000000000001,0.0,0.0,0,6,11,0.18971023584768917,LOW
North Zone 2,Tumkur Road,3.0,0.0,3,1,1,,,0.0,0.0,0.0,1.0,2.5,0.0,0.0,0.0,0.0,0.0,0,0,1.0,1.0,0.0,1.0,1.0,1.0,1.0,1.0,1.0,1.0,0.0,0.0,0.0,0,5,19,0.12112569877375198,LOW
West Zone 1,Tumkur Road,5.0,8.0,3,1,1,,,1.0,0.0,0.0,1.0,3.0,0.0,0.0,0.0,0.0,0.0,0,0,1.2267065570122355,0.7708608591906163,0.520204920747922,1.0,1.0,2.0,1.0,1.0,0.0,1.3333333333333333,0.5773502691896257,0.0,0.0,0,8,19,0.26436169000579124,LOW
South Zone 2,Bannerghata Road,5.0,8.0,3,1,1,,,0.0,0.0,0.0,1.0,1.5,0.0,0.0,0.0,0.0,0.0,0,1,1.00048828125,0.8440437316894531,0.6838373364187879,1.0,1.0,1.0,1.0,1.0,1.0,1.0,0.0,0.0,0.0,0,7,1,0.4837450543933244,MEDIUM
West Zone 1,Non-corridor,1.0,12.0,3,1,1,,,0.0,0.0,1.0,0.5,3.0,0.0,0.0,0.0,0.0,0.0,0,0,2.0,2.0,0.0,3.0,1.0,0.0,3.0,1.0,0.0,2.0,1.4142135623730951,2.0,2.0,0,8,11,0.218388969215499,LOW
Central Zone 2,CBD 2,3.0,12.0,3,1,1,,,0.0,0.0,0.0,1.0,1.5,0.0,0.0,0.0,0.0,0.0,0,0,1.375,0.875,0.0073,1.0,2.0,1.0,0.0,2.0,1.0,1.6666666666666667,0.5773502691896257,-1.0,-2.0,0,1,5,0.18188460555087305,LOW
Central Zone 2,CBD 2,4.0,0.0,3,1,0,0.2628,53.9,0.0,0.0,1.0,0.5,1.0,0.0,0.0,0.0,0.0,0.0,0,0,1.5,1.4833984375,0.6410690555927662,2.0,1.0,1.0,2.0,1.0,1.0,1.3333333333333333,0.5,1.0,1.0,0,1,5,0.4199492367821827,MEDIUM
North Zone 1,ORR North 1,5.0,16.0,3,3,3,2.8330333333333333,415.1000000000001,1.0,0.0,0.3333333333333333,0.8333333333333334,1.0,0.0,0.0,0.0,0.0,0.0,1,0,1.0,1.0,0.0,1.0,1.0,0.0,1.0,1.0,0.0,1.0,0.0,0.0,0.0,0,4,14,0.07229545324783009,LOW
Central Zone 2,Non-corridor,5.0,12.0,3,2,0,0.4676,100.05000000000001,0.0,0.0,1.0,0.5,1.75,0.0,0.0,0.0,0.0,0.0,0,0,1.1579330662356422,0.8108856808567464,0.20306872933264908,1.0,1.0,1.0,1.0,0.0,1.0,1.0,0.0,0.0,1.0,0,1,11,0.5408250428615498,MEDIUM
West Zone 1,Non-corridor,0.0,4.0,3,1,1,,,0.0,0.0,1.0,0.5,1.5,0.0,0.0,0.0,0.0,1.0,0,0,0.0,0.0,0.0,0.0,0.0,0.0,0.0,0.0,0.0,0.0,0.0,0.0,0.0,0,8,11,0.1436930605888044,LOW
Central Zone 2,Mysore Road,4.0,0.0,3,3,2,0.1726,23.6,0.0,0.0,0.3333333333333333,0.8333333333333334,1.1666666666666667,0.0,0.0,0.0,0.0,0.0,0,0,1.3330324313816926,1.1235228201198955,0.36069667953984696,1.0,2.0,1.0,1.0,2.0,0.0,1.3333333333333333,0.5,-1.0,-1.0,0,1,10,0.22765304241054304,LOW
Central Zone 2,Mysore Road,4.0,16.0,3,1,1,,,0.0,0.0,1.0,0.5,1.0,0.0,0.0,0.0,0.0,0.0,0,0,1.0,0.75,2.9459400000000002,1.0,1.0,0.0,1.0,1.0,0.0,1.0,0.0,0.0,0.0,0,1,10,0.12559411665226994,LOW
Central Zone 2,Mysore Road,5.0,0.0,3,2,2,,,0.0,0.0,0.0,1.0,3.0,0.5,0.0,0.0,0.0,0.0,0,0,2.0823564769837715,0.8858628152540233,0.8727167897770167,1.0,3.0,2.0,0.0,1.0,1.0,3.0,1.7078251276599332,-2.0,-1.0,0,1,10,0.38442026976352034,MEDIUM
East Zone 1,Varthur Road,2.0,12.0,3,1,1,,,0.0,0.0,0.0,1.0,2.5,0.0,1.0,0.0,0.0,0.0,0,0,1.0,1.0,1.5624,1.0,1.0,1.0,1.0,1.0,1.0,1.0,0.0,0.0,0.0,0,2,20,0.037642504007366934,LOW
East Zone 1,ORR East 1,1.0,0.0,3,1,1,,,0.0,0.0,1.0,0.5,2.5,0.0,1.0,0.0,0.0,0.0,0,0,1.0,1.0,0.0,1.0,0.0,0.0,1.0,0.0,0.0,1.0,0.0,0.0,0.0,0,2,12,0.05864557822972811,LOW
Central Zone 1,Old Madras Road,5.0,8.0,3,1,1,,,1.0,0.0,0.0,1.0,1.0,0.0,0.0,0.0,0.0,0.0,0,0,1.4004223942756653,1.3995411209762096,1.1911588213530093,1.0,2.0,1.0,1.0,2.0,1.0,1.6666666666666667,0.5773502691896257,-1.0,-1.0,0,0,18,0.21355949251203138,LOW
East Zone 1,Non-corridor,1.0,4.0,3,2,2,,,0.0,0.0,1.0,0.5,1.0,0.0,1.0,1.0,0.0,0.0,0,0,1.0,0.9375,0.3075,1.0,1.0,1.0,1.0,1.0,0.0,1.0,0.0,0.0,0.0,0,2,11,0.1306983881058935,LOW
East Zone 1,Non-corridor,2.0,0.0,3,1,1,,,0.0,0.0,0.0,1.0,1.0,0.0,1.0,0.0,0.0,0.0,0,0,1.125,0.50390625,0.0540636425974026,1.0,1.0,3.0,0.0,1.0,2.0,1.0,1.0,0.0,-1.0,0,2,11,0.2508897916728132,LOW
North Zone 1,Airport New South Road,1.0,4.0,3,1,1,,,0.0,0.0,0.0,1.0,3.0,0.0,1.0,0.0,0.0,0.0,0,0,1.0,1.0,0.0,1.0,0.0,0.0,1.0,0.0,0.0,1.0,0.0,0.0,0.0,0,4,0,0.06749095467150479,LOW
East Zone 2,ORR North 1,4.0,0.0,3,1,1,,,0.0,0.0,0.0,1.0,2.5,0.0,0.0,0.0,0.0,0.0,0,0,1.25,1.25,0.0,1.0,2.0,1.0,1.0,2.0,1.0,1.3333333333333333,0.5,-1.0,-1.0,0,3,14,0.08625191019120852,LOW
North Zone 1,Non-corridor,3.0,8.0,3,1,1,,,0.0,0.0,0.0,1.0,2.5,1.0,0.0,0.0,0.0,0.0,0,0,1.515625,1.4609375,0.35082,2.0,1.0,1.0,2.0,1.0,1.0,1.3333333333333333,0.5,1.0,1.0,0,4,11,0.4253348651436979,MEDIUM
East Zone 2,Non-corridor,0.0,0.0,3,1,1,,,0.0,0.0,1.0,0.5,1.0,0.0,1.0,0.0,0.0,1.0,0,0,1.0,0.0,0.42,1.0,0.0,0.0,0.0,0.0,0.0,1.0,0.0,0.0,0.0,0,3,11,0.07560016025459101,LOW
North Zone 2,Bellary Road 2,6.0,12.0,3,1,1,,,0.0,0.0,1.0,0.5,1.0,0.0,0.0,0.0,0.0,0.0,0,0,1.1329967100173235,0.6324172914028168,0.77832934891759,1.0,1.0,2.0,0.0,1.0,2.0,1.0,0.5,0.0,-1.0,0,5,3,0.10547694380278845,LOW
Central Zone 2,Non-corridor,2.0,4.0,3,1,0,0.0362,5.8,0.0,0.0,0.0,1.0,2.5,0.0,0.0,0.0,0.0,0.0,0,1,1.289080335503968,0.8509144557920081,0.4145299027871013,1.0,1.0,2.0,1.0,0.0,2.0,1.3333333333333333,0.5773502691896264,0.0,1.0,0,1,11,0.5507091171943046,MEDIUM
North Zone 1,Non-corridor,0.0,8.0,3,1,1,,,0.0,0.0,1.0,0.5,2.5,0.0,0.0,0.0,0.0,1.0,0,0,0.0,0.0,0.0,0.0,0.0,0.0,0.0,0.0,0.0,0.0,0.0,0.0,0.0,0,4,11,0.1082179081374718,LOW
North Zone 1,Non-corridor,0.0,12.0,3,2,0,0.30979999999999996,112.15,0.0,0.0,0.5,0.75,1.0,0.0,0.0,0.0,0.0,1.0,0,0,0.0,0.0,0.0,0.0,0.0,0.0,0.0,0.0,0.0,0.0,0.0,0.0,0.0,0,4,11,0.09984760828336632,LOW
East Zone 2,Non-corridor,0.0,8.0,3,1,1,,,1.0,0.0,0.0,1.0,2.5,1.0,1.0,0.0,0.0,1.0,0,0,1.0,0.0,0.4815,1.0,0.0,0.0,0.0,0.0,0.0,1.0,0.0,0.0,0.0,0,3,11,0.11321418882675266,LOW
West Zone 1,ORR West 1,1.0,0.0,3,1,1,,,0.0,0.0,0.0,1.0,1.0,0.0,0.0,0.0,0.0,0.0,0,0,1.0,1.0,0.0,1.0,0.0,0.0,1.0,0.0,0.0,1.0,0.0,0.0,0.0,0,8,16,0.06771701141002877,LOW
West Zone 1,Non-corridor,3.0,0.0,3,1,1,,,0.0,0.0,0.0,1.0,2.5,0.0,0.0,0.0,0.0,0.0,0,0,1.261962890625,0.529052734375,0.3982319120338242,1.0,2.0,1.0,0.0,2.0,0.0,1.3333333333333333,0.5,-1.0,-2.0,0,8,11,0.05126575270467305,LOW
West Zone 1,Non-corridor,3.0,4.0,3,1,0,0.0947,17.0,0.0,0.0,0.0,1.0,2.5,0.0,0.0,0.0,0.0,0.0,0,0,1.5,0.86328125,0.2939109937986961,2.0,1.0,1.0,1.0,1.0,1.0,1.3333333333333333,0.5,1.0,0.0,0,8,11,0.1688394579808334,LOW
Central Zone 2,CBD 2,2.0,0.0,3,1,0,0.528,72.2,0.0,0.0,0.0,1.0,1.5,0.0,0.0,0.0,0.0,0.0,0,0,1.0,0.9375,1.2227,1.0,1.0,1.0,1.0,1.0,1.0,1.0,0.0,0.0,0.0,0,1,5,0.06605730572549677,LOW
South Zone 2,Hosur Road,0.0,0.0,3,1,1,,,0.0,0.0,0.0,1.0,3.0,0.0,0.0,0.0,0.0,1.0,0,0,1.0,0.0,0.4022,1.0,0.0,0.0,0.0,0.0,0.0,1.0,0.0,0.0,0.0,0,7,7,0.14882636868445898,LOW
Central Zone 2,Mysore Road,4.0,12.0,3,2,1,1.2346,101.3,0.0,0.0,0.5,0.75,2.0,0.0,0.0,0.0,0.0,0.0,0,0,1.1731224060058594,0.6427604556083679,0.20631085639541225,1.0,1.0,2.0,1.0,0.0,0.0,1.0,0.5000000000000007,0.0,1.0,0,1,10,0.439492723523236,MEDIUM
Central Zone 2,Non-corridor,3.0,4.0,3,2,2,,,0.0,0.0,0.0,1.0,2.0,0.0,0.5,0.0,0.0,0.0,0,0,3.180672243271514,2.410482122258102,0.27995244597962987,4.0,3.0,3.0,3.0,2.0,3.0,2.6666666666666665,1.2583057392117916,1.0,1.0,0,1,11,0.7172740121448937,HIGH
North Zone 2,Bellary Road 2,2.0,0.0,3,3,0,0.28633333333333333,26.200000000000003,0.0,0.0,0.0,1.0,2.3333333333333335,0.0,1.0,0.0,0.0,0.0,0,0,1.025390625,1.025390625,2.6754,1.0,1.0,1.0,1.0,1.0,1.0,1.0,0.0,0.0,0.0,0,5,3,0.21477000823291328,LOW
South Zone 2,Bannerghata Road,1.0,8.0,3,1,0,0.2559,21.0,0.0,0.0,0.0,1.0,2.5,0.0,0.0,0.0,0.0,0.0,0,0,1.0,0.5,1.16804,1.0,1.0,0.0,0.0,1.0,0.0,1.0,0.0,0.0,-1.0,0,7,1,0.1351808902825515,LOW
Central Zone 2,Bellary Road 1,3.0,8.0,3,1,1,,,0.0,0.0,0.0,1.0,1.0,0.0,0.0,0.0,0.0,0.0,0,0,1.0,0.5,0.8056,1.0,1.0,0.0,1.0,0.0,0.0,1.0,0.0,0.0,1.0,0,1,2,0.04639458938714211,LOW
Central Zone 2,Bellary Road 1,3.0,12.0,3,1,1,,,0.0,0.0,0.0,1.0,2.5,0.0,0.0,0.0,0.0,0.0,0,0,1.5,1.5,0.0,1.0,2.0,0.0,1.0,2.0,0.0,1.5,0.7071067811865476,-1.0,-1.0,0,1,2,0.19461870669967019,LOW
West Zone 1,Tumkur Road,0.0,8.0,3,3,1,0.48195,32.3,0.3333333333333333,0.0,0.0,1.0,1.5,0.0,0.0,0.0,0.0,1.0,0,0,1.0,0.5,1.1991399999999999,1.0,1.0,0.0,0.0,1.0,0.0,1.0,0.0,0.0,-1.0,0,8,19,0.11244915031192945,LOW
North Zone 1,ORR North 1,4.0,4.0,3,1,1,,,0.0,0.0,1.0,0.5,1.0,0.0,1.0,0.0,0.0,0.0,0,0,1.1254980564117432,0.7128314971923828,0.9999744877107957,1.0,1.0,1.0,1.0,0.0,1.0,1.3333333333333333,0.5,0.0,1.0,0,4,14,0.06552953185080823,LOW
South Zone 2,Bannerghata Road,4.0,8.0,3,1,0,0.0541,22.2,0.0,0.0,0.0,1.0,0.5,0.0,0.0,0.0,0.0,0.0,0,0,1.00390625,0.752349853515625,1.3835454879952187,1.0,1.0,1.0,1.0,0.0,1.0,1.0,0.0,0.0,1.0,0,7,1,0.1046414801836687,LOW
Central Zone 2,Non-corridor,2.0,16.0,3,1,1,,,0.0,0.0,0.0,1.0,1.0,0.0,0.0,0.0,0.0,0.0,0,0,1.0625,1.0625,0.0,1.0,1.0,1.0,1.0,1.0,1.0,1.0,0.0,0.0,0.0,0,1,11,0.17754771258884677,LOW
Central Zone 2,Non-corridor,2.0,20.0,3,1,1,,,0.0,0.0,0.0,1.0,2.5,1.0,0.0,0.0,0.0,0.0,0,0,1.25,0.990234375,0.12240909507526349,1.0,2.0,1.0,1.0,1.0,1.0,1.3333333333333333,0.5,-1.0,0.0,0,1,11,0.28333348392582935,LOW
South Zone 1,ORR West 1,6.0,8.0,3,1,1,,,1.0,0.0,1.0,0.5,1.0,0.0,0.0,0.0,0.0,0.0,0,0,1.6251983642578125,1.3202733993530273,0.7855406726164474,2.0,1.0,1.0,2.0,0.0,1.0,1.6666666666666667,0.5773502691896257,1.0,2.0,0,6,16,0.209146594430925,LOW
North Zone 1,Non-corridor,3.0,12.0,3,1,1,,,0.0,0.0,1.0,0.5,1.0,0.0,0.0,1.0,0.0,0.0,0,0,1.25,0.5,0.20031999999999997,1.0,1.0,0.0,1.0,0.0,0.0,1.3333333333333333,0.5773502691896257,0.0,1.0,0,4,11,0.18409987921803117,LOW
West Zone 1,Tumkur Road,3.0,0.0,3,1,1,,,0.0,0.0,1.0,0.5,1.0,0.0,0.0,0.0,0.0,0.0,0,1,1.0019567422568798,0.5067418701946735,0.3676723291023717,1.0,1.0,1.0,1.0,0.0,0.0,1.0,0.0,0.0,1.0,0,8,19,0.3325493479153406,MEDIUM
Central Zone 2,Non-corridor,5.0,20.0,3,1,1,,,0.0,0.0,1.0,0.5,1.0,0.0,1.0,0.0,0.0,0.0,0,0,1.5947265625,1.4530868530273438,0.5130717107125045,2.0,1.0,2.0,2.0,1.0,2.0,1.3333333333333333,0.5773502691896257,1.0,1.0,0,1,11,0.5039022229618747,MEDIUM
North Zone 1,ORR North 1,3.0,0.0,3,1,1,,,0.0,0.0,1.0,0.5,2.5,0.0,1.0,0.0,0.0,0.0,0,0,2.1261024475097656,1.4716835021972656,0.5753949303979761,1.0,5.0,1.0,0.0,5.0,1.0,2.6666666666666665,1.8929694486000912,-4.0,-5.0,0,4,14,0.349008714398638,MEDIUM
Central Zone 2,Non-corridor,6.0,0.0,3,3,1,0.2521,43.4,0.0,0.0,0.3333333333333333,0.8333333333333334,1.5,0.3333333333333333,0.0,0.0,0.0,0.0,0,0,1.9563103925978669,1.5109954635703753,0.0939623581052804,2.0,2.0,3.0,2.0,1.0,2.0,1.6666666666666667,0.816496580927726,0.0,1.0,0,1,11,0.6760072578995363,HIGH
East Zone 1,Varthur Road,4.0,4.0,3,1,0,0.2476,50.8,0.0,0.0,1.0,0.5,1.0,0.0,1.0,0.0,0.0,0.0,0,0,1.0,0.5,0.0476,1.0,1.0,0.0,0.0,1.0,0.0,1.0,0.0,0.0,-1.0,0,2,20,0.13450353519142128,LOW
Central Zone 2,Mysore Road,6.0,12.0,3,2,0,0.40585,33.3,0.0,0.0,0.5,0.75,2.5,0.0,0.0,0.0,0.0,0.0,0,0,3.1893355297943344,2.1700883589189743,1.098843835037327,1.0,9.0,1.0,1.0,5.0,1.0,4.0,3.8622100754188224,-8.0,-4.0,0,1,10,0.5211191500886925,MEDIUM
East Zone 2,Non-corridor,3.0,0.0,3,1,0,0.7205,295.6,0.0,0.0,1.0,0.5,1.0,0.0,1.0,0.0,0.0,0.0,0,0,1.30078125,0.93994140625,0.5648456029067885,1.0,1.0,3.0,1.0,1.0,2.0,1.3333333333333333,0.9574271077563381,0.0,0.0,0,3,11,0.13298736810499903,LOW
East Zone 2,Non-corridor,2.0,4.0,3,2,0,0.07515,16.4,0.0,0.0,0.0,1.0,2.25,0.0,1.0,0.0,0.0,0.0,0,0,1.0,0.15625,0.4312015512465374,1.0,1.0,1.0,0.0,0.0,0.0,1.0,0.0,0.0,0.0,0,3,11,0.0716191722650724,LOW
East Zone 1,ORR East 1,0.0,16.0,3,1,1,,,0.0,0.0,1.0,0.5,1.0,0.0,1.0,0.0,0.0,1.0,0,0,0.0,0.0,0.0,0.0,0.0,0.0,0.0,0.0,0.0,0.0,0.0,0.0,0.0,0,2,12,0.08681682460600666,LOW
East Zone 1,ORR East 1,0.0,20.0,3,1,0,0.7893,43.7,0.0,0.0,1.0,0.5,3.0,0.0,1.0,0.0,0.0,1.0,0,0,0.0,0.0,0.0,0.0,0.0,0.0,0.0,0.0,0.0,0.0,0.0,0.0,0.0,0,2,12,0.13192811181136427,LOW
Central Zone 2,Bellary Road 1,0.0,12.0,3,2,2,,,0.0,0.0,0.5,0.75,2.5,0.0,0.0,0.0,0.0,1.0,0,0,0.0,0.0,0.0,0.0,0.0,0.0,0.0,0.0,0.0,0.0,0.0,0.0,0.0,0,1,2,0.06602359174924353,LOW
Central Zone 2,Bellary Road 1,1.0,0.0,3,1,1,,,0.0,0.0,0.0,1.0,3.0,0.0,0.0,0.0,0.0,0.0,0,0,1.0,0.5,0.4978,1.0,1.0,0.0,0.0,1.0,0.0,1.0,0.0,0.0,-1.0,0,1,2,0.083672681310466,LOW
West Zone 1,Tumkur Road,1.0,8.0,3,1,1,,,0.0,0.0,0.0,1.0,2.5,0.0,0.0,0.0,0.0,0.0,0,0,1.00390625,0.3701171875,0.309996414876441,1.0,1.0,1.0,0.0,1.0,1.0,1.0,0.0,0.0,-1.0,0,8,19,0.21747673325133982,LOW
West Zone 1,Tumkur Road,1.0,0.0,3,3,1,0.6142,62.15,0.0,0.0,0.0,1.0,1.6666666666666667,0.0,0.0,0.0,0.0,0.0,0,0,1.6875,0.8125,0.8003505263157895,2.0,1.0,4.0,1.0,0.0,2.0,1.3333333333333333,1.4142135623730951,1.0,1.0,0,8,19,0.23411610357061738,LOW
Central Zone 2,Bellary Road 1,1.0,4.0,3,1,1,,,0.0,0.0,0.0,1.0,1.0,0.0,0.0,0.0,0.0,0.0,0,0,1.0,0.5,0.1326,1.0,1.0,0.0,0.0,1.0,0.0,1.0,0.0,0.0,-1.0,0,1,2,0.050193757069219934,LOW
Central Zone 2,Non-corridor,3.0,0.0,3,2,2,,,0.0,0.0,0.5,0.75,1.75,0.0,0.0,0.0,0.0,0.0,0,1,2.5760420672444786,1.6610008145319974,0.46362836938913415,3.0,2.0,3.0,2.0,1.0,3.0,2.3333333333333335,0.5773502691896132,1.0,1.0,0,1,11,0.7033002071470335,HIGH
North Zone 1,ORR North 1,2.0,4.0,3,1,1,,,0.0,0.0,0.0,1.0,1.0,0.0,0.0,0.0,0.0,0.0,0,0,1.510009765625,0.939453125,1.6651964436599482,2.0,1.0,1.0,1.0,1.0,0.0,1.3333333333333333,0.5,1.0,0.0,0,4,14,0.07648711826533343,LOW
Central Zone 1,Old Madras Road,6.0,12.0,3,1,1,,,0.0,0.0,0.0,1.0,1.0,0.0,0.0,0.0,0.0,0.0,0,1,1.8751602172851562,1.5291900634765625,0.2846611649577972,2.0,2.0,1.0,2.0,1.0,0.0,2.0,0.5,0.0,1.0,0,0,18,0.6317503439759568,HIGH
South Zone 1,ORR West 1,5.0,8.0,3,1,1,1.8013,147.8,0.0,0.0,1.0,0.5,2.5,0.0,0.0,0.0,0.0,0.0,0,0,1.05078125,0.989990234375,1.7780777410586681,1.0,1.0,1.0,1.0,1.0,1.0,1.0,0.0,0.0,0.0,0,6,16,0.06292756907140937,LOW
Central Zone 2,Non-corridor,2.0,8.0,3,1,1,,,1.0,0.0,1.0,0.5,1.0,0.0,1.0,0.0,0.0,0.0,0,1,2.0960772705293493,1.2887550666637253,0.24374945560236344,1.0,2.0,5.0,1.0,1.0,1.0,2.6666666666666665,2.06155281280883,-1.0,0.0,0,1,11,0.706811591094414,HIGH
North Zone 2,Bellary Road 2,4.0,12.0,3,2,2,,,0.0,0.0,0.0,1.0,0.5,0.0,0.0,0.0,0.0,0.0,0,0,1.5090484619140625,0.762451171875,0.4468179136900201,1.0,2.0,3.0,1.0,0.0,2.0,1.6666666666666667,0.816496580927726,-1.0,1.0,0,5,3,0.25194346470218615,LOW
Central Zone 2,Mysore Road,6.0,0.0,3,3,1,0.39235000000000003,32.55,0.0,0.0,0.6666666666666666,0.6666666666666666,2.0,0.3333333333333333,0.0,0.0,0.0,0.0,0,0,2.103596051247054,2.0262557254055213,0.39103955760061065,3.0,1.0,1.0,3.0,1.0,0.0,1.6666666666666667,1.0,2.0,2.0,0,1,10,0.3166288316723814,MEDIUM
Central Zone 2,Mysore Road,6.0,4.0,3,1,1,,,0.0,0.0,0.0,1.0,2.5,0.0,0.0,0.0,0.0,0.0,0,0,1.454352952572716,0.7898572745573406,0.48304447046343824,1.0,2.0,4.0,0.0,2.0,4.0,1.3333333333333333,1.4142135623730951,-1.0,-2.0,0,1,10,0.26886034998445846,LOW
South Zone 1,ORR West 1,2.0,0.0,3,2,0,0.2083,22.7,0.0,0.0,0.5,0.75,1.75,0.0,0.0,0.0,0.0,0.0,0,0,1.5625,1.328125,1.0196587368421053,2.0,1.0,2.0,2.0,1.0,1.0,1.3333333333333333,0.5773502691896257,1.0,1.0,0,6,16,0.22474611844562128,LOW
South Zone 2,Bannerghata Road,1.0,0.0,3,1,1,,,0.0,0.0,0.0,1.0,2.5,0.0,0.0,0.0,0.0,0.0,0,0,1.0,0.0,0.4513,1.0,0.0,0.0,0.0,0.0,0.0,1.0,0.0,0.0,0.0,0,7,1,0.10728532975271299,LOW
Central Zone 2,Non-corridor,2.0,12.0,3,1,1,,,0.0,0.0,1.0,0.5,1.5,0.0,0.0,0.0,0.0,0.0,0,1,2.246773537248373,1.4104504082351923,0.19763128112466,3.0,1.0,2.0,2.0,0.0,2.0,1.6666666666666667,0.9574271077563381,2.0,2.0,0,1,11,0.6957730039302373,HIGH
North Zone 2,Bellary Road 2,6.0,4.0,3,1,1,,,0.0,0.0,0.0,1.0,1.0,0.0,1.0,0.0,0.0,0.0,0,0,1.8440476083201247,1.0818228136927246,1.118788614889093,2.0,2.0,1.0,1.0,1.0,1.0,1.6666666666666667,0.5773502691896258,0.0,0.0,0,5,3,0.0830143695739655,LOW
East Zone 1,ORR East 1,5.0,0.0,3,1,1,,,0.0,0.0,0.0,1.0,1.0,0.0,1.0,0.0,0.0,0.0,0,0,1.0051319815975148,0.6296436790726148,0.5356804769840229,1.0,1.0,1.0,1.0,0.0,0.0,1.0,0.0,0.0,1.0,0,2,12,0.24671737098488994,LOW
Central Zone 2,Non-corridor,6.0,4.0,3,5,3,0.9208333333333333,166.63333333333333,0.0,0.0,0.6,0.7,1.6,0.2,0.4,0.0,0.0,0.0,1,0,1.4501317149281012,0.9754643800849085,0.3465681058819944,1.0,2.0,2.0,1.0,1.0,1.0,1.3333333333333333,0.5773502691896263,-1.0,0.0,0,1,11,0.29041387566501814,LOW
West Zone 2,West of Chord Road,3.0,4.0,3,1,0,0.0818,7.6,0.0,0.0,1.0,0.5,2.5,0.0,0.0,0.0,0.0,0.0,0,0,1.28125,1.09136962890625,0.545530541101449,1.0,2.0,1.0,1.0,2.0,1.0,1.3333333333333333,0.5,-1.0,-1.0,0,9,21,0.01936893056619153,LOW
West Zone 2,Tumkur Road,3.0,0.0,3,1,0,0.2179,29.8,0.0,0.0,0.0,1.0,1.5,0.0,0.0,0.0,0.0,0.0,0,0,1.25,0.734375,0.8725545612860014,1.0,2.0,1.0,1.0,0.0,1.0,1.3333333333333333,0.5,-1.0,1.0,0,9,19,0.08158142179336335,LOW
West Zone 2,Tumkur Road,3.0,8.0,3,1,1,,,0.0,0.0,0.0,1.0,3.0,0.0,0.0,0.0,0.0,0.0,0,0,1.0,0.25,0.4289863157894737,1.0,1.0,1.0,0.0,1.0,0.0,1.0,0.0,0.0,-1.0,0,9,19,0.14132412670287642,LOW
West Zone 2,ORR West 1,4.0,0.0,3,1,1,,,0.0,0.0,1.0,0.5,2.5,0.0,0.0,0.0,0.0,0.0,0,0,1.0,0.40625,0.6686943950786056,1.0,1.0,1.0,0.0,1.0,0.0,1.0,0.0,0.0,-1.0,0,9,16,0.06883525349040873,LOW
West Zone 2,Tumkur Road,0.0,0.0,3,1,0,0.4725,49.7,0.0,0.0,0.0,1.0,1.5,0.0,0.0,0.0,0.0,1.0,0,0,0.0,0.0,0.0,0.0,0.0,0.0,0.0,0.0,0.0,0.0,0.0,0.0,0.0,0,9,19,0.10145852728529144,LOW
West Zone 2,ORR West 1,0.0,8.0,3,1,1,,,1.0,0.0,0.0,1.0,2.5,0.0,0.0,0.0,0.0,1.0,0,0,0.0,0.0,0.0,0.0,0.0,0.0,0.0,0.0,0.0,0.0,0.0,0.0,0.0,0,9,16,0.036287271697409654,LOW
West Zone 2,ORR West 1,1.0,4.0,3,1,0,0.5233,43.3,0.0,0.0,0.0,1.0,2.5,0.0,0.0,0.0,0.0,0.0,0,0,0.0,0.0,0.0,0.0,0.0,0.0,0.0,0.0,0.0,0.0,0.0,0.0,0.0,0,9,16,0.10145852728529144,LOW
North Zone 2,ORR North 2,5.0,8.0,3,1,0,0.1806,24.7,0.0,0.0,0.0,1.0,1.5,0.0,0.0,0.0,0.0,0.0,0,0,1.1563252285197905,0.906254626814416,0.9870293808230849,1.0,1.0,1.0,1.0,0.0,1.0,1.3333333333333333,0.5,0.0,1.0,0,5,15,0.21187249818558798,LOW
North Zone 2,ORR North 2,2.0,4.0,3,1,0,1.072,73.3,0.0,0.0,0.0,1.0,3.0,0.0,0.0,0.0,0.0,0.0,0,1,1.5,0.75,0.09912,2.0,1.0,1.0,1.0,0.0,1.0,1.3333333333333333,0.5,1.0,1.0,0,5,15,0.49050971094679674,MEDIUM
South Zone 2,Non-corridor,4.0,0.0,3,1,1,,,0.0,0.0,0.0,1.0,2.5,0.0,0.0,0.0,0.0,0.0,0,0,1.5,0.201171875,0.28106495185780983,2.0,1.0,1.0,0.0,0.0,1.0,1.3333333333333333,0.5,1.0,0.0,0,7,11,0.35591819747998904,MEDIUM
Central Zone 2,Mysore Road,2.0,0.0,3,2,2,,,0.0,0.0,0.0,1.0,2.75,0.0,0.0,0.0,0.0,0.0,0,0,1.1669344902038574,0.8985674381256104,0.3444834223646387,1.0,1.0,2.0,1.0,0.0,2.0,1.0,0.5000000000000007,0.0,1.0,0,1,10,0.543464120596482,MEDIUM
South Zone 2,IRR(Thanisandra road),4.0,8.0,3,1,1,,,0.0,0.0,0.0,1.0,2.5,0.0,0.0,0.0,0.0,0.0,0,0,1.125,0.875,0.4389088,1.0,1.0,1.0,1.0,1.0,0.0,1.3333333333333333,0.5,0.0,0.0,0,7,8,0.39257855878662506,MEDIUM
Central Zone 1,Mysore Road,1.0,8.0,3,1,0,0.0592,8.1,0.0,0.0,1.0,0.5,1.5,0.0,0.0,0.0,0.0,0.0,0,0,1.0,0.5,0.2218,1.0,1.0,0.0,1.0,0.0,0.0,1.0,0.0,0.0,1.0,0,0,10,0.1043104593826766,LOW
Central Zone 2,Non-corridor,4.0,8.0,3,2,2,,,1.0,0.0,1.0,0.5,2.5,0.0,0.0,0.0,0.0,0.0,0,0,2.678404657081221,1.5064765019056519,0.4621665476646445,2.0,4.0,6.0,1.0,2.0,4.0,2.3333333333333335,2.217355782608345,-2.0,-1.0,0,1,11,0.6565064782079617,HIGH
West Zone 1,Magadi Road,1.0,8.0,3,1,0,0.5177,70.8,0.0,0.0,1.0,0.5,1.5,0.0,0.0,0.0,0.0,0.0,0,0,1.03125,0.8125,0.9103528000000001,1.0,1.0,1.0,1.0,1.0,0.0,1.0,0.0,0.0,0.0,0,8,9,0.25877247016817206,LOW
North Zone 2,Bellary Road 1,3.0,8.0,3,1,0,0.1857,12.7,0.0,0.0,0.0,1.0,3.0,0.0,0.0,0.0,0.0,0.0,0,0,1.2013798970729113,0.7431063000112772,1.4174578186075357,1.0,1.0,3.0,1.0,0.0,2.0,1.0,0.9999999999999999,0.0,1.0,0,5,2,0.20321744002272155,LOW
North Zone 2,Bellary Road 1,3.0,12.0,3,2,2,,,0.0,0.0,0.5,0.75,1.0,0.0,0.0,0.0,0.0,0.0,0,0,1.14111328125,0.1318359375,0.285678602393377,1.0,1.0,1.0,0.0,0.0,1.0,1.3333333333333333,0.5,0.0,0.0,0,5,2,0.3817238110327886,MEDIUM
Central Zone 2,Non-corridor,4.0,12.0,3,6,4,1.5079,210.5,0.0,0.0,0.5,0.75,2.0833333333333335,0.5,0.0,0.0,0.0,0.0,1,1,1.5753572047627968,1.5509951569334612,0.3000273186103528,1.0,2.0,2.0,1.0,2.0,2.0,1.6666666666666667,0.5,-1.0,-1.0,0,1,11,0.5592347735890995,MEDIUM
West Zone 2,Tumkur Road,1.0,8.0,3,1,0,0.2011,27.5,0.0,0.0,0.0,1.0,1.5,0.0,0.0,0.0,0.0,0.0,0,0,1.0,0.0,0.7857,1.0,0.0,0.0,0.0,0.0,0.0,1.0,0.0,0.0,0.0,0,9,19,0.09659183204722183,LOW
West Zone 2,Tumkur Road,4.0,8.0,3,1,0,0.5583,81.8,1.0,0.0,1.0,0.5,1.0,0.0,0.0,0.0,0.0,0.0,0,0,1.0,0.8125,0.4289863157894737,1.0,1.0,1.0,1.0,1.0,1.0,1.0,0.0,0.0,0.0,0,9,19,0.2337550717901754,LOW
West Zone 2,West of Chord Road,0.0,8.0,3,1,1,,,0.0,0.0,0.0,1.0,2.5,0.0,0.0,0.0,0.0,1.0,0,0,2.0,1.0,0.7376,2.0,0.0,0.0,1.0,0.0,0.0,2.0,0.0,0.0,0.0,0,9,21,0.1058877948887616,LOW
West Zone 2,West of Chord Road,2.0,0.0,3,1,1,,,0.0,0.0,0.0,1.0,1.0,0.0,0.0,0.0,0.0,0.0,0,0,1.09375,0.84375,0.3047,1.0,1.0,2.0,1.0,0.0,2.0,1.0,0.5,0.0,1.0,0,9,21,0.08564659772054548,LOW
West Zone 2,West of Chord Road,5.0,4.0,4,1,1,,,0.0,0.0,0.0,1.0,3.0,0.0,0.0,0.0,0.0,0.0,0,0,1.00439453125,0.42330265045166016,0.08030543785822236,1.0,1.0,1.0,0.0,1.0,0.0,1.0,0.0,0.0,-1.0,0,9,21,0.05614404023957229,LOW
West Zone 2,West of Chord Road,4.0,12.0,4,1,1,,,0.0,0.0,0.0,1.0,1.0,0.0,0.0,0.0,0.0,1.0,0,0,1.0625,0.931640625,0.3258111146446176,1.0,1.0,2.0,1.0,1.0,0.0,1.0,0.5,0.0,0.0,0,9,21,0.09213763478273312,LOW
North Zone 2,Bellary Road 1,3.0,12.0,4,1,0,0.3042,20.8,0.0,0.0,0.0,1.0,3.0,0.0,0.0,0.0,0.0,0.0,0,1,1.570556640625,1.06591796875,0.285678602393377,2.0,1.0,2.0,2.0,0.0,0.0,1.3333333333333333,0.5773502691896257,1.0,2.0,0,5,2,0.4589112424616788,MEDIUM
North Zone 2,Bellary Road 1,3.0,8.0,4,2,1,0.1945,39.9,0.0,0.0,0.5,0.75,1.0,0.0,0.0,0.0,0.0,0.0,0,0,1.1006899485364556,0.3715531500056386,0.9247546911645215,1.0,1.0,1.0,0.0,1.0,0.0,1.0,0.0,0.0,-1.0,0,5,2,0.1482182359126683,LOW
West Zone 1,Magadi Road,0.0,0.0,4,1,1,,,0.0,0.0,1.0,0.5,2.5,0.0,0.0,0.0,0.0,0.0,0,0,0.0,0.0,0.0,0.0,0.0,0.0,0.0,0.0,0.0,0.0,0.0,0.0,0.0,0,8,9,0.12256661566399339,LOW
Central Zone 2,Mysore Road,1.0,8.0,4,1,0,0.3501,17.1,1.0,0.0,0.0,1.0,3.0,0.0,0.0,0.0,0.0,0.0,0,1,1.828125,0.54296875,0.43906526898964854,2.0,1.0,4.0,0.0,1.0,2.0,1.6666666666666667,1.2583057392117918,1.0,-1.0,0,1,10,0.5478560465343064,MEDIUM
South Zone 2,IRR(Thanisandra road),2.0,0.0,4,1,0,1.1032,226.3,0.0,0.0,0.0,1.0,1.0,0.0,0.0,0.0,0.0,0.0,0,0,1.0,0.875,0.0774,1.0,1.0,1.0,1.0,1.0,0.0,1.0,0.0,0.0,0.0,0,7,8,0.05229448565843582,LOW
Central Zone 2,Mysore Road,2.0,0.0,4,3,2,0.8456999999999999,72.3,0.0,0.0,0.3333333333333333,0.8333333333333334,2.0,0.0,0.0,0.0,0.0,0.0,0,0,1.5834672451019287,1.4492837190628052,0.3444834223646387,2.0,1.0,1.0,2.0,1.0,1.0,1.3333333333333333,0.5,1.0,1.0,0,1,10,0.4020387313499046,MEDIUM
North Zone 2,Bellary Road 1,3.0,4.0,4,1,1,,,0.0,0.0,0.0,1.0,3.0,0.0,0.0,0.0,0.0,0.0,0,0,1.37548828125,0.9951019287109375,0.12406349170418511,1.0,1.0,1.0,1.0,0.0,1.0,2.0,1.5,0.0,1.0,0,5,2,0.3477122855603569,MEDIUM
East Zone 1,ORR East 2,1.0,0.0,4,2,2,2.34,721.8,0.0,0.0,1.0,0.5,2.0,0.0,1.0,0.0,0.0,0.0,0,0,1.0,1.0,2.34,1.0,1.0,0.0,1.0,1.0,0.0,1.0,0.0,0.0,0.0,0,2,13,0.0336658031308373,LOW
East Zone 1,ORR East 2,2.0,0.0,4,1,1,2.34,718.9,0.0,0.0,0.0,1.0,1.0,0.0,1.0,0.0,0.0,0.0,0,0,1.1330146789550781,1.1309089660644531,2.360928480144195,1.0,1.0,1.0,1.0,1.0,1.0,1.3333333333333333,0.5,0.0,0.0,0,2,13,0.055072644892818025,LOW
East Zone 1,ORR East 2,1.0,4.0,4,1,0,0.1109,6.5,1.0,0.0,0.0,1.0,2.5,0.0,0.0,0.0,0.0,0.0,0,0,0.0,0.0,0.0,0.0,0.0,0.0,0.0,0.0,0.0,0.0,0.0,0.0,0.0,0,2,13,0.03581172776868888,LOW
Central Zone 2,Non-corridor,2.0,4.0,4,5,5,,,0.0,0.0,0.0,1.0,1.0,0.0,0.0,0.8,0.0,0.0,1,1,1.144540167751984,0.42545722789600404,0.21540890132020582,1.0,1.0,2.0,0.0,1.0,1.0,1.0,0.5000000000000007,0.0,-1.0,0,1,11,0.5366789810108583,MEDIUM
South Zone 2,Bannerghata Road,2.0,0.0,4,1,0,0.2274,31.1,0.0,0.0,0.0,1.0,1.5,0.0,0.0,0.0,0.0,0.0,0,0,1.015625,1.00390625,0.2934578947368421,1.0,1.0,1.0,1.0,1.0,1.0,1.0,0.0,0.0,0.0,0,7,1,0.4910744216640778,MEDIUM
South Zone 1,ORR West 1,4.0,0.0,4,1,1,,,0.0,0.0,1.0,0.5,1.0,0.0,0.0,0.0,0.0,1.0,0,0,1.2744140625,1.208251953125,0.7699891452631579,1.0,2.0,1.0,1.0,2.0,1.0,1.3333333333333333,0.5,-1.0,-1.0,0,6,16,0.09637384041112951,LOW
North Zone 2,Bellary Road 2,3.0,8.0,4,5,2,0.12853333333333333,17.933333333333334,0.6,0.0,0.4,0.8,1.0,0.2,0.6,0.0,0.0,0.0,0,0,1.040194034576416,0.47160565853118896,0.1919181244711941,1.0,1.0,1.0,0.0,1.0,0.0,1.0,0.0,0.0,-1.0,0,5,3,0.1959398285719826,LOW
North Zone 2,Bellary Road 2,3.0,20.0,4,2,2,,,0.0,0.0,0.5,0.75,1.0,0.0,1.0,0.0,0.0,0.0,0,0,1.0,0.0,0.1189,1.0,0.0,0.0,0.0,0.0,0.0,1.0,0.0,0.0,0.0,0,5,3,0.14753794073986198,LOW
North Zone 2,Bellary Road 2,3.0,12.0,4,2,1,0.7142,146.5,0.0,0.0,0.5,0.75,1.0,0.0,1.0,0.0,0.0,0.0,0,0,1.158203125,0.59375,0.19893991962491628,1.0,1.0,1.0,0.0,1.0,0.0,1.3333333333333333,0.5,0.0,-1.0,0,5,3,0.1458292153898711,LOW
Central Zone 2,Non-corridor,2.0,8.0,4,6,5,0.4781,76.5,0.16666666666666666,0.0,0.3333333333333333,0.8333333333333334,2.5,0.0,0.0,0.0,0.0,0.0,1,0,1.5480386352646747,1.1443775333318627,0.24374945560236344,1.0,1.0,5.0,1.0,1.0,3.0,1.3333333333333333,1.892969448600091,0.0,0.0,0,1,11,0.5805587769086281,MEDIUM
West Zone 1,Tumkur Road,0.0,12.0,4,1,1,,,0.0,0.0,0.0,1.0,1.0,0.0,0.0,0.0,0.0,0.0,0,0,1.0,0.0,0.3454,1.0,0.0,0.0,0.0,0.0,0.0,1.0,0.0,0.0,0.0,0,8,19,0.10579237124175274,LOW
West Zone 1,Tumkur Road,1.0,4.0,4,1,0,0.2316,19.0,0.0,0.0,0.0,1.0,2.5,0.0,0.0,0.0,0.0,0.0,0,0,2.50390625,1.4453125,0.406842512959135,4.0,1.0,1.0,2.0,1.0,1.0,2.0,1.5,3.0,1.0,0,8,19,0.4556864355662676,MEDIUM
West Zone 1,Tumkur Road,1.0,12.0,4,1,1,,,0.0,0.0,0.0,1.0,1.5,0.0,0.0,0.0,0.0,0.0,0,0,1.0,0.78125,0.32960842105263166,1.0,1.0,1.0,1.0,1.0,0.0,1.0,0.0,0.0,0.0,0,8,19,0.12844365853097642,LOW
South Zone 1,ORR West 1,6.0,8.0,4,1,0,0.1768,25.9,1.0,0.0,1.0,0.5,1.0,0.0,0.0,0.0,0.0,0.0,0,0,1.3125991821289062,1.1601366996765137,0.7855406726164474,1.0,2.0,2.0,1.0,2.0,2.0,1.3333333333333333,0.5773502691896257,-1.0,-1.0,0,6,16,0.08214344405822444,LOW
Central Zone 2,Non-corridor,6.0,0.0,4,4,2,0.19605,88.94999999999999,0.0,0.0,0.5,0.75,1.5,0.0,0.25,0.0,0.0,0.0,0,0,2.4781551962989337,1.2554977317851876,0.17719269594460652,3.0,2.0,1.0,1.0,2.0,0.0,2.3333333333333335,0.816496580927726,1.0,-1.0,0,1,11,0.659244047123197,HIGH
North Zone 1,ORR North 1,2.0,12.0,4,1,1,,,0.0,0.0,1.0,0.5,1.0,0.0,0.0,0.0,0.0,0.0,0,0,1.0,0.625,0.7696263157894737,1.0,1.0,1.0,1.0,0.0,0.0,1.0,0.0,0.0,1.0,0,4,14,0.14080111630893857,LOW
West Zone 1,Tumkur Road,2.0,0.0,4,1,1,,,0.0,0.0,1.0,0.5,2.5,0.0,0.0,0.0,0.0,0.0,0,0,1.029632568359375,0.229400634765625,0.18571155539038364,1.0,1.0,1.0,0.0,0.0,1.0,1.0,0.0,0.0,0.0,0,8,19,0.21933279828090266,LOW
West Zone 1,Tumkur Road,2.0,8.0,4,1,0,0.3924,32.2,0.0,0.0,0.0,1.0,2.5,0.0,0.0,0.0,0.0,0.0,0,0,1.0390777587890625,0.9975395202636719,1.1080532569612052,1.0,1.0,1.0,1.0,1.0,1.0,1.0,0.0,0.0,0.0,0,8,19,0.1705651082175701,LOW
Central Zone 2,Non-corridor,6.0,4.0,4,4,2,0.27055,37.35,0.5,0.0,0.25,0.875,2.875,0.0,0.25,0.0,0.0,0.0,0,0,3.2250658574640507,1.9877321900424543,0.6488129624353307,5.0,1.0,1.0,3.0,1.0,0.0,2.6666666666666665,1.8929694486000914,4.0,2.0,0,1,11,0.6653871241764724,HIGH
South Zone 1,ORR West 1,6.0,0.0,4,2,2,,,0.0,0.0,0.5,0.75,0.5,0.0,0.0,0.0,0.0,0.0,0,0,1.0158929824829102,0.11348462104797363,0.3502796222133768,1.0,1.0,1.0,0.0,0.0,1.0,1.0,0.0,0.0,0.0,0,6,16,0.22604056198358133,LOW
North Zone 2,Bellary Road 2,2.0,12.0,4,2,2,,,0.0,0.0,0.0,1.0,1.0,0.0,1.0,0.0,0.0,0.0,0,0,1.0625,1.0,0.5411,1.0,1.0,2.0,1.0,1.0,1.0,1.0,0.5,0.0,0.0,0,5,3,0.3952430343453505,MEDIUM
Central Zone 2,Non-corridor,2.0,12.0,4,6,5,0.0112,4.5,0.0,0.0,0.3333333333333333,0.8333333333333334,1.25,0.5,0.0,0.0,0.0,0.0,1,0,1.6233867686241865,1.2052252041175961,0.19763128112466,1.0,3.0,1.0,1.0,2.0,1.0,1.6666666666666667,1.0,-2.0,-1.0,0,1,11,0.6362036983921131,HIGH
South Zone 2,Bannerghata Road,4.0,8.0,4,1,1,,,0.0,0.0,1.0,0.5,2.5,0.0,0.0,0.0,0.0,1.0,0,0,1.001953125,0.3761749267578125,0.6838373364187879,1.0,1.0,1.0,0.0,1.0,1.0,1.0,0.0,0.0,-1.0,0,7,1,0.1693366823186366,LOW
North Zone 1,ORR North 1,4.0,0.0,4,1,1,,,0.0,0.0,1.0,0.5,2.5,0.0,1.0,0.0,0.0,1.0,0,0,2.004398837685585,1.626842513680458,0.23035443796476207,3.0,1.0,1.0,3.0,0.0,1.0,1.6666666666666667,1.0,2.0,3.0,0,4,14,0.22670901786304004,LOW
North Zone 1,ORR North 1,3.0,12.0,4,1,1,,,0.0,0.0,0.0,1.0,1.0,0.0,0.0,0.0,0.0,0.0,0,0,2.5,1.703125,0.7281187833219411,4.0,1.0,1.0,3.0,0.0,1.0,2.0,1.5,3.0,3.0,0,4,14,0.23545239693158967,LOW
West Zone 1,Tumkur Road,0.0,4.0,4,1,0,0.1311,26.9,0.0,0.0,1.0,0.5,1.0,0.0,0.0,0.0,0.0,0.0,0,0,0.0,0.0,0.0,0.0,0.0,0.0,0.0,0.0,0.0,0.0,0.0,0.0,0.0,0,8,19,0.09082197805059648,LOW
South Zone 2,Bannerghata Road,1.0,8.0,4,1,1,,,0.0,0.0,0.0,1.0,3.0,0.0,0.0,0.0,0.0,0.0,0,0,1.0,0.25,0.803184,1.0,1.0,1.0,0.0,0.0,1.0,1.0,0.0,0.0,0.0,0,7,1,0.10502298853849576,LOW
North Zone 2,Bellary Road 2,2.0,0.0,4,1,1,,,0.0,0.0,0.0,1.0,1.0,0.0,1.0,0.0,0.0,0.0,0,0,2.0126953125,0.5126953125,0.3450448600153404,3.0,1.0,1.0,0.0,1.0,1.0,1.6666666666666667,1.0,2.0,-1.0,0,5,3,0.10639407160874205,LOW
North Zone 2,Bellary Road 2,2.0,8.0,4,5,3,1.1430333333333333,120.36666666666667,0.6,0.0,0.6,0.7,1.8,0.2,1.0,0.0,0.0,0.0,1,0,1.579345703125,0.46209716796875,0.6008263037476361,2.0,1.0,1.0,0.0,1.0,0.0,1.3333333333333333,0.5,1.0,-1.0,0,5,3,0.04217982189062659,LOW
Central Zone 2,Non-corridor,3.0,0.0,4,4,3,0.1776,24.5,0.0,0.0,0.25,0.875,2.75,0.0,0.25,0.0,0.0,0.0,1,0,2.2880210336222393,1.8305004072659987,0.46362836938913415,2.0,3.0,2.0,2.0,2.0,1.0,2.3333333333333335,0.4999999999999848,-1.0,0.0,0,1,11,0.7052337093736178,HIGH
South Zone 2,Bannerghata Road,6.0,12.0,4,1,0,0.2604,23.1,0.0,0.0,0.0,1.0,2.5,0.0,0.0,0.0,0.0,0.0,0,0,1.5157470703125,1.2747802734375,0.22128668915235458,1.0,1.0,1.0,1.0,1.0,0.0,2.3333333333333335,2.0,0.0,0.0,0,7,1,0.5287576969106798,MEDIUM
South Zone 2,Bannerghata Road,6.0,8.0,4,1,0,0.3242,70.0,0.0,0.0,0.0,1.0,1.0,0.0,0.0,0.0,0.0,0.0,0,0,1.2500152587890625,0.7451263666152954,0.1914586312990965,1.0,1.0,3.0,0.0,1.0,3.0,1.3333333333333333,0.9574271077563381,0.0,-1.0,0,7,1,0.50070295272971,MEDIUM
Central Zone 2,CBD 2,1.0,4.0,4,1,1,,,0.0,0.0,0.0,1.0,1.0,0.0,0.0,0.0,0.0,0.0,0,0,1.0,0.5,0.1199,1.0,1.0,0.0,0.0,1.0,0.0,1.0,0.0,0.0,-1.0,0,1,5,0.050193757069219934,LOW
West Zone 1,Tumkur Road,0.0,0.0,4,1,1,,,0.0,0.0,0.0,1.0,3.0,0.0,0.0,0.0,0.0,0.0,0,0,0.0,0.0,0.0,0.0,0.0,0.0,0.0,0.0,0.0,0.0,0.0,0.0,0.0,0,8,19,0.07204492293515541,LOW
Central Zone 2,Non-corridor,0.0,0.0,4,2,2,,,0.0,0.0,0.5,0.75,2.0,0.0,1.0,0.0,0.0,0.0,0,0,3.0,3.0,0.0,3.0,0.0,0.0,3.0,0.0,0.0,3.0,0.0,0.0,0.0,0,1,11,0.7020605113650638,HIGH
East Zone 1,ORR East 1,1.0,0.0,4,2,1,0.152,12.9,0.0,0.0,0.5,0.75,2.5,0.0,0.5,0.0,0.0,0.0,0,0,1.0,1.0,0.0,1.0,1.0,0.0,1.0,1.0,0.0,1.0,0.0,0.0,0.0,0,2,12,0.08288965368244648,LOW
Central Zone 2,Non-corridor,6.0,8.0,4,2,1,0.1255,21.7,0.0,0.0,0.0,1.0,1.75,0.5,0.0,0.0,0.0,0.0,0,1,2.006321957558027,1.1774996974700234,0.19450501239042425,2.0,2.0,1.0,1.0,1.0,1.0,1.6666666666666667,0.5773502691896256,0.0,0.0,0,1,11,0.688180839804309,HIGH
East Zone 1,ORR East 1,2.0,12.0,4,1,1,2.34,1373.9,0.0,0.0,1.0,0.5,1.0,0.0,0.0,0.0,0.0,0.0,0,0,1.0,0.75,0.2608,1.0,1.0,1.0,1.0,0.0,1.0,1.0,0.0,0.0,1.0,0,2,12,0.0718145478591338,LOW
South Zone 2,Bannerghata Road,2.0,4.0,4,1,1,,,0.0,0.0,0.0,1.0,1.0,0.0,0.0,1.0,0.0,0.0,0,0,1.0,0.9375,0.0958,1.0,1.0,1.0,1.0,1.0,1.0,1.0,0.0,0.0,0.0,0,7,1,0.12940350070304454,LOW
Central Zone 2,Mysore Road,5.0,0.0,4,1,0,0.2769,56.8,0.0,0.0,0.0,1.0,1.0,0.0,0.0,0.0,0.0,0.0,0,0,2.0411782384918857,1.4429314076270117,0.8727167897770167,2.0,1.0,5.0,2.0,0.0,4.0,2.0,1.7078251276599332,1.0,2.0,0,1,10,0.39088541015347367,MEDIUM
Central Zone 2,Non-corridor,5.0,12.0,4,1,0,0.3496,54.3,0.0,0.0,0.0,1.0,3.0,0.0,1.0,0.0,0.0,0.0,0,0,1.578966533117821,0.4054428404283732,0.3422957138944127,2.0,1.0,1.0,0.0,1.0,1.0,1.3333333333333333,0.5,1.0,-1.0,0,1,11,0.512760721018413,MEDIUM
North Zone 2,Bellary Road 2,0.0,12.0,4,1,1,,,0.0,0.0,1.0,0.5,1.5,0.0,0.0,0.0,0.0,0.0,0,0,0.0,0.0,0.0,0.0,0.0,0.0,0.0,0.0,0.0,0.0,0.0,0.0,0.0,0,5,3,0.09421873250161553,LOW
Central Zone 1,Old Madras Road,2.0,4.0,4,1,1,,,0.0,0.0,0.0,1.0,1.0,0.0,0.0,0.0,0.0,0.0,0,0,1.015625,0.6875,0.27797894736842105,1.0,1.0,1.0,1.0,0.0,0.0,1.0,0.0,0.0,1.0,0,0,18,0.2241492744297717,LOW
East Zone 1,Varthur Road,3.0,16.0,4,1,1,,,0.0,0.0,1.0,0.5,3.0,0.0,1.0,0.0,0.0,0.0,0,0,1.0,1.0,5.539540000000001,1.0,1.0,0.0,1.0,1.0,0.0,1.0,0.0,0.0,0.0,0,2,20,0.050212283154602605,LOW
West Zone 1,Tumkur Road,3.0,8.0,4,3,2,0.6618,54.3,0.6666666666666666,0.0,0.3333333333333333,0.8333333333333334,2.3333333333333335,0.3333333333333333,0.0,0.0,0.0,0.0,0,0,1.1094513237476349,0.392573319375515,0.5344035068232115,1.0,1.0,2.0,0.0,1.0,1.0,1.0,0.5,0.0,-1.0,0,8,19,0.28092420356836856,LOW
West Zone 1,Tumkur Road,3.0,16.0,4,1,0,0.2692,26.3,1.0,0.0,0.0,1.0,1.5,0.0,0.0,0.0,0.0,0.0,0,0,1.0,0.3125,0.96007184,1.0,1.0,1.0,0.0,1.0,1.0,1.0,0.0,0.0,-1.0,0,8,19,0.1556559077314645,LOW
West Zone 1,Tumkur Road,3.0,12.0,4,2,1,0.1185,24.3,0.0,0.0,0.0,1.0,1.0,0.0,0.0,0.0,0.0,0.0,0,0,2.796875,1.201416015625,0.33155028977703893,2.0,6.0,1.0,2.0,0.0,0.0,3.0,2.380476142847617,-4.0,2.0,0,8,19,0.5135657887870317,MEDIUM
West Zone 1,Tumkur Road,4.0,8.0,4,2,2,,,0.5,0.0,0.0,1.0,2.75,0.0,0.0,0.0,0.0,1.0,0,0,1.1801150442333892,0.8921584895288106,1.4192361823492101,1.0,1.0,1.0,1.0,0.0,1.0,1.3333333333333333,0.5,0.0,1.0,0,8,19,0.060515418941832495,LOW
Central Zone 2,Non-corridor,0.0,4.0,4,2,1,0.9319,170.4,0.5,0.0,0.0,1.0,1.0,1.0,0.0,0.0,0.0,0.0,0,1,2.0,1.5,0.0287,1.0,3.0,0.0,1.0,2.0,0.0,2.0,1.4142135623730951,-2.0,-1.0,0,1,11,0.6903889377869591,HIGH
Central Zone 2,Non-corridor,3.0,4.0,4,2,2,,,0.5,0.0,0.0,1.0,3.0,0.0,1.0,0.0,0.0,0.0,0,0,2.590336121635757,2.205241061129051,0.27995244597962987,2.0,4.0,1.0,2.0,3.0,1.0,3.0,1.2909944487358054,-2.0,-1.0,0,1,11,0.7183114868436348,HIGH
North Zone 2,Bellary Road 2,1.0,8.0,4,1,1,,,1.0,0.0,0.0,1.0,3.0,0.0,1.0,0.0,0.0,0.0,0,0,2.078125,0.57421875,0.3208079724471299,3.0,1.0,2.0,1.0,0.0,0.0,1.6666666666666667,0.9574271077563381,2.0,1.0,0,5,3,0.09805651203642508,LOW
North Zone 2,Bellary Road 2,1.0,4.0,4,1,0,0.4238,20.7,1.0,0.0,0.0,1.0,3.0,0.0,1.0,0.0,0.0,0.0,0,0,1.015625,1.015625,0.0,1.0,1.0,1.0,1.0,1.0,1.0,1.0,0.0,0.0,0.0,0,5,3,0.2812382875259242,LOW
North Zone 2,Bellary Road 2,2.0,4.0,4,1,1,,,1.0,0.0,1.0,0.5,1.0,0.0,0.0,0.0,0.0,0.0,0,0,1.6251220703125,1.3048095703125,0.9835194121667805,1.0,3.0,1.0,1.0,2.0,0.0,2.0,0.9574271077563381,-2.0,-1.0,0,5,3,0.06434168698480001,LOW
Central Zone 2,Mysore Road,4.0,12.0,4,1,1,,,0.0,0.0,1.0,0.5,2.5,0.0,0.0,0.0,0.0,1.0,0,0,1.5865612030029297,0.821380227804184,0.7475156688188794,2.0,1.0,1.0,1.0,1.0,0.0,1.3333333333333333,0.5,1.0,0.0,0,1,10,0.31663809437814994,MEDIUM
South Zone 2,Hosur Road,2.0,12.0,4,1,1,,,0.0,0.0,1.0,0.5,2.5,0.0,0.0,0.0,0.0,0.0,0,0,1.0,0.328125,0.7462081207173057,1.0,1.0,1.0,0.0,1.0,1.0,1.0,0.0,0.0,-1.0,0,7,7,0.14672761983520294,LOW
South Zone 2,Hosur Road,2.0,0.0,4,1,1,,,0.0,0.0,1.0,0.5,2.5,0.0,0.0,0.0,0.0,0.0,0,0,1.10205078125,0.2528076171875,0.33595623681778236,1.0,1.0,2.0,0.0,0.0,2.0,1.0,0.4999999999999999,0.0,0.0,0,7,7,0.2808800232195384,LOW
Central Zone 2,Mysore Road,3.0,8.0,4,1,0,0.1414,11.6,0.0,0.0,0.0,1.0,2.5,0.0,0.0,0.0,0.0,0.0,0,0,1.1260999672376784,0.9279003688534431,0.6277618300824054,1.0,1.0,2.0,1.0,1.0,0.0,1.0,0.5,0.0,0.0,0,1,10,0.515889507369618,MEDIUM
Central Zone 2,CBD 2,5.0,8.0,4,1,0,0.9494,77.9,0.0,0.0,1.0,0.5,2.5,0.0,0.0,0.0,0.0,0.0,0,0,1.0040283203125,0.7537841796875,0.46955187467099413,1.0,1.0,1.0,1.0,0.0,1.0,1.0,0.0,0.0,1.0,0,1,5,0.4200531701225677,MEDIUM
Central Zone 2,Non-corridor,3.0,8.0,4,8,3,0.27412000000000003,92.85999999999999,0.125,0.0,0.375,0.8125,1.75,0.0,0.375,0.0,0.0,0.0,1,0,1.4208517990849214,0.5522311103392283,0.5558036985785657,1.0,2.0,2.0,0.0,1.0,1.0,1.3333333333333333,0.5773502691896258,-1.0,-1.0,0,1,11,0.3179311803850352,MEDIUM
North Zone 2,Bellary Road 2,0.0,16.0,4,1,0,0.8804,43.0,1.0,0.0,0.0,1.0,3.0,0.0,1.0,0.0,0.0,0.0,0,0,0.0,0.0,0.0,0.0,0.0,0.0,0.0,0.0,0.0,0.0,0.0,0.0,0.0,0,5,3,0.2380913695204731,LOW
South Zone 2,Hosur Road,4.0,0.0,4,3,3,,,0.0,0.0,0.6666666666666666,0.6666666666666666,1.5,0.0,0.0,0.0,0.0,1.0,1,0,1.0625641494989395,0.24967202171683311,0.38165004671008274,1.0,1.0,1.0,0.0,0.0,1.0,1.0,0.0,0.0,0.0,0,7,7,0.2808800232195384,LOW
South Zone 2,Hosur Road,3.0,12.0,4,1,1,,,0.0,0.0,0.0,1.0,3.0,0.0,0.0,0.0,0.0,0.0,0,0,1.5625,0.9322509765625,0.38137783903862754,1.0,3.0,2.0,0.0,3.0,2.0,1.6666666666666667,0.9574271077563381,-2.0,-3.0,0,7,7,0.22049423313557975,LOW
South Zone 2,Hosur Road,3.0,8.0,4,3,2,0.174,10.2,0.3333333333333333,0.0,0.3333333333333333,0.8333333333333334,1.6666666666666667,0.3333333333333333,0.3333333333333333,0.0,0.0,0.0,0,0,1.0732421875,0.80517578125,0.4141890302111609,1.0,1.0,2.0,1.0,0.0,2.0,1.0,0.5,0.0,1.0,0,7,7,0.4271766022740899,MEDIUM
Central Zone 2,Non-corridor,5.0,4.0,4,2,0,0.2954,77.75,0.0,0.0,0.5,0.75,1.0,0.5,0.0,1.0,0.0,0.0,0,0,3.3282781121499108,2.134452978280397,0.306699294334796,5.0,1.0,1.0,3.0,1.0,1.0,3.0,1.9148542155126762,4.0,2.0,0,1,11,0.7143010818692955,HIGH
Central Zone 2,CBD 2,6.0,0.0,4,1,1,,,0.0,0.0,1.0,0.5,2.5,0.0,0.0,0.0,0.0,0.0,0,0,1.626953125,1.0917320251464844,0.18325862455798822,2.0,1.0,1.0,1.0,1.0,1.0,1.6666666666666667,0.5773502691896257,1.0,0.0,0,1,5,0.29563608449862244,LOW
Central Zone 2,Non-corridor,2.0,0.0,4,8,2,0.32193333333333335,53.68333333333334,0.0,0.0,0.375,0.8125,2.125,0.125,0.125,0.0,0.0,0.0,0,1,1.8867029461689526,1.5900987037020968,0.28551159092879874,2.0,1.0,3.0,2.0,0.0,3.0,1.6666666666666667,0.8164965809277192,1.0,2.0,0,1,11,0.7033002071470335,HIGH
Central Zone 2,Non-corridor,6.0,12.0,4,1,0,0.669,123.5,0.0,0.0,0.0,1.0,2.5,0.0,0.0,0.0,0.0,0.0,0,0,2.2837263409922266,1.9799225268771394,0.8155856432107621,2.0,2.0,4.0,2.0,1.0,4.0,2.0,1.000000000000003,0.0,1.0,0,1,11,0.6629398693025659,HIGH
North Zone 1,Hennur Main Road,3.0,0.0,4,2,2,,,0.0,0.0,0.0,1.0,2.0,0.0,1.0,0.0,0.0,0.0,0,0,1.265625,0.736328125,0.5660555335347431,1.0,2.0,1.0,1.0,0.0,1.0,1.3333333333333333,0.5,-1.0,1.0,0,4,6,0.10322129582611002,LOW
West Zone 1,Tumkur Road,5.0,8.0,4,1,0,0.258,37.8,1.0,0.0,0.0,1.0,1.0,0.0,0.0,0.0,0.0,0.0,0,1,1.1133532785061178,0.8854304295953082,0.520204920747922,1.0,1.0,2.0,1.0,1.0,0.0,1.0,0.5,0.0,0.0,0,8,19,0.47705694952471517,MEDIUM
North Zone 2,Bellary Road 1,6.0,0.0,4,1,1,,,0.0,0.0,0.0,1.0,3.0,0.0,0.0,0.0,0.0,0.0,0,0,1.3598871829463628,1.232428271279626,0.3526611714288247,1.0,2.0,2.0,1.0,2.0,1.0,1.3333333333333333,0.5773502691896257,-1.0,-1.0,0,5,2,0.088809655591584,LOW
North Zone 2,Bellary Road 1,6.0,8.0,4,1,1,,,1.0,0.0,1.0,0.5,3.0,0.0,0.0,0.0,0.0,0.0,0,0,1.594056009827503,1.4978911426717199,0.6985989460133125,2.0,1.0,2.0,2.0,1.0,1.0,1.3333333333333333,0.5773502691896257,1.0,1.0,0,5,2,0.20309686391959142,LOW
Central Zone 2,Non-corridor,3.0,12.0,4,11,7,0.8125199999999999,176.74,0.0,0.0,0.18181818181818182,0.9090909090909091,1.5454545454545454,0.18181818181818182,0.2727272727272727,0.0,0.0,0.0,1,0,1.6097713346603086,1.018604791309599,0.4566377249320305,1.0,2.0,1.0,1.0,1.0,1.0,1.3333333333333333,0.5000000000000016,-1.0,0.0,0,1,11,0.48806887709328967,MEDIUM
North Zone 2,Bellary Road 1,0.0,4.0,4,1,0,0.6211,36.4,1.0,0.0,1.0,0.5,2.5,0.0,0.0,0.0,0.0,0.0,0,0,0.0,0.0,0.0,0.0,0.0,0.0,0.0,0.0,0.0,0.0,0.0,0.0,0.0,0,5,2,0.0850033711574124,LOW
North Zone 2,Bellary Road 1,1.0,0.0,4,1,1,,,0.0,0.0,1.0,0.5,3.0,0.0,0.0,0.0,0.0,0.0,0,0,1.59765625,1.22265625,1.5023600000000001,1.0,3.0,2.0,1.0,2.0,2.0,1.6666666666666667,0.9574271077563381,-2.0,-1.0,0,5,2,0.0945371703575942,LOW
North Zone 2,Bellary Road 1,1.0,8.0,4,2,1,0.185,25.3,0.5,0.0,0.0,1.0,1.25,0.0,0.0,0.0,0.0,0.0,0,0,1.015625,0.453125,0.672048051948052,1.0,1.0,1.0,0.0,1.0,0.0,1.0,0.0,0.0,-1.0,0,5,2,0.28443958823398835,LOW
West Zone 1,Magadi Road,3.0,12.0,4,1,1,,,0.0,0.0,0.0,1.0,2.5,0.0,0.0,0.0,0.0,0.0,0,0,1.0625,0.296875,0.8208359578947367,1.0,1.0,2.0,0.0,1.0,0.0,1.0,0.5,0.0,-1.0,0,8,9,0.08017705542781678,LOW
West Zone 1,Magadi Road,3.0,8.0,4,2,2,,,0.0,0.0,0.0,1.0,1.25,0.0,0.0,0.0,0.0,0.0,0,0,1.2525653839111328,1.0798835754394531,1.0643050455510277,1.0,2.0,1.0,1.0,2.0,1.0,1.3333333333333333,0.5,-1.0,-1.0,0,8,9,0.049781971927798076,LOW
West Zone 1,Magadi Road,3.0,4.0,4,1,1,,,1.0,0.0,1.0,0.5,1.0,0.0,0.0,0.0,0.0,0.0,0,0,1.0019721984863281,0.11909103393554688,0.23634881961061543,1.0,1.0,1.0,0.0,0.0,1.0,1.0,0.0,0.0,0.0,0,8,9,0.29679497550060174,LOW
Central Zone 2,Mysore Road,0.0,4.0,4,1,1,,,0.0,0.0,0.0,1.0,2.5,0.0,0.0,0.0,0.0,0.0,0,0,0.0,0.0,0.0,0.0,0.0,0.0,0.0,0.0,0.0,0.0,0.0,0.0,0.0,0,1,10,0.04632207709218557,LOW
East Zone 1,ORR East 1,1.0,20.0,4,1,1,,,0.0,0.0,1.0,0.5,1.0,0.0,1.0,0.0,0.0,0.0,0,0,1.0,0.0,0.7893,1.0,0.0,0.0,0.0,0.0,0.0,1.0,0.0,0.0,0.0,0,2,12,0.1050445910348246,LOW
East Zone 1,ORR East 1,1.0,12.0,4,1,0,0.2608,21.4,0.0,0.0,0.0,1.0,2.5,0.0,0.0,0.0,0.0,0.0,0,0,1.0,1.0,0.0,1.0,1.0,0.0,1.0,1.0,0.0,1.0,0.0,0.0,0.0,0,2,12,0.12204794524188137,LOW
West Zone 1,Tumkur Road,6.0,0.0,4,1,0,0.2035,16.7,0.0,0.0,0.0,1.0,2.5,0.0,0.0,0.0,0.0,0.0,0,0,1.6279813682197077,1.3395844876657639,0.8507183157388915,1.0,2.0,3.0,1.0,2.0,3.0,2.0,0.9574271077563381,-1.0,-1.0,0,8,19,0.22509869719414768,LOW
West Zone 1,Tumkur Road,6.0,8.0,4,1,1,,,1.0,0.0,0.0,1.0,2.5,0.0,0.0,0.0,0.0,0.0,0,0,1.0236588931220822,0.49782310630780335,1.0361582737550614,1.0,1.0,1.0,0.0,1.0,1.0,1.0,0.0,0.0,-1.0,0,8,19,0.0442768800667028,LOW
Central Zone 1,Old Madras Road,1.0,8.0,4,1,1,,,1.0,0.0,1.0,0.5,3.0,0.0,0.0,0.0,0.0,0.0,0,0,1.5,0.84375,0.29963573407202215,2.0,1.0,1.0,1.0,1.0,1.0,1.3333333333333333,0.5,1.0,0.0,0,0,18,0.3830718317600668,MEDIUM
Central Zone 1,Old Madras Road,1.0,0.0,4,3,0,0.4132,78.96666666666667,0.0,0.0,0.0,1.0,1.1666666666666667,0.0,0.0,0.0,0.0,0.0,0,0,1.0,0.46875,0.42571250755287005,1.0,1.0,1.0,0.0,1.0,1.0,1.0,0.0,0.0,-1.0,0,0,18,0.1468252494549886,LOW
Central Zone 2,Non-corridor,5.0,8.0,4,2,1,0.0206,3.3,0.0,0.0,0.5,0.75,2.5,0.0,0.0,0.0,0.0,0.0,0,1,2.5264841827436992,1.961387163616659,0.14074512349079984,3.0,3.0,1.0,3.0,1.0,1.0,2.3333333333333335,1.1547005383792515,0.0,2.0,0,1,11,0.6767155364011632,HIGH
South Zone 2,Hosur Road,5.0,0.0,4,2,2,,,0.0,0.0,1.0,0.5,2.5,0.0,0.0,0.0,0.0,0.0,0,0,2.12902844560449,1.1196282656674157,0.6040716063598293,1.0,5.0,1.0,1.0,1.0,1.0,2.6666666666666665,1.8929694486000912,-4.0,0.0,0,7,7,0.18138021675362553,LOW
Central Zone 2,Mysore Road,3.0,0.0,4,1,0,0.0743,6.1,0.0,0.0,1.0,0.5,2.5,0.0,0.0,0.0,0.0,0.0,0,0,1.8067115153016857,1.5957696887348902,0.5594948641186365,2.0,2.0,1.0,2.0,2.0,0.0,1.6666666666666667,0.5773502691896257,0.0,0.0,0,1,10,0.30371882380427745,MEDIUM
Central Zone 2,Non-corridor,4.0,0.0,4,2,1,0.0975,30.0,0.0,0.0,0.0,1.0,2.0,0.0,0.0,0.0,0.0,1.0,0,1,2.096575874338643,1.1037983086111103,0.35943728500072136,1.0,3.0,3.0,0.0,3.0,2.0,2.6666666666666665,1.2583057392117876,-2.0,-3.0,0,1,11,0.7172740121448937,HIGH
Central Zone 2,Non-corridor,3.0,16.0,4,2,2,,,0.0,0.0,0.0,1.0,1.25,0.0,0.5,0.0,0.0,0.0,0,0,1.00048828125,0.95361328125,0.62344,1.0,1.0,1.0,1.0,1.0,1.0,1.0,0.0,0.0,0.0,0,1,11,0.23883241117452433,LOW
South Zone 2,IRR(Thanisandra road),0.0,0.0,4,1,0,0.0774,17.0,0.0,0.0,0.0,1.0,1.0,0.0,0.0,0.0,0.0,0.0,0,0,0.0,0.0,0.0,0.0,0.0,0.0,0.0,0.0,0.0,0.0,0.0,0.0,0.0,0,7,8,0.05897390876330878,LOW
South Zone 2,Hosur Road,6.0,4.0,4,1,0,0.1896,38.9,0.0,0.0,0.0,1.0,1.0,0.0,0.0,0.0,0.0,0.0,0,0,1.5040435791015625,0.96875,0.346198639090539,1.0,3.0,1.0,0.0,3.0,1.0,1.6666666666666667,1.0,-2.0,-3.0,0,7,7,0.10390781593330443,LOW
Central Zone 2,Mysore Road,0.0,12.0,4,1,1,,,0.0,0.0,0.0,1.0,2.5,0.0,0.0,0.0,0.0,0.0,0,0,1.0,1.0,0.0,1.0,0.0,0.0,1.0,0.0,0.0,1.0,0.0,0.0,0.0,0,1,10,0.04247051397408919,LOW
West Zone 1,Magadi Road,3.0,0.0,4,2,0,0.1562,26.75,0.0,0.0,0.5,0.75,2.0,0.0,0.0,0.0,0.0,0.0,0,0,1.75390625,1.74609375,1.4865935980984086,2.0,2.0,1.0,2.0,2.0,1.0,1.6666666666666667,0.5773502691896257,0.0,0.0,0,8,9,0.17502769858186343,LOW
West Zone 1,Magadi Road,2.0,12.0,4,1,1,2.34,1358.4,0.0,0.0,0.0,1.0,1.0,0.0,0.0,0.0,0.0,0.0,0,0,1.0,0.5,0.5618,1.0,1.0,1.0,0.0,1.0,1.0,1.0,0.0,0.0,-1.0,0,8,9,0.1078542444723525,LOW
North Zone 2,ORR North 2,2.0,8.0,4,1,1,,,0.0,0.0,0.0,1.0,1.0,0.0,0.0,0.0,0.0,0.0,0,0,2.03125,1.53125,0.24190755501665823,3.0,1.0,1.0,2.0,1.0,1.0,1.6666666666666667,1.0,2.0,1.0,0,5,15,0.2943307607752878,LOW
Central Zone 2,Non-corridor,1.0,12.0,4,4,4,,,0.0,0.0,0.5,0.75,1.375,0.0,0.25,0.25,0.0,0.0,1,0,1.568817138671875,0.4097442626953125,0.2586370318864613,1.0,3.0,2.0,0.0,1.0,2.0,1.6666666666666667,0.9574271077563381,-2.0,-1.0,0,1,11,0.6362036983921131,HIGH
Central Zone 2,Non-corridor,0.0,8.0,4,4,2,0.24375,42.699999999999996,1.0,0.0,0.5,0.75,1.5,0.25,0.5,0.0,0.0,0.0,0,0,0.0,0.0,0.0,0.0,0.0,0.0,0.0,0.0,0.0,0.0,0.0,0.0,0.0,0,1,11,0.0657252070590875,LOW
East Zone 1,ORR East 1,3.0,12.0,4,1,1,,,0.0,0.0,0.0,1.0,1.0,0.0,0.0,0.0,0.0,0.0,0,0,1.0,0.734375,0.6636864265927976,1.0,1.0,1.0,1.0,0.0,1.0,1.0,0.0,0.0,1.0,0,2,12,0.14479938863663178,LOW
East Zone 1,ORR East 1,3.0,4.0,4,1,0,0.257,25.1,1.0,0.0,0.0,1.0,1.5,0.0,1.0,0.0,0.0,0.0,0,0,1.15625,0.75,0.8601947368421053,1.0,1.0,1.0,1.0,0.0,1.0,1.3333333333333333,0.5,0.0,1.0,0,2,12,0.3232839378427145,MEDIUM
North Zone 2,Bellary Road 1,2.0,0.0,4,1,1,,,0.0,0.0,0.0,1.0,3.0,0.0,0.0,0.0,0.0,0.0,0,0,1.5960845947265625,1.5868072509765625,1.1376968421052633,2.0,1.0,2.0,2.0,1.0,2.0,1.3333333333333333,0.5773502691896257,1.0,1.0,0,5,2,0.13444381437264402,LOW
North Zone 2,Bellary Road 1,2.0,8.0,4,4,2,0.67025,98.2,0.75,0.0,0.75,0.625,0.875,0.25,0.0,0.0,0.0,0.0,0,0,2.4260292053222656,1.8817024230957031,0.5951272049107306,3.0,2.0,3.0,3.0,1.0,1.0,2.0,0.9574271077563381,1.0,2.0,0,5,2,0.10001741239545466,LOW
Central Zone 2,Non-corridor,5.0,0.0,4,1,0,0.76,125.8,0.0,0.0,0.0,1.0,1.0,1.0,0.0,0.0,0.0,0.0,0,0,3.126228700927255,1.5792087699825617,0.36468427002616627,5.0,1.0,2.0,2.0,1.0,2.0,2.3333333333333335,1.8929694486000905,4.0,1.0,0,1,11,0.63126747751384,HIGH
North Zone 2,Bellary Road 1,3.0,0.0,4,1,1,,,0.0,0.0,1.0,0.5,1.0,0.0,0.0,0.0,0.0,0.0,0,0,1.2510493267327547,0.952952491119504,0.4951525251839796,1.0,1.0,1.0,1.0,0.0,1.0,1.3333333333333333,0.5000000000000003,0.0,1.0,0,5,2,0.39622499461790117,MEDIUM
North Zone 2,Bellary Road 1,2.0,16.0,4,1,1,,,0.0,0.0,0.0,1.0,2.5,0.0,0.0,0.0,0.0,0.0,0,0,1.5,1.25,0.1082,2.0,1.0,0.0,2.0,1.0,0.0,1.3333333333333333,0.5773502691896258,1.0,1.0,0,5,2,0.32257479707551273,MEDIUM
North Zone 2,Bellary Road 1,2.0,12.0,4,1,1,,,0.0,0.0,0.0,1.0,1.0,0.0,0.0,0.0,0.0,0.0,0,0,2.03125,1.4375,0.39958207792207795,3.0,1.0,1.0,2.0,1.0,0.0,1.6666666666666667,1.0,2.0,1.0,0,5,2,0.113117930249149,LOW
West Zone 1,Magadi Road,2.0,0.0,4,1,1,,,0.0,0.0,0.0,1.0,1.0,0.0,0.0,0.0,0.0,0.0,0,0,1.25,0.75,1.4865935980984086,1.0,2.0,1.0,0.0,2.0,1.0,1.3333333333333333,0.5,-1.0,-2.0,0,8,9,0.036828099230874,LOW
North Zone 2,Bellary Road 1,4.0,8.0,4,1,0,0.5297,19.9,1.0,0.0,1.0,0.5,3.0,0.0,0.0,0.0,0.0,1.0,0,0,1.437280441881967,0.3514090705932631,0.6662541907666414,1.0,2.0,1.0,0.0,1.0,0.0,1.6666666666666667,0.5773502691896257,-1.0,-1.0,0,5,2,0.12360090164353672,LOW
Central Zone 2,Non-corridor,4.0,4.0,4,4,2,0.63005,47.95,0.0,0.0,0.25,0.875,2.875,0.75,0.0,0.0,0.0,1.0,0,0,2.1989028193368654,0.6646133822712794,0.24412522678703513,1.0,4.0,1.0,0.0,0.0,1.0,3.0,1.7320508075688772,-3.0,0.0,0,1,11,0.7183114868436348,HIGH
Central Zone 2,Mysore Road,2.0,4.0,4,3,2,0.4412,36.2,0.0,0.0,0.3333333333333333,0.8333333333333334,2.0,0.0,0.0,0.3333333333333333,0.0,0.0,0,0,2.516688823699951,0.826575756072998,0.4438252378691221,4.0,1.0,1.0,1.0,1.0,0.0,2.0,1.5,3.0,0.0,0,1,10,0.387820993102712,MEDIUM
North Zone 2,ORR North 2,6.0,12.0,4,1,1,,,0.0,0.0,1.0,0.5,1.0,0.0,0.0,0.0,0.0,0.0,0,0,1.625,0.80810546875,0.5603800935277983,2.0,1.0,1.0,1.0,1.0,0.0,1.6666666666666667,0.5773502691896257,1.0,0.0,0,5,15,0.26167095399635343,LOW
Central Zone 2,Non-corridor,0.0,12.0,4,1,1,,,0.0,0.0,1.0,0.5,1.5,0.0,0.0,0.0,0.0,0.0,0,0,1.0,0.0,0.555,1.0,0.0,0.0,0.0,0.0,0.0,1.0,0.0,0.0,0.0,0,1,11,0.13442030426585494,LOW
Central Zone 2,Mysore Road,1.0,0.0,4,1,1,,,0.0,0.0,1.0,0.5,3.0,0.0,0.0,0.0,0.0,0.0,0,0,1.94091796875,1.133056640625,0.415055713160413,2.0,2.0,1.0,1.0,1.0,1.0,2.0,0.5,0.0,0.0,0,1,10,0.1992816350475221,LOW
South Zone 2,Hosur Road,6.0,0.0,4,1,0,1.3662,112.1,0.0,0.0,0.0,1.0,1.0,1.0,0.0,0.0,0.0,0.0,0,0,1.2911416293414106,1.2374215119781908,1.3798288343749048,1.0,2.0,1.0,1.0,2.0,1.0,1.3333333333333333,0.5000000000000006,-1.0,-1.0,0,7,7,0.09119033937964893,LOW
South Zone 2,Hosur Road,5.0,12.0,4,2,2,,,0.0,0.0,0.5,0.75,2.5,0.0,0.0,0.0,0.0,0.0,0,0,1.1021881103515625,0.9936358034610748,0.528339293980264,1.0,1.0,1.0,1.0,1.0,1.0,1.0,0.0,0.0,0.0,0,7,7,0.37461235239541446,MEDIUM
Central Zone 2,Mysore Road,2.0,8.0,4,1,0,0.5948,122.0,0.0,0.0,1.0,0.5,1.0,0.0,0.0,0.0,0.0,0.0,0,0,1.0874528884887695,0.8785731792449951,0.317912231760459,1.0,1.0,2.0,1.0,1.0,1.0,1.0,0.5000000000000003,0.0,0.0,0,1,10,0.4533410200561946,MEDIUM
West Zone 2,West of Chord Road,3.0,0.0,4,1,0,0.1112,22.8,0.0,0.0,1.0,0.5,1.0,0.0,0.0,0.0,0.0,0.0,0,0,1.250732421875,0.436279296875,0.27783726936228714,1.0,2.0,1.0,0.0,1.0,0.0,1.3333333333333333,0.5,-1.0,-1.0,0,9,21,0.02249740927364618,LOW
West Zone 2,West of Chord Road,1.0,8.0,4,1,1,,,0.0,0.0,0.0,1.0,2.5,0.0,0.0,0.0,0.0,0.0,0,0,1.09375,0.5625,0.45519879437374416,1.0,1.0,2.0,0.0,1.0,2.0,1.0,0.5,0.0,-1.0,0,9,21,0.05666210731085727,LOW
Central Zone 2,Non-corridor,1.0,8.0,4,1,1,,,0.0,0.0,0.0,1.0,1.5,0.0,0.0,0.0,0.0,0.0,0,1,1.3200225830078125,0.632781982421875,0.401282772506173,1.0,1.0,4.0,1.0,0.0,2.0,1.3333333333333333,1.4142135623730951,0.0,1.0,0,1,11,0.5825342286056923,MEDIUM
North Zone 2,ORR North 2,3.0,8.0,4,2,2,,,0.0,0.0,0.5,0.75,1.0,0.0,0.0,0.0,0.0,0.0,0,0,1.0625629425048828,0.8125324249267578,0.03676981032862568,1.0,1.0,1.0,1.0,0.0,1.0,1.0,0.0,0.0,1.0,0,5,15,0.276500109194907,LOW
Central Zone 2,Non-corridor,1.0,4.0,4,3,2,0.2012,80.5,0.3333333333333333,0.0,0.3333333333333333,0.8333333333333334,1.1666666666666667,0.0,0.3333333333333333,0.0,0.0,0.0,0,0,2.350940704345703,2.2381982803344727,0.4375691059938261,2.0,4.0,2.0,2.0,4.0,1.0,2.3333333333333335,1.2583057392117916,-2.0,-2.0,0,1,11,0.678536509225793,HIGH
Central Zone 2,Non-corridor,1.0,0.0,4,9,4,0.46213999999999994,339.98,0.0,0.0,0.3333333333333333,0.8333333333333334,1.6111111111111112,0.1111111111111111,0.3333333333333333,0.0,0.0,0.0,1,0,2.8571205139160156,2.834583282470703,1.1129507751241614,4.0,1.0,2.0,4.0,1.0,2.0,2.6666666666666665,1.2909944487358054,3.0,3.0,0,1,11,0.6208234463145571,HIGH
East Zone 1,ORR East 1,6.0,0.0,5,1,0,0.2292,16.5,0.0,0.0,0.0,1.0,3.0,0.0,0.0,0.0,0.0,0.0,0,0,1.2500400936062306,0.7471065912427548,0.29222288180462114,1.0,1.0,1.0,0.0,1.0,1.0,1.6666666666666667,1.0,0.0,-1.0,0,2,12,0.39713399917939757,MEDIUM
North Zone 2,ORR North 2,1.0,8.0,5,1,1,,,0.0,0.0,0.0,1.0,1.0,0.0,0.0,0.0,0.0,0.0,0,0,1.0,1.0,1.539,1.0,0.0,0.0,1.0,0.0,0.0,1.0,0.0,0.0,0.0,0,5,15,0.03744979520530613,LOW
East Zone 1,ORR East 2,1.0,0.0,5,1,1,2.34,724.6,0.0,0.0,1.0,0.5,1.0,0.0,1.0,0.0,0.0,0.0,0,0,1.5,1.5,2.34,2.0,1.0,1.0,2.0,1.0,1.0,1.3333333333333333,0.5,1.0,1.0,0,2,13,0.054440621646742224,LOW
West Zone 2,West of Chord Road,2.0,4.0,5,2,0,0.51095,43.0,0.0,0.0,0.5,0.75,2.5,0.0,0.0,0.0,0.0,0.0,0,0,1.0,0.923828125,0.2973348051948052,1.0,1.0,1.0,1.0,1.0,0.0,1.0,0.0,0.0,0.0,0,9,21,0.13439328078509813,LOW
West Zone 2,West of Chord Road,3.0,4.0,5,1,1,,,1.0,0.0,0.0,1.0,3.0,0.0,0.0,0.0,0.0,0.0,0,0,1.140625,0.545684814453125,0.24440681311349513,1.0,1.0,1.0,0.0,1.0,0.0,1.3333333333333333,0.5,0.0,-1.0,0,9,21,0.040342609859463405,LOW
West Zone 2,West of Chord Road,6.0,0.0,5,1,1,,,0.0,0.0,0.0,1.0,2.5,0.0,0.0,0.0,0.0,0.0,0,0,1.0039072064682841,0.8895890666171908,1.1828172848839198,1.0,1.0,1.0,1.0,1.0,0.0,1.0,0.0,0.0,0.0,0,9,21,0.039219657144633026,LOW
Central Zone 2,Non-corridor,1.0,8.0,5,5,4,0.2338,38.7,0.4,0.0,0.4,0.8,1.4,0.0,0.6,0.2,0.0,0.0,1,0,1.1600112915039062,0.8163909912109375,0.401282772506173,1.0,1.0,2.0,1.0,1.0,0.0,1.0,0.5000000000000001,0.0,0.0,0,1,11,0.5573705622629849,MEDIUM
West Zone 2,West of Chord Road,0.0,8.0,5,2,2,,,0.0,0.0,1.0,0.5,2.5,0.0,0.0,0.0,0.0,0.0,0,0,1.5,1.0,0.7376,1.0,2.0,0.0,1.0,1.0,0.0,1.5,0.7071067811865476,-1.0,0.0,0,9,21,0.021927533210937985,LOW
East Zone 1,ORR East 2,2.0,0.0,5,1,1,2.34,729.7,0.0,0.0,0.0,1.0,1.0,0.0,1.0,0.0,0.0,0.0,0,0,1.066507339477539,1.0654544830322266,2.3525570880865168,1.0,1.0,2.0,1.0,1.0,2.0,1.0,0.5,0.0,0.0,0,2,13,0.055072644892818025,LOW
West Zone 2,West of Chord Road,4.0,8.0,5,2,2,,,0.0,0.0,0.0,1.0,2.5,0.0,0.0,0.0,0.0,0.0,0,0,1.11346435546875,0.8155517578125,1.3568116291996508,1.0,1.0,2.0,1.0,0.0,2.0,1.0,0.5,0.0,1.0,0,9,21,0.0331632634606512,LOW
Central Zone 2,Non-corridor,1.0,4.0,5,2,0,0.2551,17.65,0.5,0.0,0.5,0.75,3.0,0.5,0.5,0.0,0.0,0.0,0,0,2.6754703521728516,2.1190991401672363,0.25904259089274895,3.0,2.0,1.0,2.0,2.0,1.0,3.0,1.2909944487358056,1.0,0.0,0,1,11,0.7143010818692955,HIGH
North Zone 2,ORR North 2,5.0,4.0,5,1,1,,,0.0,0.0,0.0,1.0,2.5,0.0,0.0,0.0,0.0,0.0,0,0,1.008087158203125,0.6937713623046875,0.175580639360932,1.0,1.0,1.0,1.0,0.0,0.0,1.0,0.0,0.0,1.0,0,5,15,0.3624296100192207,MEDIUM
West Zone 1,Magadi Road,6.0,4.0,5,2,1,0.8812,72.3,0.0,0.0,0.0,1.0,2.5,0.0,0.0,0.0,0.0,0.0,0,0,1.7812519259750843,0.2999209873378277,0.8842355586491728,1.0,4.0,1.0,0.0,1.0,0.0,2.0,1.5000000000000002,-3.0,-1.0,0,8,9,0.32349135494724907,MEDIUM
North Zone 2,Bellary Road 1,0.0,0.0,5,2,2,,,0.0,0.0,0.5,0.75,1.5,0.0,0.0,0.0,0.0,0.0,0,0,1.0,1.0,0.0,1.0,0.0,0.0,1.0,0.0,0.0,1.0,0.0,0.0,0.0,0,5,2,0.06315262924990797,LOW
East Zone 1,ORR East 1,4.0,4.0,5,1,0,0.2211,19.1,0.0,0.0,0.0,1.0,2.5,0.0,1.0,0.0,0.0,0.0,0,0,1.009765625,0.421875,1.3634941390873303,1.0,1.0,1.0,0.0,1.0,0.0,1.0,0.0,0.0,-1.0,0,2,12,0.10903146011222062,LOW
East Zone 1,ORR East 2,3.0,0.0,5,1,1,2.34,720.7,0.0,0.0,1.0,0.5,1.0,0.0,1.0,0.0,0.0,0.0,0,0,1.000549823816982,1.000488780628075,2.3390468140924296,1.0,1.0,1.0,1.0,1.0,1.0,1.0,0.0,0.0,0.0,0,2,13,0.04010397711666996,LOW
North Zone 2,Bellary Road 1,1.0,8.0,5,1,1,,,0.0,0.0,1.0,0.5,2.5,0.0,0.0,0.0,0.0,0.0,0,0,1.5078125,0.7265625,0.4772288311688312,2.0,1.0,1.0,1.0,0.0,1.0,1.3333333333333333,0.5,1.0,1.0,0,5,2,0.3185228146369865,MEDIUM
North Zone 2,Bellary Road 1,1.0,4.0,5,1,1,1.6278,95.4,1.0,0.0,0.0,1.0,2.5,0.0,0.0,0.0,0.0,0.0,0,0,1.0,0.9375,0.49942,1.0,1.0,1.0,1.0,1.0,1.0,1.0,0.0,0.0,0.0,0,5,2,0.14829068695211456,LOW
Central Zone 2,Non-corridor,5.0,0.0,5,4,2,0.06745,18.2,0.0,0.0,0.5,0.75,1.25,0.0,0.75,0.0,0.0,0.0,0,0,2.0631143504636276,0.7896043849912808,0.5228105620156998,1.0,5.0,1.0,0.0,2.0,1.0,2.3333333333333335,1.9999999999999991,-4.0,-2.0,0,1,11,0.6889205431171701,HIGH
Central Zone 2,Non-corridor,4.0,16.0,5,1,0,0.0624,25.4,0.0,0.0,1.0,0.5,1.0,0.0,0.0,0.0,0.0,0.0,0,1,4.570316314697266,4.507450103759766,2.3863556027851476,7.0,3.0,2.0,7.0,3.0,1.0,3.6666666666666665,2.6299556396765835,4.0,4.0,0,1,11,0.7183114868436348,HIGH
North Zone 2,ORR North 2,6.0,4.0,5,1,1,,,0.0,0.0,0.0,1.0,1.5,0.0,0.0,0.0,0.0,0.0,0,0,1.5010108947753906,0.7117214202880859,0.36949670594346884,2.0,1.0,1.0,1.0,0.0,1.0,1.3333333333333333,0.5,1.0,1.0,0,5,15,0.2981390788324034,LOW
Central Zone 1,Old Madras Road,0.0,4.0,5,2,1,0.0184,2.7,1.0,0.0,0.0,1.0,1.0,0.0,0.0,0.0,0.0,0.0,0,0,0.0,0.0,0.0,0.0,0.0,0.0,0.0,0.0,0.0,0.0,0.0,0.0,0.0,0,0,18,0.0265278867887217,LOW
West Zone 1,Tumkur Road,5.0,0.0,5,1,1,,,0.0,0.0,1.0,0.5,3.0,0.0,0.0,0.0,0.0,0.0,0,0,1.3816151321225874,0.46681442121776745,0.6443966910534906,1.0,2.0,1.0,0.0,1.0,1.0,1.6666666666666667,0.5773502691896257,-1.0,-1.0,0,8,19,0.061619104717590925,LOW
West Zone 1,Tumkur Road,4.0,16.0,5,1,1,,,1.0,0.0,0.0,1.0,3.0,0.0,0.0,0.0,0.0,0.0,0,0,1.0,0.5390625,0.6857538623999999,1.0,1.0,1.0,1.0,0.0,0.0,1.0,0.0,0.0,1.0,0,8,19,0.17445435941688317,LOW
Central Zone 1,Old Madras Road,3.0,0.0,5,1,1,,,0.0,0.0,1.0,0.5,2.5,0.0,0.0,0.0,0.0,0.0,0,0,1.5877685546875,1.5641155242919922,0.15372210388032795,2.0,1.0,2.0,2.0,1.0,2.0,1.3333333333333333,0.5773502691896258,1.0,1.0,0,0,18,0.5039875694469074,MEDIUM
West Zone 1,Tumkur Road,5.0,8.0,5,3,3,1.6124,132.3,0.0,0.0,0.0,1.0,2.5,0.0,0.0,0.0,0.0,0.0,1,0,1.0566766392530589,0.4427152147976541,0.32216495039450654,1.0,1.0,1.0,0.0,1.0,1.0,1.0,0.0,0.0,-1.0,0,8,19,0.1223669897096618,LOW
Central Zone 2,Non-corridor,2.0,0.0,5,5,3,0.11,48.849999999999994,0.0,0.0,0.2,0.9,1.7,0.4,0.6,0.0,0.0,0.0,1,0,4.943351473084476,1.7950493518510484,0.30468092903644856,8.0,2.0,2.0,2.0,2.0,2.0,3.6666666666666665,3.2015621187164225,6.0,0.0,0,1,11,0.7143010818692955,HIGH
West Zone 1,Magadi Road,2.0,8.0,5,1,1,,,0.0,0.0,1.0,0.5,3.0,0.0,0.0,0.0,0.0,0.0,0,0,1.328369140625,1.22509765625,0.37105497529085874,1.0,2.0,2.0,1.0,2.0,1.0,1.3333333333333333,0.5773502691896257,-1.0,-1.0,0,8,9,0.06994178293587588,LOW
West Zone 1,Magadi Road,2.0,4.0,5,2,2,,,0.0,0.0,0.5,0.75,1.25,0.0,0.0,0.0,0.0,0.0,0,0,1.009765625,0.974609375,0.49267875324675325,1.0,1.0,1.0,1.0,1.0,1.0,1.0,0.0,0.0,0.0,0,8,9,0.39376511428245164,MEDIUM
Central Zone 2,Mysore Road,0.0,12.0,5,1,0,0.7739,63.5,0.0,0.0,1.0,0.5,2.5,0.0,0.0,0.0,0.0,0.0,0,0,1.0,1.0,0.0,1.0,1.0,0.0,1.0,1.0,0.0,1.0,0.0,0.0,0.0,0,1,10,0.06183125136187618,LOW
North Zone 1,ORR North 1,6.0,4.0,5,1,1,,,1.0,0.0,0.0,1.0,1.5,0.0,1.0,0.0,0.0,0.0,0,0,1.5645144033478573,1.3963441560044885,0.9254552904115813,2.0,1.0,2.0,2.0,1.0,2.0,1.3333333333333333,0.5773502691896257,1.0,1.0,0,4,14,0.14274194128387968,LOW
West Zone 1,Magadi Road,3.0,12.0,5,1,1,,,0.0,0.0,0.0,1.0,3.0,0.0,0.0,0.0,0.0,0.0,0,0,1.03125,0.6484375,0.8208359578947367,1.0,1.0,1.0,1.0,0.0,0.0,1.0,0.0,0.0,1.0,0,8,9,0.11774448975387002,LOW
Central Zone 2,Mysore Road,0.0,4.0,5,2,0,0.19195,15.75,0.0,0.0,1.0,0.5,2.5,0.0,0.0,0.0,0.0,0.0,0,0,1.0,1.0,0.0,1.0,0.0,0.0,1.0,0.0,0.0,1.0,0.0,0.0,0.0,0,1,10,0.05731245889958772,LOW
West Zone 1,Magadi Road,4.0,4.0,5,1,1,,,0.0,0.0,1.0,0.5,1.0,0.0,0.0,0.0,0.0,0.0,0,0,1.0001232624053955,0.19494318962097168,0.44370975165833726,1.0,1.0,1.0,0.0,0.0,1.0,1.0,0.0,0.0,0.0,0,8,9,0.18960761951928456,LOW
West Zone 1,Magadi Road,5.0,8.0,5,2,2,,,0.5,0.0,0.5,0.75,3.0,0.0,0.0,0.0,0.0,0.0,0,0,1.0653384479228407,0.9972021342255175,1.471334187235053,1.0,1.0,2.0,1.0,1.0,1.0,1.0,0.5,0.0,0.0,0,8,9,0.06302636441269562,LOW
Central Zone 2,Non-corridor,0.0,8.0,5,1,0,0.2352,28.8,1.0,0.0,0.0,1.0,2.5,0.0,0.0,0.0,0.0,0.0,0,0,4.0,2.0,0.24375,4.0,0.0,0.0,2.0,0.0,0.0,4.0,0.0,0.0,0.0,0,1,11,0.6869077738361095,HIGH
Central Zone 2,Non-corridor,0.0,4.0,5,3,3,,,0.6666666666666666,0.0,0.6666666666666666,0.6666666666666666,1.0,0.0,0.6666666666666666,0.0,0.0,0.0,1,0,2.0,1.25,0.5040684210526316,2.0,1.0,0.0,1.0,1.0,0.0,2.0,1.0,1.0,0.0,0,1,11,0.5743553742576704,MEDIUM
South Zone 1,ORR West 1,1.0,8.0,5,1,1,,,0.0,0.0,0.0,1.0,1.0,0.0,0.0,0.0,0.0,0.0,0,0,1.0,1.0,0.0,1.0,0.0,0.0,1.0,0.0,0.0,1.0,0.0,0.0,0.0,0,6,16,0.07332023811693661,LOW
South Zone 1,ORR West 1,1.0,0.0,5,1,0,0.0215,4.4,0.0,0.0,1.0,0.5,1.0,0.0,0.0,0.0,0.0,0.0,0,0,1.0,0.5,1.0405,1.0,1.0,0.0,0.0,1.0,0.0,1.0,0.0,0.0,-1.0,0,6,16,0.035482905034704,LOW
Central Zone 2,Non-corridor,0.0,0.0,5,2,2,,,0.0,0.0,0.0,1.0,3.0,0.0,0.5,0.0,0.0,0.0,0,1,2.5,2.5,0.0,2.0,3.0,0.0,2.0,3.0,0.0,2.5,0.7071067811865476,-1.0,-1.0,0,1,11,0.6804268670583595,HIGH
East Zone 1,ORR East 1,1.0,16.0,5,1,1,,,1.0,0.0,0.0,1.0,1.0,0.0,1.0,0.0,0.0,0.0,0,0,1.0,1.0,0.0,1.0,0.0,0.0,1.0,0.0,0.0,1.0,0.0,0.0,0.0,0,2,12,0.11306741829515427,LOW
East Zone 1,ORR East 1,1.0,8.0,5,1,0,0.2023,10.4,1.0,0.0,0.0,1.0,3.0,0.0,0.0,0.0,0.0,0.0,0,0,1.0,1.0,1.6507,1.0,0.0,0.0,1.0,0.0,0.0,1.0,0.0,0.0,0.0,0,2,12,0.07375211418710362,LOW
East Zone 1,ORR East 1,1.0,4.0,5,1,1,,,0.0,0.0,0.0,1.0,1.0,0.0,1.0,0.0,0.0,0.0,0,0,0.0,0.0,0.0,0.0,0.0,0.0,0.0,0.0,0.0,0.0,0.0,0.0,0.0,0,2,12,0.05702005593725174,LOW
South Zone 1,ORR West 1,3.0,0.0,5,1,1,,,0.0,0.0,0.0,1.0,1.0,0.0,0.0,0.0,0.0,0.0,0,0,1.1953125,0.666015625,0.7699891452631579,1.0,1.0,2.0,1.0,0.0,2.0,1.3333333333333333,0.5773502691896257,0.0,1.0,0,6,16,0.1777286184043451,LOW
West Zone 1,Magadi Road,3.0,0.0,5,1,0,1.298,106.5,0.0,0.0,1.0,0.5,2.5,0.0,0.0,0.0,0.0,0.0,0,0,1.876953125,0.873046875,0.24321650264800126,2.0,2.0,1.0,0.0,2.0,1.0,2.0,0.5,0.0,-2.0,0,8,9,0.09965115190117084,LOW
East Zone 1,ORR East 1,4.0,8.0,5,1,0,0.1657,13.6,0.0,0.0,0.0,1.0,2.5,0.0,1.0,0.0,0.0,0.0,0,0,1.002716064453125,0.42595672607421875,0.48494550024455907,1.0,1.0,1.0,0.0,1.0,0.0,1.0,0.0,0.0,-1.0,0,2,12,0.30187816700166176,MEDIUM
North Zone 2,Bellary Road 1,3.0,8.0,5,2,1,0.2416,23.6,1.0,0.0,0.0,1.0,1.5,0.0,0.0,0.0,0.0,0.0,0,0,1.5503449742682278,0.6857765750028193,0.6326528146987128,2.0,1.0,1.0,1.0,0.0,0.0,1.3333333333333333,0.5,1.0,1.0,0,5,2,0.5264769783754413,MEDIUM
West Zone 1,Magadi Road,1.0,0.0,5,1,1,,,0.0,0.0,0.0,1.0,2.5,0.0,0.0,0.0,0.0,0.0,0,0,1.0,1.0,1.5707,1.0,1.0,1.0,1.0,1.0,1.0,1.0,0.0,0.0,0.0,0,8,9,0.045682467135715596,LOW
North Zone 2,Bellary Road 1,2.0,0.0,5,1,0,0.3378,69.3,0.0,0.0,0.0,1.0,1.0,0.0,0.0,0.0,0.0,0.0,0,0,1.2980422973632812,1.2934036254882812,1.1376968421052633,1.0,2.0,1.0,1.0,2.0,1.0,1.3333333333333333,0.5,-1.0,-1.0,0,5,2,0.1765113810755158,LOW
North Zone 2,Bellary Road 1,2.0,8.0,5,1,1,,,1.0,0.0,0.0,1.0,3.0,0.0,0.0,0.0,0.0,0.0,0,0,3.213014602661133,1.9408512115478516,0.6346655181156092,4.0,3.0,1.0,2.0,3.0,0.0,3.0,1.2909944487358056,1.0,-1.0,0,5,2,0.14942562411919635,LOW
Central Zone 2,Non-corridor,4.0,4.0,5,2,1,0.2687,43.0,0.0,0.0,0.5,0.75,2.0,0.5,0.5,0.0,0.0,0.0,0,1,3.0994514096684327,1.3323066911356398,0.3984951360722211,4.0,1.0,4.0,2.0,0.0,4.0,3.0,1.5,3.0,2.0,0,1,11,0.718159128334034,HIGH
Central Zone 2,Mysore Road,2.0,4.0,5,1,1,,,1.0,0.0,1.0,0.5,2.5,0.0,0.0,0.0,0.0,0.0,0,0,2.7583444118499756,1.413287878036499,0.4427751427214732,3.0,4.0,1.0,2.0,1.0,0.0,2.6666666666666665,1.5,-1.0,1.0,0,1,10,0.26769162852703315,LOW
South Zone 1,ORR West 1,2.0,8.0,5,1,0,0.6358,141.0,0.0,0.0,0.0,1.0,1.0,0.0,0.0,0.0,0.0,0.0,0,0,1.0,1.0,0.0,1.0,1.0,0.0,1.0,1.0,0.0,1.0,0.0,0.0,0.0,0,6,16,0.03701336202368121,LOW
East Zone 1,ORR East 1,2.0,8.0,5,1,1,,,1.0,0.0,0.0,1.0,2.5,0.0,1.0,0.0,0.0,0.0,0,0,1.25,0.4375,0.8207766315789473,1.0,2.0,1.0,0.0,1.0,0.0,1.3333333333333333,0.5,-1.0,-1.0,0,2,12,0.06581936109693617,LOW
East Zone 1,ORR East 1,2.0,4.0,5,2,1,0.0486,10.5,0.0,0.0,0.0,1.0,1.75,0.5,1.0,0.0,0.0,0.0,0,0,1.0,1.0,0.0,1.0,1.0,1.0,1.0,1.0,1.0,1.0,0.0,0.0,0.0,0,2,12,0.045123375888036575,LOW
Central Zone 2,Non-corridor,6.0,20.0,5,2,2,,,0.0,0.0,0.0,1.0,3.0,0.0,0.0,0.0,0.0,0.0,0,0,1.3851356506347656,1.322082370519638,0.5715102380993584,1.0,2.0,1.0,1.0,2.0,0.0,1.6666666666666667,0.5773502691896257,-1.0,-1.0,0,1,11,0.25454779845251085,LOW
Central Zone 2,Non-corridor,6.0,16.0,5,2,2,,,1.0,0.0,0.5,0.75,2.75,0.0,0.5,0.0,0.0,0.0,0,0,1.3492169382516295,1.157623745733872,0.7592855185403526,1.0,2.0,2.0,1.0,2.0,1.0,1.3333333333333333,0.5773502691896257,-1.0,-1.0,0,1,11,0.23002941470508612,LOW
Central Zone 2,Non-corridor,6.0,8.0,5,6,3,0.24946666666666664,37.53333333333334,0.5,0.0,0.3333333333333333,0.8333333333333334,1.4166666666666667,0.0,0.3333333333333333,0.0,0.0,0.0,1,1,2.0031609787790137,1.0887498487350116,0.16690300743425454,2.0,2.0,1.0,1.0,1.0,1.0,2.0,0.4999999999999998,0.0,0.0,0,1,11,0.688180839804309,HIGH
East Zone 1,ORR East 1,2.0,0.0,5,2,1,0.5919,55.5,0.0,0.0,0.5,0.75,2.5,0.0,1.0,0.0,0.0,0.0,0,0,1.455078125,1.02734375,0.6184760791578948,1.0,1.0,3.0,1.0,0.0,3.0,1.6666666666666667,1.1547005383792515,0.0,1.0,0,2,12,0.3389832044497403,MEDIUM
Central Zone 2,Mysore Road,2.0,0.0,5,1,1,,,0.0,0.0,1.0,0.5,1.5,0.0,0.0,0.0,0.0,0.0,0,0,2.2917336225509644,1.7246418595314026,0.6699487325174707,3.0,2.0,1.0,2.0,2.0,0.0,2.0,0.9574271077563381,1.0,0.0,0,1,10,0.19052078473244174,LOW
North Zone 2,Bellary Road 1,3.0,4.0,5,1,0,1.4725,86.3,1.0,0.0,1.0,0.5,2.5,0.0,0.0,0.0,0.0,0.0,0,0,1.187744140625,0.9975509643554688,0.12406349170418511,1.0,1.0,4.0,1.0,1.0,3.0,1.0,1.5,0.0,0.0,0,5,2,0.3890710062420257,MEDIUM
North Zone 1,ORR North 1,3.0,8.0,5,1,0,0.3181,18.8,1.0,0.0,0.0,1.0,2.5,0.0,0.0,0.0,0.0,0.0,0,0,1.056884765625,1.008056640625,0.7419729154078549,1.0,1.0,1.0,1.0,1.0,1.0,1.0,0.0,0.0,0.0,0,4,14,0.3743354042161615,MEDIUM
North Zone 1,ORR North 1,4.0,4.0,5,1,1,,,0.0,0.0,0.0,1.0,1.0,0.0,1.0,0.0,0.0,0.0,0,0,1.0627490282058716,0.8564157485961914,0.9999744877107957,1.0,1.0,2.0,1.0,1.0,1.0,1.0,0.5,0.0,0.0,0,4,14,0.07151925668031818,LOW
Central Zone 2,Non-corridor,5.0,4.0,5,1,1,,,0.0,0.0,0.0,1.0,2.5,0.0,0.0,0.0,0.0,0.0,0,1,2.6641390560749554,1.0672264891401986,0.3021795766008776,2.0,5.0,3.0,0.0,3.0,2.0,2.6666666666666665,1.707825127659933,-3.0,-3.0,0,1,11,0.7172740121448937,HIGH
North Zone 1,ORR North 1,5.0,8.0,5,1,1,,,0.0,0.0,0.0,1.0,2.5,0.0,0.0,0.0,0.0,0.0,0,0,1.3848211765289307,1.3525469303131104,2.264729008084527,1.0,1.0,2.0,1.0,1.0,2.0,1.3333333333333333,0.5773502691896272,0.0,0.0,0,4,14,0.10619942104324825,LOW
North Zone 2,Bellary Road 1,3.0,0.0,5,1,1,,,0.0,0.0,0.0,1.0,1.5,0.0,0.0,0.0,0.0,0.0,0,0,1.1255246633663774,0.976476245559752,0.4951525251839796,1.0,1.0,2.0,1.0,1.0,2.0,1.0,0.5000000000000003,0.0,0.0,0,5,2,0.47064685529219824,MEDIUM
Central Zone 2,Mysore Road,0.0,0.0,5,1,1,,,0.0,0.0,0.0,1.0,1.0,0.0,0.0,0.0,0.0,0.0,0,0,0.0,0.0,0.0,0.0,0.0,0.0,0.0,0.0,0.0,0.0,0.0,0.0,0.0,0,1,10,0.04632207709218557,LOW
Central Zone 2,Non-corridor,2.0,4.0,5,6,4,0.25035,54.7,0.16666666666666666,0.0,0.0,1.0,1.5833333333333333,0.0,0.16666666666666666,0.0,0.0,0.0,1,0,3.072270083875992,2.712728613948002,0.21540890132020582,5.0,1.0,1.0,5.0,0.0,0.0,2.3333333333333335,2.0,4.0,5.0,0,1,11,0.6007187007176111,HIGH
North Zone 2,Bellary Road 2,5.0,0.0,5,1,1,,,0.0,0.0,0.0,1.0,1.5,0.0,0.0,0.0,0.0,0.0,0,0,2.8987622941031077,1.882022860937468,0.4837368957671336,4.0,2.0,3.0,2.0,2.0,3.0,2.3333333333333335,1.2909944487358056,2.0,0.0,0,5,3,0.1997928800145177,LOW
North Zone 2,Bellary Road 2,5.0,12.0,5,2,2,,,0.0,0.0,0.0,1.0,1.25,0.0,1.0,0.0,0.0,0.0,0,1,1.0235788822174072,0.9494132995605469,0.3369101238939324,1.0,1.0,1.0,1.0,1.0,0.0,1.0,0.0,0.0,0.0,0,5,3,0.42581083513605056,MEDIUM
North Zone 2,Bellary Road 2,5.0,8.0,5,1,1,,,1.0,0.0,0.0,1.0,1.0,0.0,0.0,0.0,0.0,0.0,0,0,1.0498145004967228,0.8599784193502273,1.1820449786202356,1.0,1.0,1.0,1.0,1.0,0.0,1.0,0.0,0.0,0.0,0,5,3,0.10383529325800357,LOW
East Zone 1,ORR East 1,1.0,0.0,5,1,0,0.2099,29.7,0.0,0.0,1.0,0.5,1.5,0.0,1.0,0.0,0.0,0.0,0,0,1.5,1.0,0.152,2.0,1.0,0.0,1.0,1.0,0.0,1.3333333333333333,0.5773502691896258,1.0,0.0,0,2,12,0.2182266870539439,LOW
East Zone 1,ORR East 1,0.0,12.0,5,1,1,,,0.0,0.0,1.0,0.5,2.5,1.0,0.0,0.0,0.0,0.0,0,0,0.0,0.0,0.0,0.0,0.0,0.0,0.0,0.0,0.0,0.0,0.0,0.0,0.0,0,2,12,0.0743038083644699,LOW
Central Zone 2,Non-corridor,4.0,0.0,5,3,3,,,0.0,0.0,0.0,1.0,2.1666666666666665,0.3333333333333333,0.3333333333333333,0.0,0.0,0.0,1,1,2.0482879371693214,1.0518991543055551,0.2546623710004328,2.0,1.0,4.0,1.0,0.0,1.0,2.0,1.2909944487358016,1.0,1.0,0,1,11,0.7033002071470335,HIGH
Central Zone 2,Mysore Road,3.0,0.0,5,1,1,,,0.0,0.0,0.0,1.0,3.0,0.0,0.0,0.0,0.0,0.0,0,0,1.4033557576508429,0.7978848443674451,0.2444332640415998,1.0,2.0,1.0,0.0,2.0,0.0,1.6666666666666667,0.5773502691896257,-1.0,-2.0,0,1,10,0.3126586170680233,MEDIUM
South Zone 2,Hosur Road,5.0,12.0,5,1,0,1.1761,96.5,0.0,0.0,0.0,1.0,2.5,0.0,0.0,0.0,0.0,0.0,0,0,1.5510940551757812,1.4968179017305374,0.528339293980264,2.0,1.0,1.0,2.0,1.0,1.0,1.3333333333333333,0.5,1.0,1.0,0,7,7,0.49327598954448976,MEDIUM
South Zone 2,Hosur Road,5.0,8.0,5,1,0,0.2054,31.5,0.0,0.0,0.0,1.0,1.5,0.0,0.0,0.0,0.0,0.0,0,0,1.0068538188934326,0.6247082948684692,0.8837703831151056,1.0,1.0,1.0,1.0,0.0,1.0,1.0,0.0,0.0,1.0,0,7,7,0.16474708648538083,LOW
Central Zone 2,Mysore Road,2.0,12.0,5,1,0,0.7488,102.4,0.0,0.0,0.0,1.0,1.5,0.0,0.0,0.0,0.0,0.0,0,0,1.4375,0.9873046875,2.3014084299744577,1.0,1.0,4.0,1.0,1.0,1.0,1.6666666666666667,1.5,0.0,0.0,0,1,10,0.23506937918101997,LOW
Central Zone 2,Mysore Road,2.0,8.0,5,3,1,0.8101,50.25,0.6666666666666666,0.0,0.0,1.0,2.1666666666666665,0.0,0.0,0.0,0.0,0.0,0,0,1.0437264442443848,0.43928658962249756,0.4977094838640571,1.0,1.0,1.0,0.0,1.0,0.0,1.0,0.0,0.0,-1.0,0,1,10,0.1687336001335883,LOW
South Zone 2,IRR(Thanisandra road),2.0,0.0,5,1,1,,,0.0,0.0,1.0,0.5,1.0,0.0,0.0,0.0,0.0,0.0,0,0,1.0,0.4375,0.8521734138972809,1.0,1.0,1.0,0.0,1.0,1.0,1.0,0.0,0.0,-1.0,0,7,8,0.1151069493990969,LOW
Central Zone 2,Non-corridor,4.0,8.0,5,3,2,0.8897,597.1999999999999,0.6666666666666666,0.0,0.3333333333333333,0.8333333333333334,1.1666666666666667,0.0,0.6666666666666666,0.0,0.0,0.0,0,0,2.3392023285406105,1.753238250952826,0.4621665476646445,2.0,2.0,1.0,2.0,1.0,1.0,2.6666666666666665,1.2583057392117918,0.0,1.0,0,1,11,0.6723100460587057,HIGH
North Zone 2,Bellary Road 1,4.0,8.0,5,1,1,,,0.0,0.0,0.0,1.0,1.0,0.0,0.0,0.0,0.0,0.0,0,0,1.2186402209409835,0.17570453529663155,0.6116325144599848,1.0,1.0,2.0,0.0,0.0,0.0,1.3333333333333333,0.5773502691896257,0.0,0.0,0,5,2,0.2470619826215573,LOW
East Zone 1,ORR East 2,4.0,0.0,5,1,1,2.34,746.7,0.0,0.0,0.0,1.0,1.0,0.0,1.0,0.0,0.0,0.0,0,0,1.0003051925605413,1.000061050072651,2.346476374175303,1.0,1.0,1.0,1.0,1.0,1.0,1.0,0.0,0.0,0.0,0,2,13,0.03269159004331568,LOW
East Zone 1,ORR East 1,3.0,4.0,5,1,1,,,0.0,0.0,1.0,0.5,1.5,0.0,0.0,0.0,0.0,0.0,0,0,1.078125,0.375,0.5427238227146814,1.0,1.0,2.0,0.0,1.0,1.0,1.0,0.5,0.0,-1.0,0,2,12,0.16674153367207123,LOW
North Zone 2,Bellary Road 2,4.0,12.0,5,1,1,,,0.0,0.0,0.0,1.0,1.0,0.0,1.0,0.0,0.0,0.0,0,0,1.7545242309570312,1.3812255859375,0.4468179136900201,2.0,1.0,2.0,2.0,1.0,1.0,1.6666666666666667,0.5,1.0,1.0,0,5,3,0.3263364762473346,MEDIUM
Central Zone 1,Old Madras Road,3.0,12.0,5,1,1,,,0.0,0.0,0.0,1.0,3.0,0.0,0.0,0.0,0.0,0.0,0,0,1.041015625,0.47265625,0.20061432651940206,1.0,1.0,1.0,0.0,1.0,0.0,1.0,0.0,0.0,-1.0,0,0,18,0.14395083559070154,LOW
West Zone 1,Tumkur Road,3.0,8.0,5,1,1,,,1.0,0.0,0.0,1.0,1.5,0.0,0.0,0.0,0.0,0.0,0,0,2.0547256618738174,1.1962866596877575,0.5853621040939269,3.0,1.0,1.0,2.0,0.0,0.0,1.6666666666666667,1.0,2.0,2.0,0,8,19,0.2301005259540441,LOW
West Zone 1,Tumkur Road,3.0,4.0,5,1,0,0.8835,86.3,1.0,0.0,1.0,0.5,1.5,0.0,0.0,0.0,0.0,0.0,0,0,1.127079845406115,0.6705626118928194,0.9711756139621036,1.0,1.0,1.0,1.0,0.0,0.0,1.3333333333333333,0.5,0.0,1.0,0,8,19,0.17720816196020872,LOW
West Zone 1,Tumkur Road,4.0,0.0,5,2,0,0.2976,27.75,0.0,0.0,0.0,1.0,2.0,0.0,0.0,0.0,0.0,0.0,0,0,1.5292987858811102,1.149908927607612,0.46417071196749626,2.0,1.0,1.0,2.0,0.0,1.0,1.3333333333333333,0.5,1.0,2.0,0,8,19,0.37158740732854595,MEDIUM
Central Zone 2,Non-corridor,2.0,8.0,5,2,1,0.3836,83.5,1.0,0.0,0.5,0.75,2.0,0.0,0.5,0.0,0.0,0.0,0,0,3.7740193176323373,3.0721887666659313,0.395925133782647,6.0,1.0,2.0,5.0,1.0,1.0,2.6666666666666665,2.380476142847616,5.0,4.0,0,1,11,0.5689632098294541,MEDIUM
North Zone 2,Bellary Road 2,6.0,4.0,5,1,1,,,1.0,0.0,0.0,1.0,1.0,0.0,1.0,0.0,0.0,0.0,0,0,1.4220238041600624,1.0409114068463623,1.118788614889093,1.0,2.0,1.0,1.0,1.0,1.0,1.6666666666666667,0.5773502691896258,-1.0,0.0,0,5,3,0.053093109861220435,LOW
South Zone 1,ORR West 1,5.0,4.0,5,1,0,0.0985,20.2,0.0,0.0,0.0,1.0,1.0,0.0,0.0,0.0,0.0,0.0,0,0,1.03125,0.2421875,0.1853069994940125,1.0,1.0,1.0,0.0,0.0,1.0,1.0,0.0,0.0,0.0,0,6,16,0.1381636792947695,LOW
East Zone 1,ORR East 2,5.0,0.0,5,1,1,2.34,685.3,0.0,0.0,0.0,1.0,1.0,0.0,1.0,0.0,0.0,0.0,0,0,1.003906254656869,1.0029296884315502,2.352591145330707,1.0,1.0,1.0,1.0,1.0,1.0,1.0,0.0,0.0,0.0,0,2,13,0.03565633019541327,LOW
North Zone 2,Bellary Road 1,5.0,0.0,5,1,1,,,0.0,0.0,1.0,0.5,2.5,1.0,0.0,0.0,0.0,0.0,0,0,1.524475337075545,1.0065497903370773,0.4708761022310901,1.0,1.0,1.0,0.0,1.0,1.0,2.3333333333333335,2.0,0.0,-1.0,0,5,2,0.2721679572325113,LOW
North Zone 2,Bellary Road 1,4.0,20.0,5,1,1,,,0.0,0.0,0.0,1.0,1.5,0.0,0.0,0.0,0.0,0.0,0,0,1.0,0.75,0.4753,1.0,1.0,0.0,1.0,1.0,0.0,1.0,0.0,0.0,0.0,0,5,2,0.2092615395635012,LOW
North Zone 2,Bellary Road 1,4.0,12.0,5,2,2,,,0.0,0.0,1.0,0.5,1.75,0.5,0.0,0.0,0.0,0.0,0,0,1.4464149475097656,1.3916549682617188,0.6245360238381177,1.0,2.0,2.0,1.0,2.0,2.0,1.3333333333333333,0.5773502691896261,-1.0,-1.0,0,5,2,0.09892340376823364,LOW
Central Zone 2,Non-corridor,6.0,0.0,5,2,1,0.4816,83.3,0.0,0.0,0.0,1.0,2.75,0.0,0.0,0.0,0.0,0.0,0,1,3.239077598149467,1.6277488658925938,0.1847356175667639,4.0,3.0,2.0,2.0,1.0,1.0,3.0,0.957427107756338,1.0,1.0,0,1,11,0.7183114868436348,HIGH
Central Zone 2,Non-corridor,5.0,8.0,5,3,3,,,0.3333333333333333,0.0,0.6666666666666666,0.6666666666666666,1.0,0.0,1.0,0.0,0.0,0.0,1,1,2.2632420913718496,1.4806935818083296,0.07751084796932625,2.0,3.0,1.0,1.0,3.0,1.0,2.6666666666666665,0.9574271077563381,-1.0,-2.0,0,1,11,0.7120128971939922,HIGH
North Zone 2,Bellary Road 1,5.0,4.0,5,2,2,1.7258,141.6,0.0,0.0,0.0,1.0,2.5,0.0,0.0,0.0,0.0,0.0,0,0,1.5020148763433099,1.0936393644369673,0.25988170567900315,2.0,1.0,1.0,2.0,0.0,1.0,1.3333333333333333,0.5,1.0,2.0,0,5,2,0.1902724129948518,LOW
Central Zone 2,Non-corridor,4.0,12.0,5,6,4,0.19845000000000002,47.949999999999996,0.0,0.0,0.6666666666666666,0.6666666666666666,1.9166666666666667,0.0,0.3333333333333333,0.0,0.0,0.0,1,0,3.7876786023813986,2.7754975784667306,1.4288971721685808,6.0,1.0,2.0,4.0,1.0,2.0,3.0,2.217355782608345,5.0,3.0,0,1,11,0.7143010818692955,HIGH
South Zone 1,ORR West 1,6.0,8.0,5,2,2,,,0.0,0.0,0.5,0.75,2.0,0.0,0.0,0.0,0.0,0.0,0,0,1.1562995910644531,0.5800683498382568,0.39025452156680623,1.0,1.0,1.0,0.0,1.0,0.0,1.3333333333333333,0.5,0.0,-1.0,0,6,16,0.11748488505079342,LOW
South Zone 1,ORR West 1,6.0,0.0,5,1,1,,,0.0,0.0,0.0,1.0,1.0,0.0,0.0,0.0,0.0,0.0,0,0,1.507946491241455,1.0567423105239868,0.3502796222133768,2.0,1.0,1.0,2.0,0.0,0.0,1.3333333333333333,0.5,1.0,2.0,0,6,16,0.24003909065589119,LOW
Central Zone 2,Mysore Road,5.0,12.0,5,1,1,,,0.0,0.0,1.0,0.5,2.5,0.0,0.0,0.0,0.0,0.0,0,0,1.469895627349615,0.54261988325743,0.5584176910210439,1.0,2.0,4.0,0.0,1.0,4.0,1.3333333333333333,1.4142135623730951,-1.0,-1.0,0,1,10,0.30557276889095003,MEDIUM
Central Zone 2,Non-corridor,2.0,20.0,5,1,1,,,0.0,0.0,0.0,1.0,1.0,0.0,1.0,0.0,0.0,0.0,0,0,1.125,0.9951171875,0.12240909507526349,1.0,1.0,1.0,1.0,1.0,1.0,1.3333333333333333,0.5,0.0,0.0,0,1,11,0.33361613890652136,MEDIUM
North Zone 2,Bellary Road 2,3.0,0.0,5,1,0,1.3991,102.5,0.0,0.0,0.0,1.0,3.0,0.0,1.0,0.0,0.0,0.0,0,0,1.5714126825332642,0.5004287958145142,0.5808503699799632,2.0,1.0,2.0,0.0,1.0,1.0,1.3333333333333333,0.5773502691896257,1.0,-1.0,0,5,3,0.07624967648370554,LOW
Central Zone 2,Mysore Road,6.0,4.0,5,1,0,0.1779,14.6,0.0,0.0,1.0,0.5,2.5,0.0,0.0,0.0,0.0,0.0,0,0,1.227176476286358,0.8949286372786702,0.48304447046343824,1.0,1.0,1.0,1.0,0.0,0.0,1.3333333333333333,0.5000000000000007,0.0,1.0,0,1,10,0.3081790786819441,MEDIUM
Central Zone 2,Mysore Road,6.0,0.0,5,2,1,0.4497,36.9,0.0,0.0,0.5,0.75,2.75,0.0,0.0,0.0,0.0,0.0,0,0,2.551798025623527,1.5131278627027607,0.39202931772099536,3.0,3.0,1.0,1.0,3.0,1.0,2.3333333333333335,1.1547005383792515,0.0,-2.0,0,1,10,0.4929660791037877,MEDIUM
Central Zone 2,Mysore Road,5.0,20.0,5,1,1,,,0.0,0.0,0.0,1.0,3.0,0.0,0.0,0.0,0.0,0.0,0,0,1.5,1.0,0.3004,2.0,1.0,0.0,2.0,0.0,0.0,1.5,0.7071067811865476,1.0,2.0,0,1,10,0.3772828843682933,MEDIUM
North Zone 2,Bellary Road 2,3.0,4.0,5,1,0,0.1335,31.9,0.0,0.0,1.0,0.5,1.0,0.0,1.0,0.0,0.0,0.0,0,0,1.1298837661743164,0.8773813247680664,1.189841511804234,1.0,1.0,1.0,1.0,0.0,1.0,1.3333333333333333,0.5,0.0,1.0,0,5,3,0.1850437487198129,LOW
North Zone 2,Bellary Road 2,4.0,0.0,5,1,1,,,0.0,0.0,0.0,1.0,3.0,0.0,1.0,0.0,0.0,0.0,0,1,1.7603934112994466,1.2247315499989782,0.6568069897926273,1.0,3.0,2.0,1.0,2.0,1.0,2.0,0.816496580927726,-2.0,-1.0,0,5,3,0.46546635386893936,MEDIUM
East Zone 1,ORR East 1,4.0,12.0,5,1,1,,,0.0,0.0,0.0,1.0,1.5,0.0,1.0,0.0,0.0,0.0,0,0,1.5,1.43359375,1.7015523833507213,2.0,1.0,1.0,2.0,1.0,0.0,1.3333333333333333,0.5,1.0,1.0,0,2,12,0.10133998265599498,LOW
Central Zone 2,Mysore Road,3.0,4.0,5,2,1,0.0746,15.3,0.0,0.0,0.0,1.0,1.75,0.0,0.0,0.0,0.0,0.0,0,0,1.1268351291073486,0.8517643007216975,0.24711132673912548,1.0,1.0,2.0,1.0,1.0,0.0,1.0,0.5,0.0,0.0,0,1,10,0.5424003047433208,MEDIUM
North Zone 2,Bellary Road 1,6.0,4.0,5,2,1,0.6779,92.7,0.0,0.0,0.5,0.75,1.5,0.0,0.0,0.0,0.0,0.0,0,1,1.294929745610716,0.6214595287673319,0.13562604463268363,1.0,1.0,3.0,0.0,1.0,3.0,1.3333333333333333,0.9574271077563381,0.0,-1.0,0,5,2,0.5399818296845161,MEDIUM
North Zone 2,Bellary Road 1,5.0,12.0,5,1,0,0.0797,10.9,0.0,0.0,0.0,1.0,1.5,0.0,0.0,0.0,0.0,0.0,0,0,1.04255011677742,0.4796223044395447,0.1541207160222391,1.0,1.0,1.0,0.0,1.0,0.0,1.0,0.0,0.0,-1.0,0,5,2,0.16041465960738308,LOW
Central Zone 2,Non-corridor,3.0,16.0,5,1,1,,,1.0,0.0,1.0,0.5,1.5,0.0,1.0,0.0,0.0,0.0,0,0,1.500244140625,1.476806640625,0.62344,2.0,1.0,1.0,2.0,1.0,1.0,1.3333333333333333,0.5,1.0,1.0,0,1,11,0.36759000047484014,MEDIUM
Central Zone 2,Non-corridor,3.0,12.0,5,1,1,,,0.0,0.0,0.0,1.0,2.5,0.0,0.0,0.0,0.0,0.0,0,0,6.304885667330154,4.0093023956547995,0.6439441854941197,11.0,1.0,1.0,7.0,1.0,0.0,4.666666666666667,4.856267428111155,10.0,6.0,0,1,11,0.7143010818692955,HIGH
North Zone 2,Bellary Road 2,0.0,0.0,5,1,1,,,0.0,0.0,1.0,0.5,3.0,0.0,1.0,0.0,0.0,0.0,0,0,0.0,0.0,0.0,0.0,0.0,0.0,0.0,0.0,0.0,0.0,0.0,0.0,0.0,0,5,3,0.07054335299842669,LOW
South Zone 2,Hosur Road,2.0,8.0,5,1,1,,,0.0,0.0,0.0,1.0,2.5,0.0,0.0,0.0,0.0,0.0,0,0,1.5859375,1.44140625,1.1754494736842107,2.0,1.0,2.0,2.0,1.0,0.0,1.3333333333333333,0.5773502691896257,1.0,1.0,0,7,7,0.11734813024026881,LOW
North Zone 1,ORR North 1,0.0,4.0,5,2,2,,,0.0,0.0,0.5,0.75,2.25,0.0,0.5,0.0,0.0,0.0,0,0,0.0,0.0,0.0,0.0,0.0,0.0,0.0,0.0,0.0,0.0,0.0,0.0,0.0,0,4,14,0.07970491272415683,LOW
Central Zone 2,Non-corridor,3.0,4.0,5,3,2,0.0811,11.8,0.3333333333333333,0.0,0.6666666666666666,0.6666666666666666,2.1666666666666665,0.0,0.0,0.0,0.0,0.0,0,1,2.2951680608178786,2.1026205305645256,0.27995244597962987,2.0,2.0,3.0,2.0,2.0,2.0,2.6666666666666665,0.957427107756338,0.0,0.0,0,1,11,0.7172740121448937,HIGH
North Zone 2,Bellary Road 2,3.0,8.0,5,3,2,0.3527,60.8,1.0,0.0,0.6666666666666666,0.6666666666666666,2.3333333333333335,0.0,1.0,0.0,0.0,0.0,0,0,3.020097017288208,1.2358028292655945,0.1665642080160498,5.0,1.0,1.0,2.0,0.0,1.0,2.3333333333333335,2.0,4.0,2.0,0,5,3,0.21974010220171733,LOW
South Zone 2,Bannerghata Road,1.0,0.0,5,1,0,0.1514,21.6,0.0,0.0,0.0,1.0,1.5,0.0,0.0,0.0,0.0,0.0,0,0,1.0,0.5,0.4513,1.0,1.0,0.0,1.0,0.0,0.0,1.0,0.0,0.0,1.0,0,7,1,0.15188464957572836,LOW
South Zone 2,Bannerghata Road,1.0,12.0,5,2,2,,,0.0,0.0,0.0,1.0,2.5,0.5,0.0,0.0,0.0,0.0,0,0,1.0,1.0,0.0,1.0,0.0,0.0,1.0,0.0,0.0,1.0,0.0,0.0,0.0,0,7,1,0.09602987241236284,LOW
South Zone 2,Bannerghata Road,1.0,8.0,5,1,1,,,0.0,0.0,1.0,0.5,1.5,0.0,0.0,0.0,0.0,0.0,0,0,1.0,0.625,0.803184,1.0,1.0,1.0,1.0,0.0,1.0,1.0,0.0,0.0,1.0,0,7,1,0.08514604074503955,LOW
Central Zone 2,Non-corridor,3.0,0.0,5,2,2,,,0.0,0.0,0.0,1.0,1.75,0.0,0.0,0.0,0.0,0.0,0,1,3.14401051681112,2.4152502036329992,0.3130871223422214,4.0,2.0,2.0,3.0,2.0,1.0,3.0,0.9574271077563308,2.0,1.0,0,1,11,0.7143010818692955,HIGH
South Zone 1,ORR West 1,5.0,8.0,5,1,0,0.6468,36.1,1.0,0.0,0.0,1.0,3.0,0.0,0.0,0.0,0.0,0.0,0,0,1.025390625,0.9949951171875,1.7902999826067374,1.0,1.0,1.0,1.0,1.0,1.0,1.0,0.0,0.0,0.0,0,6,16,0.17045425477237328,LOW
East Zone 1,ORR East 2,6.0,4.0,5,1,1,,,0.0,0.0,0.0,1.0,1.0,0.0,0.0,0.0,0.0,0.0,0,0,1.06640625,0.125,0.584701179477562,1.0,1.0,2.0,0.0,0.0,1.0,1.0,0.5,0.0,0.0,0,2,13,0.14016018058822594,LOW
South Zone 2,Hosur Road,3.0,4.0,5,3,3,,,0.0,0.0,0.3333333333333333,0.8333333333333334,3.0,0.0,0.0,0.0,0.0,0.0,1,0,1.0703125,1.0,0.1302038961038961,1.0,1.0,2.0,1.0,1.0,1.0,1.0,0.5,0.0,0.0,0,7,7,0.3146815959187429,MEDIUM
South Zone 2,Hosur Road,3.0,0.0,5,1,1,2.7568,75.4,0.0,0.0,1.0,0.5,3.0,1.0,0.0,0.0,0.0,0.0,0,0,1.0082111358642578,0.9580187797546387,0.22042767579802694,1.0,1.0,1.0,1.0,1.0,1.0,1.0,0.0,0.0,0.0,0,7,7,0.36037474442387446,MEDIUM
North Zone 1,ORR North 1,0.0,0.0,5,2,2,,,0.0,0.0,0.0,1.0,1.0,0.0,0.0,0.0,0.0,0.0,0,0,0.0,0.0,0.0,0.0,0.0,0.0,0.0,0.0,0.0,0.0,0.0,0.0,0.0,0,4,14,0.08241228408792947,LOW
Central Zone 2,Non-corridor,6.0,4.0,5,5,2,0.17743333333333333,36.733333333333334,0.4,0.0,0.8,0.6,2.3,0.0,0.6,0.0,0.0,0.0,0,0,3.6125329287320254,1.993866095021227,0.49750777746119845,4.0,5.0,2.0,2.0,3.0,1.0,3.3333333333333335,1.8257418583505538,-1.0,-1.0,0,1,11,0.7183114868436348,HIGH
Central Zone 2,Non-corridor,5.0,12.0,5,1,0,0.4519,72.3,0.0,0.0,0.0,1.0,2.5,0.0,0.0,0.0,0.0,0.0,0,1,1.2894832665589107,0.2027214202141866,0.34521742833664765,1.0,2.0,1.0,0.0,0.0,0.0,1.3333333333333333,0.5,-1.0,0.0,0,1,11,0.48487625910190735,MEDIUM
West Zone 1,Tumkur Road,0.0,8.0,5,1,0,0.3051,44.7,1.0,0.0,0.0,1.0,1.0,0.0,0.0,0.0,0.0,0.0,0,0,2.0,0.75,0.912264,3.0,1.0,0.0,1.0,0.0,0.0,1.6666666666666667,1.1547005383792517,2.0,1.0,0,8,19,0.3746386693646386,MEDIUM
West Zone 1,Tumkur Road,1.0,0.0,5,2,0,0.43115000000000003,33.15,0.0,0.0,0.5,0.75,2.75,0.0,0.0,0.0,0.0,0.0,0,1,2.34375,0.90625,0.7258903157894737,3.0,2.0,1.0,1.0,1.0,1.0,2.0,0.9574271077563381,1.0,0.0,0,8,19,0.52822123963828,MEDIUM
South Zone 2,Hosur Road,2.0,12.0,5,1,1,,,0.0,0.0,0.0,1.0,2.5,0.0,0.0,0.0,0.0,0.0,0,0,1.0,0.6640625,0.7462081207173057,1.0,1.0,1.0,1.0,0.0,0.0,1.0,0.0,0.0,1.0,0,7,7,0.18120348857389418,LOW
South Zone 2,Hosur Road,3.0,12.0,5,2,0,0.44395,43.25,0.0,0.0,1.0,0.5,1.75,0.0,0.0,0.0,0.0,0.0,0,0,1.28125,0.96612548828125,0.38137783903862754,1.0,1.0,1.0,1.0,0.0,0.0,1.6666666666666667,1.0,0.0,1.0,0,7,7,0.4111923265652887,MEDIUM
East Zone 1,ORR East 1,3.0,0.0,5,2,2,,,0.0,0.0,0.5,0.75,1.5,0.0,0.0,0.0,0.0,0.0,0,0,1.3181838989257812,1.3126068115234375,0.6044886690747923,1.0,2.0,2.0,1.0,2.0,2.0,1.3333333333333333,0.5773502691896257,-1.0,-1.0,0,2,12,0.07512999800068093,LOW
East Zone 1,Varthur Road,2.0,16.0,5,1,1,5.5846,327.3,1.0,0.0,0.0,1.0,1.0,1.0,1.0,0.0,0.0,0.0,0,0,1.0,1.0,5.5095,1.0,1.0,0.0,1.0,1.0,0.0,1.0,0.0,0.0,0.0,0,2,20,0.06388760752141942,LOW
South Zone 2,Bannerghata Road,3.0,0.0,5,2,2,,,0.0,0.0,0.5,0.75,3.0,0.0,0.0,0.0,0.0,0.0,0,0,1.50390625,1.2509765625,0.2317206213413127,2.0,1.0,1.0,2.0,0.0,1.0,1.3333333333333333,0.5,1.0,2.0,0,7,1,0.33473878896551595,MEDIUM
Central Zone 2,Mysore Road,5.0,0.0,5,3,2,0.0834,17.1,0.0,0.0,0.6666666666666666,0.6666666666666666,1.5,0.0,0.0,0.0,0.0,0.0,0,0,1.5205891192459429,0.7214657038135058,0.55912900568385,1.0,2.0,3.0,0.0,2.0,1.0,1.3333333333333333,0.9574271077563384,-1.0,-2.0,0,1,10,0.260699995517388,LOW
South Zone 2,Bannerghata Road,3.0,8.0,5,1,0,1.4333,119.6,0.0,0.0,0.0,1.0,2.5,0.0,0.0,0.0,0.0,0.0,0,0,1.015625,1.0093994140625,1.2299821793384864,1.0,1.0,1.0,1.0,1.0,1.0,1.0,0.0,0.0,0.0,0,7,1,0.0472558647604903,LOW
West Zone 1,Tumkur Road,4.0,4.0,5,1,1,,,0.0,0.0,0.0,1.0,2.5,0.0,0.0,0.0,0.0,0.0,0,0,1.1884928112922353,0.8958637704054127,0.6081808557416932,1.0,1.0,2.0,1.0,1.0,0.0,1.3333333333333333,0.5773502691896257,0.0,0.0,0,8,19,0.28191339095299106,LOW
West Zone 1,Tumkur Road,4.0,8.0,5,1,0,0.1492,30.6,0.0,0.0,0.0,1.0,1.0,0.0,0.0,0.0,0.0,0.0,0,0,1.5900575221166946,1.4460792447644053,1.4192361823492101,2.0,1.0,2.0,2.0,1.0,2.0,1.3333333333333333,0.5773502691896258,1.0,1.0,0,8,19,0.2162426024941589,LOW
North Zone 1,ORR North 1,1.0,0.0,5,1,1,,,0.0,0.0,1.0,0.5,3.0,0.0,1.0,0.0,0.0,0.0,0,0,1.125,1.125,0.0,1.0,1.0,2.0,1.0,1.0,2.0,1.0,0.5,0.0,0.0,0,4,14,0.1729880772295333,LOW
East Zone 1,ORR East 1,5.0,0.0,5,1,1,,,0.0,0.0,0.0,1.0,1.0,0.0,1.0,0.0,0.0,0.0,0,0,1.0025659907987574,0.8148218395363074,0.5356804769840229,1.0,1.0,1.0,1.0,1.0,1.0,1.0,0.0,0.0,0.0,0,2,12,0.24598825563030788,LOW
North Zone 2,Bellary Road 1,6.0,0.0,5,1,1,,,0.0,0.0,0.0,1.0,1.0,0.0,0.0,0.0,0.0,0.0,0,0,1.1799435914731813,1.116214135639813,0.3526611714288247,1.0,1.0,1.0,1.0,1.0,1.0,1.3333333333333333,0.5,0.0,0.0,0,5,2,0.30723811884850566,MEDIUM
South Zone 2,Hosur Road,0.0,0.0,5,1,1,,,0.0,0.0,0.0,1.0,1.0,0.0,0.0,0.0,0.0,0.0,0,0,1.0,0.5,0.4022,1.0,1.0,0.0,1.0,0.0,0.0,1.0,0.0,0.0,1.0,0,7,7,0.13155598173679292,LOW
North Zone 2,Bellary Road 2,0.0,8.0,5,1,1,1.8223,142.4,0.0,0.0,0.0,1.0,3.0,0.0,1.0,0.0,0.0,0.0,0,0,0.0,0.0,0.0,0.0,0.0,0.0,0.0,0.0,0.0,0.0,0.0,0.0,0.0,0,5,3,0.03376619137384491,LOW
Central Zone 2,Non-corridor,3.0,8.0,5,1,0,0.6912,79.0,1.0,0.0,0.0,1.0,2.5,0.0,0.0,0.0,0.0,0.0,0,0,4.710425899542461,1.7761155551696142,0.44313021914713946,8.0,1.0,1.0,3.0,0.0,1.0,3.6666666666666665,3.366501646120693,7.0,3.0,0,1,11,0.6716802127556548,HIGH
North Zone 2,Bellary Road 2,1.0,0.0,5,1,1,,,0.0,0.0,1.0,0.5,1.0,0.0,1.0,0.0,0.0,0.0,0,0,1.5,1.5,2.6754,2.0,1.0,1.0,2.0,1.0,1.0,1.3333333333333333,0.5,1.0,1.0,0,5,3,0.07511234210650054,LOW
Central Zone 2,Mysore Road,4.0,8.0,5,2,2,,,0.0,0.0,0.0,1.0,1.5,0.0,0.0,0.0,0.0,0.0,0,0,2.413116723624814,1.1462226319259896,0.5419367678858227,2.0,4.0,1.0,1.0,2.0,1.0,2.6666666666666665,1.2583057392117916,-2.0,-1.0,0,1,10,0.380590443252986,MEDIUM
South Zone 2,Hosur Road,1.0,0.0,5,2,0,0.5661499999999999,48.900000000000006,0.0,0.0,0.0,1.0,2.5,0.0,1.0,0.0,0.0,0.0,0,0,1.0625,0.359375,0.7647737525632262,1.0,1.0,2.0,0.0,1.0,1.0,1.0,0.5,0.0,-1.0,0,7,7,0.15225113749150793,LOW
South Zone 2,Hosur Road,0.0,20.0,5,1,0,0.7678,63.0,0.0,0.0,0.0,1.0,2.5,0.0,0.0,0.0,0.0,0.0,0,1,0.0,0.0,0.0,0.0,0.0,0.0,0.0,0.0,0.0,0.0,0.0,0.0,0.0,0,7,7,0.3910471117145854,MEDIUM
Central Zone 2,Mysore Road,4.0,0.0,5,2,0,0.28704999999999997,39.25,0.0,0.0,0.5,0.75,1.5,0.0,0.0,0.0,0.0,0.0,0,0,2.166516215690846,1.5617614100599477,0.23855597853994637,3.0,1.0,1.0,2.0,1.0,0.0,2.0,0.9574271077563381,2.0,1.0,0,1,10,0.3913873242986413,MEDIUM
Central Zone 2,Mysore Road,3.0,16.0,5,1,1,,,1.0,0.0,1.0,0.5,1.0,1.0,0.0,0.0,0.0,0.0,0,0,1.0,0.5,2.9459400000000002,1.0,1.0,0.0,1.0,0.0,0.0,1.0,0.0,0.0,1.0,0,1,10,0.09068262727293022,LOW
Central Zone 2,Mysore Road,3.0,12.0,5,1,0,0.8068,66.2,0.0,0.0,0.0,1.0,2.5,0.0,0.0,0.0,0.0,0.0,0,0,1.15966796875,0.27333831787109375,0.2509926196097677,1.0,1.0,1.0,0.0,0.0,1.0,1.3333333333333333,0.5,0.0,0.0,0,1,10,0.5656405125236033,MEDIUM
West Zone 1,Tumkur Road,2.0,0.0,5,1,1,,,0.0,0.0,0.0,1.0,1.5,0.0,0.0,0.0,0.0,0.0,0,0,1.0148162841796875,0.6147003173828125,0.18571155539038364,1.0,1.0,1.0,1.0,0.0,1.0,1.0,0.0,0.0,1.0,0,8,19,0.28684645365927414,LOW
Central Zone 1,Old Madras Road,6.0,8.0,5,1,1,,,0.0,0.0,0.0,1.0,2.5,0.0,0.0,0.0,0.0,0.0,0,0,1.2000131998211145,0.9499856600305066,0.22864278186929723,1.0,1.0,2.0,1.0,0.0,2.0,1.3333333333333333,0.5773502691896257,0.0,1.0,0,0,18,0.33977632127705776,MEDIUM
West Zone 1,Tumkur Road,3.0,0.0,5,4,4,,,0.0,0.0,0.0,1.0,1.875,0.0,0.0,0.0,0.0,0.0,1,0,1.00097837112844,0.7533709350973368,0.3676723291023717,1.0,1.0,1.0,1.0,1.0,0.0,1.0,0.0,0.0,0.0,0,8,19,0.3656894347134283,MEDIUM
Central Zone 2,Mysore Road,3.0,8.0,5,1,1,,,1.0,0.0,1.0,0.5,3.0,0.0,0.0,0.0,0.0,0.0,0,0,1.0630499836188392,0.46395018442672153,0.26041905811684235,1.0,1.0,1.0,0.0,1.0,1.0,1.0,0.0,0.0,-1.0,0,1,10,0.2511604811581817,LOW
Central Zone 2,Non-corridor,1.0,0.0,5,6,2,0.118325,19.225,0.0,0.0,0.16666666666666666,0.9166666666666666,2.3333333333333335,0.0,0.3333333333333333,0.0,0.0,0.0,0,1,5.928560256958008,3.4172916412353516,0.6214018513143716,9.0,4.0,3.0,4.0,4.0,3.0,4.666666666666667,3.4034296427770228,5.0,0.0,0,1,11,0.718159128334034,HIGH
North Zone 2,ORR North 2,5.0,8.0,5,1,1,,,0.0,0.0,1.0,0.5,1.0,0.0,0.0,0.0,0.0,0.0,0,0,1.0781626142598952,0.453127313407208,0.5625928646004087,1.0,1.0,2.0,0.0,1.0,2.0,1.0,0.5,0.0,-1.0,0,5,15,0.17705202144035936,LOW
North Zone 2,ORR North 2,3.0,8.0,5,2,2,,,0.0,0.0,0.5,0.75,1.0,0.0,0.0,0.0,0.0,0.0,0,0,1.5312814712524414,1.406266212463379,0.03676981032862568,2.0,1.0,1.0,2.0,1.0,1.0,1.3333333333333333,0.5,1.0,1.0,0,5,15,0.38049552978585033,MEDIUM
North Zone 2,ORR North 2,4.0,8.0,5,1,1,,,0.0,0.0,0.0,1.0,1.0,0.0,0.0,0.0,0.0,0.0,0,0,1.0770340042654425,1.0047378579620272,0.29728868576144263,1.0,1.0,2.0,1.0,1.0,1.0,1.0,0.5000000000000001,0.0,0.0,0,5,15,0.39129752146620644,MEDIUM
Central Zone 1,Old Airport Road,5.0,12.0,5,1,0,0.0507,10.4,0.0,0.0,0.0,1.0,1.0,0.0,0.0,0.0,0.0,0.0,0,0,1.0,1.0,2.13454,1.0,1.0,1.0,1.0,1.0,1.0,1.0,0.0,0.0,0.0,0,0,17,0.06107833901682132,LOW
Central Zone 1,Old Airport Road,5.0,0.0,5,2,0,0.28475,31.75,0.0,0.0,0.5,0.75,2.0,0.0,0.5,0.0,0.0,0.0,0,0,1.0,0.625,0.2726771368421052,1.0,1.0,1.0,1.0,0.0,0.0,1.0,0.0,0.0,1.0,0,0,17,0.2511326289484166,LOW
Central Zone 1,Old Airport Road,3.0,8.0,5,1,0,0.2059,28.4,0.0,0.0,0.0,1.0,1.5,0.0,0.0,0.0,0.0,0.0,0,0,1.0,0.6796875,1.079639056732741,1.0,1.0,1.0,1.0,0.0,0.0,1.0,0.0,0.0,1.0,0,0,17,0.07575711148297182,LOW
North Zone 2,ORR North 2,3.0,0.0,5,1,1,,,0.0,0.0,1.0,0.5,1.0,0.0,0.0,0.0,0.0,0.0,0,0,1.0020904541015625,0.3592071533203125,1.2034315576135062,1.0,1.0,1.0,0.0,1.0,1.0,1.0,0.0,0.0,-1.0,0,5,15,0.05050424919270044,LOW
Central Zone 2,Non-corridor,1.0,12.0,5,2,1,0.0195,9.1,0.0,0.0,0.0,1.0,1.75,0.0,0.5,0.0,0.0,0.0,0,0,2.7844085693359375,2.2048721313476562,0.2586370318864613,4.0,1.0,1.0,4.0,0.0,0.0,2.6666666666666665,1.5,3.0,4.0,0,1,11,0.6380428265684502,HIGH
North Zone 2,ORR North 2,2.0,8.0,5,1,1,,,0.0,0.0,0.0,1.0,1.0,0.0,0.0,0.0,0.0,0.0,0,0,1.515625,1.265625,0.24190755501665823,1.0,3.0,1.0,1.0,2.0,1.0,1.6666666666666667,1.0,-2.0,-1.0,0,5,15,0.13487423194708878,LOW
Central Zone 2,Non-corridor,6.0,12.0,5,3,1,0.1756,27.6,0.0,0.0,0.6666666666666666,0.6666666666666666,2.6666666666666665,0.0,0.3333333333333333,0.0,0.0,0.0,0,0,1.6418631704961133,0.9899612634385697,0.738435304678782,1.0,2.0,2.0,0.0,2.0,2.0,1.6666666666666667,0.5,-1.0,-2.0,0,1,11,0.37077325509978315,MEDIUM
West Zone 1,Tumkur Road,6.0,8.0,5,2,2,2.1048,102.8,1.0,0.0,0.5,0.75,2.0,0.0,0.0,0.0,0.0,0.0,0,0,1.0118294465610411,0.7489115531539017,1.0361582737550614,1.0,1.0,1.0,1.0,0.0,1.0,1.0,0.0,0.0,1.0,0,8,19,0.04629953302596068,LOW
West Zone 1,Tumkur Road,6.0,4.0,5,1,1,1.7813,104.4,1.0,0.0,0.0,1.0,2.5,0.0,0.0,0.0,0.0,0.0,0,0,1.1250319556641486,0.21464459124580693,0.2057269660035979,1.0,1.0,1.0,0.0,0.0,1.0,1.3333333333333333,0.5,0.0,0.0,0,8,19,0.12589769025223588,LOW
Central Zone 2,Non-corridor,1.0,4.0,6,2,2,,,0.0,0.0,0.5,0.75,1.75,0.0,0.0,0.0,0.0,0.0,0,1,2.337735176086426,1.0595495700836182,0.25746555453564934,2.0,3.0,4.0,0.0,2.0,4.0,2.3333333333333335,0.9574271077563381,-1.0,-2.0,0,1,11,0.7033002071470335,HIGH
West Zone 1,Tumkur Road,6.0,8.0,6,1,0,0.3337,16.3,1.0,0.0,0.0,1.0,3.0,0.0,0.0,0.0,0.0,0.0,0,0,1.5059147232805206,1.374455776576951,1.5986012875681868,2.0,1.0,1.0,2.0,1.0,1.0,1.3333333333333333,0.5,1.0,1.0,0,8,19,0.17173532208986675,LOW
Central Zone 2,Non-corridor,6.0,12.0,6,5,2,0.22876666666666665,52.599999999999994,0.0,0.0,0.2,0.9,1.4,0.0,0.2,0.0,0.0,0.0,0,0,2.3209315852480565,0.9949806317192849,0.5133011828072692,3.0,1.0,2.0,1.0,0.0,1.0,2.0,0.816496580927726,2.0,1.0,0,1,11,0.688180839804309,HIGH
North Zone 2,ORR North 2,3.0,4.0,6,3,3,,,0.3333333333333333,0.0,0.3333333333333333,0.8333333333333334,1.1666666666666667,0.0,0.0,0.0,0.0,0.0,1,0,1.0703125,0.60546875,0.3866863831578947,1.0,1.0,1.0,1.0,0.0,0.0,1.0,0.0,0.0,1.0,0,5,15,0.24427907407944702,LOW
North Zone 2,ORR North 2,1.0,8.0,6,1,1,,,0.0,0.0,1.0,0.5,1.0,0.0,0.0,0.0,0.0,0.0,0,0,1.0,1.0,1.539,1.0,1.0,0.0,1.0,1.0,0.0,1.0,0.0,0.0,0.0,0,5,15,0.04031292139898005,LOW
Central Zone 2,Non-corridor,1.0,12.0,6,1,1,,,0.0,0.0,0.0,1.0,1.0,0.0,1.0,0.0,0.0,0.0,0,0,2.3922042846679688,1.6024360656738281,0.1327754361567448,2.0,4.0,3.0,1.0,4.0,1.0,2.3333333333333335,1.2909944487358056,-2.0,-3.0,0,1,11,0.6170601169334686,HIGH
Central Zone 2,Non-corridor,1.0,16.0,6,1,1,,,0.0,0.0,1.0,0.5,2.5,0.0,1.0,0.0,0.0,0.0,0,0,2.0,2.0,0.0,2.0,0.0,0.0,2.0,0.0,0.0,2.0,0.0,0.0,0.0,0,1,11,0.6031099934032408,HIGH
North Zone 2,ORR North 2,0.0,0.0,6,2,2,,,0.0,0.0,1.0,0.5,2.25,0.0,0.0,0.0,0.0,0.0,0,0,0.0,0.0,0.0,0.0,0.0,0.0,0.0,0.0,0.0,0.0,0.0,0.0,0.0,0,5,15,0.06965228241134928,LOW
North Zone 2,ORR North 2,0.0,8.0,6,1,1,1.539,90.2,1.0,0.0,0.0,1.0,2.5,0.0,0.0,0.0,0.0,0.0,0,0,0.0,0.0,0.0,0.0,0.0,0.0,0.0,0.0,0.0,0.0,0.0,0.0,0.0,0,5,15,0.08409892412799007,LOW
Central Zone 2,Non-corridor,1.0,8.0,6,1,1,,,0.0,0.0,0.0,1.0,2.5,0.0,0.0,0.0,0.0,0.0,0,0,3.080005645751953,2.4081954956054688,0.2925277254242425,5.0,1.0,1.0,4.0,1.0,0.0,2.3333333333333335,2.0,4.0,3.0,0,1,11,0.6007187007176111,HIGH
West Zone 1,Tumkur Road,6.0,16.0,6,1,1,2.4249,355.3,1.0,0.0,0.0,1.0,1.0,0.0,0.0,0.0,0.0,0.0,0,0,1.0,0.884765625,0.6857538623999999,1.0,1.0,1.0,1.0,1.0,0.0,1.0,0.0,0.0,0.0,0,8,19,0.08903807526397534,LOW
Central Zone 1,Old Airport Road,2.0,12.0,6,1,1,,,0.0,0.0,0.0,1.0,1.0,0.0,0.0,0.0,0.0,0.0,0,0,0.0,0.0,0.0,0.0,0.0,0.0,0.0,0.0,0.0,0.0,0.0,0.0,0.0,0,0,17,0.03760052369714062,LOW
Central Zone 1,Old Airport Road,3.0,8.0,6,1,1,,,0.0,0.0,1.0,0.5,2.5,0.0,0.0,0.0,0.0,0.0,0,0,1.0,0.33984375,0.7301434340396445,1.0,1.0,1.0,0.0,1.0,1.0,1.0,0.0,0.0,-1.0,0,0,17,0.17407831833979073,LOW
Central Zone 1,Old Airport Road,4.0,4.0,6,2,2,,,0.0,0.0,0.0,1.0,0.5,0.0,0.0,0.0,0.0,0.0,0,0,1.0,0.3828125,0.23097528311688312,1.0,1.0,1.0,0.0,1.0,0.0,1.0,0.0,0.0,-1.0,0,0,17,0.12132139565752102,LOW
Central Zone 1,Old Airport Road,5.0,12.0,6,1,0,0.117,16.0,0.0,0.0,0.0,1.0,1.5,0.0,0.0,0.0,0.0,0.0,0,0,1.0,0.5,1.301004,1.0,1.0,1.0,0.0,1.0,1.0,1.0,0.0,0.0,-1.0,0,0,17,0.05763437847744364,LOW
North Zone 2,ORR North 2,4.0,0.0,6,3,3,,,0.0,0.0,0.0,1.0,3.0,1.0,0.0,0.0,0.0,0.0,1,0,1.0625163316726685,1.010618805885315,0.5925626532164703,1.0,1.0,2.0,1.0,1.0,2.0,1.0,0.5,0.0,0.0,0,5,15,0.4296464609220085,MEDIUM
North Zone 2,ORR North 2,2.0,8.0,6,1,1,,,0.0,0.0,1.0,0.5,1.0,0.0,0.0,0.0,0.0,0.0,0,0,1.2578125,1.1328125,0.24190755501665823,1.0,1.0,1.0,1.0,1.0,1.0,1.6666666666666667,1.0,0.0,0.0,0,5,15,0.34488296313151356,MEDIUM
Central Zone 2,Non-corridor,1.0,0.0,6,5,4,0.1051,19.4,0.0,0.0,0.2,0.9,1.3,0.2,0.4,0.0,0.0,0.0,1,0,5.964280128479004,2.708645820617676,0.42017111078862296,6.0,9.0,1.0,2.0,4.0,1.0,6.333333333333333,3.366501646120693,-3.0,-2.0,0,1,11,0.7183114868436348,HIGH
North Zone 2,ORR North 2,4.0,8.0,6,1,1,,,0.0,0.0,1.0,0.5,1.0,0.0,0.0,0.0,0.0,0.0,0,0,1.0385170021327212,1.0023689289810136,0.29728868576144263,1.0,1.0,1.0,1.0,1.0,1.0,1.0,0.0,0.0,0.0,0,5,15,0.37965190519604675,MEDIUM
West Zone 1,Tumkur Road,2.0,8.0,6,1,0,0.1618,7.9,1.0,0.0,1.0,0.5,3.0,0.0,0.0,0.0,0.0,0.0,0,0,1.0195388793945312,0.49876976013183594,0.567529648984464,1.0,1.0,1.0,0.0,1.0,1.0,1.0,0.0,0.0,-1.0,0,8,19,0.20101227765324922,LOW
North Zone 1,ORR North 1,2.0,12.0,6,1,0,0.3121,65.1,0.0,0.0,1.0,0.5,1.0,0.0,1.0,0.0,0.0,0.0,0,1,1.0,0.8125,0.7696263157894737,1.0,1.0,1.0,1.0,1.0,1.0,1.0,0.0,0.0,0.0,0,4,14,0.3927565692402016,MEDIUM
Central Zone 1,Old Madras Road,5.0,4.0,6,1,1,,,0.0,0.0,0.0,1.0,2.5,0.0,0.0,0.0,0.0,0.0,0,0,1.1374521255493164,0.8150444030761719,0.40093691567058026,1.0,1.0,3.0,1.0,0.0,2.0,1.0,1.0,0.0,1.0,0,0,18,0.4647553796584401,MEDIUM
South Zone 2,Hosur Road,1.0,8.0,6,2,1,1.1773,57.5,0.5,0.0,0.5,0.75,3.0,0.0,0.0,0.0,0.0,0.0,0,0,1.5,1.25,1.3515105263157894,2.0,1.0,0.0,2.0,1.0,0.0,1.3333333333333333,0.5773502691896258,1.0,1.0,0,7,7,0.24203887749737116,LOW
Central Zone 2,Mysore Road,4.0,8.0,6,1,0,0.9677,79.4,0.0,0.0,1.0,0.5,2.5,0.0,0.0,0.0,0.0,0.0,0,0,2.206558361812407,1.5731113159629948,0.5419367678858227,2.0,2.0,2.0,2.0,1.0,0.0,2.6666666666666665,0.9999999999999998,0.0,1.0,0,1,10,0.3096880809400886,MEDIUM
North Zone 2,Bellary Road 2,0.0,16.0,6,1,1,1.5766,77.0,1.0,0.0,0.0,1.0,3.0,0.0,1.0,0.0,0.0,0.0,0,0,1.0,0.0,0.8804,1.0,0.0,0.0,0.0,0.0,0.0,1.0,0.0,0.0,0.0,0,5,3,0.1616522125163876,LOW
East Zone 1,Varthur Road,0.0,16.0,6,1,1,,,0.0,0.0,1.0,0.5,1.0,1.0,1.0,0.0,0.0,0.0,0,0,0.0,0.0,0.0,0.0,0.0,0.0,0.0,0.0,0.0,0.0,0.0,0.0,0.0,0,2,20,0.08213298181280071,LOW
East Zone 1,Varthur Road,1.0,0.0,6,1,0,0.5484,37.5,0.0,0.0,0.0,1.0,3.0,0.0,1.0,0.0,0.0,0.0,0,0,1.0,1.0,0.0,1.0,0.0,0.0,1.0,0.0,0.0,1.0,0.0,0.0,0.0,0,2,20,0.07920391418074003,LOW
Central Zone 2,Non-corridor,3.0,8.0,6,1,0,0.0553,15.8,1.0,0.0,1.0,0.5,1.0,0.0,0.0,0.0,0.0,0.0,0,0,2.8552129497712304,0.8880577775848071,0.5423581314882837,1.0,8.0,2.0,0.0,3.0,1.0,3.3333333333333335,3.366501646120693,-7.0,-3.0,0,1,11,0.6562989636899115,HIGH
North Zone 2,Bellary Road 2,0.0,4.0,6,1,1,,,0.0,0.0,1.0,0.5,3.0,0.0,1.0,0.0,0.0,0.0,0,0,2.0,2.0,0.0,2.0,0.0,0.0,2.0,0.0,0.0,2.0,0.0,0.0,0.0,0,5,3,0.10078902464601978,LOW
North Zone 2,Bellary Road 2,0.0,8.0,6,1,0,0.0585,12.2,0.0,0.0,0.0,1.0,1.0,0.0,0.0,0.0,0.0,0.0,0,0,1.0,1.0,1.8223,1.0,0.0,0.0,1.0,0.0,0.0,1.0,0.0,0.0,0.0,0,5,3,0.03482580065380198,LOW
South Zone 2,Bannerghata Road,6.0,0.0,6,1,1,,,0.0,0.0,1.0,0.5,1.5,0.0,0.0,0.0,0.0,0.0,0,0,1.7657089829444885,1.7494697719812393,0.6681343528855287,1.0,4.0,1.0,1.0,4.0,1.0,2.0,1.5,-3.0,-3.0,0,7,1,0.27887097976829583,LOW
Central Zone 2,Mysore Road,4.0,12.0,6,1,0,0.5058,41.5,0.0,0.0,0.0,1.0,2.5,0.0,0.0,0.0,0.0,0.0,0,0,1.2932806015014648,0.910690113902092,0.7475156688188794,1.0,2.0,1.0,1.0,1.0,0.0,1.3333333333333333,0.5,-1.0,0.0,0,1,10,0.37143556749206563,MEDIUM
South Zone 2,Bannerghata Road,5.0,0.0,6,1,1,,,0.0,0.0,0.0,1.0,1.0,0.0,0.0,0.0,0.0,0.0,0,0,1.5026874542236328,0.9830327033996582,0.6681343528855287,2.0,1.0,1.0,1.0,1.0,1.0,1.3333333333333333,0.5,1.0,0.0,0,7,1,0.4470382519053261,MEDIUM
North Zone 2,Bellary Road 2,2.0,0.0,6,3,1,0.3655,51.0,0.0,0.0,0.0,1.0,1.5,0.0,1.0,0.0,0.0,0.0,0,0,1.50634765625,0.75634765625,0.3450448600153404,1.0,3.0,1.0,1.0,0.0,1.0,1.6666666666666667,1.0,-2.0,1.0,0,5,3,0.1754485492448989,LOW
Central Zone 2,Non-corridor,3.0,12.0,6,1,1,,,0.0,0.0,0.0,1.0,0.5,0.0,0.0,0.0,0.0,0.0,0,0,3.652442833665077,2.5046511978273998,0.6439441854941197,1.0,11.0,2.0,1.0,7.0,1.0,4.333333333333333,4.856267428111155,-10.0,-6.0,0,1,11,0.7183114868436348,HIGH
North Zone 1,ORR North 1,0.0,0.0,6,1,1,,,0.0,0.0,1.0,0.5,3.0,0.0,1.0,0.0,0.0,0.0,0,0,2.0,2.0,0.0,2.0,0.0,0.0,2.0,0.0,0.0,2.0,0.0,0.0,0.0,0,4,14,0.3320814399666128,MEDIUM
North Zone 1,Airport New South Road,6.0,0.0,6,2,2,,,0.0,0.0,0.5,0.75,2.5,0.0,0.0,0.0,0.0,0.0,0,0,1.0,0.5,0.8339543967345346,1.0,1.0,1.0,0.0,1.0,1.0,1.0,0.0,0.0,-1.0,0,4,0,0.04941997488835826,LOW
East Zone 1,ORR East 1,4.0,12.0,6,1,1,,,0.0,0.0,1.0,0.5,2.5,0.0,0.0,0.0,0.0,0.0,0,0,1.25,1.216796875,1.7015523833507213,1.0,2.0,1.0,1.0,2.0,1.0,1.3333333333333333,0.5,-1.0,-1.0,0,2,12,0.058411386733892796,LOW
East Zone 1,ORR East 1,5.0,4.0,6,1,0,0.2569,52.7,0.0,0.0,1.0,0.5,1.0,0.0,1.0,0.0,0.0,0.0,0,0,1.1250381469726562,0.39227294921875,0.4711957028102026,1.0,1.0,1.0,0.0,1.0,0.0,1.3333333333333333,0.5,0.0,-1.0,0,2,12,0.22110127636344704,LOW
East Zone 1,ORR East 2,1.0,8.0,6,1,1,,,0.0,0.0,0.0,1.0,2.5,0.0,1.0,0.0,0.0,0.0,0,0,1.5,0.5,0.6438999999999999,1.0,2.0,0.0,1.0,0.0,0.0,1.5,0.7071067811865476,-1.0,1.0,0,2,13,0.07547991469721979,LOW
West Zone 1,Tumkur Road,4.0,8.0,6,1,0,0.7235,148.4,0.0,0.0,0.0,1.0,1.0,0.0,0.0,0.0,0.0,0.0,0,0,1.2950287610583473,0.7230396223822027,0.5945373626419309,1.0,2.0,1.0,0.0,2.0,0.0,1.3333333333333333,0.5000000000000001,-1.0,-2.0,0,8,19,0.03388056728809783,LOW
North Zone 2,Bellary Road 2,0.0,12.0,6,1,1,,,0.0,0.0,0.0,1.0,1.0,0.0,1.0,0.0,0.0,0.0,0,0,1.0,1.0,0.0,1.0,0.0,0.0,1.0,0.0,0.0,1.0,0.0,0.0,0.0,0,5,3,0.09501043196130292,LOW
Central Zone 2,Mysore Road,5.0,0.0,6,1,0,0.2486,20.4,0.0,0.0,0.0,1.0,2.5,0.0,0.0,0.0,0.0,0.0,0,0,2.2602945596229715,1.360732851906753,0.36883740341031,3.0,1.0,1.0,2.0,0.0,0.0,2.0,0.9574271077563384,2.0,2.0,0,1,10,0.42204672716838615,MEDIUM
Central Zone 2,Non-corridor,4.0,0.0,6,4,3,0.5988,95.8,0.0,0.0,0.25,0.875,1.25,0.0,0.25,0.0,0.0,0.0,1,1,2.524143968584661,2.025949577152778,0.2546623710004328,3.0,2.0,3.0,3.0,1.0,3.0,2.0,0.9574271077563322,1.0,2.0,0,1,11,0.7033002071470335,HIGH
South Zone 2,Hosur Road,4.0,0.0,6,1,1,,,0.0,0.0,1.0,0.5,3.0,1.0,0.0,0.0,0.0,0.0,0,0,2.0312820747494698,1.6248360108584166,0.38165004671008274,3.0,1.0,1.0,3.0,0.0,1.0,1.6666666666666667,1.0,2.0,3.0,0,7,7,0.08895689272868429,LOW
North Zone 1,ORR North 1,1.0,8.0,6,1,1,,,1.0,0.0,1.0,0.5,1.0,0.0,0.0,0.0,0.0,0.0,0,0,1.0,1.0,0.0,1.0,0.0,0.0,1.0,0.0,0.0,1.0,0.0,0.0,0.0,0,4,14,0.0859506835407863,LOW
West Zone 1,Tumkur Road,2.0,0.0,6,1,1,,,0.0,0.0,1.0,0.5,3.0,0.0,0.0,0.0,0.0,0.0,0,0,1.0074081420898438,0.8073501586914062,0.18571155539038364,1.0,1.0,1.0,1.0,1.0,0.0,1.0,0.0,0.0,0.0,0,8,19,0.32755536434716437,MEDIUM
West Zone 1,Tumkur Road,0.0,4.0,6,2,0,0.19424999999999998,39.849999999999994,0.0,0.0,0.0,1.0,1.0,0.0,0.0,0.0,0.0,0.0,0,0,1.0,0.0,0.1311,1.0,0.0,0.0,0.0,0.0,0.0,1.0,0.0,0.0,0.0,0,8,19,0.10308923858437725,LOW
Central Zone 2,Non-corridor,5.0,12.0,6,6,4,0.24750000000000003,40.199999999999996,0.0,0.0,0.3333333333333333,0.8333333333333334,1.5,0.0,0.0,0.0,0.0,0.0,1,1,1.1447416332794553,0.1013607101070933,0.38789045700198865,1.0,1.0,1.0,0.0,0.0,1.0,1.3333333333333333,0.5,0.0,0.0,0,1,11,0.5669366281290255,MEDIUM
Central Zone 2,Non-corridor,6.0,4.0,6,3,2,0.0398,10.6,0.0,0.0,0.3333333333333333,0.8333333333333334,1.8333333333333333,0.0,0.6666666666666666,0.0,0.0,0.0,0,1,4.306266464366013,1.9969330475106135,0.3694779998100524,5.0,4.0,1.0,2.0,2.0,1.0,4.666666666666667,1.8929694486000912,1.0,0.0,0,1,11,0.7183114868436348,HIGH
South Zone 1,ORR West 1,5.0,8.0,6,1,0,0.7517,62.2,0.0,0.0,0.0,1.0,2.5,0.0,0.0,0.0,0.0,0.0,0,0,1.0126953125,0.49749755859375,1.3328999895640425,1.0,1.0,1.0,0.0,1.0,1.0,1.0,0.0,0.0,-1.0,0,6,16,0.1431748537293084,LOW
South Zone 2,Bannerghata Road,3.0,0.0,6,1,1,,,0.0,0.0,0.0,1.0,2.5,0.0,0.0,0.0,0.0,0.0,0,0,1.751953125,1.62548828125,0.2317206213413127,2.0,2.0,1.0,2.0,2.0,1.0,1.6666666666666667,0.5773502691896257,0.0,0.0,0,7,1,0.40474759777757613,MEDIUM
Central Zone 2,Non-corridor,2.0,20.0,6,1,0,0.147,58.8,0.0,0.0,1.0,0.5,1.0,0.0,1.0,0.0,0.0,0.0,0,0,1.0625,0.99755859375,0.12240909507526349,1.0,1.0,2.0,1.0,1.0,1.0,1.0,0.5,0.0,0.0,0,1,11,0.274901173185123,LOW
Central Zone 2,Non-corridor,3.0,0.0,6,5,4,0.4692,187.7,0.0,0.0,0.2,0.9,1.3,0.0,0.4,0.0,0.0,0.0,1,1,2.57200525840556,2.2076251018164994,0.3130871223422214,2.0,4.0,3.0,2.0,3.0,2.0,2.6666666666666665,0.9574271077563308,-2.0,-1.0,0,1,11,0.7172740121448937,HIGH
South Zone 2,Bannerghata Road,1.0,8.0,6,1,0,0.2013,41.3,0.0,0.0,1.0,0.5,1.0,0.0,0.0,0.0,0.0,0.0,0,0,1.0,0.8125,0.803184,1.0,1.0,1.0,1.0,1.0,0.0,1.0,0.0,0.0,0.0,0,7,1,0.158764275357145,LOW
Central Zone 2,Non-corridor,3.0,4.0,6,7,6,0.01,4.4,0.42857142857142855,0.0,0.42857142857142855,0.7857142857142857,2.0714285714285716,0.0,0.14285714285714285,0.0,0.0,0.0,1,0,2.6475840304089395,2.051310265282263,0.15082748105779228,3.0,2.0,4.0,2.0,2.0,3.0,2.3333333333333335,0.957427107756338,1.0,0.0,0,1,11,0.6998971248936501,HIGH
East Zone 1,ORR East 2,2.0,8.0,6,1,1,,,0.0,0.0,1.0,0.5,1.0,0.0,0.0,0.0,0.0,0.0,0,0,1.0625,0.1875,0.7313623376623377,1.0,1.0,1.0,0.0,0.0,1.0,1.0,0.0,0.0,0.0,0,2,13,0.13182036685933102,LOW
East Zone 1,ORR East 2,5.0,0.0,6,1,1,,,0.0,0.0,1.0,0.5,3.0,0.0,0.0,0.0,0.0,0.0,0,0,1.0019531273284343,1.001464844215775,2.347554687198424,1.0,1.0,1.0,1.0,1.0,1.0,1.0,0.0,0.0,0.0,0,2,13,0.08544845117026502,LOW
Central Zone 2,Mysore Road,3.0,8.0,6,2,1,0.8395,49.2,0.5,0.0,0.5,0.75,2.75,0.0,0.0,0.0,0.0,0.0,0,1,1.0315249918094196,0.7319750922133608,0.26041905811684235,1.0,1.0,1.0,1.0,0.0,1.0,1.0,0.0,0.0,1.0,0,1,10,0.5010117327353008,MEDIUM
North Zone 2,Bellary Road 1,6.0,16.0,6,1,0,0.0629,12.9,0.0,0.0,0.0,1.0,1.0,0.0,0.0,0.0,0.0,0.0,0,0,1.31640625,1.064453125,1.4266862355737633,1.0,2.0,2.0,1.0,1.0,2.0,1.3333333333333333,0.5773502691896257,-1.0,0.0,0,5,2,0.08245797574309822,LOW
East Zone 1,ORR East 2,4.0,0.0,6,1,1,2.34,726.7,0.0,0.0,1.0,0.5,1.0,0.0,1.0,0.0,0.0,0.0,0,0,1.0001525962802706,1.0000305250363255,2.3438858245051817,1.0,1.0,1.0,1.0,1.0,1.0,1.0,0.0,0.0,0.0,0,2,13,0.03458285609948688,LOW
South Zone 2,Hosur Road,4.0,8.0,6,1,1,,,0.0,0.0,0.0,1.0,2.5,0.0,0.0,0.0,0.0,0.0,0,0,1.877288818359375,0.9626617431640625,1.0969005765123474,2.0,1.0,2.0,1.0,0.0,0.0,2.0,0.816496580927726,1.0,1.0,0,7,7,0.05083606778265682,LOW
Central Zone 2,Non-corridor,3.0,16.0,6,1,1,,,1.0,0.0,1.0,0.5,1.0,1.0,0.0,0.0,0.0,0.0,0,0,1.2501220703125,1.2384033203125,0.62344,1.0,2.0,1.0,1.0,2.0,1.0,1.3333333333333333,0.5,-1.0,-1.0,0,1,11,0.21655496535261862,LOW
North Zone 2,Bellary Road 1,5.0,16.0,6,2,1,1.48205,81.9,1.0,0.0,0.0,1.0,2.75,0.0,0.0,0.0,0.0,0.0,0,0,1.265625,1.2578125,0.1082,1.0,2.0,1.0,1.0,2.0,1.0,1.3333333333333333,0.5,-1.0,-1.0,0,5,2,0.10089518368549542,LOW
South Zone 2,Hosur Road,4.0,12.0,6,2,1,0.5453,47.1,0.0,0.0,0.5,0.75,2.5,0.0,0.5,0.0,0.0,0.0,0,0,1.080078125,0.18538284301757812,0.49000615783179297,1.0,1.0,2.0,0.0,0.0,0.0,1.0,0.4999999999999999,0.0,0.0,0,7,7,0.4181813421110135,MEDIUM
Central Zone 2,Mysore Road,3.0,4.0,6,1,0,0.0292,4.0,0.0,0.0,0.0,1.0,1.5,0.0,0.0,0.0,0.0,0.0,0,0,1.5634175645536743,0.9258821503608488,0.1350909847007323,2.0,1.0,1.0,1.0,1.0,0.0,1.3333333333333333,0.5,1.0,0.0,0,1,10,0.3880978426200177,MEDIUM
Central Zone 2,Mysore Road,6.0,0.0,6,1,1,,,0.0,0.0,0.0,1.0,3.0,1.0,0.0,0.0,0.0,0.0,0,0,2.2758990128117635,1.2565639313513803,0.4150975906325972,2.0,3.0,1.0,1.0,1.0,1.0,2.6666666666666665,0.9574271077563381,-1.0,0.0,0,1,10,0.3921630990563787,MEDIUM
North Zone 2,Bellary Road 2,3.0,8.0,6,2,1,0.0843,17.3,0.0,0.0,0.5,0.75,1.75,0.0,1.0,0.0,0.0,0.0,0,0,3.010048508644104,1.6179014146327972,0.24101852480962987,3.0,5.0,1.0,2.0,2.0,1.0,3.0,1.9148542155126762,-2.0,0.0,0,5,3,0.1473556828866241,LOW
Central Zone 2,Non-corridor,2.0,12.0,6,1,1,,,0.0,0.0,0.0,1.0,2.5,0.0,0.0,0.0,0.0,0.0,0,0,3.8116933843120933,3.102612602058798,0.0995095542169442,6.0,1.0,1.0,5.0,1.0,0.0,3.3333333333333335,2.362907813126304,5.0,4.0,0,1,11,0.6888474246200452,HIGH
North Zone 2,Bellary Road 2,3.0,0.0,6,2,2,,,0.0,0.0,0.5,0.75,2.0,0.0,1.0,0.0,0.0,0.0,0,0,1.285706341266632,0.2502143979072571,0.908150221987978,1.0,2.0,1.0,0.0,0.0,1.0,1.3333333333333333,0.5,-1.0,0.0,0,5,3,0.05981139746028344,LOW
Central Zone 2,Non-corridor,2.0,16.0,6,1,0,0.4378,41.7,1.0,0.0,1.0,0.5,3.0,0.0,0.0,0.0,0.0,0.0,0,0,1.03125,1.03125,0.0,1.0,1.0,1.0,1.0,1.0,1.0,1.0,0.0,0.0,0.0,0,1,11,0.22374138806608998,LOW
North Zone 2,Bellary Road 1,5.0,4.0,6,2,2,,,0.0,0.0,0.5,0.75,1.0,0.0,0.0,0.0,0.0,0.0,0,0,1.751007438171655,1.5468196822184836,1.0314176500584753,2.0,2.0,1.0,2.0,2.0,0.0,1.6666666666666667,0.5773502691896257,0.0,0.0,0,5,2,0.0776533378242313,LOW
North Zone 1,ORR North 1,4.0,0.0,6,1,1,,,0.0,0.0,0.0,1.0,2.5,0.0,0.0,0.0,0.0,0.0,0,0,1.5021994188427925,1.313421256840229,0.23035443796476207,1.0,3.0,1.0,1.0,3.0,0.0,1.6666666666666667,1.0,-2.0,-2.0,0,4,14,0.098779533670854,LOW
Central Zone 2,Non-corridor,5.0,16.0,6,1,1,,,1.0,0.0,1.0,0.5,1.0,0.0,0.0,0.0,0.0,0.0,0,0,1.3498840481042862,1.0879197269678116,1.5592655686596042,1.0,1.0,1.0,1.0,1.0,1.0,1.6666666666666667,0.9999999999999999,0.0,0.0,0,1,11,0.2839106968668544,LOW
Central Zone 2,CBD 2,1.0,8.0,6,1,1,,,0.0,0.0,0.0,1.0,2.5,0.0,0.0,0.0,0.0,0.0,0,0,1.25,0.75,0.62158,1.0,2.0,0.0,1.0,1.0,0.0,1.3333333333333333,0.5773502691896257,-1.0,0.0,0,1,5,0.21520879967612128,LOW
Central Zone 2,CBD 2,2.0,12.0,6,2,2,,,0.0,0.0,1.0,0.5,1.25,0.5,0.0,0.0,0.0,0.0,0,0,1.5,1.5,0.0,2.0,1.0,0.0,2.0,1.0,0.0,1.5,0.7071067811865476,1.0,1.0,0,1,5,0.2674615724072616,LOW
Central Zone 2,CBD 2,3.0,0.0,6,1,1,,,0.0,0.0,0.0,1.0,1.0,0.0,0.0,0.0,0.0,0.0,0,0,1.0,0.8671875,0.6410690555927662,1.0,1.0,1.0,1.0,1.0,1.0,1.0,0.0,0.0,0.0,0,1,5,0.10043142848190799,LOW
Central Zone 2,Non-corridor,6.0,0.0,6,7,6,0.9167,366.7,0.0,0.0,0.14285714285714285,0.9285714285714286,1.1428571428571428,0.5714285714285714,0.14285714285714285,0.0,0.0,0.0,1,0,2.6195387990747334,1.3138744329462968,0.30348137054005836,2.0,4.0,2.0,1.0,2.0,2.0,3.0,0.957427107756338,-2.0,-1.0,0,1,11,0.7183114868436348,HIGH
North Zone 2,Bellary Road 1,5.0,8.0,6,1,0,0.1812,53.1,1.0,0.0,0.0,1.0,0.5,0.0,0.0,0.0,0.0,0.0,0,0,1.1566770316815254,0.9202650479205012,0.5209901802809422,1.0,1.0,1.0,1.0,1.0,0.0,1.3333333333333333,0.5,0.0,0.0,0,5,2,0.5047291984555405,MEDIUM
Central Zone 2,Non-corridor,2.0,8.0,6,3,2,0.1295,14.8,0.3333333333333333,0.0,0.6666666666666666,0.6666666666666666,2.6666666666666665,0.0,0.3333333333333333,0.0,0.0,0.0,0,0,2.8870096588161687,2.0360943833329657,0.3909950802695882,2.0,6.0,1.0,1.0,5.0,1.0,3.0,2.380476142847616,-4.0,-4.0,0,1,11,0.7183114868436348,HIGH
Central Zone 1,Old Madras Road,4.0,4.0,6,1,1,,,1.0,0.0,0.0,1.0,1.0,0.0,0.0,0.0,0.0,0.0,0,0,1.398468017578125,1.0814208984375,0.3544555869385139,1.0,2.0,1.0,1.0,1.0,1.0,1.6666666666666667,0.5773502691896257,-1.0,0.0,0,0,18,0.19271544936508814,LOW
Central Zone 1,Old Madras Road,4.0,12.0,6,1,1,,,0.0,0.0,1.0,0.5,2.5,0.0,0.0,0.0,0.0,0.0,0,0,1.01025390625,0.8681640625,0.20061432651940206,1.0,1.0,1.0,1.0,1.0,1.0,1.0,0.0,0.0,0.0,0,0,18,0.36833791756303835,MEDIUM
West Zone 1,Tumkur Road,3.0,12.0,6,1,0,0.1499,12.3,0.0,0.0,0.0,1.0,2.5,0.0,0.0,0.0,0.0,0.0,0,1,2.3984375,1.1007080078125,0.2194185583154395,2.0,2.0,1.0,1.0,2.0,1.0,3.3333333333333335,2.217355782608345,0.0,-1.0,0,8,19,0.5480478169405335,MEDIUM
West Zone 1,Tumkur Road,4.0,0.0,6,1,0,1.17,1327.5,0.0,0.0,0.0,1.0,0.5,0.0,0.0,0.0,0.0,0.0,0,0,1.7646493929405551,0.574954463803806,0.37650191619512974,2.0,2.0,1.0,0.0,2.0,0.0,1.6666666666666667,0.5773502691896257,0.0,-2.0,0,8,19,0.15030016985562106,LOW
West Zone 1,Tumkur Road,3.0,4.0,6,1,1,2.34,1303.8,0.0,0.0,0.0,1.0,1.0,0.0,0.0,0.0,0.0,0.0,0,0,1.0635399227030575,0.3352813059464097,0.9361053683772622,1.0,1.0,2.0,0.0,1.0,1.0,1.0,0.5,0.0,-1.0,0,8,19,0.03793619053173274,LOW
West Zone 1,Tumkur Road,3.0,8.0,6,4,2,0.317,26.599999999999998,0.5,0.0,0.5,0.75,2.25,0.0,0.0,0.0,0.0,0.0,0,0,1.5273628309369087,1.0981433298438787,0.5853621040939269,1.0,3.0,1.0,1.0,2.0,1.0,1.6666666666666667,1.0,-2.0,-1.0,0,8,19,0.10268650138645287,LOW
North Zone 1,Hennur Main Road,3.0,8.0,6,1,1,,,0.0,0.0,1.0,0.5,1.0,0.0,1.0,0.0,0.0,0.0,0,0,1.4111328125,1.28125,1.3169352545645914,1.0,2.0,1.0,1.0,2.0,1.0,1.6666666666666667,0.5773502691896257,-1.0,-1.0,0,4,6,0.03899883943713831,LOW
Central Zone 2,Mysore Road,2.0,0.0,6,3,1,0.9648333333333333,79.16666666666666,0.0,0.0,0.3333333333333333,0.8333333333333334,2.5,0.0,0.0,0.0,0.0,0.0,0,0,1.6458668112754822,1.3623209297657013,0.6699487325174707,1.0,3.0,1.0,1.0,2.0,1.0,2.0,0.9574271077563381,-2.0,-1.0,0,1,10,0.5391812002178101,MEDIUM
North Zone 2,Bellary Road 1,4.0,8.0,6,1,1,,,0.0,0.0,1.0,0.5,3.0,0.0,0.0,0.0,0.0,0.0,0,0,1.1093201104704917,0.5878522676483158,0.6116325144599848,1.0,1.0,2.0,1.0,0.0,1.0,1.0,0.5,0.0,1.0,0,5,2,0.2133970372906433,LOW
Central Zone 2,Non-corridor,4.0,8.0,6,2,0,0.397,28.9,0.5,0.0,0.5,0.75,2.5,0.5,0.0,0.0,0.0,0.0,0,1,2.669601164270305,1.876619125476413,0.687184154156937,3.0,2.0,4.0,2.0,2.0,2.0,2.3333333333333335,0.9574271077563383,1.0,0.0,0,1,11,0.681080048351259,HIGH
South Zone 2,IRR(Thanisandra road),3.0,8.0,6,1,1,,,1.0,0.0,0.0,1.0,1.0,1.0,0.0,0.0,0.0,0.0,0,0,1.5,0.5,0.4389088,2.0,1.0,1.0,1.0,0.0,0.0,1.3333333333333333,0.5,1.0,1.0,0,7,8,0.23709326990535343,LOW
Central Zone 2,Mysore Road,2.0,8.0,6,2,2,,,0.5,0.0,0.5,0.75,2.5,0.0,0.0,0.0,0.0,0.0,0,0,2.0218632221221924,0.7196432948112488,0.6226656903184343,3.0,1.0,1.0,1.0,0.0,1.0,1.6666666666666667,1.0,2.0,1.0,0,1,10,0.2296997651267525,LOW
North Zone 2,Bellary Road 2,3.0,12.0,6,1,0,0.6684,45.7,0.0,0.0,0.0,1.0,3.0,0.0,1.0,0.0,0.0,0.0,0,0,1.5791015625,0.796875,0.4050439517749498,2.0,1.0,2.0,1.0,0.0,2.0,1.3333333333333333,0.5773502691896257,1.0,1.0,0,5,3,0.3451174234960967,MEDIUM
South Zone 1,ORR West 1,3.0,8.0,6,1,0,0.2876,59.0,0.0,0.0,0.0,1.0,1.0,0.0,0.0,0.0,0.0,0.0,0,0,1.0,0.875,0.6358,1.0,1.0,1.0,1.0,1.0,1.0,1.0,0.0,0.0,0.0,0,6,16,0.2620969480689195,LOW
East Zone 1,ORR East 1,1.0,0.0,6,1,1,,,0.0,0.0,1.0,0.5,3.0,0.0,1.0,0.0,0.0,0.0,0,0,1.25,0.5,0.17515999999999998,1.0,2.0,1.0,0.0,1.0,1.0,1.3333333333333333,0.5,-1.0,-1.0,0,2,12,0.03304639978066209,LOW
Central Zone 2,Mysore Road,6.0,12.0,6,1,1,,,0.0,0.0,0.0,1.0,1.0,0.0,0.0,0.0,0.0,0.0,0,0,2.594667764897167,1.0850441794594872,0.7341102376492602,2.0,1.0,2.0,0.0,1.0,2.0,4.0,3.696845502136472,1.0,-1.0,0,1,10,0.3259008053870321,MEDIUM
Central Zone 2,Mysore Road,6.0,8.0,6,1,0,0.1599,32.8,0.0,0.0,0.0,1.0,1.0,0.0,0.0,1.0,0.0,0.0,0,0,1.4113189759811038,1.0175510150063667,0.6856893951187956,1.0,1.0,3.0,1.0,0.0,3.0,1.6666666666666667,1.1547005383792515,0.0,1.0,0,1,10,0.27611920352694885,LOW
South Zone 1,ORR West 1,4.0,0.0,6,1,1,,,0.0,0.0,1.0,0.5,1.0,0.0,0.0,0.0,0.0,0.0,0,0,1.13720703125,1.1041259765625,0.7699891452631579,1.0,1.0,1.0,1.0,1.0,1.0,1.3333333333333333,0.5,0.0,0.0,0,6,16,0.3862926669863386,MEDIUM
North Zone 2,Bellary Road 2,5.0,16.0,6,2,2,,,1.0,0.0,0.5,0.75,1.25,0.0,1.0,0.0,0.0,0.0,0,0,1.0,0.46875,1.0129453739612189,1.0,1.0,1.0,0.0,1.0,1.0,1.0,0.0,0.0,-1.0,0,5,3,0.05312729157032216,LOW
North Zone 2,Bellary Road 2,5.0,12.0,6,3,3,,,0.0,0.0,0.6666666666666666,0.6666666666666666,1.0,0.0,0.3333333333333333,0.0,0.0,0.0,1,0,1.5117894411087036,1.4747066497802734,0.3369101238939324,2.0,1.0,1.0,2.0,1.0,1.0,1.3333333333333333,0.5,1.0,1.0,0,5,3,0.39086802930242426,MEDIUM
North Zone 2,Bellary Road 2,5.0,0.0,6,1,1,,,0.0,0.0,0.0,1.0,1.5,0.0,1.0,0.0,0.0,0.0,0,0,1.9493811470515539,1.441011430468734,0.4837368957671336,1.0,4.0,1.0,1.0,2.0,1.0,2.3333333333333335,1.4142135623730951,-3.0,-1.0,0,5,3,0.23860810284407244,LOW
North Zone 2,Bellary Road 2,6.0,12.0,6,2,2,,,0.0,0.0,0.5,0.75,1.25,0.0,1.0,0.0,0.0,0.0,0,0,1.0664983550086617,0.8162086457014084,0.77832934891759,1.0,1.0,1.0,1.0,0.0,1.0,1.0,0.0,0.0,1.0,0,5,3,0.10676451506821788,LOW
North Zone 2,Bellary Road 1,3.0,0.0,6,1,0,0.197,40.4,0.0,0.0,0.0,1.0,1.0,0.0,0.0,0.0,0.0,0.0,0,0,1.0627623316831887,0.988238122779876,0.4951525251839796,1.0,1.0,1.0,1.0,1.0,0.0,1.0,0.0,0.0,0.0,0,5,2,0.4688210166974198,MEDIUM
North Zone 1,ORR North 1,4.0,12.0,6,1,0,0.1615,33.7,0.0,0.0,0.0,1.0,1.0,0.0,1.0,0.0,0.0,0.0,0,0,1.1875,0.837890625,0.4683194236788142,1.0,1.0,4.0,1.0,0.0,3.0,1.0,1.5,0.0,1.0,0,4,14,0.4615144074437036,MEDIUM
North Zone 1,ORR North 1,5.0,8.0,6,1,1,,,0.0,0.0,0.0,1.0,1.0,0.0,1.0,0.0,0.0,0.0,0,0,1.1924105882644653,1.1762734651565552,2.264729008084527,1.0,1.0,2.0,1.0,1.0,2.0,1.0,0.5000000000000016,0.0,0.0,0,4,14,0.08135337147113571,LOW
Central Zone 2,CBD 2,4.0,8.0,6,1,1,,,1.0,0.0,0.0,1.0,3.0,1.0,0.0,0.0,0.0,0.0,0,0,1.064453125,1.060546875,2.8439678097789685,1.0,1.0,2.0,1.0,1.0,2.0,1.0,0.5,0.0,0.0,0,1,5,0.13302195522258067,LOW
West Zone 1,Magadi Road,6.0,12.0,6,1,1,,,0.0,0.0,0.0,1.0,2.5,0.0,0.0,0.0,0.0,0.0,0,0,1.1562576293945312,0.5936641693115234,0.32697569316779623,1.0,1.0,1.0,1.0,0.0,1.0,1.3333333333333333,0.4999999999999999,0.0,1.0,0,8,9,0.24208752037364284,LOW
Central Zone 2,CBD 2,6.0,0.0,6,2,1,0.3661,75.1,0.0,0.0,0.5,0.75,1.75,0.5,0.0,0.0,0.0,0.0,0,0,1.3134765625,1.0458660125732422,0.18325862455798822,1.0,2.0,2.0,1.0,1.0,2.0,1.3333333333333333,0.5773502691896257,-1.0,0.0,0,1,5,0.21662385421843255,LOW
Central Zone 2,Non-corridor,5.0,4.0,6,4,3,0.3739,53.9,0.25,0.0,0.5,0.75,2.5,0.25,0.5,0.0,0.0,0.0,1,1,1.8320695280374777,1.0336132445700992,0.3021795766008776,1.0,2.0,1.0,1.0,0.0,1.0,2.6666666666666665,1.8929694486000912,-1.0,1.0,0,1,11,0.6884268468496463,HIGH
West Zone 1,Magadi Road,0.0,4.0,6,3,3,1.593,77.8,0.3333333333333333,0.0,0.6666666666666666,0.6666666666666666,2.6666666666666665,0.0,0.0,0.0,0.0,0.0,1,0,0.0,0.0,0.0,0.0,0.0,0.0,0.0,0.0,0.0,0.0,0.0,0.0,0.0,0,8,9,0.11240954135885262,LOW
Central Zone 2,Non-corridor,2.0,4.0,6,4,2,0.24625000000000002,34.95,0.25,0.0,0.0,1.0,2.625,0.0,0.25,0.0,0.0,0.0,0,0,4.536135041937996,3.356364306974001,0.23379895325693958,6.0,5.0,1.0,4.0,5.0,1.0,4.0,2.6299556396765835,1.0,-1.0,0,1,11,0.7183114868436348,HIGH
East Zone 1,Varthur Road,3.0,8.0,6,1,0,0.6071,59.3,1.0,0.0,0.0,1.0,1.5,0.0,1.0,0.0,0.0,0.0,0,0,1.0,0.5,1.06516,1.0,1.0,0.0,1.0,0.0,0.0,1.0,0.0,0.0,1.0,0,2,20,0.10319984889957451,LOW
East Zone 1,Varthur Road,4.0,0.0,6,1,0,1.1038,98.8,0.0,0.0,0.0,1.0,2.5,0.0,1.0,0.0,0.0,0.0,0,0,2.7001953125,1.93115234375,0.9559087907089887,4.0,1.0,2.0,3.0,0.0,2.0,2.3333333333333335,1.2583057392117916,3.0,3.0,0,2,20,0.11705470691982006,LOW
North Zone 1,Hennur Main Road,2.0,8.0,6,2,1,1.4713,100.6,0.0,0.0,0.5,0.75,3.0,0.0,1.0,0.0,0.0,0.0,0,0,1.2890625,1.25,0.522877922077922,1.0,1.0,1.0,1.0,1.0,1.0,1.6666666666666667,1.0,0.0,0.0,0,4,6,0.12337590595835078,LOW
North Zone 1,Hennur Main Road,3.0,0.0,6,1,0,1.3499,92.3,0.0,0.0,0.0,1.0,3.0,0.0,1.0,0.0,0.0,0.0,0,0,1.6328125,1.3681640625,0.5660555335347431,2.0,1.0,1.0,2.0,1.0,1.0,1.6666666666666667,0.5773502691896257,1.0,1.0,0,4,6,0.32966186577735995,MEDIUM
North Zone 1,Hennur Main Road,5.0,4.0,6,1,1,,,0.0,0.0,0.0,1.0,1.0,0.0,1.0,0.0,0.0,0.0,0,0,1.0,0.4375,0.1425948051948052,1.0,1.0,1.0,0.0,1.0,0.0,1.0,0.0,0.0,-1.0,0,4,6,0.13723771844658403,LOW
Central Zone 2,Non-corridor,6.0,8.0,6,5,3,0.82945,89.1,0.2,0.0,0.6,0.7,2.0,0.2,0.4,0.0,0.0,0.0,1,0,4.001580489389507,2.0443749243675056,0.1999284711272194,6.0,2.0,2.0,3.0,1.0,1.0,3.3333333333333335,2.0,4.0,2.0,0,1,11,0.7143010818692955,HIGH
North Zone 1,Hennur Main Road,3.0,4.0,6,1,1,,,0.0,0.0,0.0,1.0,3.0,0.0,1.0,0.0,0.0,0.0,0,0,1.0,1.0,0.0,1.0,1.0,1.0,1.0,1.0,1.0,1.0,0.0,0.0,0.0,0,4,6,0.11526411151398777,LOW
North Zone 1,Hennur Main Road,1.0,0.0,6,1,0,0.2004,41.1,0.0,0.0,0.0,1.0,1.0,0.0,1.0,0.0,0.0,0.0,0,0,1.0,1.0,0.0,1.0,1.0,0.0,1.0,1.0,0.0,1.0,0.0,0.0,0.0,0,4,6,0.11060241927111289,LOW
North Zone 2,Bellary Road 1,3.0,4.0,6,1,1,,,0.0,0.0,0.0,1.0,3.0,0.0,0.0,0.0,0.0,0.0,0,0,1.0938720703125,0.4987754821777344,0.9996716139741947,1.0,1.0,1.0,0.0,1.0,0.0,1.0,0.0,0.0,-1.0,0,5,2,0.055965711166914456,LOW
Central Zone 2,Non-corridor,4.0,4.0,6,4,3,0.4612,73.8,0.0,0.0,0.5,0.75,2.125,0.0,0.5,0.0,0.0,0.0,1,0,2.5497257048342163,1.16615334556782,0.3465770816433327,2.0,4.0,4.0,1.0,2.0,0.0,2.3333333333333335,1.5,-2.0,-1.0,0,1,11,0.6840745922290971,HIGH
North Zone 2,Bellary Road 1,4.0,4.0,6,1,0,0.1475,12.1,0.0,0.0,0.0,1.0,2.5,0.0,0.0,0.0,0.0,0.0,0,0,2.031616687774658,1.9433545917272568,0.5595629929062211,3.0,1.0,1.0,3.0,1.0,0.0,1.6666666666666667,1.0,2.0,2.0,0,5,2,0.38293649404437813,MEDIUM
Central Zone 2,Non-corridor,4.0,20.0,6,1,0,0.714,95.2,0.0,0.0,0.0,1.0,3.0,0.0,1.0,0.0,0.0,0.0,0,0,1.7578125,1.62469482421875,0.14098228610603122,2.0,2.0,1.0,2.0,2.0,1.0,1.6666666666666667,0.5773502691896257,0.0,0.0,0,1,11,0.523341800530398,MEDIUM
West Zone 1,Magadi Road,1.0,4.0,6,1,1,,,0.0,0.0,0.0,1.0,1.5,0.0,0.0,0.0,0.0,0.0,0,0,1.3125,0.1875,0.49267875324675325,1.0,2.0,1.0,0.0,0.0,1.0,1.3333333333333333,0.5,-1.0,0.0,0,8,9,0.11045137350106357,LOW
West Zone 1,Magadi Road,0.0,12.0,6,1,1,,,0.0,0.0,0.0,1.0,3.0,0.0,0.0,0.0,0.0,0.0,0,0,0.0,0.0,0.0,0.0,0.0,0.0,0.0,0.0,0.0,0.0,0.0,0.0,0.0,0,8,9,0.1629776560487259,LOW
West Zone 1,Magadi Road,0.0,0.0,6,1,1,1.5707,107.4,0.0,0.0,0.0,1.0,3.0,0.0,0.0,0.0,0.0,0.0,0,0,1.0,1.0,0.0,1.0,0.0,0.0,1.0,0.0,0.0,1.0,0.0,0.0,0.0,0,8,9,0.03425032763022893,LOW
East Zone 1,ORR East 1,4.0,4.0,6,1,0,0.4771,40.5,0.0,0.0,0.0,1.0,2.5,0.0,0.0,0.0,0.0,0.0,0,0,1.0048828125,0.2109375,0.9065364834523981,1.0,1.0,1.0,0.0,0.0,1.0,1.0,0.0,0.0,0.0,0,2,12,0.16860974636639736,LOW
East Zone 1,ORR East 1,1.0,4.0,6,1,1,,,0.0,0.0,0.0,1.0,3.0,0.0,0.0,0.0,0.0,0.0,0,0,1.0,1.0,0.0,1.0,0.0,0.0,1.0,0.0,0.0,1.0,0.0,0.0,0.0,0,2,12,0.0704936926193563,LOW
South Zone 1,ORR West 1,0.0,4.0,6,1,0,0.4802,39.4,0.0,0.0,0.0,1.0,2.5,0.0,0.0,0.0,0.0,0.0,0,0,0.0,0.0,0.0,0.0,0.0,0.0,0.0,0.0,0.0,0.0,0.0,0.0,0.0,0,6,16,0.0931136442190746,LOW
South Zone 1,ORR West 1,1.0,0.0,6,2,1,0.193,39.6,0.0,0.0,0.5,0.75,1.0,0.0,0.0,0.0,0.0,0.0,0,0,1.0,0.25,0.6329,1.0,1.0,0.0,0.0,0.0,0.0,1.0,0.0,0.0,0.0,0,6,16,0.12823140004160602,LOW
Central Zone 2,Non-corridor,0.0,0.0,6,4,3,0.3859,24.7,0.0,0.0,0.5,0.75,2.375,0.5,0.0,0.0,0.0,0.0,1,0,2.25,2.25,0.0,2.0,2.0,0.0,2.0,2.0,0.0,2.3333333333333335,0.5773502691896258,0.0,0.0,0,1,11,0.6374276258579196,HIGH
Central Zone 2,Non-corridor,0.0,4.0,6,2,1,1.1917,192.95000000000002,0.0,0.0,1.0,0.5,1.75,0.5,0.5,0.0,0.0,0.0,0,0,2.5,2.125,0.5040684210526316,3.0,2.0,3.0,3.0,1.0,2.0,2.0,0.9574271077563381,1.0,2.0,0,1,11,0.6643355814237659,HIGH
Central Zone 2,Non-corridor,0.0,8.0,6,2,2,,,0.5,0.0,0.0,1.0,1.75,0.0,0.5,0.0,0.0,0.0,0,0,2.5,1.0,0.24033,1.0,4.0,0.0,0.0,2.0,0.0,2.5,2.1213203435596424,-3.0,-2.0,0,1,11,0.6145489119361194,HIGH
Central Zone 2,Non-corridor,1.0,20.0,6,1,1,,,0.0,0.0,0.0,1.0,1.0,0.0,0.0,0.0,0.0,0.0,0,0,1.0,0.6875,0.7135052631578946,1.0,1.0,1.0,1.0,0.0,0.0,1.0,0.0,0.0,1.0,0,1,11,0.11573432316395306,LOW
Central Zone 1,Old Airport Road,1.0,4.0,6,1,0,0.1245,10.3,0.0,0.0,0.0,1.0,2.5,0.0,0.0,0.0,0.0,0.0,0,0,1.0,1.0,0.0,1.0,0.0,0.0,1.0,0.0,0.0,1.0,0.0,0.0,0.0,0,0,17,0.027453562374599432,LOW
Central Zone 2,Mysore Road,0.0,0.0,6,1,1,,,0.0,0.0,1.0,0.5,2.5,0.0,0.0,0.0,0.0,0.0,0,0,1.0,1.0,0.0,1.0,0.0,0.0,1.0,0.0,0.0,1.0,0.0,0.0,0.0,0,1,10,0.06590930470111682,LOW
West Zone 1,Magadi Road,4.0,0.0,6,2,1,1.2161499999999998,309.55,0.0,0.0,0.0,1.0,1.75,0.0,0.0,0.0,0.0,0.0,0,0,1.65240478515625,1.58978271484375,0.6651299015888008,2.0,1.0,1.0,2.0,1.0,1.0,1.6666666666666667,0.5773502691896257,1.0,1.0,0,8,9,0.14746018332662553,LOW
West Zone 1,Magadi Road,3.0,12.0,6,1,1,,,0.0,0.0,1.0,0.5,2.5,0.0,0.0,0.0,0.0,0.0,0,0,1.015625,0.82421875,0.8208359578947367,1.0,1.0,1.0,1.0,1.0,1.0,1.0,0.0,0.0,0.0,0,8,9,0.15072320759985486,LOW
Central Zone 2,Non-corridor,5.0,8.0,6,4,3,0.9370999999999999,495.75,0.5,0.0,0.0,1.0,1.875,0.0,0.5,0.0,0.0,0.0,1,1,2.631621045685925,2.240346790904165,0.07751084796932625,3.0,2.0,3.0,3.0,1.0,1.0,2.6666666666666665,0.5000000000000001,1.0,2.0,0,1,11,0.7125692916847454,HIGH
Central Zone 2,Mysore Road,0.0,12.0,6,1,1,,,0.0,0.0,1.0,0.5,2.5,0.0,0.0,0.0,0.0,0.0,0,0,1.0,0.5,0.7739,1.0,1.0,0.0,0.0,1.0,0.0,1.0,0.0,0.0,-1.0,0,1,10,0.10875727769900652,LOW
Central Zone 2,Mysore Road,1.0,0.0,6,2,1,0.9038,61.8,0.0,0.0,0.5,0.75,2.0,0.0,0.0,0.0,0.0,0.0,0,0,1.470458984375,1.0665283203125,0.415055713160413,1.0,2.0,2.0,1.0,1.0,2.0,1.6666666666666667,0.5,-1.0,0.0,0,1,10,0.2466799391207372,LOW
Central Zone 2,Mysore Road,1.0,4.0,6,3,2,0.9506,78.0,0.0,0.0,0.3333333333333333,0.8333333333333334,2.5,0.0,0.0,0.0,0.0,0.0,0,0,1.1787109375,0.8271484375,0.7168027126403266,1.0,1.0,3.0,1.0,0.0,2.0,1.0,1.0,0.0,1.0,0,1,10,0.3310686315203712,MEDIUM
North Zone 2,ORR North 2,6.0,8.0,6,1,1,,,0.0,0.0,0.0,1.0,1.5,0.0,0.0,0.0,0.0,0.0,0,0,1.002967852838994,0.8776626598209996,1.4210099346529774,1.0,1.0,1.0,1.0,1.0,1.0,1.0,0.0,0.0,0.0,0,5,15,0.07955399036062004,LOW
Central Zone 2,Non-corridor,0.0,12.0,6,2,2,,,0.0,0.0,1.0,0.5,1.0,0.0,0.5,0.0,0.0,0.0,0,0,1.0,0.5,0.555,1.0,1.0,0.0,1.0,0.0,0.0,1.0,0.0,0.0,1.0,0,1,11,0.11045580733332026,LOW
West Zone 1,Tumkur Road,5.0,4.0,6,1,1,,,0.0,0.0,0.0,1.0,3.0,0.0,0.0,0.0,0.0,0.0,0,0,1.0163613000441103,0.8980307178531461,0.5709489288581773,1.0,1.0,1.0,1.0,1.0,0.0,1.0,0.0,0.0,0.0,0,8,19,0.4288580568805987,MEDIUM
West Zone 1,Tumkur Road,4.0,12.0,6,2,2,,,0.0,0.0,1.0,0.5,2.75,0.0,0.0,0.0,0.0,0.0,0,0,1.168701171875,0.5968971252441406,0.21886858590371708,1.0,1.0,3.0,0.0,1.0,3.0,1.0,1.0000000000000007,0.0,-1.0,0,8,19,0.21682677990481816,LOW
West Zone 1,Tumkur Road,4.0,16.0,6,1,1,,,1.0,0.0,0.0,1.0,1.0,1.0,0.0,0.0,0.0,0.0,0,0,1.0,0.76953125,0.6857538623999999,1.0,1.0,1.0,1.0,1.0,0.0,1.0,0.0,0.0,0.0,0,8,19,0.17953191442932018,LOW
West Zone 1,Tumkur Road,5.0,0.0,6,1,1,,,0.0,0.0,1.0,0.5,0.5,0.0,0.0,0.0,0.0,0.0,0,0,1.1908075660612938,0.7334072106088837,0.6443966910534906,1.0,1.0,2.0,1.0,0.0,1.0,1.3333333333333333,0.5773502691896257,0.0,1.0,0,8,19,0.3014507307106033,MEDIUM
Central Zone 1,Old Madras Road,0.0,4.0,6,1,1,,,0.0,0.0,1.0,0.5,1.0,0.0,0.0,0.0,0.0,0.0,0,0,2.0,1.0,0.0184,2.0,0.0,0.0,1.0,0.0,0.0,2.0,0.0,0.0,0.0,0,0,18,0.4778964426019995,MEDIUM
Central Zone 1,Old Madras Road,0.0,12.0,6,2,2,,,0.0,0.0,1.0,0.5,2.5,0.0,0.0,0.0,0.0,0.0,0,0,0.0,0.0,0.0,0.0,0.0,0.0,0.0,0.0,0.0,0.0,0.0,0.0,0.0,0,0,18,0.05737255783722584,LOW
North Zone 2,ORR North 2,6.0,4.0,6,1,1,,,1.0,0.0,0.0,1.0,3.0,0.0,0.0,0.0,0.0,0.0,0,0,1.2505054473876953,0.855860710144043,0.36949670594346884,1.0,2.0,1.0,1.0,1.0,1.0,1.3333333333333333,0.5,-1.0,0.0,0,5,15,0.08866366555122766,LOW
Central Zone 2,Non-corridor,2.0,0.0,6,3,1,0.4446,69.85,0.0,0.0,0.3333333333333333,0.8333333333333334,2.6666666666666665,0.0,0.3333333333333333,0.0,0.0,0.0,0,1,4.971675736542238,2.397524675925524,0.22680855742186914,5.0,8.0,1.0,3.0,2.0,0.0,5.0,3.1622776601683777,-3.0,1.0,0,1,11,0.7183114868436348,HIGH
Central Zone 2,Non-corridor,4.0,16.0,6,4,3,1.0868,358.3,1.0,0.0,0.0,1.0,1.0,0.0,0.0,0.0,0.0,0.0,1,0,2.785158157348633,2.253725051879883,1.4567733616710885,1.0,7.0,1.0,0.0,7.0,1.0,3.6666666666666665,2.8284271247461903,-6.0,-7.0,0,1,11,0.6793884819865537,HIGH
Central Zone 2,Non-corridor,5.0,0.0,6,2,1,0.2602,38.2,0.0,0.0,0.0,1.0,2.0,0.5,0.5,0.0,0.0,0.0,0,1,3.031557175231814,1.3948021924956404,0.34066633720941986,4.0,1.0,1.0,2.0,0.0,1.0,3.3333333333333335,2.0615528128088294,3.0,2.0,0,1,11,0.7143010818692955,HIGH
North Zone 2,Bellary Road 1,1.0,4.0,6,2,1,0.1048,21.5,0.0,0.0,0.5,0.75,1.25,0.0,0.0,0.0,0.0,0.0,0,0,1.0,0.96875,1.4441453851306094,1.0,1.0,1.0,1.0,1.0,1.0,1.0,0.0,0.0,0.0,0,5,2,0.0558489983754148,LOW
North Zone 2,Bellary Road 1,1.0,8.0,6,1,0,0.0795,16.3,0.0,0.0,1.0,0.5,1.0,0.0,0.0,0.0,0.0,0.0,0,0,1.25390625,0.86328125,0.4772288311688312,1.0,2.0,1.0,1.0,1.0,1.0,1.3333333333333333,0.5,-1.0,0.0,0,5,2,0.053155959261753455,LOW
North Zone 2,Bellary Road 1,1.0,0.0,6,1,0,0.8095,110.7,0.0,0.0,1.0,0.5,1.5,0.0,0.0,0.0,0.0,0.0,0,0,1.298828125,1.111328125,1.5023600000000001,1.0,1.0,1.0,1.0,1.0,0.0,1.6666666666666667,1.0,0.0,0.0,0,5,2,0.1107628384320942,LOW
North Zone 2,Bellary Road 1,0.0,8.0,6,1,1,,,0.0,0.0,0.0,1.0,2.5,0.0,0.0,0.0,0.0,0.0,0,0,0.0,0.0,0.0,0.0,0.0,0.0,0.0,0.0,0.0,0.0,0.0,0.0,0.0,0,5,2,0.08557023263815278,LOW
West Zone 1,Magadi Road,6.0,4.0,6,1,0,0.116,17.0,1.0,0.0,1.0,0.5,1.0,0.0,0.0,0.0,0.0,0.0,0,0,1.8906259629875422,0.6499604936689138,0.8830213351895037,2.0,1.0,1.0,1.0,0.0,0.0,2.3333333333333335,1.4142135623730951,1.0,1.0,0,8,9,0.1380386926621285,LOW
North Zone 2,ORR North 2,3.0,8.0,6,2,2,,,0.5,0.0,0.5,0.75,1.75,0.0,0.0,0.0,0.0,0.0,0,0,1.7656407356262207,1.7031331062316895,0.03676981032862568,2.0,2.0,1.0,2.0,2.0,0.0,1.6666666666666667,0.5773502691896257,0.0,0.0,0,5,15,0.34481025467594806,MEDIUM
East Zone 1,ORR East 2,1.0,0.0,6,2,2,,,0.0,0.0,0.5,0.75,1.25,0.0,1.0,0.0,0.0,0.0,0,0,1.25,1.25,2.34,1.0,2.0,1.0,1.0,2.0,1.0,1.3333333333333333,0.5,-1.0,-1.0,0,2,13,0.03648543358726823,LOW
North Zone 2,ORR North 2,1.0,4.0,6,1,1,,,1.0,0.0,0.0,1.0,1.5,0.0,0.0,0.0,0.0,0.0,0,0,1.0,1.0,0.0,1.0,1.0,0.0,1.0,1.0,0.0,1.0,0.0,0.0,0.0,0,5,15,0.0707155396538855,LOW
Central Zone 1,Old Madras Road,0.0,20.0,6,1,1,,,0.0,0.0,1.0,0.5,1.0,0.0,0.0,0.0,0.0,0.0,0,0,0.0,0.0,0.0,0.0,0.0,0.0,0.0,0.0,0.0,0.0,0.0,0.0,0.0,0,0,18,0.08156910887044817,LOW
Central Zone 1,Old Madras Road,1.0,0.0,6,1,1,,,0.0,0.0,1.0,0.5,3.0,0.0,0.0,0.0,0.0,0.0,0,0,2.0,0.234375,0.420707504531722,3.0,1.0,1.0,0.0,0.0,1.0,1.6666666666666667,1.0,2.0,0.0,0,0,18,0.6240100644390226,HIGH
East Zone 1,ORR East 2,2.0,0.0,6,1,1,2.34,712.2,0.0,0.0,0.0,1.0,1.0,0.0,1.0,0.0,0.0,0.0,0,0,1.0332536697387695,1.0327272415161133,2.3475342528519096,1.0,1.0,1.0,1.0,1.0,1.0,1.0,0.0,0.0,0.0,0,2,13,0.055072644892818025,LOW
East Zone 1,ORR East 2,0.0,8.0,6,2,0,0.6438999999999999,94.35,1.0,0.0,0.0,1.0,1.0,0.0,0.5,0.0,0.0,0.0,0,0,0.0,0.0,0.0,0.0,0.0,0.0,0.0,0.0,0.0,0.0,0.0,0.0,0.0,0,2,13,0.12253645340529484,LOW
North Zone 2,ORR North 2,5.0,0.0,6,1,1,,,0.0,0.0,1.0,0.5,2.5,0.0,0.0,0.0,0.0,0.0,0,0,1.2036134088411927,0.890707959420979,0.19508899150089087,1.0,1.0,2.0,1.0,0.0,1.0,1.3333333333333333,0.5773502691896257,0.0,1.0,0,5,15,0.3156612245495468,MEDIUM
East Zone 1,ORR East 2,2.0,0.0,7,1,1,3.042,631.9,0.0,0.0,0.0,1.0,1.0,0.0,1.0,0.0,0.0,1.0,0,0,1.0166268348693848,1.0163636207580566,2.3445205517111454,1.0,1.0,1.0,1.0,1.0,1.0,1.0,0.0,0.0,0.0,0,2,13,0.041133644141241,LOW
East Zone 1,ORR East 1,5.0,4.0,7,1,0,0.5604,121.0,0.0,0.0,0.0,1.0,1.0,0.0,0.0,0.0,0.0,0.0,0,0,1.0625190734863281,0.196136474609375,0.3854774216861216,1.0,1.0,2.0,0.0,0.0,1.0,1.0,0.5,0.0,0.0,0,2,12,0.22913679076666946,LOW
Central Zone 2,Non-corridor,1.0,4.0,7,5,4,0.1145,71.4,0.2,0.0,0.2,0.9,1.6,0.0,0.4,0.0,0.0,0.0,1,1,2.168867588043213,1.529774785041809,0.25746555453564934,2.0,2.0,2.0,2.0,0.0,2.0,2.3333333333333335,0.5000000000000001,0.0,2.0,0,1,11,0.6957730039302373,HIGH
North Zone 2,ORR North 2,4.0,8.0,7,1,1,,,0.0,0.0,0.0,1.0,1.0,0.0,0.0,0.0,0.0,0.0,0,0,1.0192585010663606,1.0011844644905068,0.29728868576144263,1.0,1.0,1.0,1.0,1.0,1.0,1.0,0.0,0.0,0.0,0,5,15,0.44838788795527257,MEDIUM
Central Zone 2,Non-corridor,1.0,0.0,7,2,1,0.3,19.2,0.0,0.0,0.0,1.0,1.75,0.5,0.5,0.0,0.0,0.0,0,0,5.482140064239502,3.354322910308838,0.2941426664731738,5.0,6.0,4.0,4.0,2.0,4.0,6.666666666666667,2.160246899469287,-1.0,2.0,0,1,11,0.718159128334034,HIGH
North Zone 2,ORR North 2,5.0,8.0,7,2,2,,,0.5,0.0,0.5,0.75,1.25,0.0,0.0,0.0,0.0,0.0,0,0,1.0390813071299476,0.726563656703604,0.5625928646004087,1.0,1.0,1.0,1.0,0.0,0.0,1.0,0.0,0.0,1.0,0,5,15,0.35742343666557924,MEDIUM
North Zone 2,ORR North 2,3.0,12.0,7,1,0,0.1499,20.5,0.0,0.0,0.0,1.0,1.5,0.0,0.0,0.0,0.0,0.0,0,0,1.0,0.875,0.1097,1.0,1.0,1.0,1.0,1.0,1.0,1.0,0.0,0.0,0.0,0,5,15,0.1748164676063162,LOW
Central Zone 1,Old Airport Road,4.0,8.0,7,1,1,,,0.0,0.0,0.0,1.0,1.5,0.0,0.0,0.0,0.0,0.0,0,0,1.0,0.66748046875,0.5834889950714106,1.0,1.0,1.0,1.0,0.0,0.0,1.0,0.0,0.0,1.0,0,0,17,0.09470892922522031,LOW
Central Zone 1,Old Airport Road,3.0,4.0,7,1,0,0.0372,2.2,1.0,0.0,1.0,0.5,2.5,0.0,0.0,0.0,0.0,0.0,0,0,1.0,0.765625,0.5898184,1.0,1.0,1.0,1.0,1.0,0.0,1.0,0.0,0.0,0.0,0,0,17,0.1571567001476248,LOW
Central Zone 1,Old Airport Road,3.0,0.0,7,1,1,,,0.0,0.0,0.0,1.0,2.5,1.0,1.0,0.0,0.0,0.0,0,0,1.0,0.0,0.5133184,1.0,1.0,1.0,0.0,0.0,0.0,1.0,0.0,0.0,0.0,0,0,17,0.08983691423960442,LOW
Central Zone 1,Old Airport Road,2.0,12.0,7,1,1,,,0.0,0.0,0.0,1.0,1.5,0.0,0.0,0.0,0.0,1.0,0,0,1.0,1.0,0.0,1.0,0.0,0.0,1.0,0.0,0.0,1.0,0.0,0.0,0.0,0,0,17,0.03766455924693225,LOW
West Zone 1,Magadi Road,5.0,8.0,7,1,1,,,0.0,0.0,0.0,1.0,1.0,0.0,0.0,0.0,0.0,0.0,0,0,1.5326692239614204,1.4986010671127588,1.471334187235053,2.0,1.0,1.0,2.0,1.0,1.0,1.3333333333333333,0.5,1.0,1.0,0,8,9,0.09297936535041723,LOW
East Zone 1,ORR East 2,3.0,0.0,7,2,2,2.34,790.1,0.0,0.0,0.5,0.75,1.75,0.0,1.0,0.0,0.0,0.0,0,0,1.000274911908491,1.0002443903140374,2.339428088455458,1.0,1.0,1.0,1.0,1.0,1.0,1.0,0.0,0.0,0.0,0,2,13,0.03277478253820016,LOW
North Zone 2,Bellary Road 1,0.0,4.0,7,1,0,0.3169,26.0,0.0,0.0,0.0,1.0,2.5,0.0,0.0,0.0,0.0,0.0,0,0,1.0,0.0,0.6211,1.0,0.0,0.0,0.0,0.0,0.0,1.0,0.0,0.0,0.0,0,5,2,0.1324039338524063,LOW
North Zone 2,Bellary Road 1,1.0,8.0,7,1,1,,,1.0,0.0,0.0,1.0,1.0,0.0,0.0,0.0,0.0,0.0,0,0,1.126953125,0.431640625,0.26789786739576216,1.0,1.0,1.0,0.0,1.0,0.0,1.3333333333333333,0.5,0.0,-1.0,0,5,2,0.22588466386361275,LOW
North Zone 2,Bellary Road 1,1.0,4.0,7,1,0,1.0391,60.9,1.0,0.0,0.0,1.0,2.5,0.0,0.0,0.0,0.0,0.0,0,0,1.5,0.984375,0.9084072310783656,2.0,1.0,1.0,1.0,1.0,1.0,1.3333333333333333,0.5,1.0,0.0,0,5,2,0.3069243019414248,MEDIUM
Central Zone 2,Non-corridor,5.0,0.0,7,5,4,0.3956,63.3,0.0,0.0,0.2,0.9,2.1,0.0,0.2,0.0,0.0,0.0,1,0,2.515778587615907,1.19740109624782,0.3084798023256519,2.0,4.0,5.0,1.0,2.0,2.0,2.3333333333333335,1.8257418583505527,-2.0,-1.0,0,1,11,0.7033002071470335,HIGH
North Zone 2,Bellary Road 1,2.0,0.0,7,1,1,,,0.0,0.0,1.0,0.5,1.0,0.0,0.0,0.0,0.0,1.0,0,0,1.1490211486816406,0.6467018127441406,0.37003445087280723,1.0,1.0,1.0,0.0,1.0,1.0,1.3333333333333333,0.5,0.0,-1.0,0,5,2,0.2574780756386927,LOW
North Zone 2,Bellary Road 1,3.0,4.0,7,1,0,1.2227,250.8,0.0,0.0,1.0,0.5,1.0,0.0,0.0,0.0,0.0,0.0,0,0,1.04693603515625,0.7493877410888672,0.9996716139741947,1.0,1.0,1.0,1.0,0.0,1.0,1.0,0.0,0.0,1.0,0,5,2,0.08705561876346256,LOW
West Zone 1,Magadi Road,2.0,8.0,7,1,0,0.5368,24.2,1.0,0.0,0.0,1.0,2.5,0.0,0.0,0.0,0.0,1.0,0,0,1.1641845703125,1.112548828125,0.37105497529085874,1.0,1.0,1.0,1.0,1.0,1.0,1.3333333333333333,0.5,0.0,0.0,0,8,9,0.3969744504617108,MEDIUM
Central Zone 2,Mysore Road,1.0,0.0,7,1,1,,,0.0,0.0,0.0,1.0,3.0,0.0,0.0,0.0,0.0,0.0,0,0,1.7352294921875,1.03326416015625,0.6722895483391431,2.0,1.0,2.0,1.0,1.0,1.0,1.6666666666666667,0.5,1.0,0.0,0,1,10,0.45966194118063264,MEDIUM
North Zone 1,ORR North 1,6.0,8.0,7,1,0,0.1292,10.6,0.0,0.0,0.0,1.0,2.5,0.0,0.0,0.0,0.0,0.0,0,1,1.0240513235330582,0.7720341831445694,1.416542986116485,1.0,1.0,1.0,1.0,0.0,1.0,1.0,0.0,0.0,1.0,0,4,14,0.3156722129971597,MEDIUM
Central Zone 2,Non-corridor,5.0,8.0,7,5,4,0.2749,27.8,0.4,0.0,0.4,0.8,2.7,0.0,0.0,0.0,0.0,0.0,1,1,3.3158105228429626,2.6201733954520825,0.5299261911433651,4.0,3.0,3.0,3.0,3.0,3.0,3.0,0.8164965809277261,1.0,0.0,0,1,11,0.718159128334034,HIGH
Central Zone 2,Mysore Road,0.0,8.0,7,1,1,,,0.0,0.0,0.0,1.0,2.5,0.0,0.0,0.0,0.0,0.0,0,0,1.0,0.5,0.2123,1.0,1.0,0.0,0.0,1.0,0.0,1.0,0.0,0.0,-1.0,0,1,10,0.08941790846704774,LOW
West Zone 1,Magadi Road,4.0,0.0,7,1,1,,,0.0,0.0,0.0,1.0,1.0,0.0,0.0,0.0,0.0,0.0,0,0,1.826202392578125,1.294891357421875,1.1264662197495503,2.0,2.0,2.0,1.0,2.0,2.0,1.6666666666666667,0.5,0.0,-1.0,0,8,9,0.04715725980001311,LOW
Central Zone 2,Mysore Road,0.0,0.0,7,1,0,0.6385,54.2,0.0,0.0,1.0,0.5,2.5,0.0,0.0,0.0,0.0,0.0,0,0,1.0,1.0,0.0,1.0,1.0,0.0,1.0,1.0,0.0,1.0,0.0,0.0,0.0,0,1,10,0.05533595441439872,LOW
West Zone 1,Magadi Road,6.0,4.0,7,1,0,1.0861,222.8,0.0,0.0,1.0,0.5,1.0,0.0,0.0,0.0,0.0,0.0,0,0,1.445312981493771,0.3249802468344569,0.5762128011137022,1.0,2.0,4.0,0.0,1.0,1.0,1.3333333333333333,1.4142135623730951,-1.0,-1.0,0,8,9,0.05297040206505018,LOW
West Zone 1,Magadi Road,3.0,0.0,7,1,1,,,0.0,0.0,1.0,0.5,2.5,0.0,0.0,0.0,0.0,0.0,0,0,1.4384765625,0.4365234375,0.6651299015888008,1.0,2.0,2.0,0.0,0.0,2.0,1.6666666666666667,0.5,-1.0,0.0,0,8,9,0.09352968874422109,LOW
North Zone 2,Bellary Road 1,4.0,0.0,7,2,2,,,0.0,0.0,0.5,0.75,3.0,0.0,0.0,0.0,0.0,0.0,0,0,1.0627451653581375,0.7069853051671089,0.2118799500747634,1.0,1.0,2.0,1.0,0.0,1.0,1.0,0.5,0.0,1.0,0,5,2,0.3452542774413865,MEDIUM
North Zone 2,Bellary Road 1,3.0,16.0,7,2,2,,,1.0,0.0,0.0,1.0,3.0,0.0,0.0,0.0,0.0,0.0,0,0,1.0625,1.03125,0.1082,1.0,1.0,2.0,1.0,1.0,2.0,1.0,0.5,0.0,0.0,0,5,2,0.3766080010873534,MEDIUM
Central Zone 2,Non-corridor,4.0,8.0,7,7,4,0.14666666666666667,26.966666666666665,0.2857142857142857,0.0,0.42857142857142855,0.7857142857142857,2.0714285714285716,0.0,0.5714285714285714,0.0,0.0,0.0,1,1,2.3348005821351525,0.9383095627382065,0.5711104924941622,2.0,3.0,2.0,0.0,2.0,1.0,2.3333333333333335,0.5000000000000006,-1.0,-2.0,0,1,11,0.6952388071873812,HIGH
Central Zone 2,Mysore Road,1.0,12.0,7,4,1,0.19743333333333335,22.5,0.0,0.0,0.5,0.75,1.5,0.0,0.0,0.0,0.0,0.0,0,0,1.0,0.796875,0.8014978947368421,1.0,1.0,1.0,1.0,1.0,0.0,1.0,0.0,0.0,0.0,0,1,10,0.24525326385077778,LOW
Central Zone 2,Mysore Road,1.0,8.0,7,3,3,,,1.0,0.0,0.3333333333333333,0.8333333333333334,2.5,0.0,0.0,0.0,0.0,0.0,1,0,1.4140625,0.271484375,0.40347916139378914,1.0,2.0,2.0,0.0,0.0,1.0,1.3333333333333333,0.5773502691896258,-1.0,0.0,0,1,10,0.21736770697873578,LOW
West Zone 1,Magadi Road,1.0,0.0,7,1,1,,,0.0,0.0,1.0,0.5,1.0,0.0,0.0,0.0,0.0,0.0,0,0,1.0,1.0,1.5707,1.0,1.0,1.0,1.0,1.0,1.0,1.0,0.0,0.0,0.0,0,8,9,0.050342597116646515,LOW
North Zone 2,Bellary Road 1,1.0,12.0,7,2,1,0.0195,4.0,0.0,0.0,0.0,1.0,1.0,0.0,0.0,0.0,0.0,0.0,0,0,1.0,1.0,0.0,1.0,1.0,0.0,1.0,1.0,0.0,1.0,0.0,0.0,0.0,0,5,2,0.05122933373415947,LOW
North Zone 2,Bellary Road 1,2.0,8.0,7,1,1,,,1.0,0.0,0.0,1.0,1.5,0.0,0.0,0.0,0.0,1.0,0,0,2.1065073013305664,1.4704256057739258,0.6346655181156092,1.0,4.0,2.0,1.0,2.0,1.0,2.6666666666666665,1.2909944487358056,-3.0,-1.0,0,5,2,0.2085446888602333,LOW
Central Zone 2,Non-corridor,4.0,4.0,7,3,2,0.8025,128.4,0.0,0.0,0.6666666666666666,0.6666666666666666,2.6666666666666665,0.0,0.6666666666666666,0.0,0.0,0.0,0,0,3.274862852417108,2.08307667278391,0.3924262489859996,4.0,2.0,1.0,3.0,1.0,0.0,3.3333333333333335,1.5,2.0,2.0,0,1,11,0.6989980742916662,HIGH
Central Zone 2,Mysore Road,2.0,4.0,7,2,1,0.9088,95.6,0.0,0.0,0.5,0.75,2.0,0.0,0.0,0.0,0.0,1.0,0,1,1.8791722059249878,1.2066439390182495,0.4427751427214732,1.0,3.0,1.0,1.0,2.0,1.0,2.6666666666666665,1.5,-2.0,-1.0,0,1,10,0.5833723792952186,MEDIUM
South Zone 2,IRR(Thanisandra road),5.0,8.0,7,1,1,,,0.0,0.0,0.0,1.0,3.0,0.0,0.0,0.0,0.0,0.0,0,0,1.0625,0.9375,0.4389088,1.0,1.0,2.0,1.0,1.0,1.0,1.0,0.5,0.0,0.0,0,7,8,0.4311812260726856,MEDIUM
Central Zone 2,Mysore Road,2.0,0.0,7,2,1,1.3348,33.7,0.0,0.0,0.0,1.0,1.75,1.0,0.0,0.0,0.0,1.0,0,0,2.322933405637741,1.1811604648828506,0.8251511539995037,3.0,1.0,2.0,1.0,1.0,2.0,2.3333333333333335,0.9574271077563381,2.0,0.0,0,1,10,0.4662667951504261,MEDIUM
North Zone 1,ORR North 1,3.0,8.0,7,2,2,1.5368,126.1,0.5,0.0,0.0,1.0,1.75,0.0,0.5,0.0,0.0,0.0,0,0,1.0284423828125,0.5040283203125,0.3870893626551297,1.0,1.0,1.0,0.0,1.0,1.0,1.0,0.0,0.0,-1.0,0,4,14,0.10276973170780151,LOW
North Zone 1,ORR North 1,4.0,4.0,7,2,0,0.43215,59.8,0.0,0.0,0.5,0.75,2.0,0.0,0.5,0.0,0.0,0.0,0,0,1.0313745141029358,0.9282078742980957,0.9999744877107957,1.0,1.0,1.0,1.0,1.0,0.0,1.0,0.0,0.0,0.0,0,4,14,0.20382790775516707,LOW
Central Zone 2,Non-corridor,5.0,4.0,7,5,4,2.9851,174.45,0.4,0.0,0.6,0.7,2.0,0.2,0.4,0.0,0.0,0.0,1,1,2.9160347640187387,2.0168066222850496,0.3399271678635736,4.0,1.0,5.0,3.0,1.0,3.0,2.3333333333333335,1.8257418583505538,3.0,2.0,0,1,11,0.7033002071470335,HIGH
Central Zone 2,CBD 2,6.0,8.0,7,1,0,0.293,60.1,0.0,0.0,0.0,1.0,1.0,0.0,0.0,0.0,0.0,0.0,0,0,1.0002517700195312,0.6721115112304688,0.7769437724331039,1.0,1.0,1.0,1.0,0.0,0.0,1.0,0.0,0.0,1.0,0,1,5,0.09404380955019738,LOW
Central Zone 2,CBD 2,5.0,8.0,7,1,1,,,0.0,0.0,1.0,0.5,2.5,0.0,0.0,0.0,0.0,0.0,0,0,1.00201416015625,0.37689208984375,0.7221035195809972,1.0,1.0,1.0,0.0,1.0,1.0,1.0,0.0,0.0,-1.0,0,1,5,0.20922921306858214,LOW
Central Zone 2,CBD 2,4.0,4.0,7,1,1,,,0.0,0.0,0.0,1.0,1.0,0.0,0.0,0.0,0.0,0.0,0,0,1.0,0.169921875,0.3684289822642731,1.0,1.0,1.0,0.0,0.0,0.0,1.0,0.0,0.0,0.0,0,1,5,0.10962844127226133,LOW
North Zone 2,Bellary Road 1,3.0,8.0,7,2,1,0.8348,68.5,0.5,0.0,0.0,1.0,2.0,0.0,0.0,0.0,0.0,0.0,0,1,1.775172487134114,0.8428882875014096,0.47623168881922767,2.0,2.0,1.0,1.0,1.0,1.0,1.6666666666666667,0.5773502691896257,0.0,0.0,0,5,2,0.5177790216567935,MEDIUM
Central Zone 2,Mysore Road,3.0,0.0,7,1,1,,,0.0,0.0,0.0,1.0,3.0,0.0,0.0,0.0,0.0,0.0,0,1,1.2016778788254214,0.8989424221837226,0.2444332640415998,1.0,1.0,2.0,1.0,0.0,2.0,1.3333333333333333,0.5773502691896257,0.0,1.0,0,1,10,0.543464120596482,MEDIUM
South Zone 2,Hosur Road,5.0,8.0,7,2,1,0.077,15.8,0.5,0.0,0.0,1.0,1.0,0.0,0.0,0.0,0.0,0.0,0,0,1.0034269094467163,0.3123541474342346,0.5267333393703132,1.0,1.0,1.0,0.0,1.0,0.0,1.0,0.0,0.0,-1.0,0,7,7,0.137066560206145,LOW
North Zone 2,Bellary Road 1,4.0,8.0,7,1,1,,,0.0,0.0,0.0,1.0,1.0,0.0,0.0,0.0,0.0,0.0,0,0,1.0546600552352459,0.7939261338241579,0.6116325144599848,1.0,1.0,1.0,1.0,1.0,0.0,1.0,0.0,0.0,0.0,0,5,2,0.33479865537050385,MEDIUM
East Zone 1,ORR East 2,3.0,16.0,7,1,1,,,0.0,0.0,0.0,1.0,2.5,0.0,1.0,0.0,0.0,0.0,0,0,0.0,0.0,0.0,0.0,0.0,0.0,0.0,0.0,0.0,0.0,0.0,0.0,0.0,0,2,13,0.10415498198206685,LOW
East Zone 1,ORR East 2,5.0,0.0,7,1,1,2.34,814.0,0.0,0.0,1.0,0.5,1.0,0.0,1.0,0.0,0.0,0.0,0,0,1.0009765636642172,1.0007324221078875,2.347554687198424,1.0,1.0,1.0,1.0,1.0,1.0,1.0,0.0,0.0,0.0,0,2,13,0.04010397711666996,LOW
North Zone 2,Bellary Road 1,5.0,0.0,7,3,2,0.6819,37.3,0.0,0.0,0.6666666666666666,0.6666666666666666,1.3333333333333333,0.3333333333333333,0.0,0.0,0.0,0.0,0,0,1.2622376685377725,1.0032748951685386,0.4708761022310901,1.0,1.0,5.0,1.0,0.0,5.0,1.0,2.0,0.0,1.0,0,5,2,0.5246752468134339,MEDIUM
North Zone 2,Bellary Road 1,4.0,12.0,7,1,1,,,0.0,0.0,0.0,1.0,2.5,0.0,0.0,0.0,0.0,0.0,0,0,1.7232074737548828,1.6958274841308594,0.6245360238381177,2.0,1.0,1.0,2.0,1.0,1.0,1.6666666666666667,0.5773502691896261,1.0,1.0,0,5,2,0.38988221871801315,MEDIUM
Central Zone 2,Non-corridor,6.0,0.0,7,4,2,0.14225,43.25,0.0,0.0,0.25,0.875,1.75,0.0,0.0,0.25,0.0,0.0,0,1,4.809769399537367,3.6569372164731484,0.548768822324035,7.0,2.0,3.0,6.0,1.0,1.0,4.333333333333333,2.160246899469287,5.0,5.0,0,1,11,0.718159128334034,HIGH
North Zone 1,ORR North 1,3.0,0.0,7,1,1,,,0.0,0.0,0.0,1.0,1.0,0.0,1.0,0.0,0.0,0.0,0,0,1.5630512237548828,1.2358417510986328,0.5753949303979761,1.0,1.0,2.0,1.0,0.0,1.0,2.3333333333333335,1.8929694486000912,0.0,1.0,0,4,14,0.45191605698619913,MEDIUM
Central Zone 2,CBD 2,4.0,0.0,7,1,1,,,0.0,0.0,0.0,1.0,2.5,0.0,0.0,0.0,0.0,0.0,0,0,1.25,0.74169921875,0.3023125578918364,1.0,2.0,1.0,0.0,2.0,1.0,1.3333333333333333,0.5,-1.0,-2.0,0,1,5,0.2646245545581612,LOW
Central Zone 2,CBD 2,1.0,8.0,7,1,1,,,1.0,0.0,0.0,1.0,2.5,0.0,0.0,0.0,0.0,0.0,0,0,1.125,0.875,0.62158,1.0,1.0,1.0,1.0,1.0,0.0,1.3333333333333333,0.5,0.0,0.0,0,1,5,0.4776392715036138,MEDIUM
Central Zone 2,CBD 2,1.0,4.0,7,1,1,,,0.0,0.0,0.0,1.0,1.0,0.0,0.0,0.0,0.0,0.0,0,0,1.0,0.75,0.1199,1.0,1.0,0.0,1.0,0.0,0.0,1.0,0.0,0.0,1.0,0,1,5,0.03458133726640652,LOW
Central Zone 2,CBD 2,0.0,8.0,7,2,1,0.3157,25.9,0.5,0.0,0.5,0.75,1.75,0.5,0.0,0.0,0.0,0.0,0,0,1.0,0.0,0.8255,1.0,0.0,0.0,0.0,0.0,0.0,1.0,0.0,0.0,0.0,0,1,5,0.08198479223836938,LOW
Central Zone 2,CBD 2,0.0,0.0,7,1,0,1.2227,83.6,0.0,0.0,0.0,1.0,3.0,0.0,0.0,0.0,0.0,0.0,0,0,0.0,0.0,0.0,0.0,0.0,0.0,0.0,0.0,0.0,0.0,0.0,0.0,0.0,0,1,5,0.03393942370205996,LOW
Central Zone 2,CBD 1,1.0,8.0,7,1,1,,,1.0,0.0,0.0,1.0,1.0,0.0,0.0,0.0,0.0,0.0,0,0,0.0,0.0,0.0,0.0,0.0,0.0,0.0,0.0,0.0,0.0,0.0,0.0,0.0,0,1,4,0.03395023563480661,LOW
Central Zone 2,Non-corridor,4.0,0.0,7,9,5,0.215275,74.275,0.0,0.0,0.2222222222222222,0.8888888888888888,1.5555555555555556,0.0,0.5555555555555556,0.0,0.0,0.0,1,0,3.2620719842923305,2.512974788576389,0.43578743889494187,4.0,3.0,1.0,3.0,3.0,0.0,3.0,1.2909944487358014,1.0,0.0,0,1,11,0.7183114868436348,HIGH
North Zone 2,Bellary Road 1,6.0,0.0,7,1,1,,,0.0,0.0,1.0,0.5,3.0,1.0,0.0,0.0,0.0,0.0,0,0,1.0899717957365906,1.0581070678199065,0.3526611714288247,1.0,1.0,2.0,1.0,1.0,2.0,1.0,0.5,0.0,0.0,0,5,2,0.25756802097898385,LOW
North Zone 2,Bellary Road 1,5.0,20.0,7,1,1,1.7258,141.6,0.0,0.0,1.0,0.5,1.0,1.0,0.0,0.0,0.0,0.0,0,0,1.0,0.4375,0.5609495468277945,1.0,1.0,1.0,0.0,1.0,1.0,1.0,0.0,0.0,-1.0,0,5,2,0.1517280739046908,LOW
Central Zone 2,Non-corridor,3.0,16.0,7,2,1,0.9489,120.5,1.0,0.0,0.5,0.75,1.0,1.0,0.0,0.0,0.0,0.0,0,0,1.12506103515625,1.11920166015625,0.62344,1.0,1.0,1.0,1.0,1.0,1.0,1.3333333333333333,0.5,0.0,0.0,0,1,11,0.3850583888582467,MEDIUM
North Zone 2,Bellary Road 1,6.0,4.0,7,4,3,0.5504,112.9,0.25,0.0,0.5,0.75,1.5,0.0,0.0,0.0,0.0,0.0,1,0,1.647464872805358,0.810729764383666,0.3525356267796102,2.0,1.0,2.0,1.0,0.0,1.0,1.3333333333333333,0.5773502691896257,1.0,1.0,0,5,2,0.15092826910180498,LOW
South Zone 2,Hosur Road,4.0,8.0,7,1,1,,,0.0,0.0,0.0,1.0,2.5,0.0,0.0,0.0,0.0,0.0,0,0,1.4386444091796875,0.9813308715820312,1.0969005765123474,1.0,2.0,3.0,1.0,1.0,3.0,1.3333333333333333,0.9574271077563381,-1.0,0.0,0,7,7,0.09236279255039581,LOW
East Zone 1,ORR East 2,4.0,0.0,7,1,1,2.34,893.8,0.0,0.0,1.0,0.5,1.0,0.0,1.0,0.0,0.0,0.0,0,0,1.0000762981401352,1.0000152625181626,2.342331494703109,1.0,1.0,1.0,1.0,1.0,1.0,1.0,0.0,0.0,0.0,0,2,13,0.03458285609948688,LOW
North Zone 2,Bellary Road 1,6.0,12.0,7,3,2,0.04,8.2,0.0,0.0,0.6666666666666666,0.6666666666666666,2.0,0.0,0.0,0.0,0.0,0.0,0,0,2.0013296911492944,1.5149881970137358,0.8923785247964822,3.0,1.0,1.0,3.0,0.0,0.0,1.6666666666666667,1.0,2.0,3.0,0,5,2,0.04083587037809662,LOW
South Zone 2,Hosur Road,2.0,8.0,7,1,0,0.2662,12.0,1.0,0.0,0.0,1.0,2.5,0.0,0.0,0.0,0.0,1.0,0,0,1.29296875,1.220703125,1.1754494736842107,1.0,2.0,1.0,1.0,2.0,1.0,1.3333333333333333,0.5,-1.0,-1.0,0,7,7,0.12681399637388518,LOW
South Zone 2,Hosur Road,3.0,0.0,7,1,1,,,0.0,0.0,1.0,0.5,2.5,0.0,0.0,0.0,0.0,0.0,0,0,1.004105567932129,0.9790093898773193,2.343981195726002,1.0,1.0,1.0,1.0,1.0,1.0,1.0,0.0,0.0,0.0,0,7,7,0.07878262878734078,LOW
South Zone 2,Hosur Road,2.0,12.0,7,1,1,,,0.0,0.0,1.0,0.5,1.0,0.0,0.0,0.0,0.0,1.0,0,0,1.0,0.83203125,0.7462081207173057,1.0,1.0,1.0,1.0,1.0,1.0,1.0,0.0,0.0,0.0,0,7,7,0.1662702080688167,LOW
Central Zone 2,Non-corridor,6.0,4.0,7,5,4,0.0629,26.5,0.0,0.0,0.4,0.8,1.6,0.2,0.4,0.0,0.0,0.0,1,0,3.6531332321830066,1.9984665237553068,0.23760679988603142,3.0,5.0,5.0,2.0,2.0,3.0,4.0,0.9574271077563381,-2.0,0.0,0,1,11,0.718159128334034,HIGH
Central Zone 2,Non-corridor,5.0,12.0,7,3,3,,,0.0,0.0,0.3333333333333333,0.8333333333333334,2.6666666666666665,0.0,0.3333333333333333,0.0,0.0,0.0,1,0,3.5723708166397277,2.050680355053547,0.3317342742011932,6.0,1.0,2.0,4.0,0.0,0.0,2.6666666666666665,2.380476142847617,5.0,4.0,0,1,11,0.6653871241764724,HIGH
West Zone 1,Tumkur Road,1.0,4.0,7,2,1,1.034,141.4,0.5,0.0,0.5,0.75,2.25,0.0,0.0,0.0,0.0,0.0,0,0,1.751953125,0.72265625,0.33674550777548096,1.0,4.0,1.0,0.0,2.0,1.0,2.0,1.5,-3.0,-2.0,0,8,19,0.1433839955197495,LOW
West Zone 1,Tumkur Road,1.0,0.0,7,3,3,,,0.0,0.0,0.3333333333333333,0.8333333333333334,3.0,0.0,0.0,0.0,0.0,0.0,1,0,2.171875,0.453125,0.6079941894736842,2.0,3.0,1.0,0.0,1.0,0.0,2.3333333333333335,0.816496580927726,-1.0,-1.0,0,8,19,0.2931960981144025,LOW
West Zone 1,Tumkur Road,1.0,8.0,7,2,1,0.1946,29.3,0.5,0.0,0.0,1.0,1.5,0.0,0.0,0.0,0.0,0.0,0,1,1.001953125,0.68505859375,0.309996414876441,1.0,1.0,1.0,1.0,0.0,0.0,1.0,0.0,0.0,1.0,0,8,19,0.4618007314183884,MEDIUM
Central Zone 1,Old Madras Road,6.0,12.0,7,3,3,,,0.0,0.0,0.3333333333333333,0.8333333333333334,1.6666666666666667,0.0,0.0,0.0,0.0,0.0,1,0,1.4375801086425781,1.2645950317382812,0.2846611649577972,1.0,2.0,2.0,1.0,2.0,2.0,1.6666666666666667,0.5,-1.0,-1.0,0,0,18,0.22480512262098745,LOW
Central Zone 2,Mysore Road,3.0,4.0,7,1,1,,,1.0,0.0,1.0,0.5,3.0,0.0,0.0,0.0,0.0,0.0,0,0,1.2817087822768372,0.4629410751804244,0.09273459082043937,1.0,2.0,1.0,0.0,1.0,1.0,1.3333333333333333,0.5,-1.0,-1.0,0,1,10,0.11825946016200793,LOW
North Zone 2,Bellary Road 2,1.0,0.0,7,2,2,,,0.0,0.0,0.5,0.75,1.0,0.0,1.0,0.0,0.0,0.0,0,0,1.25,1.25,2.6754,1.0,2.0,1.0,1.0,2.0,1.0,1.3333333333333333,0.5,-1.0,-1.0,0,5,3,0.042493467140609295,LOW
South Zone 2,Hosur Road,1.0,4.0,7,1,1,,,0.0,0.0,0.0,1.0,1.0,0.0,0.0,0.0,0.0,0.0,0,0,0.0,0.0,0.0,0.0,0.0,0.0,0.0,0.0,0.0,0.0,0.0,0.0,0.0,0,7,7,0.11834609926823195,LOW
North Zone 1,Airport New South Road,3.0,12.0,7,1,1,,,0.0,0.0,0.0,1.0,3.0,0.0,1.0,0.0,0.0,0.0,0,0,1.0,0.0,0.8223,1.0,0.0,0.0,0.0,0.0,0.0,1.0,0.0,0.0,0.0,0,4,0,0.08047021104805832,LOW
Central Zone 1,Old Madras Road,5.0,4.0,7,1,1,,,0.0,0.0,0.0,1.0,1.0,1.0,0.0,0.0,0.0,0.0,0,0,1.0687260627746582,0.9075222015380859,0.40093691567058026,1.0,1.0,1.0,1.0,1.0,1.0,1.0,0.0,0.0,0.0,0,0,18,0.20668415848526497,LOW
Central Zone 1,Old Madras Road,5.0,0.0,7,1,0,0.0185,3.8,0.0,0.0,1.0,0.5,1.0,0.0,0.0,0.0,0.0,0.0,0,0,1.5983976405113935,0.748665834282292,0.2561163936988835,2.0,1.0,2.0,1.0,0.0,1.0,1.3333333333333333,0.5773502691896257,1.0,1.0,0,0,18,0.5071388464656909,MEDIUM
West Zone 1,Tumkur Road,1.0,16.0,7,1,1,5.1907,425.9,0.0,0.0,0.0,1.0,1.0,1.0,0.0,0.0,0.0,0.0,0,0,1.0,0.0,0.5221,1.0,0.0,0.0,0.0,0.0,0.0,1.0,0.0,0.0,0.0,0,8,19,0.13555331436723836,LOW
West Zone 1,Tumkur Road,2.0,4.0,7,1,1,1.8157,114.6,0.0,0.0,0.0,1.0,2.5,0.0,0.0,0.0,0.0,1.0,0,0,1.266220211982727,0.8320143222808838,0.2529411886703447,1.0,1.0,1.0,1.0,1.0,1.0,1.6666666666666667,1.0,0.0,0.0,0,8,19,0.12977267191326525,LOW
Central Zone 1,Old Madras Road,6.0,8.0,7,1,1,,,0.0,0.0,0.0,1.0,1.5,0.0,0.0,0.0,0.0,0.0,0,0,1.1000065999105573,0.9749928300152533,0.22864278186929723,1.0,1.0,2.0,1.0,1.0,2.0,1.0,0.5,0.0,0.0,0,0,18,0.3344216426151875,MEDIUM
North Zone 1,Airport New South Road,6.0,0.0,7,1,1,,,0.0,0.0,0.0,1.0,2.5,0.0,0.0,0.0,0.0,0.0,0,0,1.5,1.25,0.8339543967345346,2.0,1.0,1.0,2.0,0.0,1.0,1.3333333333333333,0.5,1.0,2.0,0,4,0,0.22594709511510813,LOW
North Zone 1,ORR North 1,0.0,0.0,7,1,1,,,0.0,0.0,1.0,0.5,1.5,1.0,0.0,0.0,0.0,0.0,0,0,1.5,1.5,0.0,1.0,2.0,0.0,1.0,2.0,0.0,1.5,0.7071067811865476,-1.0,-1.0,0,4,14,0.07379049797705821,LOW
North Zone 2,Bellary Road 1,6.0,8.0,7,2,2,,,1.0,0.0,0.5,0.75,1.0,0.0,0.0,0.0,0.0,0.0,0,0,1.2970280049137515,1.24894557133586,0.6985989460133125,1.0,2.0,1.0,1.0,2.0,1.0,1.3333333333333333,0.4999999999999999,-1.0,-1.0,0,5,2,0.0751648370081346,LOW
Central Zone 2,Non-corridor,3.0,12.0,7,1,0,0.0177,5.6,0.0,0.0,1.0,0.5,1.5,0.0,0.0,0.0,0.0,0.0,0,0,2.3262214168325386,1.7523255989136999,0.6439441854941197,1.0,1.0,1.0,1.0,1.0,1.0,4.333333333333333,5.0,0.0,0.0,0,1,11,0.7143010818692955,HIGH
North Zone 2,Bellary Road 2,2.0,4.0,7,1,1,,,0.0,0.0,0.0,1.0,1.0,0.0,0.0,0.0,0.0,1.0,0,0,1.31256103515625,1.15240478515625,0.9835194121667805,1.0,1.0,2.0,1.0,1.0,2.0,1.6666666666666667,0.9574271077563381,0.0,0.0,0,5,3,0.09698257933563063,LOW
North Zone 2,Bellary Road 2,2.0,0.0,7,2,2,2.4005,141.6,0.0,0.0,0.0,1.0,3.0,0.0,0.5,0.0,0.0,1.0,0,0,2.253173828125,0.878173828125,0.3558107231651612,3.0,1.0,1.0,1.0,1.0,1.0,2.3333333333333335,1.1547005383792515,2.0,0.0,0,5,3,0.08178146056232978,LOW
South Zone 2,Bannerghata Road,5.0,4.0,7,1,1,,,1.0,0.0,1.0,0.5,1.0,0.0,0.0,0.0,0.0,0.0,0,0,1.0,0.9990234375,0.0958,1.0,1.0,1.0,1.0,1.0,1.0,1.0,0.0,0.0,0.0,0,7,1,0.11939694937289706,LOW
Central Zone 2,Mysore Road,4.0,12.0,7,3,1,0.1376,19.45,0.0,0.0,0.6666666666666666,0.6666666666666666,1.8333333333333333,0.0,0.0,0.0,0.0,0.0,0,0,1.1466403007507324,0.455345056951046,0.6202968957563114,1.0,1.0,1.0,0.0,1.0,1.0,1.3333333333333333,0.5,0.0,-1.0,0,1,10,0.26512169386652773,LOW
Central Zone 2,Mysore Road,4.0,8.0,7,2,1,0.7476,119.5,0.5,0.0,0.0,1.0,1.75,0.0,0.0,0.0,0.0,0.0,0,0,1.6032791809062035,0.7865556579814974,0.7660226795248634,1.0,2.0,4.0,0.0,2.0,2.0,1.6666666666666667,1.2583057392117916,-1.0,-2.0,0,1,10,0.46136117288970635,MEDIUM
Central Zone 2,Non-corridor,3.0,8.0,7,2,2,,,0.5,0.0,0.0,1.0,2.25,0.5,0.5,0.0,0.0,0.0,0,1,1.9276064748856152,0.44402888879240354,0.3475348788929702,1.0,1.0,1.0,0.0,0.0,0.0,3.3333333333333335,3.5,0.0,0.0,0,1,11,0.7143010818692955,HIGH
East Zone 1,ORR East 2,6.0,0.0,7,1,1,2.34,722.4,0.0,0.0,0.0,1.0,1.0,0.0,1.0,0.0,0.0,0.0,0,0,1.1655275821688633,1.0366212725639912,2.2278464993663762,1.0,1.0,1.0,1.0,1.0,1.0,1.3333333333333333,0.4999999999999999,0.0,0.0,0,2,13,0.05108474743134324,LOW
East Zone 1,Varthur Road,3.0,0.0,7,2,2,,,0.0,0.0,0.0,1.0,1.75,0.0,1.0,0.0,0.0,0.0,0,0,1.203125,0.8984375,0.31265205194805196,1.0,1.0,1.0,1.0,0.0,1.0,1.3333333333333333,0.4999999999999999,0.0,1.0,0,2,20,0.2595562514072401,LOW
West Zone 1,Tumkur Road,4.0,0.0,7,1,0,0.1382,18.9,0.0,0.0,1.0,0.5,1.5,0.0,0.0,0.0,0.0,0.0,0,0,1.3823246964702776,0.287477231901903,0.6939011497170778,1.0,2.0,1.0,0.0,0.0,0.0,1.6666666666666667,0.5773502691896257,-1.0,0.0,0,8,19,0.10037089453220682,LOW
North Zone 1,ORR North 1,1.0,8.0,7,1,1,,,0.0,0.0,0.0,1.0,1.0,0.0,1.0,0.0,0.0,0.0,0,0,1.0,1.0,0.0,1.0,1.0,0.0,1.0,1.0,0.0,1.0,0.0,0.0,0.0,0,4,14,0.12074503313782245,LOW
East Zone 1,ORR East 2,1.0,8.0,7,1,0,1.0691,219.3,0.0,0.0,0.0,1.0,1.0,0.0,1.0,0.0,0.0,0.0,0,0,1.25,0.75,0.6438999999999999,1.0,1.0,0.0,1.0,1.0,0.0,1.3333333333333333,0.5773502691896257,0.0,0.0,0,2,13,0.1185658020776065,LOW
East Zone 1,ORR East 1,5.0,0.0,7,1,1,,,0.0,0.0,0.0,1.0,3.0,0.0,1.0,0.0,0.0,0.0,0,0,1.0012829953993787,0.9074109197681537,0.5356804769840229,1.0,1.0,1.0,1.0,1.0,0.0,1.0,0.0,0.0,0.0,0,2,12,0.32220700501057475,MEDIUM
East Zone 1,ORR East 2,2.0,4.0,7,1,1,,,1.0,0.0,0.0,1.0,1.0,0.0,1.0,0.0,0.0,1.0,0,0,1.5,1.0,0.07542,1.0,3.0,0.0,1.0,2.0,0.0,1.6666666666666667,1.1547005383792517,-2.0,-1.0,0,2,13,0.0640926520323302,LOW
Central Zone 2,Non-corridor,3.0,4.0,7,4,1,0.6198750000000001,67.825,0.0,0.0,0.5,0.75,1.5,0.25,0.0,0.0,0.0,0.0,0,0,4.82379201520447,4.025655132641131,0.09449648863467537,7.0,3.0,2.0,6.0,2.0,2.0,4.0,2.3804761428476167,4.0,4.0,0,1,11,0.6930615946717761,HIGH
North Zone 2,Bellary Road 2,1.0,12.0,7,1,1,,,0.0,0.0,0.0,1.0,3.0,0.0,1.0,0.0,0.0,0.0,0,0,1.5,1.0,0.5411,2.0,1.0,1.0,1.0,1.0,1.0,1.3333333333333333,0.5,1.0,0.0,0,5,3,0.40456400284655836,MEDIUM
South Zone 2,Bannerghata Road,1.0,4.0,7,1,1,,,0.0,0.0,0.0,1.0,1.0,0.0,0.0,0.0,0.0,0.0,0,0,1.0,0.0,0.0958,1.0,0.0,0.0,0.0,0.0,0.0,1.0,0.0,0.0,0.0,0,7,1,0.07911076574734725,LOW
South Zone 2,Bannerghata Road,0.0,8.0,7,1,1,,,1.0,0.0,0.0,1.0,2.5,0.0,0.0,0.0,0.0,0.0,0,0,0.0,0.0,0.0,0.0,0.0,0.0,0.0,0.0,0.0,0.0,0.0,0.0,0.0,0,7,1,0.08524075527726191,LOW
South Zone 2,Bannerghata Road,1.0,8.0,7,1,0,0.0512,10.6,0.0,0.0,1.0,0.5,1.0,0.0,0.0,0.0,0.0,0.0,0,0,1.0,0.40625,0.4123502337662338,1.0,1.0,1.0,0.0,1.0,0.0,1.0,0.0,0.0,-1.0,0,7,1,0.12477171217035847,LOW
Central Zone 2,Mysore Road,5.0,8.0,7,3,2,0.5904,34.6,0.6666666666666666,0.0,1.0,0.5,2.5,0.0,0.0,0.0,0.0,0.0,0,0,1.5953157023251037,0.9861196832597475,0.49928872873226626,1.0,3.0,2.0,1.0,1.0,1.0,1.6666666666666667,0.9574271077563381,-2.0,0.0,0,1,10,0.42382124085686473,MEDIUM
Central Zone 2,Non-corridor,3.0,0.0,7,11,9,0.7731,343.9,0.0,0.0,0.18181818181818182,0.9090909090909091,2.6818181818181817,0.0,0.18181818181818182,0.0,0.0,0.0,1,0,3.78600262920278,3.1038125509082497,0.39525179479368383,5.0,2.0,2.0,4.0,2.0,2.0,3.6666666666666665,1.4999999999999958,3.0,2.0,0,1,11,0.6989980742916662,HIGH
South Zone 2,Bannerghata Road,3.0,0.0,7,2,0,0.54965,45.1,0.0,0.0,0.0,1.0,2.5,0.0,0.0,0.0,0.0,0.0,0,0,1.3759765625,1.312744140625,0.2317206213413127,1.0,2.0,1.0,1.0,2.0,0.0,1.6666666666666667,0.5773502691896257,-1.0,-1.0,0,7,1,0.13697661962955232,LOW
East Zone 1,ORR East 2,4.0,4.0,7,2,1,0.9784,66.9,0.5,0.0,0.5,0.75,3.0,0.0,0.0,0.0,0.0,0.0,0,0,1.0625,1.0,0.07542,1.0,1.0,1.0,1.0,1.0,1.0,1.0,0.0,0.0,0.0,0,2,13,0.3718531117729529,MEDIUM
South Zone 1,ORR West 1,4.0,12.0,7,3,2,0.3412,28.0,0.0,0.0,0.0,1.0,1.5,0.0,0.0,0.0,0.0,0.0,0,0,1.0,0.375,0.3741368421052632,1.0,1.0,1.0,0.0,1.0,1.0,1.0,0.0,0.0,-1.0,0,6,16,0.3294708607449733,MEDIUM
Central Zone 2,Mysore Road,5.0,12.0,7,1,1,,,0.0,0.0,1.0,0.5,2.5,0.0,0.0,0.0,0.0,0.0,0,0,1.2349478136748075,0.771309941628715,0.5584176910210439,1.0,1.0,1.0,1.0,0.0,0.0,1.3333333333333333,0.5000000000000001,0.0,1.0,0,1,10,0.42234572666146486,MEDIUM
North Zone 2,Bellary Road 2,3.0,0.0,7,1,1,,,0.0,0.0,1.0,0.5,1.0,0.0,1.0,0.0,0.0,0.0,0,0,1.642853170633316,1.1251071989536285,0.908150221987978,2.0,1.0,1.0,2.0,0.0,1.0,1.6666666666666667,0.5773502691896257,1.0,2.0,0,5,3,0.18006642727697533,LOW
North Zone 2,Bellary Road 2,2.0,12.0,7,1,0,0.0593,4.2,0.0,0.0,0.0,1.0,2.5,0.0,1.0,0.0,0.0,1.0,0,0,1.53125,1.5,0.5411,2.0,1.0,1.0,2.0,1.0,1.0,1.3333333333333333,0.5,1.0,1.0,0,5,3,0.20203657688869187,LOW
Central Zone 2,Mysore Road,6.0,4.0,7,1,0,0.5033,41.3,0.0,0.0,0.0,1.0,2.5,0.0,0.0,0.0,0.0,0.0,0,1,1.113588238143179,0.4474643186393351,0.3224421175879444,1.0,1.0,2.0,0.0,1.0,2.0,1.0,0.5000000000000007,0.0,-1.0,0,1,10,0.5734474686634058,MEDIUM
Central Zone 2,Mysore Road,6.0,0.0,7,2,2,1.8959,388.9,0.0,0.0,0.5,0.75,1.75,0.0,0.0,0.0,0.0,0.0,0,0,1.6379495064058818,1.1282819656756902,0.4150975906325972,1.0,2.0,3.0,1.0,1.0,3.0,2.0,0.9574271077563381,-1.0,0.0,0,1,10,0.3551046019768071,MEDIUM
North Zone 2,Bellary Road 2,3.0,4.0,7,1,1,,,0.0,0.0,0.0,1.0,1.0,0.0,1.0,0.0,0.0,0.0,0,0,1.0649418830871582,0.4386906623840332,0.6338722950651635,1.0,1.0,2.0,0.0,1.0,2.0,1.0,0.5,0.0,-1.0,0,5,3,0.2156124273581766,LOW
Central Zone 2,Non-corridor,2.0,8.0,7,4,1,0.8377,110.86666666666667,0.25,0.0,0.75,0.625,2.125,0.0,0.75,0.0,0.0,1.0,0,1,2.9435048294080843,2.018047191666483,0.2863970481617529,3.0,2.0,1.0,2.0,1.0,1.0,3.6666666666666665,2.1602468994692865,1.0,1.0,0,1,11,0.72007761378073,HIGH
Central Zone 1,Old Madras Road,4.0,0.0,7,1,1,,,0.0,0.0,0.0,1.0,1.5,0.0,0.0,0.0,0.0,0.0,0,1,1.594897985458374,0.8292267881333828,0.693298536596554,2.0,1.0,2.0,1.0,0.0,2.0,1.3333333333333333,0.5773502691896257,1.0,1.0,0,0,18,0.5069316904467673,MEDIUM
Central Zone 1,Old Madras Road,3.0,8.0,7,1,0,0.7946,65.2,0.0,0.0,0.0,1.0,2.5,0.0,0.0,0.0,0.0,0.0,0,0,1.130126953125,0.5204315185546875,0.3243723210787466,1.0,1.0,1.0,0.0,1.0,0.0,1.3333333333333333,0.5,0.0,-1.0,0,0,18,0.3544293021710447,MEDIUM
West Zone 1,Tumkur Road,3.0,8.0,7,1,1,,,1.0,0.0,0.0,1.0,3.0,0.0,0.0,0.0,0.0,0.0,0,0,2.7636814154684544,1.5490716649219394,0.4441188914129127,4.0,1.0,1.0,2.0,1.0,0.0,2.6666666666666665,1.5,3.0,1.0,0,8,19,0.29064823639012016,LOW
West Zone 1,Tumkur Road,3.0,4.0,7,1,0,0.1894,25.9,0.0,0.0,1.0,0.5,1.5,0.0,0.0,0.0,0.0,0.0,0,0,1.0317699613515288,0.6676406529732049,1.4976632210263574,1.0,1.0,1.0,1.0,0.0,0.0,1.0,0.0,0.0,1.0,0,8,19,0.16176320848173553,LOW
West Zone 1,Tumkur Road,4.0,4.0,7,1,0,0.1472,30.2,0.0,0.0,1.0,0.5,1.0,0.0,0.0,0.0,0.0,0.0,0,0,1.0942464056461176,0.9479318852027063,0.6081808557416932,1.0,1.0,2.0,1.0,1.0,1.0,1.0,0.5,0.0,0.0,0,8,19,0.4203493368007835,MEDIUM
North Zone 2,Bellary Road 2,5.0,0.0,7,1,1,,,0.0,0.0,1.0,0.5,1.0,0.0,1.0,0.0,0.0,0.0,0,0,1.474690573525777,1.220505715234367,0.4837368957671336,1.0,1.0,2.0,1.0,1.0,2.0,2.0,1.4142135623730951,0.0,0.0,0,5,3,0.3431515044798538,MEDIUM
South Zone 1,ORR West 1,5.0,8.0,7,1,0,0.7682,45.4,1.0,0.0,0.0,1.0,2.5,0.0,0.0,0.0,0.0,0.0,0,0,1.00634765625,0.248748779296875,1.1004199937384256,1.0,1.0,1.0,0.0,0.0,1.0,1.0,0.0,0.0,0.0,0,6,16,0.16844196401264394,LOW
North Zone 2,Bellary Road 2,6.0,12.0,7,1,1,,,0.0,0.0,0.0,1.0,3.0,0.0,0.0,0.0,0.0,0.0,0,0,1.5332491775043309,1.4081043228507042,0.77832934891759,2.0,1.0,1.0,2.0,1.0,1.0,1.3333333333333333,0.5,1.0,1.0,0,5,3,0.35043744051073694,MEDIUM
North Zone 2,Bellary Road 2,6.0,0.0,7,2,0,0.54445,65.5,0.0,0.0,0.0,1.0,1.75,0.0,1.0,0.0,0.0,0.0,0,0,1.5165521300264175,1.0160556752250671,1.5158644648549378,1.0,3.0,1.0,1.0,1.0,1.0,1.6666666666666667,1.0,-2.0,0.0,0,5,3,0.12405736905075769,LOW
Central Zone 2,Non-corridor,2.0,4.0,7,2,2,,,0.0,0.0,0.0,1.0,2.5,0.5,0.5,0.0,0.0,1.0,0,1,4.268067520968998,2.6781821534870005,0.23877937195416377,4.0,6.0,1.0,2.0,4.0,0.0,5.0,2.160246899469287,-2.0,-2.0,0,1,11,0.7183114868436348,HIGH
Central Zone 2,Mysore Road,6.0,8.0,7,1,1,,,1.0,0.0,1.0,0.5,1.0,0.0,0.0,1.0,0.0,0.0,0,0,1.2056594879905518,0.5087755075031833,0.4089581345299558,1.0,1.0,3.0,0.0,1.0,2.0,1.0,1.0,0.0,-1.0,0,1,10,0.18907996291155194,LOW
East Zone 1,Varthur Road,1.0,12.0,7,1,1,,,0.0,0.0,1.0,0.5,1.5,0.0,1.0,0.0,0.0,0.0,0,0,1.0,1.0,0.0,1.0,0.0,0.0,1.0,0.0,0.0,1.0,0.0,0.0,0.0,0,2,20,0.06278879194159909,LOW
East Zone 1,ORR East 1,2.0,8.0,7,2,2,1.6451,109.3,0.0,0.0,0.5,0.75,2.5,0.0,1.0,0.0,0.0,1.0,0,0,1.125,0.71875,0.8207766315789473,1.0,1.0,1.0,1.0,0.0,1.0,1.3333333333333333,0.5,0.0,1.0,0,2,12,0.05013399185417008,LOW
East Zone 1,ORR East 1,2.0,0.0,7,1,1,,,0.0,0.0,1.0,0.5,3.0,0.0,1.0,0.0,0.0,1.0,0,0,1.7275390625,1.013671875,0.6044886690747923,2.0,1.0,3.0,1.0,1.0,2.0,1.3333333333333333,0.9574271077563382,1.0,0.0,0,2,12,0.2918458896876864,LOW
North Zone 1,Hennur Main Road,1.0,0.0,7,1,0,0.3983,81.7,0.0,0.0,0.0,1.0,1.0,0.0,1.0,0.0,0.0,0.0,0,0,1.0,0.5,0.2004,1.0,1.0,0.0,0.0,1.0,0.0,1.0,0.0,0.0,-1.0,0,4,6,0.22122236492801567,LOW
Central Zone 2,Non-corridor,6.0,8.0,7,3,2,0.9336,116.4,0.6666666666666666,0.0,0.3333333333333333,0.8333333333333334,2.6666666666666665,0.3333333333333333,0.6666666666666666,0.0,0.0,0.0,0,1,4.500790244694754,2.522187462183753,0.45173708267633167,5.0,6.0,2.0,3.0,3.0,1.0,4.333333333333333,2.0615528128088303,-1.0,0.0,0,1,11,0.7183114868436348,HIGH
North Zone 1,Hennur Main Road,3.0,0.0,7,1,1,,,0.0,0.0,0.0,1.0,1.0,0.0,1.0,0.0,0.0,0.0,0,0,1.31640625,0.68408203125,1.075045446823871,1.0,2.0,2.0,0.0,2.0,0.0,1.3333333333333333,0.5773502691896257,-1.0,-2.0,0,4,6,0.0489383373571776,LOW
North Zone 1,Hennur Main Road,2.0,8.0,7,2,2,,,1.0,0.0,0.0,1.0,1.0,0.0,1.0,0.0,0.0,1.0,0,0,1.64453125,1.125,1.3169352545645914,2.0,1.0,3.0,1.0,1.0,3.0,1.3333333333333333,0.9574271077563381,1.0,0.0,0,4,6,0.12767495418120653,LOW
North Zone 1,Hennur Main Road,2.0,0.0,7,1,1,,,0.0,0.0,1.0,0.5,1.0,0.0,1.0,0.0,0.0,1.0,0,0,1.5,0.5625,0.6453936,2.0,1.0,1.0,1.0,0.0,0.0,1.3333333333333333,0.5,1.0,1.0,0,4,6,0.1297503183326499,LOW
North Zone 1,Hennur Main Road,1.0,12.0,7,1,0,0.3432,70.4,0.0,0.0,1.0,0.5,1.0,0.0,1.0,0.0,0.0,0.0,0,0,0.0,0.0,0.0,0.0,0.0,0.0,0.0,0.0,0.0,0.0,0.0,0.0,0.0,0,4,6,0.16363825797792528,LOW
North Zone 1,Hennur Main Road,4.0,4.0,7,1,1,,,0.0,0.0,0.0,1.0,2.5,0.0,1.0,0.0,0.0,0.0,0,0,1.0,0.75,0.1024,1.0,1.0,1.0,1.0,0.0,1.0,1.0,0.0,0.0,1.0,0,4,6,0.09155084230897668,LOW
North Zone 2,Bellary Road 2,6.0,8.0,7,1,1,,,1.0,0.0,0.0,1.0,3.0,0.0,0.0,0.0,0.0,0.0,0,0,1.3125486469731413,0.7869726351751467,1.2913837681400127,1.0,2.0,1.0,0.0,2.0,1.0,1.3333333333333333,0.4999999999999999,-1.0,-2.0,0,5,3,0.0615390182072023,LOW
Central Zone 2,Non-corridor,1.0,20.0,7,1,1,,,0.0,0.0,0.0,1.0,2.5,0.0,1.0,0.0,0.0,0.0,0,0,1.0,0.84375,0.7135052631578946,1.0,1.0,1.0,1.0,1.0,1.0,1.0,0.0,0.0,0.0,0,1,11,0.1031034031590534,LOW
Central Zone 2,Non-corridor,0.0,8.0,7,1,0,0.0503,2.3,1.0,0.0,1.0,0.5,2.5,1.0,0.0,0.0,0.0,0.0,0,0,2.25,1.5,0.24033,2.0,1.0,0.0,2.0,0.0,0.0,2.3333333333333335,1.5275252316519468,1.0,2.0,0,1,11,0.6189874105954055,HIGH
Central Zone 2,Non-corridor,0.0,4.0,7,3,1,0.25575,24.799999999999997,0.0,0.0,0.0,1.0,1.8333333333333333,0.3333333333333333,1.0,0.0,0.0,0.0,0,1,2.25,1.5625,0.8659797783933518,2.0,3.0,1.0,1.0,3.0,1.0,2.3333333333333335,0.816496580927726,-1.0,-2.0,0,1,11,0.6748013501042389,HIGH
Central Zone 2,Non-corridor,0.0,0.0,7,1,1,,,0.0,0.0,0.0,1.0,1.0,0.0,1.0,0.0,0.0,0.0,0,0,3.125,2.625,0.3859,4.0,2.0,3.0,3.0,2.0,3.0,2.6666666666666665,0.9574271077563381,2.0,1.0,0,1,11,0.697454990925347,HIGH
East Zone 1,Varthur Road,5.0,8.0,7,1,1,,,1.0,0.0,1.0,0.5,1.5,0.0,1.0,0.0,0.0,0.0,0,0,1.0625,0.705078125,0.5197281805473685,1.0,1.0,2.0,1.0,0.0,1.0,1.0,0.5,0.0,1.0,0,2,20,0.14545618610635785,LOW
East Zone 1,ORR East 1,1.0,20.0,7,1,0,0.4753,32.5,0.0,0.0,1.0,0.5,3.0,0.0,1.0,0.0,0.0,0.0,0,0,1.0,0.5,0.7893,1.0,1.0,0.0,1.0,0.0,0.0,1.0,0.0,0.0,1.0,0,2,12,0.15735005975482869,LOW
East Zone 1,ORR East 1,1.0,8.0,7,1,1,,,1.0,0.0,1.0,0.5,1.0,0.0,1.0,0.0,0.0,0.0,0,0,1.0,0.5,1.07134,1.0,1.0,0.0,0.0,1.0,0.0,1.0,0.0,0.0,-1.0,0,2,12,0.03741981486248205,LOW
East Zone 1,ORR East 1,1.0,4.0,7,1,1,,,0.0,0.0,0.0,1.0,2.5,0.0,1.0,0.0,0.0,0.0,0,0,1.0,1.0,0.0,1.0,1.0,0.0,1.0,1.0,0.0,1.0,0.0,0.0,0.0,0,2,12,0.06339199892964173,LOW
Central Zone 2,Non-corridor,0.0,12.0,7,2,2,,,0.0,0.0,0.0,1.0,1.0,0.0,0.5,0.5,0.0,0.0,0,0,1.5,1.25,0.555,2.0,1.0,0.0,2.0,1.0,0.0,1.3333333333333333,0.5773502691896258,1.0,1.0,0,1,11,0.34819599864127315,MEDIUM
Central Zone 1,Old Madras Road,0.0,4.0,7,1,1,,,0.0,0.0,0.0,1.0,2.5,0.0,0.0,0.0,0.0,0.0,0,0,1.5,1.0,0.0184,1.0,2.0,0.0,1.0,1.0,0.0,1.5,0.7071067811865476,-1.0,0.0,0,0,18,0.123934429899302,LOW
West Zone 1,Tumkur Road,5.0,0.0,7,1,0,0.8885,72.9,0.0,0.0,1.0,0.5,2.5,0.0,0.0,0.0,0.0,0.0,0,1,1.095403783030647,0.8667036053044419,0.6443966910534906,1.0,1.0,2.0,1.0,1.0,1.0,1.0,0.5,0.0,0.0,0,8,19,0.47233531420083796,MEDIUM
Central Zone 1,Old Madras Road,3.0,4.0,7,1,1,,,0.0,0.0,0.0,1.0,2.5,0.0,0.0,0.0,0.0,0.0,0,0,1.37548828125,0.302734375,0.2710400071950211,1.0,2.0,1.0,0.0,0.0,0.0,1.6666666666666667,0.5773502691896257,-1.0,0.0,0,0,18,0.31152223168179755,MEDIUM
Central Zone 1,Old Madras Road,3.0,0.0,7,1,1,,,0.0,0.0,0.0,1.0,1.5,0.0,0.0,0.0,0.0,0.0,0,0,1.29388427734375,1.282057762145996,0.15372210388032795,1.0,2.0,1.0,1.0,2.0,1.0,1.3333333333333333,0.5000000000000001,-1.0,-1.0,0,0,18,0.15764183158851627,LOW
West Zone 1,Tumkur Road,5.0,4.0,7,1,0,0.2069,28.3,0.0,0.0,0.0,1.0,1.5,0.0,0.0,0.0,0.0,0.0,0,0,1.0081806500220551,0.9490153589265731,0.5709489288581773,1.0,1.0,1.0,1.0,1.0,1.0,1.0,0.0,0.0,0.0,0,8,19,0.46895150218691617,MEDIUM
Central Zone 2,Non-corridor,2.0,0.0,7,7,5,0.56235,64.65,0.0,0.0,0.2857142857142857,0.8571428571428571,1.5714285714285714,0.2857142857142857,0.7142857142857143,0.0,0.0,1.0,1,0,3.985837868271119,1.698762337962762,0.3139251344531215,3.0,5.0,2.0,1.0,3.0,2.0,5.333333333333333,2.645751311064589,-2.0,-2.0,0,1,11,0.7183114868436348,HIGH
North Zone 2,ORR North 2,2.0,12.0,7,1,1,,,0.0,0.0,0.0,1.0,1.0,0.0,0.0,0.0,0.0,1.0,0,0,1.0,0.75,0.1097,1.0,1.0,1.0,1.0,0.0,1.0,1.0,0.0,0.0,1.0,0,5,15,0.15087397027999952,LOW
Central Zone 2,Non-corridor,1.0,8.0,7,5,2,0.2471,41.699999999999996,0.2,0.0,0.0,1.0,2.3,0.0,0.6,0.0,0.0,0.0,0,0,2.0400028228759766,1.7040977478027344,0.2925277254242425,1.0,5.0,1.0,1.0,4.0,1.0,2.3333333333333335,2.0,-4.0,-3.0,0,1,11,0.702733355247239,HIGH
Central Zone 2,Non-corridor,1.0,12.0,7,3,1,0.243,41.95,0.0,0.0,0.3333333333333333,0.8333333333333334,1.5,0.3333333333333333,0.3333333333333333,0.0,0.0,0.0,0,0,1.6961021423339844,1.301218032836914,0.1327754361567448,1.0,2.0,1.0,1.0,1.0,0.0,2.3333333333333335,1.4142135623730951,-1.0,0.0,0,1,11,0.4541272261152687,MEDIUM
North Zone 2,ORR North 2,1.0,8.0,7,1,1,,,0.0,0.0,1.0,0.5,1.0,0.0,0.0,0.0,0.0,0.0,0,0,1.0,1.0,1.539,1.0,1.0,0.0,1.0,1.0,0.0,1.0,0.0,0.0,0.0,0,5,15,0.04031292139898005,LOW
North Zone 2,ORR North 2,3.0,4.0,7,1,1,,,0.0,0.0,0.0,1.0,3.0,0.0,0.0,0.0,0.0,0.0,0,0,2.03515625,1.802734375,0.3866863831578947,3.0,1.0,1.0,3.0,1.0,0.0,1.6666666666666667,1.0,2.0,2.0,0,5,15,0.24685667674958225,LOW
North Zone 2,ORR North 2,3.0,0.0,7,1,0,0.6976,47.7,0.0,0.0,0.0,1.0,3.0,0.0,0.0,0.0,0.0,0.0,0,0,1.0010452270507812,0.6796035766601562,1.2034315576135062,1.0,1.0,1.0,1.0,0.0,0.0,1.0,0.0,0.0,1.0,0,5,15,0.18104811629326403,LOW
Central Zone 2,Non-corridor,6.0,12.0,7,1,1,,,0.0,0.0,0.0,1.0,1.0,1.0,1.0,0.0,0.0,0.0,0,0,3.660465792624028,1.4974903158596424,0.3994873763510282,5.0,3.0,2.0,2.0,1.0,2.0,3.0,1.707825127659933,2.0,1.0,0,1,11,0.7183114868436348,HIGH
Central Zone 1,Old Madras Road,2.0,0.0,7,1,0,0.232,36.6,0.0,0.0,0.0,1.0,1.0,0.0,0.0,0.0,0.0,1.0,0,0,2.6171875,2.1033935546875,0.10153683980054658,4.0,1.0,1.0,3.0,1.0,1.0,2.0,1.5,3.0,2.0,0,0,18,0.5214630152633146,MEDIUM
West Zone 1,Tumkur Road,5.0,12.0,7,1,1,,,0.0,0.0,0.0,1.0,2.5,0.0,0.0,0.0,0.0,0.0,0,0,1.0495109558105469,0.9780765175819397,0.11869417947273198,1.0,1.0,1.0,1.0,1.0,0.0,1.0,0.0,0.0,0.0,0,8,19,0.3263362851049583,MEDIUM
Central Zone 1,Old Madras Road,1.0,8.0,7,2,2,,,1.0,0.0,0.0,1.0,2.0,0.0,0.0,0.0,0.0,0.0,0,0,1.25,0.921875,0.29963573407202215,1.0,2.0,1.0,1.0,1.0,0.0,1.3333333333333333,0.5,-1.0,0.0,0,0,18,0.18119425765756825,LOW
North Zone 2,ORR North 2,2.0,0.0,7,1,1,,,0.0,0.0,1.0,0.5,3.0,0.0,0.0,0.0,0.0,1.0,0,0,1.267578125,0.978515625,0.3273734791524265,1.0,2.0,1.0,1.0,1.0,1.0,1.3333333333333333,0.5,-1.0,0.0,0,5,15,0.10860632542031014,LOW
North Zone 2,ORR North 2,2.0,8.0,7,1,1,,,0.0,0.0,0.0,1.0,1.0,0.0,0.0,0.0,0.0,1.0,0,0,1.12890625,1.06640625,0.24190755501665823,1.0,1.0,3.0,1.0,1.0,2.0,1.0,1.0,0.0,0.0,0,5,15,0.5160437923178427,MEDIUM
East Zone 1,ORR East 1,6.0,8.0,7,1,0,0.5527,34.1,1.0,0.0,1.0,0.5,1.0,1.0,1.0,0.0,0.0,0.0,0,0,1.007817804813385,0.6219256967306137,1.3040015409074475,1.0,1.0,1.0,1.0,0.0,1.0,1.0,0.0,0.0,1.0,0,2,12,0.10649112404163853,LOW
West Zone 2,West of Chord Road,5.0,0.0,7,2,1,0.5796,49.2,0.0,0.0,0.0,1.0,2.5,0.0,0.0,0.0,0.0,0.0,0,0,1.0002448558807373,0.7348010540008545,1.181105643266291,1.0,1.0,1.0,1.0,0.0,1.0,1.0,0.0,0.0,1.0,0,9,21,0.11959563527981554,LOW
West Zone 2,West of Chord Road,1.0,4.0,7,1,1,,,0.0,0.0,0.0,1.0,3.0,0.0,0.0,0.0,0.0,0.0,0,0,1.0,0.5625,0.63814,1.0,1.0,1.0,1.0,0.0,0.0,1.0,0.0,0.0,1.0,0,9,21,0.04099478269918896,LOW
West Zone 2,West of Chord Road,4.0,0.0,7,1,1,,,0.0,0.0,0.0,1.0,2.5,0.0,0.0,0.0,0.0,0.0,0,0,1.0078353881835938,0.5136337280273438,0.2932745901093524,1.0,1.0,1.0,1.0,0.0,0.0,1.0,0.0,0.0,1.0,0,9,21,0.06629819660623508,LOW
North Zone 2,ORR North 2,3.0,8.0,7,1,1,,,0.0,0.0,0.0,1.0,1.0,0.0,0.0,0.0,0.0,0.0,0,1,1.8828203678131104,1.8515665531158447,0.03676981032862568,2.0,2.0,1.0,2.0,2.0,1.0,2.0,0.5,0.0,0.0,0,5,15,0.4885153528887542,MEDIUM
West Zone 2,West of Chord Road,6.0,12.0,7,1,1,,,0.0,0.0,0.0,1.0,1.5,0.0,0.0,0.0,0.0,0.0,0,0,1.1259765625,1.061431884765625,0.2758604158463778,1.0,1.0,2.0,1.0,1.0,2.0,1.0,0.4999999999999999,0.0,0.0,0,9,21,0.06586521791170986,LOW
East Zone 1,ORR East 2,1.0,0.0,7,3,2,0.0232,1.9,0.0,0.0,0.3333333333333333,0.8333333333333334,1.0,0.6666666666666666,1.0,0.0,0.0,0.0,0,0,1.625,1.625,2.34,2.0,1.0,1.0,2.0,1.0,1.0,1.6666666666666667,0.5773502691896257,1.0,1.0,0,2,13,0.09283214004872038,LOW
West Zone 2,West of Chord Road,2.0,0.0,7,1,1,,,0.0,0.0,0.0,1.0,2.5,0.0,0.0,0.0,0.0,1.0,0,0,1.046875,0.921875,0.3047,1.0,1.0,1.0,1.0,1.0,1.0,1.0,0.0,0.0,0.0,0,9,21,0.08564659772054548,LOW
West Zone 2,West of Chord Road,6.0,0.0,8,1,0,0.5133,35.1,0.0,0.0,1.0,0.5,3.0,0.0,0.0,0.0,0.0,0.0,0,0,1.001953603234142,0.9447945333085954,1.1828172848839198,1.0,1.0,1.0,1.0,1.0,1.0,1.0,0.0,0.0,0.0,0,9,21,0.14755043234482906,LOW
East Zone 1,ORR East 2,1.0,0.0,8,1,1,2.34,773.7,0.0,0.0,1.0,0.5,1.0,0.0,1.0,0.0,0.0,0.0,0,0,2.3125,1.8125,1.1206315789473682,3.0,2.0,2.0,2.0,2.0,2.0,2.0,0.816496580927726,1.0,0.0,0,2,13,0.09568520950909286,LOW
West Zone 2,West of Chord Road,3.0,0.0,8,1,0,0.1463,12.0,0.0,0.0,1.0,0.5,2.5,0.0,0.0,0.0,0.0,0.0,0,0,1.1253662109375,0.2181396484375,0.21118236161737228,1.0,1.0,1.0,0.0,0.0,1.0,1.3333333333333333,0.5,0.0,0.0,0,9,21,0.14068753310996424,LOW
North Zone 1,Hennur Main Road,1.0,8.0,8,1,1,,,0.0,0.0,0.0,1.0,1.0,0.0,1.0,0.0,0.0,0.0,0,0,1.5,1.0,0.4458,1.0,2.0,0.0,1.0,1.0,0.0,1.5,0.7071067811865476,-1.0,0.0,0,4,6,0.10553756246284715,LOW
Central Zone 2,Non-corridor,6.0,12.0,8,2,2,,,0.0,0.0,0.0,1.0,2.0,0.0,0.0,0.0,0.0,0.0,0,1,2.330232896312014,1.2487451579298212,0.3994873763510282,1.0,5.0,1.0,1.0,2.0,0.0,3.0,1.9148542155126762,-4.0,-1.0,0,1,11,0.7183114868436348,HIGH
North Zone 1,Hennur Main Road,3.0,8.0,8,1,1,,,1.0,0.0,0.0,1.0,1.0,0.0,1.0,0.0,0.0,0.0,0,0,1.20556640625,1.140625,1.3169352545645914,1.0,1.0,2.0,1.0,1.0,1.0,1.3333333333333333,0.5773502691896257,0.0,0.0,0,4,6,0.09527939540323083,LOW
North Zone 1,Hennur Main Road,3.0,4.0,8,1,0,0.1024,14.0,0.0,0.0,0.0,1.0,1.5,0.0,1.0,0.0,0.0,0.0,0,0,1.0,1.0,0.0,1.0,1.0,1.0,1.0,1.0,1.0,1.0,0.0,0.0,0.0,0,4,6,0.05745532045740132,LOW
Central Zone 2,Non-corridor,6.0,8.0,8,6,6,3.7511,144.1,0.5,0.0,0.0,1.0,2.25,0.5,0.3333333333333333,0.0,0.0,0.0,1,0,3.750395122347377,2.2610937310918766,0.6444822496057989,3.0,5.0,2.0,2.0,3.0,1.0,4.666666666666667,1.8257418583505538,-2.0,-1.0,0,1,11,0.7183114868436348,HIGH
North Zone 1,Hennur Main Road,6.0,4.0,8,1,0,0.5275,108.2,0.0,0.0,0.0,1.0,1.0,0.0,1.0,0.0,0.0,0.0,0,0,1.0,0.359375,0.5777554340396446,1.0,1.0,1.0,0.0,1.0,1.0,1.0,0.0,0.0,-1.0,0,4,6,0.07086896222853892,LOW
North Zone 1,Hennur Main Road,5.0,12.0,8,1,1,,,0.0,0.0,1.0,0.5,1.0,0.0,1.0,0.0,0.0,0.0,0,0,1.5,1.25,0.3432,2.0,1.0,0.0,2.0,1.0,0.0,1.3333333333333333,0.5773502691896258,1.0,1.0,0,4,6,0.17728400375969122,LOW
Central Zone 2,Non-corridor,6.0,4.0,8,2,1,0.2048,31.5,0.5,0.0,0.5,0.75,3.0,0.0,0.0,0.0,0.0,0.0,0,0,4.326566616091503,2.999233261877653,0.16772407993161886,5.0,3.0,4.0,4.0,2.0,2.0,4.333333333333333,0.9574271077563381,2.0,2.0,0,1,11,0.718159128334034,HIGH
North Zone 1,Airport New South Road,4.0,12.0,8,1,1,,,0.0,0.0,0.0,1.0,2.5,0.0,0.0,0.0,0.0,0.0,0,0,1.0,0.75,0.8223,1.0,1.0,0.0,1.0,1.0,0.0,1.0,0.0,0.0,0.0,0,4,0,0.0808898025311847,LOW
North Zone 1,Airport New South Road,4.0,0.0,8,1,1,,,0.0,0.0,0.0,1.0,1.0,0.0,0.0,0.0,0.0,0.0,0,0,1.0,1.0,1.9172421052631579,1.0,1.0,1.0,1.0,1.0,1.0,1.0,0.0,0.0,0.0,0,4,0,0.04907841303501687,LOW
North Zone 1,ORR North 1,1.0,4.0,8,2,1,0.0909,18.8,0.0,0.0,0.5,0.75,1.75,0.0,0.5,0.0,0.0,0.0,0,0,1.28125,1.25,1.9566701298701297,1.0,2.0,1.0,1.0,2.0,1.0,1.3333333333333333,0.5,-1.0,-1.0,0,4,14,0.05043388491311322,LOW
North Zone 1,ORR North 1,1.0,0.0,8,1,1,,,0.0,0.0,0.0,1.0,1.0,0.0,1.0,0.0,0.0,0.0,0,0,1.0625,1.0625,0.0,1.0,1.0,1.0,1.0,1.0,1.0,1.0,0.0,0.0,0.0,0,4,14,0.2433278935858009,LOW
North Zone 1,ORR North 1,0.0,4.0,8,1,0,1.2468,102.3,0.0,0.0,0.0,1.0,2.5,0.0,0.0,0.0,0.0,0.0,0,0,2.0,2.0,0.0,2.0,0.0,0.0,2.0,0.0,0.0,2.0,0.0,0.0,0.0,0,4,14,0.21907435273574752,LOW
North Zone 1,ORR North 1,2.0,0.0,8,1,0,0.37,25.3,0.0,0.0,1.0,0.5,3.0,0.0,0.0,0.0,0.0,0.0,0,0,1.564453125,1.501953125,3.80041948051948,2.0,1.0,2.0,2.0,1.0,1.0,1.3333333333333333,0.5773502691896257,1.0,1.0,0,4,14,0.25466963386655506,LOW
Central Zone 2,Non-corridor,6.0,0.0,8,6,3,0.14276666666666668,34.36666666666667,0.0,0.0,0.16666666666666666,0.9166666666666666,2.0833333333333335,0.0,0.3333333333333333,0.16666666666666666,0.0,0.0,1,1,4.404884699768683,2.828468608236574,0.386161293394421,4.0,7.0,4.0,2.0,6.0,2.0,4.333333333333333,2.0615528128088303,-3.0,-4.0,0,1,11,0.718159128334034,HIGH
Central Zone 2,Non-corridor,5.0,20.0,8,2,2,,,0.0,0.0,0.5,0.75,1.0,1.0,0.0,0.0,0.0,0.0,0,0,1.29736328125,1.2265434265136719,0.5130717107125045,1.0,2.0,1.0,1.0,2.0,0.0,1.3333333333333333,0.5,-1.0,-1.0,0,1,11,0.32536498970221306,MEDIUM
North Zone 1,ORR North 1,3.0,0.0,8,1,1,,,0.0,0.0,0.0,1.0,1.0,0.0,1.0,0.0,0.0,0.0,0,0,1.2815256118774414,1.1179208755493164,0.5753949303979761,1.0,1.0,5.0,1.0,1.0,5.0,1.0,2.0,0.0,0.0,0,4,14,0.35616251553481826,MEDIUM
Central Zone 2,Non-corridor,5.0,16.0,8,2,2,,,1.0,0.0,0.0,1.0,2.5,0.0,1.0,0.0,0.0,0.0,0,0,1.174942024052143,1.0439598634839058,1.5592655686596042,1.0,1.0,3.0,1.0,1.0,1.0,1.0,0.9999999999999999,0.0,0.0,0,1,11,0.26381503932704536,LOW
Central Zone 2,Non-corridor,5.0,12.0,8,1,1,,,0.0,0.0,0.0,1.0,1.5,0.0,1.0,0.0,0.0,0.0,0,0,3.286185408319864,2.5253401775267736,0.3317342742011932,3.0,6.0,1.0,3.0,4.0,0.0,3.3333333333333335,2.3629078131263044,-3.0,-1.0,0,1,11,0.7183114868436348,HIGH
North Zone 1,ORR North 1,3.0,4.0,8,1,0,0.3544,72.7,0.0,0.0,1.0,0.5,1.0,0.0,1.0,0.0,0.0,0.0,0,0,1.0159378051757812,0.81060791015625,0.9044705681980905,1.0,1.0,1.0,1.0,1.0,0.0,1.0,0.0,0.0,0.0,0,4,14,0.3049324088427466,MEDIUM
Central Zone 2,Non-corridor,5.0,8.0,8,3,3,,,0.6666666666666666,0.0,0.3333333333333333,0.8333333333333334,2.1666666666666665,0.0,0.3333333333333333,0.0,0.0,0.0,1,1,4.157905261421481,3.3100866977260415,0.4279157146860191,5.0,4.0,2.0,4.0,3.0,1.0,4.0,1.2909944487358056,1.0,1.0,0,1,11,0.7183114868436348,HIGH
North Zone 1,ORR North 1,6.0,16.0,8,1,1,,,0.0,0.0,0.0,1.0,1.0,0.0,0.0,0.0,0.0,0.0,0,0,2.0,2.0,2.8330333333333333,3.0,1.0,0.0,3.0,1.0,0.0,1.6666666666666667,1.1547005383792517,2.0,2.0,0,4,14,0.10101856246151147,LOW
Central Zone 2,Non-corridor,5.0,4.0,8,3,3,,,0.0,0.0,0.0,1.0,1.6666666666666667,0.3333333333333333,0.6666666666666666,0.0,0.0,0.0,1,1,3.9580173820093694,3.0084033111425246,1.3979963007181442,5.0,4.0,2.0,4.0,3.0,0.0,3.3333333333333335,1.8257418583505538,1.0,1.0,0,1,11,0.7183114868436348,HIGH
North Zone 2,Bellary Road 1,0.0,8.0,8,2,2,,,0.0,0.0,0.0,1.0,1.25,0.0,0.0,0.0,0.0,0.0,0,0,1.0,1.0,0.0,1.0,0.0,0.0,1.0,0.0,0.0,1.0,0.0,0.0,0.0,0,5,2,0.07388025409761864,LOW
North Zone 2,Bellary Road 1,1.0,8.0,8,2,1,0.6818,99.9,0.5,0.0,1.0,0.5,2.0,0.0,0.0,0.0,0.0,0.0,0,0,1.0634765625,0.7158203125,0.26789786739576216,1.0,1.0,2.0,1.0,0.0,1.0,1.0,0.5,0.0,1.0,0,5,2,0.25299278146212056,LOW
North Zone 2,Bellary Road 1,1.0,4.0,8,1,1,,,0.0,0.0,1.0,0.5,1.5,0.0,0.0,0.0,0.0,0.0,0,0,1.25,0.4921875,0.9606843386470194,1.0,2.0,1.0,0.0,1.0,1.0,1.3333333333333333,0.5,-1.0,-1.0,0,5,2,0.05123144699102799,LOW
Central Zone 2,Non-corridor,5.0,0.0,8,3,2,0.0505,20.9,0.0,0.0,0.0,1.0,1.6666666666666667,0.0,0.0,0.0,0.0,0.0,0,0,3.7578892938079536,2.59870054812391,0.34332788139539117,5.0,2.0,1.0,4.0,1.0,0.0,3.6666666666666665,1.8257418583505527,3.0,3.0,0,1,11,0.7143010818692955,HIGH
North Zone 2,Bellary Road 1,2.0,0.0,8,2,1,0.3135,64.3,0.0,0.0,0.0,1.0,2.0,0.0,0.0,0.0,0.0,0.0,0,0,1.0745105743408203,0.8233509063720703,0.37003445087280723,1.0,1.0,2.0,1.0,0.0,2.0,1.0,0.5,0.0,1.0,0,5,2,0.5301314203401706,MEDIUM
North Zone 2,Bellary Road 1,1.0,16.0,8,2,2,,,0.0,0.0,0.0,1.0,2.5,0.0,0.0,0.0,0.0,0.0,0,0,1.0,0.5,0.1082,1.0,1.0,0.0,1.0,0.0,0.0,1.0,0.0,0.0,1.0,0,5,2,0.17353071313990262,LOW
North Zone 2,Bellary Road 1,1.0,12.0,8,1,0,0.1349,12.9,0.0,0.0,0.0,1.0,2.5,0.0,0.0,0.0,0.0,0.0,0,0,1.5,1.0,0.0195,2.0,1.0,1.0,1.0,1.0,1.0,1.3333333333333333,0.5,1.0,0.0,0,5,2,0.4211633052380741,MEDIUM
North Zone 2,Bellary Road 1,2.0,8.0,8,2,1,1.2138,65.55,1.0,0.0,0.5,0.75,2.0,0.0,0.0,0.0,0.0,0.0,0,0,1.5532536506652832,1.235212802886963,0.6346655181156092,1.0,1.0,3.0,1.0,1.0,3.0,2.0,1.5,0.0,0.0,0,5,2,0.4760513742366157,MEDIUM
North Zone 2,Bellary Road 1,2.0,12.0,8,1,1,,,0.0,0.0,0.0,1.0,1.0,0.0,0.0,0.0,0.0,0.0,0,0,1.515625,1.21875,0.39958207792207795,1.0,3.0,1.0,1.0,2.0,1.0,1.6666666666666667,1.0,-2.0,-1.0,0,5,2,0.17960260302157366,LOW
North Zone 2,Bellary Road 1,3.0,4.0,8,3,2,0.0785,4.6,0.3333333333333333,0.0,0.0,1.0,1.6666666666666667,0.3333333333333333,0.0,0.0,0.0,0.0,0,0,1.023468017578125,0.3746938705444336,1.1170549750404077,1.0,1.0,1.0,0.0,1.0,1.0,1.0,0.0,0.0,-1.0,0,5,2,0.06073704898528733,LOW
North Zone 2,Bellary Road 1,3.0,0.0,8,1,0,0.0804,5.5,0.0,0.0,0.0,1.0,3.0,0.0,0.0,0.0,0.0,0.0,0,0,1.0313811658415943,0.494119061389938,0.26996179619305843,1.0,1.0,1.0,0.0,1.0,1.0,1.0,0.0,0.0,-1.0,0,5,2,0.22386822931646316,LOW
North Zone 2,Bellary Road 1,3.0,8.0,8,4,3,0.1413,20.7,0.75,0.0,0.75,0.625,1.125,0.0,0.0,0.0,0.0,0.0,1,0,1.887586243567057,0.9214441437507048,0.6196590132915366,2.0,2.0,1.0,1.0,1.0,0.0,2.0,0.5,0.0,0.0,0,5,2,0.2702657404062777,LOW
Central Zone 2,Non-corridor,4.0,8.0,8,5,3,0.021150000000000002,4.4,0.0,0.0,0.4,0.8,2.3,0.0,0.2,0.0,0.0,0.0,1,0,4.667400291067576,2.4691547813691033,0.40133296216316405,7.0,2.0,2.0,4.0,0.0,2.0,4.0,2.3804761428476167,5.0,4.0,0,1,11,0.7143010818692955,HIGH
Central Zone 2,Non-corridor,4.0,4.0,8,3,0,0.2294333333333333,36.199999999999996,0.6666666666666666,0.0,0.3333333333333333,0.8333333333333334,2.1666666666666665,0.0,0.3333333333333333,0.0,0.0,0.0,0,0,3.137431426208554,2.0415383363919553,0.5564557493915998,3.0,4.0,4.0,2.0,3.0,2.0,3.0,0.957427107756338,-1.0,-1.0,0,1,11,0.718159128334034,HIGH
North Zone 2,Bellary Road 1,5.0,4.0,8,3,2,0.34,27.9,0.3333333333333333,0.0,0.3333333333333333,0.8333333333333334,1.5,0.0,0.0,0.0,0.0,0.0,0,0,1.8755037190858275,1.7734098411092418,1.0314176500584753,2.0,2.0,1.0,2.0,2.0,0.0,2.0,0.5,0.0,0.0,0,5,2,0.23334458415711187,LOW
Central Zone 2,Non-corridor,4.0,0.0,8,4,2,0.5629500000000001,306.25,0.0,0.0,0.0,1.0,1.75,0.0,0.25,0.0,0.0,0.0,0,1,6.131035992146165,3.7564873942881944,0.34758246333696513,9.0,4.0,2.0,5.0,3.0,1.0,5.333333333333333,3.1091263510296043,5.0,2.0,0,1,11,0.7183114868436348,HIGH
Central Zone 2,Non-corridor,3.0,16.0,8,1,1,,,1.0,0.0,0.0,1.0,1.5,0.0,1.0,0.0,0.0,0.0,0,1,1.562530517578125,1.059600830078125,0.9357845283181111,2.0,1.0,2.0,1.0,1.0,2.0,1.3333333333333333,0.5773502691896257,1.0,0.0,0,1,11,0.5611025189932509,MEDIUM
North Zone 2,Bellary Road 1,6.0,4.0,8,1,1,,,1.0,0.0,0.0,1.0,2.5,0.0,0.0,0.0,0.0,0.0,0,0,2.823732436402679,1.905364882191833,0.43168137606776613,4.0,2.0,1.0,3.0,1.0,1.0,2.3333333333333335,1.4142135623730951,2.0,2.0,0,5,2,0.08848547987807992,LOW
North Zone 2,Bellary Road 1,6.0,8.0,8,1,1,1.9472,95.1,1.0,0.0,0.0,1.0,3.0,0.0,0.0,0.0,0.0,0.0,0,0,1.6485140024568756,1.62447278566793,0.6985989460133125,2.0,1.0,1.0,2.0,1.0,1.0,1.6666666666666667,0.5773502691896257,1.0,1.0,0,5,2,0.33121903513495077,MEDIUM
Central Zone 2,Non-corridor,3.0,12.0,8,5,2,0.25289999999999996,45.800000000000004,0.0,0.0,0.0,1.0,1.9,0.0,0.6,0.0,0.0,0.0,0,0,1.6631107084162693,0.8761627994568499,0.23729211699144456,1.0,1.0,11.0,0.0,1.0,7.0,1.0,5.0,0.0,-1.0,0,1,11,0.6108423089865438,HIGH
North Zone 2,Bellary Road 2,0.0,0.0,8,1,1,,,0.0,0.0,1.0,0.5,1.0,0.0,1.0,0.0,0.0,0.0,0,0,1.0,1.0,0.0,1.0,0.0,0.0,1.0,0.0,0.0,1.0,0.0,0.0,0.0,0,5,3,0.0567643616678458,LOW
North Zone 2,Bellary Road 1,6.0,12.0,8,1,0,0.1733,23.7,0.0,0.0,1.0,0.5,1.5,0.0,0.0,0.0,0.0,0.0,0,0,2.500664845574647,1.7574940985068679,0.4437582485878074,3.0,3.0,1.0,2.0,3.0,0.0,2.3333333333333335,1.1547005383792515,0.0,-1.0,0,5,2,0.4194159614276379,MEDIUM
North Zone 2,Bellary Road 2,0.0,4.0,8,1,1,,,0.0,0.0,1.0,0.5,1.0,0.0,1.0,0.0,0.0,0.0,0,0,1.5,1.5,0.0,1.0,2.0,0.0,1.0,2.0,0.0,1.5,0.7071067811865476,-1.0,-1.0,0,5,3,0.04475183372949794,LOW
Central Zone 2,Non-corridor,3.0,8.0,8,10,7,1.13815,73.925,0.5,0.0,0.2,0.9,2.15,0.2,0.3,0.0,0.0,0.0,1,0,1.9638032374428076,1.2220144443962018,0.3475348788929702,2.0,1.0,8.0,2.0,0.0,3.0,1.3333333333333333,3.366501646120693,1.0,2.0,0,1,11,0.6975815842682679,HIGH
North Zone 2,Bellary Road 2,1.0,0.0,8,2,2,,,0.0,0.0,0.0,1.0,2.0,0.0,1.0,0.0,0.0,0.0,0,0,1.625,1.625,2.6754,2.0,1.0,1.0,2.0,1.0,1.0,1.6666666666666667,0.5773502691896257,1.0,1.0,0,5,3,0.09133447871045967,LOW
Central Zone 2,Non-corridor,3.0,4.0,8,3,2,0.4182,65.6,0.0,0.0,0.3333333333333333,0.8333333333333334,2.6666666666666665,0.0,0.3333333333333333,0.0,0.0,0.0,0,0,4.411896007602235,2.5128275663205657,0.30464789318080526,4.0,7.0,2.0,1.0,6.0,2.0,4.666666666666667,2.160246899469287,-3.0,-5.0,0,1,11,0.7183114868436348,HIGH
Central Zone 2,Non-corridor,3.0,0.0,8,1,1,,,0.0,0.0,0.0,1.0,2.5,0.0,0.0,0.0,0.0,0.0,0,1,7.39300131460139,6.051906275454125,0.5463910768762104,11.0,5.0,4.0,9.0,4.0,3.0,6.0,3.8729833462074157,6.0,5.0,0,1,11,0.718159128334034,HIGH
North Zone 2,Bellary Road 2,2.0,8.0,8,1,1,,,0.0,0.0,0.0,1.0,1.5,0.0,0.0,0.0,0.0,0.0,0,0,3.2896728515625,1.731048583984375,0.817709115581915,5.0,2.0,1.0,3.0,0.0,1.0,2.6666666666666665,1.8929694486000912,3.0,3.0,0,5,3,0.05420190657894494,LOW
North Zone 2,Bellary Road 2,2.0,4.0,8,1,1,,,0.0,0.0,0.0,1.0,3.0,0.0,1.0,0.0,0.0,0.0,0,0,1.156280517578125,1.076202392578125,0.9835194121667805,1.0,1.0,3.0,1.0,1.0,2.0,1.0,1.0,0.0,0.0,0,5,3,0.10758725465803709,LOW
Central Zone 2,Non-corridor,2.0,20.0,8,2,2,,,0.0,0.0,1.0,0.5,1.0,0.5,0.5,0.0,0.0,0.0,0,0,1.03125,0.498779296875,0.14098228610603122,1.0,1.0,1.0,0.0,1.0,1.0,1.0,0.0,0.0,-1.0,0,1,11,0.23737258582801868,LOW
North Zone 2,Bellary Road 2,3.0,0.0,8,2,2,1.7228,117.8,0.0,0.0,0.5,0.75,2.75,0.0,1.0,0.0,0.0,0.0,0,0,1.321426585316658,1.0625535994768143,0.908150221987978,1.0,2.0,2.0,1.0,2.0,0.0,1.3333333333333333,0.5773502691896257,-1.0,-1.0,0,5,3,0.03977115960942713,LOW
Central Zone 2,Non-corridor,2.0,12.0,8,6,1,0.22160000000000002,34.839999999999996,0.0,0.0,0.5,0.75,2.5833333333333335,0.0,0.3333333333333333,0.0,0.0,0.0,0,0,2.4058466921560466,2.051306301029399,0.0995095542169442,1.0,6.0,3.0,1.0,5.0,2.0,2.6666666666666665,2.362907813126304,-5.0,-4.0,0,1,11,0.6919710024181996,HIGH
North Zone 2,Bellary Road 2,3.0,8.0,8,1,1,,,0.0,0.0,0.0,1.0,1.0,0.0,1.0,0.0,0.0,0.0,0,0,2.505024254322052,1.3089507073163986,0.1783311148857779,2.0,3.0,1.0,1.0,2.0,0.0,3.3333333333333335,1.707825127659933,-1.0,-1.0,0,5,3,0.2273905617617648,LOW
Central Zone 2,Non-corridor,2.0,8.0,8,5,4,1.2564,234.2,0.4,0.0,0.2,0.9,2.2,0.2,0.2,0.0,0.0,0.0,1,1,3.471752414704042,1.5090235958332414,0.5069182288970517,4.0,3.0,6.0,1.0,2.0,5.0,3.0,1.707825127659933,1.0,-1.0,0,1,11,0.718159128334034,HIGH
Central Zone 2,Non-corridor,2.0,4.0,8,3,3,,,0.6666666666666666,0.0,0.6666666666666666,0.6666666666666666,2.6666666666666665,0.0,0.0,0.0,0.0,0.0,1,0,3.134033760484499,2.3390910767435003,0.23877937195416377,2.0,4.0,5.0,2.0,2.0,5.0,4.0,1.707825127659933,-2.0,0.0,0,1,11,0.718159128334034,HIGH
North Zone 2,Bellary Road 2,6.0,8.0,8,2,1,0.163,36.8,0.0,0.0,0.5,0.75,2.0,0.0,1.0,0.0,0.0,0.0,0,0,1.1562743234865707,0.8934863175875734,1.2913837681400127,1.0,1.0,1.0,1.0,0.0,1.0,1.3333333333333333,0.4999999999999999,0.0,1.0,0,5,3,0.13502004682848867,LOW
East Zone 1,ORR East 1,1.0,0.0,8,2,1,0.0531,10.9,0.0,0.0,0.5,0.75,1.0,0.0,1.0,0.0,0.0,0.0,0,0,1.125,0.75,0.17515999999999998,1.0,1.0,1.0,1.0,0.0,1.0,1.3333333333333333,0.5,0.0,1.0,0,2,12,0.08110597878330823,LOW
Central Zone 2,Non-corridor,2.0,0.0,8,4,2,0.1058,24.4,0.0,0.0,0.25,0.875,2.0,0.0,0.5,0.0,0.0,0.0,0,0,5.4929189341355595,3.349381168981381,0.4132950806718729,7.0,3.0,8.0,5.0,1.0,2.0,5.0,2.2173557826083434,4.0,4.0,0,1,11,0.718159128334034,HIGH
Central Zone 2,Non-corridor,1.0,16.0,8,1,1,,,1.0,0.0,0.0,1.0,3.0,0.0,0.0,0.0,0.0,0.0,0,0,1.5,1.5,0.0,1.0,2.0,0.0,1.0,2.0,0.0,1.5,0.7071067811865476,-1.0,-1.0,0,1,11,0.22920321756013853,LOW
Central Zone 2,Non-corridor,1.0,12.0,8,2,1,0.0474,19.3,0.0,0.0,0.5,0.75,1.0,0.0,0.0,0.0,0.0,0.0,0,0,2.348051071166992,1.150609016418457,0.19078836449530015,3.0,1.0,4.0,1.0,1.0,4.0,2.0,1.2909944487358054,2.0,0.0,0,1,11,0.7033002071470335,HIGH
North Zone 2,ORR North 2,1.0,8.0,8,1,1,,,0.0,0.0,0.0,1.0,1.0,0.0,0.0,0.0,0.0,0.0,0,0,1.0,1.0,1.539,1.0,1.0,1.0,1.0,1.0,1.0,1.0,0.0,0.0,0.0,0,5,15,0.044446161999548275,LOW
North Zone 2,ORR North 2,1.0,0.0,8,1,0,1.3616,93.1,0.0,0.0,1.0,0.5,3.0,0.0,0.0,0.0,0.0,0.0,0,0,1.5625,1.3125,0.2028,2.0,1.0,1.0,2.0,0.0,1.0,1.3333333333333333,0.5,1.0,2.0,0,5,15,0.4033157555416337,MEDIUM
North Zone 2,ORR North 2,1.0,12.0,8,1,0,0.1097,9.0,0.0,0.0,1.0,0.5,2.5,0.0,0.0,0.0,0.0,0.0,0,0,1.0,1.0,0.0,1.0,1.0,0.0,1.0,1.0,0.0,1.0,0.0,0.0,0.0,0,5,15,0.03416600216853811,LOW
North Zone 2,ORR North 2,3.0,0.0,8,1,0,0.0756,15.5,0.0,0.0,0.0,1.0,1.0,0.0,0.0,0.0,0.0,0.0,0,0,1.0005226135253906,0.3398017883300781,0.9372044220274504,1.0,1.0,1.0,0.0,1.0,1.0,1.0,0.0,0.0,-1.0,0,5,15,0.04161649707259499,LOW
Central Zone 2,Non-corridor,1.0,8.0,8,5,2,0.09076666666666666,15.200000000000001,0.8,0.0,0.4,0.8,2.3,0.0,0.2,0.0,0.0,0.0,0,0,3.5200014114379883,1.8520488739013672,0.2686183962535885,5.0,1.0,1.0,2.0,1.0,1.0,3.6666666666666665,2.309401076758503,4.0,1.0,0,1,11,0.7143010818692955,HIGH
North Zone 2,ORR North 2,3.0,8.0,8,4,3,0.0621,9.1,0.75,0.0,0.5,0.75,2.0,0.0,0.0,0.0,0.0,0.0,1,0,1.4414101839065552,1.4257832765579224,0.03676981032862568,1.0,2.0,2.0,1.0,2.0,2.0,1.6666666666666667,0.5,-1.0,-1.0,0,5,15,0.03912357444644921,LOW
North Zone 2,ORR North 2,4.0,4.0,8,1,0,0.3023,24.8,0.0,0.0,0.0,1.0,2.5,0.0,0.0,0.0,0.0,0.0,0,0,1.12939453125,1.100341796875,0.3866863831578947,1.0,1.0,3.0,1.0,1.0,3.0,1.0,1.0,0.0,0.0,0,5,15,0.49708970680212455,MEDIUM
Central Zone 2,Non-corridor,1.0,4.0,8,7,4,0.9544,253.83333333333334,0.2857142857142857,0.0,0.14285714285714285,0.9285714285714286,2.2142857142857144,0.14285714285714285,0.5714285714285714,0.0,0.0,0.0,1,1,3.5844337940216064,2.7648873925209045,0.182220525832676,5.0,2.0,3.0,4.0,2.0,2.0,3.0,1.4142135623730951,3.0,2.0,0,1,11,0.718159128334034,HIGH
North Zone 2,ORR North 2,4.0,12.0,8,1,1,,,0.0,0.0,0.0,1.0,3.0,0.0,0.0,0.0,0.0,0.0,0,0,1.0,0.859375,0.6845223376623377,1.0,1.0,1.0,1.0,1.0,1.0,1.0,0.0,0.0,0.0,0,5,15,0.21346614562544527,LOW
North Zone 2,ORR North 2,4.0,8.0,8,1,1,,,0.0,0.0,0.0,1.0,1.0,0.0,0.0,0.0,0.0,0.0,0,0,1.0096292505331803,1.0005922322452534,0.29728868576144263,1.0,1.0,1.0,1.0,1.0,1.0,1.0,0.0,0.0,0.0,0,5,15,0.4258895075415082,MEDIUM
Central Zone 2,Non-corridor,1.0,0.0,8,2,0,0.04325,8.6,0.0,0.0,0.0,1.0,1.75,0.0,0.0,0.0,0.0,0.0,0,1,3.741070032119751,2.177161455154419,0.2964855998839042,2.0,5.0,9.0,1.0,4.0,4.0,4.333333333333333,2.886751345948129,-3.0,-3.0,0,1,11,0.718159128334034,HIGH
North Zone 2,ORR North 2,5.0,8.0,8,2,2,,,0.0,0.0,0.0,1.0,1.0,0.0,0.0,0.0,0.0,0.0,0,0,1.5195406535649738,1.363281828351802,0.5625928646004087,2.0,1.0,1.0,2.0,1.0,1.0,1.3333333333333333,0.5,1.0,1.0,0,5,15,0.43584767370458444,MEDIUM
North Zone 2,ORR North 2,6.0,4.0,8,1,1,,,1.0,0.0,0.0,1.0,3.0,0.0,0.0,0.0,0.0,0.0,0,0,1.1252527236938477,0.9279303550720215,0.36949670594346884,1.0,1.0,1.0,1.0,1.0,0.0,1.3333333333333333,0.5,0.0,0.0,0,5,15,0.33133239281381144,MEDIUM
North Zone 2,ORR North 2,5.0,12.0,8,1,1,,,0.0,0.0,0.0,1.0,1.0,0.0,0.0,0.0,0.0,0.0,0,0,1.5,0.232421875,0.3169135307809074,2.0,1.0,1.0,0.0,0.0,1.0,1.3333333333333333,0.5,1.0,0.0,0,5,15,0.40874023401344695,MEDIUM
Central Zone 2,Non-corridor,0.0,20.0,8,1,1,,,0.0,0.0,1.0,0.5,1.5,0.0,1.0,0.0,0.0,0.0,0,0,0.0,0.0,0.0,0.0,0.0,0.0,0.0,0.0,0.0,0.0,0.0,0.0,0.0,0,1,11,0.0973266930268679,LOW
Central Zone 2,Non-corridor,0.0,12.0,8,2,1,0.0165,7.0,0.0,0.0,0.5,0.75,1.0,0.0,0.5,0.0,0.0,0.0,0,1,1.75,1.625,0.555,2.0,2.0,1.0,2.0,2.0,0.0,1.6666666666666667,0.5773502691896257,0.0,0.0,0,1,11,0.642659975750367,HIGH
North Zone 2,ORR North 2,6.0,12.0,8,1,1,,,0.0,0.0,0.0,1.0,3.0,0.0,0.0,0.0,0.0,0.0,0,0,1.3125,0.904052734375,0.5603800935277983,1.0,2.0,2.0,1.0,1.0,0.0,1.3333333333333333,0.5773502691896257,-1.0,0.0,0,5,15,0.11263340110630274,LOW
North Zone 2,ORR North 2,6.0,8.0,8,1,0,1.2855,175.8,0.0,0.0,1.0,0.5,1.5,0.0,0.0,0.0,0.0,0.0,0,0,1.001483926419497,0.9388313299104998,1.4210099346529774,1.0,1.0,1.0,1.0,1.0,0.0,1.0,0.0,0.0,0.0,0,5,15,0.08327834249705834,LOW
Central Zone 2,Non-corridor,0.0,8.0,8,2,1,0.16,25.6,0.0,0.0,0.0,1.0,1.75,0.0,0.0,0.0,0.0,0.0,0,0,1.625,0.75,0.14031421052631576,1.0,2.0,4.0,0.0,2.0,2.0,1.3333333333333333,1.4142135623730951,-1.0,-2.0,0,1,11,0.3308503558926747,MEDIUM
Central Zone 2,Non-corridor,0.0,4.0,8,5,4,0.2329,41.4,0.0,0.0,0.4,0.8,2.2,0.0,0.4,0.0,0.0,0.0,1,0,2.625,1.28125,0.6218878670360111,3.0,2.0,2.0,1.0,1.0,1.0,2.6666666666666665,0.5773502691896257,1.0,0.0,0,1,11,0.6571673650547872,HIGH
Central Zone 2,Non-corridor,0.0,0.0,8,1,0,0.1843,33.7,0.0,0.0,1.0,0.5,2.5,0.0,1.0,0.0,0.0,0.0,0,0,2.0625,1.8125,0.3859,1.0,4.0,2.0,1.0,3.0,2.0,2.3333333333333335,1.2583057392117916,-3.0,-2.0,0,1,11,0.6220595213843325,HIGH
South Zone 1,ORR West 1,1.0,4.0,8,1,1,,,0.0,0.0,0.0,1.0,3.0,0.0,0.0,0.0,0.0,0.0,0,0,1.0,0.5,0.4802,1.0,1.0,0.0,1.0,0.0,0.0,1.0,0.0,0.0,1.0,0,6,16,0.1038962416942689,LOW
South Zone 1,ORR West 1,3.0,0.0,8,2,2,,,0.0,0.0,0.0,1.0,3.0,0.0,0.0,0.0,0.0,0.0,0,0,1.09765625,0.8330078125,0.7699891452631579,1.0,1.0,2.0,1.0,1.0,0.0,1.0,0.5,0.0,0.0,0,6,16,0.24007468188285264,LOW
South Zone 1,ORR West 1,2.0,12.0,8,1,1,,,0.0,0.0,0.0,1.0,2.5,0.0,0.0,0.0,0.0,0.0,0,0,1.0,0.5,0.4104,1.0,1.0,0.0,0.0,1.0,0.0,1.0,0.0,0.0,-1.0,0,6,16,0.1581853814484929,LOW
South Zone 1,ORR West 1,2.0,8.0,8,1,1,,,0.0,0.0,1.0,0.5,3.0,0.0,0.0,0.0,0.0,0.0,0,0,1.0,0.5,0.6358,1.0,1.0,1.0,0.0,1.0,1.0,1.0,0.0,0.0,-1.0,0,6,16,0.11991161992743656,LOW
East Zone 1,ORR East 1,2.0,4.0,8,1,1,,,0.0,0.0,1.0,0.5,1.5,0.0,0.0,0.0,0.0,0.0,0,0,1.5,1.0,0.0486,2.0,1.0,1.0,1.0,1.0,1.0,1.3333333333333333,0.5,1.0,0.0,0,2,12,0.3446719962356364,MEDIUM
East Zone 1,ORR East 1,2.0,0.0,8,1,1,,,0.0,0.0,1.0,0.5,1.0,0.0,1.0,0.0,0.0,0.0,0,0,1.36376953125,1.0068359375,0.6044886690747923,1.0,2.0,1.0,1.0,1.0,0.0,1.3333333333333333,0.5,-1.0,0.0,0,2,12,0.07989714473776797,LOW
East Zone 1,Varthur Road,3.0,12.0,8,1,1,,,0.0,0.0,1.0,0.5,2.5,0.0,1.0,0.0,0.0,0.0,0,0,1.0,1.0,1.5624,1.0,1.0,1.0,1.0,1.0,1.0,1.0,0.0,0.0,0.0,0,2,20,0.03821288749783902,LOW
South Zone 1,ORR West 1,4.0,4.0,8,1,0,0.1548,12.7,0.0,0.0,0.0,1.0,2.5,0.0,0.0,0.0,0.0,0.0,0,0,1.125,0.96875,0.3864987012987013,1.0,1.0,1.0,1.0,1.0,1.0,1.3333333333333333,0.5,0.0,0.0,0,6,16,0.4141458552525514,MEDIUM
South Zone 1,ORR West 1,4.0,0.0,8,1,0,0.3408,69.9,0.0,0.0,0.0,1.0,1.0,0.0,0.0,0.0,0.0,0.0,0,0,1.068603515625,1.05206298828125,0.7699891452631579,1.0,1.0,2.0,1.0,1.0,2.0,1.0,0.5,0.0,0.0,0,6,16,0.45930852295492663,MEDIUM
South Zone 1,ORR West 1,3.0,8.0,8,2,1,1.4077,82.5,1.0,0.0,1.0,0.5,2.5,0.0,0.0,0.0,0.0,0.0,0,0,1.0,0.4375,0.4096961038961039,1.0,1.0,1.0,0.0,1.0,0.0,1.0,0.0,0.0,-1.0,0,6,16,0.2952528515005481,LOW
Central Zone 2,Mysore Road,6.0,8.0,8,5,2,0.806575,53.949999999999996,0.2,0.0,0.6,0.7,2.3,0.4,0.0,0.0,0.0,0.0,0,0,1.102829743995276,0.7543877537515917,0.4089581345299558,1.0,1.0,1.0,1.0,0.0,0.0,1.0,0.0,0.0,1.0,0,1,10,0.4256555379650902,MEDIUM
Central Zone 2,Mysore Road,6.0,4.0,8,4,3,0.0375,2.2,0.5,0.0,0.5,0.75,2.5,0.0,0.0,0.0,0.0,0.0,1,0,1.0567941190715895,0.22373215931966756,0.39478527055276663,1.0,1.0,1.0,0.0,0.0,0.0,1.0,0.0,0.0,0.0,0,1,10,0.26377438990404883,LOW
Central Zone 2,Mysore Road,6.0,0.0,8,1,1,,,0.0,0.0,0.0,1.0,2.5,1.0,0.0,0.0,0.0,0.0,0,0,1.8189747532029408,1.564140982837845,1.1944672797733356,2.0,1.0,3.0,2.0,1.0,1.0,1.6666666666666667,0.816496580927726,1.0,1.0,0,1,10,0.387860840333622,MEDIUM
South Zone 1,ORR West 1,5.0,8.0,8,1,1,1.6735,245.2,1.0,0.0,0.0,1.0,1.0,0.0,0.0,0.0,0.0,0.0,0,0,1.003173828125,0.1243743896484375,0.9675319962430553,1.0,1.0,1.0,0.0,0.0,1.0,1.0,0.0,0.0,0.0,0,6,16,0.04622587385012233,LOW
South Zone 1,ORR West 1,5.0,0.0,8,1,0,0.7956,54.4,0.0,0.0,0.0,1.0,3.0,0.0,0.0,0.0,0.0,0.0,0,0,1.1271438598632812,0.9078769683837891,0.3071698467520588,1.0,1.0,1.0,1.0,1.0,0.0,1.3333333333333333,0.5,0.0,0.0,0,6,16,0.4693688826790946,MEDIUM
South Zone 1,ORR West 1,6.0,8.0,8,1,1,,,0.0,0.0,0.0,1.0,2.5,1.0,0.0,0.0,0.0,0.0,0,0,1.5781497955322266,1.2900341749191284,0.39025452156680623,2.0,1.0,2.0,2.0,0.0,2.0,1.3333333333333333,0.5773502691896257,1.0,2.0,0,6,16,0.32054884263878175,MEDIUM
South Zone 1,ORR West 1,6.0,4.0,8,1,0,0.0648,13.3,0.0,0.0,0.0,1.0,1.0,0.0,0.0,0.0,0.0,0.0,0,0,1.00390625,0.5302734375,0.13119051981784452,1.0,1.0,1.0,1.0,0.0,0.0,1.0,0.0,0.0,1.0,0,6,16,0.12993670572664204,LOW
Central Zone 2,Mysore Road,5.0,12.0,8,1,0,0.9433,77.4,0.0,0.0,0.0,1.0,2.5,0.0,0.0,0.0,0.0,0.0,0,1,1.1174739068374038,0.8856549708143575,0.5584176910210439,1.0,1.0,2.0,1.0,1.0,1.0,1.0,0.5,0.0,0.0,0,1,10,0.5558640521748105,MEDIUM
South Zone 2,Bannerghata Road,0.0,0.0,8,1,0,0.4513,64.4,0.0,0.0,1.0,0.5,1.5,0.0,0.0,0.0,0.0,0.0,0,0,0.0,0.0,0.0,0.0,0.0,0.0,0.0,0.0,0.0,0.0,0.0,0.0,0.0,0,7,1,0.10787426720628385,LOW
South Zone 2,Bannerghata Road,1.0,8.0,8,1,1,,,0.0,0.0,0.0,1.0,1.0,0.0,0.0,0.0,0.0,0.0,0,0,1.0,0.203125,0.2678901402597403,1.0,1.0,1.0,0.0,0.0,1.0,1.0,0.0,0.0,0.0,0,7,1,0.16986599424413162,LOW
Central Zone 2,Mysore Road,5.0,8.0,8,1,1,,,0.0,0.0,0.0,1.0,2.5,0.0,0.0,0.0,0.0,0.0,0,0,2.297657851162552,1.4930598416298737,0.5472420293994946,3.0,1.0,1.0,2.0,1.0,1.0,2.3333333333333335,1.1547005383792515,2.0,1.0,0,1,10,0.31701437026548085,MEDIUM
South Zone 2,Bannerghata Road,3.0,0.0,8,1,1,,,0.0,0.0,1.0,0.5,1.0,0.0,0.0,0.0,0.0,0.0,0,0,1.68798828125,0.6563720703125,0.47184855084183175,2.0,1.0,2.0,0.0,1.0,2.0,1.6666666666666667,0.5,1.0,-1.0,0,7,1,0.2492626009357268,LOW
East Zone 1,ORR East 2,6.0,0.0,8,1,1,2.34,783.8,0.0,0.0,0.0,1.0,1.0,0.0,1.0,0.0,0.0,0.0,0,0,1.0827637910844317,1.0183106362819956,2.2727078996198253,1.0,1.0,2.0,1.0,1.0,1.0,1.0,0.4999999999999999,0.0,0.0,0,2,13,0.03645741094336722,LOW
East Zone 1,ORR East 1,3.0,0.0,8,1,1,,,0.0,0.0,1.0,0.5,1.0,0.0,1.0,0.0,0.0,0.0,0,0,1.6590919494628906,1.6563034057617188,0.6044886690747923,2.0,1.0,1.0,2.0,1.0,1.0,1.6666666666666667,0.5773502691896257,1.0,1.0,0,2,12,0.4096275408732267,MEDIUM
South Zone 2,Bannerghata Road,4.0,12.0,8,1,0,0.1311,28.3,0.0,0.0,1.0,0.5,1.0,0.0,0.0,0.0,0.0,0.0,0,0,1.50390625,0.79296875,0.3616021894736842,1.0,3.0,1.0,1.0,1.0,0.0,1.6666666666666667,1.0,-2.0,0.0,0,7,1,0.2029514819548445,LOW
South Zone 2,Bannerghata Road,3.0,12.0,8,1,0,0.136,27.9,0.0,0.0,1.0,0.5,1.0,0.0,0.0,0.0,0.0,0.0,0,0,1.03125,0.34375,0.2049505263157895,1.0,1.0,1.0,0.0,1.0,0.0,1.0,0.0,0.0,-1.0,0,7,1,0.2964356317430143,LOW
South Zone 2,Bannerghata Road,5.0,4.0,8,2,2,,,0.0,0.0,0.5,0.75,2.0,0.0,0.0,0.0,0.0,0.0,0,0,1.0,0.99951171875,0.0958,1.0,1.0,1.0,1.0,1.0,1.0,1.0,0.0,0.0,0.0,0,7,1,0.1130428773583446,LOW
Central Zone 2,Mysore Road,4.0,8.0,8,3,2,1.3984,68.3,0.3333333333333333,0.0,0.0,1.0,2.6666666666666665,0.0,0.0,0.0,0.0,0.0,0,0,1.8016395904531017,0.8932778289907487,0.758653607714918,2.0,1.0,2.0,1.0,0.0,1.0,1.6666666666666667,0.4999999999999995,1.0,1.0,0,1,10,0.4314305518341933,MEDIUM
South Zone 2,Bannerghata Road,6.0,12.0,8,2,2,,,0.0,0.0,0.5,0.75,3.0,0.0,0.0,0.0,0.0,0.0,0,0,1.25787353515625,0.63739013671875,0.24668494294952698,1.0,1.0,5.0,0.0,1.0,4.0,1.0,2.0,0.0,-1.0,0,7,1,0.30704761489353904,MEDIUM
South Zone 2,Bannerghata Road,6.0,4.0,8,1,0,0.4176,61.7,1.0,0.0,1.0,0.5,1.0,0.0,0.0,0.0,0.0,0.0,0,0,1.03125,0.9062347412109375,0.9623024315316466,1.0,1.0,1.0,1.0,1.0,1.0,1.0,0.0,0.0,0.0,0,7,1,0.19209335740854755,LOW
Central Zone 2,Mysore Road,4.0,4.0,8,1,0,1.0627,51.9,1.0,0.0,1.0,0.5,3.0,0.0,0.0,0.0,0.0,0.0,0,0,1.8127751062326922,1.0522099033937309,0.4144911998387141,2.0,2.0,2.0,1.0,1.0,2.0,1.6666666666666667,0.5,0.0,0.0,0,1,10,0.22378564809997048,LOW
South Zone 2,Hosur Road,1.0,0.0,8,3,0,0.40073333333333333,50.333333333333336,0.0,0.0,0.0,1.0,1.6666666666666667,0.0,0.0,0.0,0.0,0.0,0,0,1.53125,0.1796875,0.6853242515379356,2.0,1.0,1.0,0.0,0.0,0.0,1.3333333333333333,0.5,1.0,0.0,0,7,7,0.2628181972675781,LOW
South Zone 2,Hosur Road,0.0,12.0,8,1,0,0.9945,68.0,0.0,0.0,0.0,1.0,3.0,0.0,0.0,0.0,0.0,0.0,0,0,0.0,0.0,0.0,0.0,0.0,0.0,0.0,0.0,0.0,0.0,0.0,0.0,0.0,0,7,7,0.2212588331581648,LOW
South Zone 2,Hosur Road,1.0,8.0,8,1,1,1.5978,131.1,0.0,0.0,0.0,1.0,2.5,0.0,0.0,0.0,0.0,0.0,0,0,1.75,1.125,1.2818263157894736,2.0,2.0,1.0,1.0,2.0,0.0,1.6666666666666667,0.5773502691896257,0.0,-1.0,0,7,7,0.050426604978719154,LOW
Central Zone 2,Mysore Road,4.0,0.0,8,1,0,0.6971,57.2,0.0,0.0,0.0,1.0,2.5,0.0,0.0,0.0,0.0,0.0,0,1,2.083258107845423,0.7808807050299739,0.2579535871239678,2.0,3.0,2.0,0.0,2.0,2.0,2.0,0.816496580927726,-1.0,-2.0,0,1,10,0.6260238141323522,HIGH
South Zone 2,Hosur Road,2.0,4.0,8,1,1,,,0.0,0.0,0.0,1.0,2.5,0.0,0.0,0.0,0.0,0.0,0,0,1.5625,1.0,0.1302038961038961,2.0,1.0,2.0,1.0,1.0,1.0,1.3333333333333333,0.5773502691896257,1.0,0.0,0,7,7,0.41160598724293684,MEDIUM
South Zone 2,Hosur Road,2.0,12.0,8,2,2,,,0.0,0.0,0.5,0.75,1.75,0.0,0.0,0.0,0.0,0.0,0,0,1.0,0.916015625,0.7462081207173057,1.0,1.0,1.0,1.0,1.0,0.0,1.0,0.0,0.0,0.0,0,7,7,0.1905929730880961,LOW
East Zone 1,ORR East 2,3.0,4.0,8,1,1,,,1.0,0.0,0.0,1.0,1.5,0.0,1.0,0.0,0.0,0.0,0,0,1.25,1.0,0.07542,1.0,1.0,1.0,1.0,1.0,0.0,1.6666666666666667,1.0,0.0,0.0,0,2,13,0.23078066550054696,LOW
East Zone 1,ORR East 2,5.0,0.0,8,2,2,2.34,777.4,0.0,0.0,0.5,0.75,1.75,0.0,0.5,0.0,0.0,0.0,0,0,1.0004882818321086,1.0003662110539437,2.343578536041359,1.0,1.0,1.0,1.0,1.0,1.0,1.0,0.0,0.0,0.0,0,2,13,0.05401014403806401,LOW
Central Zone 2,Mysore Road,3.0,0.0,8,3,3,,,0.0,0.0,0.6666666666666666,0.6666666666666666,2.8333333333333335,0.0,0.0,0.0,0.0,0.0,1,0,1.1008389394127107,0.9494712110918613,0.2444332640415998,1.0,1.0,2.0,1.0,1.0,2.0,1.0,0.5,0.0,0.0,0,1,10,0.46344532960039464,MEDIUM
South Zone 2,Hosur Road,5.0,8.0,8,3,1,0.7106,44.7,0.3333333333333333,0.0,0.0,1.0,2.5,0.0,0.3333333333333333,0.0,0.0,0.0,0,0,1.5017134547233582,0.6561770737171173,0.3468400036221879,2.0,1.0,1.0,1.0,0.0,0.0,1.3333333333333333,0.5,1.0,1.0,0,7,7,0.38901009529071884,MEDIUM
Central Zone 2,Mysore Road,2.0,12.0,8,1,1,,,0.0,0.0,1.0,0.5,1.0,0.0,0.0,0.0,0.0,0.0,0,0,1.21875,0.49365234375,1.6803650579846745,1.0,1.0,3.0,0.0,1.0,1.0,1.0,0.9999999999999998,0.0,-1.0,0,1,10,0.17788538672659177,LOW
Central Zone 2,Mysore Road,2.0,8.0,8,3,2,0.1433,8.4,0.3333333333333333,0.0,0.0,1.0,1.5,0.0,0.0,0.0,0.0,0.0,0,1,2.010931611061096,1.3598216474056244,0.6226656903184343,2.0,3.0,1.0,2.0,1.0,1.0,2.0,0.9574271077563381,-1.0,1.0,0,1,10,0.6056621715254616,HIGH
South Zone 2,Hosur Road,6.0,4.0,8,1,0,0.5148,35.2,0.0,0.0,0.0,1.0,3.0,0.0,0.0,0.0,0.0,0.0,0,0,1.2520217895507812,0.484375,0.2835591834543234,1.0,1.0,1.0,0.0,0.0,1.0,1.6666666666666667,1.0,0.0,0.0,0,7,7,0.4567514374182419,MEDIUM
South Zone 2,IRR(Thanisandra road),3.0,12.0,8,1,1,,,0.0,0.0,1.0,0.5,2.5,0.0,0.0,0.0,0.0,0.0,0,0,1.0,1.0,0.0,1.0,0.0,0.0,1.0,0.0,0.0,1.0,0.0,0.0,0.0,0,7,8,0.10231786505854489,LOW
West Zone 1,Magadi Road,2.0,4.0,8,1,1,,,0.0,0.0,0.0,1.0,2.5,0.0,0.0,0.0,0.0,0.0,0,0,1.5048828125,1.4873046875,0.49267875324675325,2.0,1.0,1.0,2.0,1.0,1.0,1.3333333333333333,0.5,1.0,1.0,0,8,9,0.356570899262495,MEDIUM
Central Zone 2,Mysore Road,1.0,0.0,8,2,0,1.2797999999999998,95.05,0.0,0.0,0.0,1.0,2.75,0.0,0.0,0.0,0.0,0.0,0,0,1.36761474609375,1.016632080078125,0.6722895483391431,1.0,2.0,2.0,1.0,1.0,1.0,1.3333333333333333,0.5773502691896257,-1.0,0.0,0,1,10,0.32267263886132524,MEDIUM
West Zone 1,Magadi Road,2.0,12.0,8,2,0,0.0624,12.8,0.0,0.0,0.5,0.75,1.0,0.0,0.0,0.0,0.0,0.0,0,0,1.0,0.75,1.27308,1.0,1.0,1.0,1.0,0.0,1.0,1.0,0.0,0.0,1.0,0,8,9,0.04675493378699716,LOW
East Zone 1,ORR East 2,2.0,0.0,8,2,1,1.7964499999999999,434.2,0.0,0.0,0.0,1.0,1.75,0.0,1.0,0.0,0.0,0.0,0,0,1.0083134174346924,1.0081818103790283,2.6235123310266872,1.0,1.0,1.0,1.0,1.0,1.0,1.0,0.0,0.0,0.0,0,2,13,0.03565633019541327,LOW
East Zone 1,ORR East 1,4.0,8.0,8,1,1,,,1.0,0.0,0.0,1.0,1.5,0.0,0.0,0.0,0.0,0.0,0,0,1.0013580322265625,0.21297836303710938,0.35724730014673545,1.0,1.0,1.0,0.0,0.0,1.0,1.0,0.0,0.0,0.0,0,2,12,0.23167967246780663,LOW
East Zone 1,ORR East 1,4.0,4.0,8,1,1,,,0.0,0.0,0.0,1.0,2.5,0.0,1.0,0.0,0.0,0.0,0,0,1.00244140625,0.10546875,0.7347618900714389,1.0,1.0,1.0,0.0,0.0,1.0,1.0,0.0,0.0,0.0,0,2,12,0.1136817347389368,LOW
East Zone 1,ORR East 1,4.0,0.0,8,1,0,0.3926,83.3,0.0,0.0,1.0,0.5,1.0,0.0,1.0,0.0,0.0,0.0,0,0,1.6568936444818974,0.5943909212946892,0.876321075699961,2.0,1.0,1.0,0.0,1.0,0.0,1.3333333333333333,0.5,1.0,-1.0,0,2,12,0.21937227659121558,LOW
East Zone 1,ORR East 2,3.0,0.0,8,1,1,2.34,785.0,0.0,0.0,1.0,0.5,1.0,0.0,1.0,0.0,0.0,0.0,0,0,1.5001374559542455,1.5001221951570187,2.339656853073275,2.0,1.0,1.0,2.0,1.0,1.0,1.3333333333333333,0.5,1.0,1.0,0,2,13,0.054440621646742224,LOW
East Zone 1,ORR East 2,4.0,0.0,8,1,1,2.34,790.3,0.0,0.0,0.0,1.0,1.0,0.0,1.0,0.0,0.0,0.0,0,0,1.0000381490700676,1.0000076312590813,2.3413988968218655,1.0,1.0,1.0,1.0,1.0,1.0,1.0,0.0,0.0,0.0,0,2,13,0.028682629861556,LOW
Central Zone 2,Mysore Road,0.0,8.0,8,2,0,0.5808,85.1,1.0,0.0,0.0,1.0,1.0,0.0,0.0,0.0,0.0,0.0,0,0,1.0,0.75,0.2123,1.0,1.0,0.0,1.0,0.0,0.0,1.0,0.0,0.0,1.0,0,1,10,0.04438669961303437,LOW
West Zone 1,Magadi Road,4.0,4.0,8,2,1,0.6508,53.4,0.0,0.0,0.0,1.0,1.75,0.0,0.0,0.0,0.0,0.0,0,0,1.0000616312026978,0.5974715948104858,0.44370975165833726,1.0,1.0,1.0,1.0,0.0,1.0,1.0,0.0,0.0,1.0,0,8,9,0.20587976399451524,LOW
West Zone 1,Magadi Road,4.0,0.0,8,1,1,,,0.0,0.0,1.0,0.5,1.0,0.0,0.0,0.0,0.0,0.0,0,0,1.4131011962890625,1.1474456787109375,1.1264662197495503,1.0,2.0,1.0,1.0,1.0,1.0,1.6666666666666667,0.5773502691896257,-1.0,0.0,0,8,9,0.059088085995556754,LOW
West Zone 1,Magadi Road,5.0,4.0,8,1,0,0.2696,55.3,0.0,0.0,0.0,1.0,1.0,0.0,0.0,0.0,0.0,0.0,0,0,1.2500154078006744,0.39936789870262146,0.36266277152394855,1.0,2.0,1.0,0.0,1.0,0.0,1.3333333333333333,0.5,-1.0,-1.0,0,8,9,0.10529476485221792,LOW
West Zone 1,Magadi Road,5.0,0.0,8,1,1,,,0.0,0.0,0.0,1.0,3.0,0.0,0.0,0.0,0.0,0.0,0,0,1.6314547061920166,1.6273038387298584,1.1264662197495503,2.0,1.0,1.0,2.0,1.0,1.0,1.6666666666666667,0.5773502691896257,1.0,1.0,0,8,9,0.0858585733089885,LOW
Central Zone 2,Mysore Road,0.0,0.0,8,2,2,,,0.0,0.0,0.0,1.0,1.5,0.0,0.0,0.0,0.0,0.0,0,0,1.0,0.5,0.6385,1.0,1.0,0.0,0.0,1.0,0.0,1.0,0.0,0.0,-1.0,0,1,10,0.05606588801918285,LOW
West Zone 1,Magadi Road,5.0,8.0,8,1,1,,,0.0,0.0,1.0,0.5,1.0,0.0,0.0,0.0,0.0,0.0,0,0,1.2663346119807102,1.2493005335563794,1.471334187235053,1.0,2.0,1.0,1.0,2.0,1.0,1.3333333333333333,0.5,-1.0,-1.0,0,8,9,0.04523619122982725,LOW
Central Zone 2,CBD 2,6.0,12.0,8,1,0,0.0751,15.4,0.0,0.0,0.0,1.0,1.0,0.0,0.0,0.0,0.0,0.0,0,0,1.09375,0.96875,0.0073,1.0,1.0,2.0,1.0,1.0,2.0,1.0,0.5,0.0,0.0,0,1,5,0.3766872202831407,MEDIUM
West Zone 1,Magadi Road,6.0,12.0,8,1,1,,,0.0,0.0,1.0,0.5,1.0,0.0,0.0,0.0,0.0,0.0,0,0,1.0781288146972656,0.7968320846557617,0.32697569316779623,1.0,1.0,2.0,1.0,1.0,0.0,1.0,0.4999999999999999,0.0,0.0,0,8,9,0.21175284172519973,LOW
West Zone 1,Magadi Road,6.0,8.0,8,2,1,0.1453,29.8,0.0,0.0,0.0,1.0,2.0,0.0,0.0,0.0,0.0,0.0,0,0,1.1270807391560993,0.2675726604184092,0.5863624647573192,1.0,1.0,3.0,0.0,0.0,2.0,1.0,1.0,0.0,0.0,0,8,9,0.23965678021658268,LOW
Central Zone 2,CBD 2,2.0,0.0,8,1,1,,,0.0,0.0,0.0,1.0,2.5,0.0,0.0,0.0,0.0,0.0,0,0,1.0,0.46875,0.6410690555927662,1.0,1.0,1.0,0.0,1.0,1.0,1.0,0.0,0.0,-1.0,0,1,5,0.10298838094542168,LOW
Central Zone 2,CBD 2,1.0,8.0,8,1,1,,,0.0,0.0,0.0,1.0,1.0,0.0,0.0,0.0,0.0,0.0,0,0,1.0625,0.9375,0.62158,1.0,1.0,2.0,1.0,1.0,1.0,1.0,0.5,0.0,0.0,0,1,5,0.25607704925545477,LOW
Central Zone 2,CBD 2,0.0,4.0,8,1,1,,,1.0,0.0,1.0,0.5,2.5,0.0,0.0,0.0,0.0,0.0,0,0,0.0,0.0,0.0,0.0,0.0,0.0,0.0,0.0,0.0,0.0,0.0,0.0,0.0,0,1,5,0.056036386848499084,LOW
Central Zone 2,CBD 1,4.0,0.0,8,1,1,,,0.0,0.0,0.0,1.0,1.0,0.0,0.0,0.0,0.0,0.0,0,0,1.0,0.5,0.5497,1.0,1.0,0.0,1.0,0.0,0.0,1.0,0.0,0.0,1.0,0,1,4,0.058724793581352984,LOW
West Zone 1,Tumkur Road,0.0,12.0,8,1,0,0.6094,50.0,0.0,0.0,0.0,1.0,2.5,0.0,0.0,0.0,0.0,0.0,0,0,1.0,0.5,0.3454,1.0,1.0,0.0,1.0,0.0,0.0,1.0,0.0,0.0,1.0,0,8,19,0.16511074169319181,LOW
West Zone 1,Tumkur Road,1.0,4.0,8,1,1,,,1.0,0.0,0.0,1.0,1.0,0.0,0.0,0.0,0.0,0.0,0,1,1.8759765625,0.861328125,0.6156473046652886,2.0,1.0,1.0,1.0,0.0,1.0,2.3333333333333335,1.4142135623730951,1.0,1.0,0,8,19,0.49731990754409916,MEDIUM
West Zone 1,Tumkur Road,1.0,0.0,8,1,1,,,0.0,0.0,1.0,0.5,2.5,0.0,0.0,0.0,0.0,0.0,0,0,2.5859375,1.7265625,0.6079941894736842,3.0,2.0,2.0,3.0,0.0,1.0,2.6666666666666665,0.5773502691896257,1.0,3.0,0,8,19,0.2638252272064641,LOW
Central Zone 1,Old Madras Road,5.0,12.0,8,1,0,0.0371,5.2,0.0,0.0,0.0,1.0,1.5,0.0,0.0,0.0,0.0,0.0,0,0,1.0025634765625,0.467041015625,0.08851891374039748,1.0,1.0,1.0,0.0,1.0,1.0,1.0,0.0,0.0,-1.0,0,0,18,0.09141777429852022,LOW
Central Zone 1,Old Madras Road,5.0,8.0,8,2,2,,,0.0,0.0,0.5,0.75,1.0,0.0,0.0,0.0,0.0,0.0,0,0,1.2002111971378326,1.1997705604881048,1.1911588213530093,1.0,1.0,2.0,1.0,1.0,2.0,1.3333333333333333,0.5773502691896257,0.0,0.0,0,0,18,0.3848240698804775,MEDIUM
West Zone 1,Tumkur Road,3.0,8.0,8,1,1,,,0.0,0.0,1.0,0.5,1.0,0.0,0.0,0.0,0.0,0.0,0,0,1.8818407077342272,1.2745358324609697,0.4441188914129127,1.0,4.0,3.0,1.0,2.0,2.0,2.0,1.5,-3.0,-1.0,0,8,19,0.4378064716217056,MEDIUM
Central Zone 1,Old Madras Road,4.0,8.0,8,1,1,,,1.0,0.0,0.0,1.0,2.5,0.0,0.0,0.0,0.0,0.0,0,0,1.813516616821289,1.7853158712387085,1.1911588213530093,1.0,4.0,2.0,1.0,4.0,2.0,2.0,1.4142135623730951,-3.0,-3.0,0,0,18,0.5260624070640659,MEDIUM
Central Zone 1,Old Madras Road,4.0,0.0,8,3,3,,,0.0,0.0,0.3333333333333333,0.8333333333333334,1.1666666666666667,0.0,0.0,0.0,0.0,0.0,1,0,1.297448992729187,0.9146133940666914,0.693298536596554,1.0,2.0,1.0,1.0,1.0,1.0,1.3333333333333333,0.5,-1.0,0.0,0,0,18,0.27496858062418034,LOW
West Zone 1,Tumkur Road,4.0,12.0,8,2,2,,,0.0,0.0,0.0,1.0,2.0,0.0,0.0,0.0,0.0,0.0,0,0,1.5843505859375,1.2984485626220703,0.21886858590371708,2.0,1.0,1.0,2.0,0.0,1.0,1.3333333333333333,0.5,1.0,2.0,0,8,19,0.295372019595277,LOW
Central Zone 1,Old Madras Road,2.0,12.0,8,1,1,,,0.0,0.0,1.0,0.5,1.0,0.0,0.0,0.0,0.0,0.0,0,0,1.328125,0.78125,0.1408260422960725,1.0,2.0,2.0,0.0,2.0,2.0,1.3333333333333333,0.5773502691896257,-1.0,-2.0,0,0,18,0.16005033168129162,LOW
West Zone 1,Tumkur Road,5.0,4.0,8,1,1,,,0.0,0.0,0.0,1.0,1.5,0.0,0.0,0.0,0.0,0.0,0,0,1.0040903250110276,0.47450767946328654,0.2661524378516658,1.0,1.0,1.0,0.0,1.0,1.0,1.0,0.0,0.0,-1.0,0,8,19,0.25357669294028,LOW
West Zone 1,Tumkur Road,6.0,0.0,8,1,1,,,0.0,0.0,0.0,1.0,3.0,0.0,0.0,0.0,0.0,0.0,0,0,1.3139906841098539,0.6697922438328819,0.4304466821422087,1.0,1.0,3.0,0.0,1.0,1.0,1.3333333333333333,0.9574271077563381,0.0,-1.0,0,8,19,0.20812945169358962,LOW
West Zone 1,Tumkur Road,6.0,4.0,8,2,0,0.1983,35.65,0.0,0.0,1.0,0.5,1.0,0.5,0.0,0.0,0.0,0.0,0,0,1.0625159778320743,0.6073222956229034,0.8359561796021588,1.0,1.0,2.0,1.0,0.0,1.0,1.0,0.5,0.0,1.0,0,8,19,0.12171167162846629,LOW
West Zone 1,Tumkur Road,6.0,12.0,8,2,0,0.41415,39.8,0.0,0.0,0.5,0.75,2.0,0.0,0.0,0.0,0.0,0.0,0,0,1.4390472173690796,0.5618148911744356,0.8289079106549396,1.0,1.0,2.0,0.0,0.0,2.0,2.0,1.4142135623730951,0.0,0.0,0,8,19,0.12823281763461358,LOW
Central Zone 1,Old Airport Road,5.0,16.0,8,1,0,1.0223,69.9,0.0,0.0,0.0,1.0,3.0,0.0,0.0,0.0,0.0,0.0,0,1,2.0,2.0,0.0,2.0,0.0,0.0,2.0,0.0,0.0,2.0,0.0,0.0,0.0,0,0,17,0.6295512502999779,HIGH
Central Zone 1,Old Airport Road,2.0,8.0,8,1,0,0.7934,66.2,0.0,0.0,1.0,0.5,2.5,0.0,1.0,0.0,0.0,0.0,0,0,1.0,0.875,0.8285,1.0,1.0,1.0,1.0,1.0,1.0,1.0,0.0,0.0,0.0,0,0,17,0.14957545442268802,LOW
Central Zone 1,Old Airport Road,1.0,8.0,8,1,1,,,1.0,0.0,1.0,0.5,1.0,0.0,1.0,0.0,0.0,0.0,0,0,0.0,0.0,0.0,0.0,0.0,0.0,0.0,0.0,0.0,0.0,0.0,0.0,0.0,0,0,17,0.053267973252425195,LOW
West Zone 2,West of Chord Road,0.0,4.0,8,1,1,,,1.0,0.0,0.0,1.0,2.5,0.0,0.0,0.0,0.0,0.0,0,0,0.0,0.0,0.0,0.0,0.0,0.0,0.0,0.0,0.0,0.0,0.0,0.0,0.0,0,9,21,0.02748265501356657,LOW
East Zone 1,ORR East 1,5.0,12.0,8,1,1,,,0.0,0.0,0.0,1.0,2.5,0.0,0.0,0.0,0.0,0.0,0,0,1.53125,1.277099609375,1.3677521344216814,1.0,3.0,1.0,1.0,2.0,1.0,1.6666666666666667,1.0,-2.0,-1.0,0,2,12,0.09729905621066472,LOW
East Zone 1,ORR East 1,5.0,8.0,8,1,0,0.6363,64.3,1.0,0.0,0.0,1.0,1.5,0.0,1.0,0.0,0.0,0.0,0,0,1.06254243850708,0.9754055738449097,2.9994128291187967,1.0,1.0,2.0,1.0,1.0,1.0,1.0,0.5,0.0,0.0,0,2,12,0.16431903070599674,LOW
West Zone 2,West of Chord Road,2.0,4.0,8,1,1,,,0.0,0.0,0.0,1.0,2.5,0.0,0.0,0.0,0.0,0.0,0,0,1.5,0.4619140625,0.4586755867697257,2.0,1.0,1.0,0.0,1.0,1.0,1.3333333333333333,0.5,1.0,-1.0,0,9,21,0.04150373655692795,LOW
West Zone 2,West of Chord Road,3.0,12.0,9,1,1,,,0.0,0.0,0.0,1.0,2.5,0.0,0.0,0.0,0.0,0.0,0,0,1.25,0.7265625,0.3258111146446176,1.0,2.0,1.0,1.0,0.0,1.0,1.3333333333333333,0.5,-1.0,1.0,0,9,21,0.036015473561126096,LOW
Central Zone 2,Mysore Road,6.0,12.0,9,1,1,,,0.0,0.0,0.0,1.0,1.5,0.0,0.0,0.0,0.0,0.0,0,0,1.7973338824485836,1.0425220897297436,0.7341102376492602,1.0,2.0,9.0,1.0,0.0,5.0,1.3333333333333333,3.8622100754188224,-1.0,1.0,0,1,10,0.4183020420958408,MEDIUM
Central Zone 2,Mysore Road,1.0,16.0,9,1,0,1.4259,39.0,0.0,0.0,1.0,0.5,3.0,1.0,0.0,0.0,0.0,0.0,0,0,0.0,0.0,0.0,0.0,0.0,0.0,0.0,0.0,0.0,0.0,0.0,0.0,0.0,0,1,10,0.1134166222745779,LOW
North Zone 2,Bellary Road 1,6.0,8.0,9,3,2,0.0976,14.3,1.0,0.0,0.0,0.7666666666666666,1.0,0.0,0.0,0.0,0.0,0.0,0,0,1.3242570012284378,1.3122363928339649,1.8167758463452794,1.0,2.0,2.0,1.0,2.0,2.0,1.3333333333333333,0.5773502691896257,-1.0,-1.0,0,5,2,0.03756793597208977,LOW
West Zone 2,West of Chord Road,5.0,8.0,9,1,1,,,0.0,0.0,0.0,1.0,1.0,0.0,0.0,0.0,0.0,0.0,0,0,1.556732177734375,1.40777587890625,1.3568116291996508,2.0,1.0,1.0,2.0,1.0,1.0,1.3333333333333333,0.5,1.0,1.0,0,9,21,0.05141186932078476,LOW
West Zone 1,Magadi Road,2.0,0.0,9,1,1,,,0.0,0.0,0.0,1.0,3.0,0.0,0.0,0.0,0.0,0.0,0,0,1.125,0.875,1.4865935980984086,1.0,1.0,1.0,1.0,0.0,1.0,1.3333333333333333,0.5,0.0,1.0,0,8,9,0.05619696618715982,LOW
Central Zone 2,Mysore Road,2.0,8.0,9,4,3,1.2585,118.65,0.5,0.0,0.25,0.875,1.75,0.0,0.0,0.25,0.0,0.0,1,0,2.505465805530548,1.6799108237028122,0.3703679585718899,3.0,2.0,1.0,2.0,2.0,0.0,2.6666666666666665,0.9574271077563381,1.0,0.0,0,1,10,0.3148449527529953,MEDIUM
North Zone 2,Bellary Road 2,2.0,0.0,9,1,1,,,0.0,0.0,0.0,1.0,1.0,0.0,1.0,0.0,0.0,0.0,0,0,2.1265869140625,1.4390869140625,1.1736864338990967,2.0,3.0,3.0,2.0,1.0,0.0,2.0,0.9574271077563381,-1.0,1.0,0,5,3,0.07876169038202718,LOW
North Zone 2,Bellary Road 1,1.0,8.0,9,1,0,1.4988,146.4,1.0,0.0,1.0,0.5,1.5,0.0,0.0,0.0,0.0,0.0,0,0,1.53173828125,0.85791015625,0.48574109508220314,2.0,1.0,1.0,1.0,1.0,1.0,1.3333333333333333,0.5,1.0,0.0,0,5,2,0.18591553172744532,LOW
North Zone 2,Bellary Road 2,2.0,4.0,9,1,1,,,0.0,0.0,0.0,1.0,1.5,0.0,1.0,0.0,0.0,0.0,0,0,1.0781402587890625,1.0381011962890625,0.9835194121667805,1.0,1.0,1.0,1.0,1.0,1.0,1.0,0.0,0.0,0.0,0,5,3,0.09746099648283947,LOW
North Zone 2,Bellary Road 1,0.0,8.0,9,1,1,,,0.0,0.0,0.0,1.0,1.0,0.0,0.0,0.0,0.0,0.0,0,0,1.5,1.5,0.0,2.0,1.0,0.0,2.0,1.0,0.0,1.5,0.7071067811865476,1.0,1.0,0,5,2,0.2601477091185786,LOW
Central Zone 2,Non-corridor,5.0,4.0,9,4,4,,,0.0,0.0,0.0,0.8,2.375,0.0,0.25,0.0,0.0,0.0,1,1,3.479008691004685,3.0042016555712623,1.3979963007181442,3.0,5.0,1.0,3.0,4.0,1.0,4.0,1.7078251276599332,-2.0,-1.0,0,1,11,0.7183114868436348,HIGH
Central Zone 2,Mysore Road,3.0,0.0,9,2,1,0.5606,46.0,0.0,0.0,0.5,0.75,2.5,0.0,0.0,0.0,0.0,0.0,0,0,2.0504194697063554,1.9747356055459306,0.2444332640415998,3.0,1.0,1.0,3.0,1.0,0.0,1.6666666666666667,1.0,2.0,2.0,0,1,10,0.31793207249778754,MEDIUM
Central Zone 2,Mysore Road,2.0,12.0,9,2,2,,,0.0,0.0,1.0,0.5,2.0,0.0,0.0,0.0,0.0,0.0,0,0,1.109375,0.746826171875,1.6803650579846745,1.0,1.0,1.0,1.0,0.0,1.0,1.0,0.0,0.0,1.0,0,1,10,0.2050100488599976,LOW
Central Zone 2,Non-corridor,3.0,0.0,9,5,3,0.54725,668.75,0.0,0.0,0.2,0.9,2.0,0.0,0.2,0.0,0.0,0.0,1,0,4.196500657300695,3.5259531377270625,0.5463910768762104,1.0,11.0,2.0,1.0,9.0,2.0,5.666666666666667,4.499999999999999,-10.0,-8.0,0,1,11,0.7183114868436348,HIGH
South Zone 2,Hosur Road,5.0,0.0,9,3,2,1.0242499999999999,210.1,0.0,0.0,0.0,0.7666666666666666,1.1666666666666667,0.0,0.0,0.0,0.0,0.0,0,0,2.064514222802245,1.5598141328337078,0.6040716063598293,2.0,1.0,2.0,2.0,1.0,2.0,2.6666666666666665,1.7320508075688774,1.0,1.0,0,7,7,0.1492663866724533,LOW
Central Zone 2,Non-corridor,0.0,8.0,9,1,1,,,0.0,0.0,1.0,0.5,1.5,0.0,0.0,0.0,0.0,0.0,0,0,1.8125,0.875,0.14818852631578944,2.0,1.0,1.0,1.0,0.0,0.0,1.6666666666666667,0.5773502691896258,1.0,1.0,0,1,11,0.581670343044168,MEDIUM
West Zone 2,West of Chord Road,2.0,12.0,9,1,1,,,0.0,0.0,0.0,1.0,1.5,1.0,0.0,0.0,0.0,0.0,0,0,1.0,0.8125,0.32121578947368423,1.0,1.0,1.0,1.0,1.0,1.0,1.0,0.0,0.0,0.0,0,9,21,0.04984825241287992,LOW
East Zone 1,ORR East 2,3.0,0.0,9,2,1,1.38645,418.05,0.0,0.0,0.5,0.75,1.75,0.0,1.0,0.0,0.0,0.0,0,0,1.2500687279771228,1.2500610975785094,2.3397941118439647,1.0,2.0,1.0,1.0,2.0,1.0,1.3333333333333333,0.5,-1.0,-1.0,0,2,13,0.04127618148924936,LOW
East Zone 1,ORR East 2,4.0,0.0,9,1,1,,,0.0,0.0,0.0,1.0,1.0,0.0,0.0,0.0,0.0,0.0,0,0,1.0000190745350337,1.0000038156295408,2.340839338093119,1.0,1.0,1.0,1.0,1.0,1.0,1.0,0.0,0.0,0.0,0,2,13,0.04754933177739178,LOW
North Zone 1,ORR North 1,6.0,0.0,9,1,0,0.1107,22.9,0.0,0.0,0.0,1.0,1.0,0.0,0.0,0.0,0.0,0.0,0,0,1.3029795895599818,0.2706608502230665,0.6556865655451066,1.0,2.0,1.0,0.0,0.0,1.0,1.3333333333333333,0.5,-1.0,0.0,0,4,14,0.05488311017379003,LOW
Central Zone 2,Non-corridor,5.0,8.0,9,6,3,0.3725,100.13333333333333,0.3333333333333333,0.0,0.0,1.0,1.75,0.0,0.3333333333333333,0.0,0.0,0.0,1,1,3.5789526307107407,3.1550433488630207,0.4279157146860191,3.0,5.0,3.0,3.0,4.0,3.0,4.0,0.9574271077563381,-2.0,-1.0,0,1,11,0.718159128334034,HIGH
North Zone 2,Bellary Road 1,0.0,0.0,9,1,1,,,0.0,0.0,0.0,1.0,2.5,0.0,0.0,0.0,0.0,0.0,0,0,1.5,1.5,0.0,2.0,1.0,0.0,2.0,1.0,0.0,1.5,0.7071067811865476,1.0,1.0,0,5,2,0.2601477091185786,LOW
West Zone 1,Magadi Road,3.0,0.0,9,2,2,,,0.0,0.0,0.0,1.0,2.75,0.0,0.0,0.0,0.0,0.0,0,0,1.21923828125,0.71826171875,0.6651299015888008,1.0,1.0,2.0,1.0,0.0,2.0,1.3333333333333333,0.5773502691896257,0.0,1.0,0,8,9,0.30748002108535244,MEDIUM
Central Zone 2,Non-corridor,2.0,12.0,9,2,2,,,0.0,0.0,1.0,0.5,2.0,0.0,0.5,0.0,0.0,0.0,0,1,4.202923346078023,1.5256531505146995,0.16376768357644725,6.0,1.0,1.0,1.0,1.0,1.0,4.333333333333333,2.886751345948129,5.0,0.0,0,1,11,0.7143010818692955,HIGH
South Zone 2,Hosur Road,4.0,4.0,9,1,1,,,0.0,0.0,0.0,0.9,2.5,0.0,0.0,0.0,0.0,0.0,0,0,1.2587890625,1.0,0.14937344055810234,1.0,1.0,1.0,1.0,0.0,1.0,1.6666666666666667,1.0,0.0,1.0,0,7,7,0.3506936418769274,MEDIUM
North Zone 1,ORR North 1,5.0,0.0,9,1,1,,,0.0,0.0,0.0,0.3,3.0,0.0,1.0,0.0,0.0,0.0,0,0,1.7813874636776745,1.6445888285525143,0.9514613579309538,1.0,4.0,1.0,1.0,4.0,1.0,2.0,1.5,-3.0,-3.0,0,4,14,0.09500541235745405,LOW
North Zone 1,ORR North 1,6.0,12.0,9,1,1,,,0.0,0.0,0.0,0.9,2.5,0.0,1.0,0.0,0.0,0.0,0,0,1.38671875,0.1773681640625,0.32735807155955865,1.0,2.0,1.0,0.0,0.0,0.0,1.6666666666666667,0.5773502691896257,-1.0,0.0,0,4,14,0.09405633716449802,LOW
North Zone 1,ORR North 1,4.0,8.0,9,2,2,,,0.0,0.0,0.0,1.0,2.75,0.0,0.5,0.0,0.0,0.0,0,0,4.157138824462891,3.6407508850097656,0.3923107644261006,7.0,1.0,1.0,6.0,1.0,1.0,3.3333333333333335,2.8722813232690148,6.0,5.0,0,4,14,0.26887234099707796,LOW
Central Zone 2,Mysore Road,0.0,8.0,9,1,1,,,1.0,0.0,0.0,1.0,2.5,0.0,0.0,0.0,0.0,0.0,0,0,1.5,0.375,0.40624736842105263,2.0,1.0,1.0,0.0,1.0,1.0,1.3333333333333333,0.5,1.0,-1.0,0,1,10,0.31669279974465164,MEDIUM
North Zone 2,Bellary Road 2,3.0,0.0,9,1,0,0.2775,25.3,0.0,0.0,0.0,1.0,2.5,0.0,1.0,0.0,0.0,0.0,0,0,1.660713292658329,1.5312767997384071,1.437143584333447,2.0,1.0,1.0,2.0,1.0,0.0,1.6666666666666667,0.5773502691896257,1.0,1.0,0,5,3,0.23122252982366384,LOW
Central Zone 2,Non-corridor,5.0,12.0,9,2,2,,,0.0,0.0,0.0,0.6,1.0,0.0,0.5,0.5,0.0,0.0,0,1,2.143092704159932,1.7626700887633868,0.3317342742011932,1.0,3.0,1.0,1.0,3.0,0.0,3.3333333333333335,2.3629078131263044,-2.0,-2.0,0,1,11,0.7183114868436348,HIGH
Central Zone 2,Non-corridor,5.0,0.0,9,1,0,0.6133,102.4,0.0,0.0,0.0,0.9,2.5,0.0,0.0,0.0,0.0,0.0,0,1,3.378944646903977,2.299350274061955,0.22619672883723468,3.0,5.0,4.0,2.0,4.0,2.0,3.3333333333333335,1.2909944487358043,-2.0,-2.0,0,1,11,0.718159128334034,HIGH
North Zone 2,Bellary Road 1,2.0,0.0,9,1,1,,,0.0,0.0,0.0,1.0,1.0,1.0,0.0,0.0,0.0,0.0,0,0,1.5372552871704102,0.9116754531860352,0.3402794767292245,2.0,1.0,1.0,1.0,1.0,1.0,1.3333333333333333,0.5,1.0,0.0,0,5,2,0.421736570181337,MEDIUM
North Zone 2,Bellary Road 1,2.0,4.0,9,1,1,,,0.0,0.0,0.0,1.0,3.0,0.0,0.0,0.0,0.0,0.0,0,0,1.015625,0.84326171875,0.555903107780167,1.0,1.0,1.0,1.0,1.0,1.0,1.0,0.0,0.0,0.0,0,5,2,0.43331434776904526,MEDIUM
West Zone 2,West of Chord Road,1.0,12.0,9,1,0,0.4871,43.6,0.0,0.0,0.0,1.0,2.5,0.0,0.0,0.0,0.0,0.0,0,0,1.0,0.5,0.1369,1.0,1.0,0.0,1.0,0.0,0.0,1.0,0.0,0.0,1.0,0,9,21,0.11121153426385338,LOW
Central Zone 2,Non-corridor,3.0,12.0,9,3,1,0.4579,75.0,0.0,0.0,0.3333333333333333,0.8333333333333334,2.6666666666666665,0.0,0.0,0.0,0.0,0.0,0,1,3.3315553542081346,1.438081399728425,0.2435352701948667,5.0,1.0,1.0,2.0,0.0,1.0,2.3333333333333335,2.0,4.0,2.0,0,1,11,0.6973452184653582,HIGH
West Zone 1,Magadi Road,4.0,8.0,9,1,1,,,0.0,0.0,0.0,0.3,1.0,0.0,0.0,0.0,0.0,0.0,0,0,1.1816606670618057,0.8209365904331207,0.9820065564120863,1.0,1.0,3.0,1.0,0.0,2.0,1.0,1.0,0.0,1.0,0,8,9,0.07676865663041177,LOW
North Zone 2,Bellary Road 2,3.0,4.0,9,1,0,0.1542,22.6,1.0,0.0,0.0,1.0,1.0,0.0,1.0,0.0,0.0,0.0,0,1,1.032470941543579,0.7193453311920166,0.6338722950651635,1.0,1.0,1.0,1.0,0.0,0.0,1.0,0.0,0.0,1.0,0,5,3,0.46487450039136036,MEDIUM
North Zone 2,Bellary Road 2,4.0,4.0,9,2,2,,,0.0,0.0,0.0,0.65,2.0,0.0,1.0,0.0,0.0,0.0,0,0,1.2190036792308092,1.1462448853999376,0.7713892690502399,1.0,1.0,2.0,1.0,1.0,1.0,1.3333333333333333,0.5773502691896257,0.0,0.0,0,5,3,0.27786814184385944,LOW
Central Zone 2,Mysore Road,3.0,4.0,9,1,0,0.3861,79.2,0.0,0.0,0.0,1.0,1.0,0.0,0.0,0.0,0.0,0.0,0,0,1.1408543911384186,0.7314705375902122,0.09273459082043937,1.0,1.0,1.0,1.0,0.0,1.0,1.3333333333333333,0.5,0.0,1.0,0,1,10,0.40034391518932244,MEDIUM
North Zone 1,ORR North 1,2.0,0.0,9,1,0,0.4457,41.4,0.0,0.0,1.0,0.5,2.5,0.0,0.0,0.0,0.0,0.0,0,0,1.2822265625,0.7509765625,2.428251688311688,1.0,2.0,1.0,0.0,2.0,1.0,1.3333333333333333,0.5,-1.0,-2.0,0,4,14,0.11359696135770374,LOW
Central Zone 2,Non-corridor,6.0,0.0,9,4,4,,,0.0,0.0,0.0,0.625,2.125,0.0,0.0,0.0,0.0,0.0,1,1,5.2024423498843415,2.914234304118287,0.28880344270331926,6.0,4.0,2.0,3.0,2.0,1.0,5.666666666666667,2.217355782608345,2.0,1.0,0,1,11,0.7183114868436348,HIGH
North Zone 1,ORR North 1,3.0,0.0,9,1,1,,,0.0,0.0,0.0,1.0,1.5,0.0,0.0,0.0,0.0,0.0,0,0,1.1407628059387207,1.0589604377746582,0.5753949303979761,1.0,1.0,1.0,1.0,1.0,0.0,1.0,0.0,0.0,0.0,0,4,14,0.40604064547402324,MEDIUM
North Zone 2,Bellary Road 2,4.0,12.0,9,1,0,0.3013,61.8,0.0,0.0,0.0,1.0,1.0,0.0,1.0,0.0,0.0,0.0,0,0,1.3772621154785156,1.19061279296875,0.4468179136900201,1.0,2.0,2.0,1.0,2.0,0.0,1.3333333333333333,0.5773502691896257,-1.0,-1.0,0,5,3,0.19008862051649025,LOW
South Zone 2,Hosur Road,3.0,0.0,9,3,1,0.0852,7.449999999999999,0.0,0.0,0.3333333333333333,0.8333333333333334,1.8333333333333333,0.0,0.0,0.0,0.0,0.0,0,0,1.0020527839660645,0.9895046949386597,2.343981195726002,1.0,1.0,1.0,1.0,1.0,1.0,1.0,0.0,0.0,0.0,0,7,7,0.06142710954366592,LOW
Central Zone 2,Mysore Road,0.0,0.0,9,2,1,0.4173,85.6,0.0,0.0,0.0,1.0,1.75,0.0,0.0,0.0,0.0,0.0,0,0,1.5,1.25,0.6385,2.0,1.0,1.0,2.0,0.0,1.0,1.3333333333333333,0.5,1.0,2.0,0,1,10,0.4907886995833931,MEDIUM
West Zone 1,Magadi Road,6.0,4.0,9,1,0,0.9169,64.3,0.0,0.0,0.0,1.0,3.0,0.0,0.0,0.0,0.0,0.0,0,0,1.2226564907468855,0.16249012341722846,0.7801676806682214,1.0,1.0,1.0,0.0,0.0,0.0,1.3333333333333333,0.5000000000000007,0.0,0.0,0,8,9,0.14057359893839738,LOW
West Zone 1,Magadi Road,6.0,0.0,9,1,0,1.0554,86.6,0.0,0.0,0.0,0.9,2.5,0.0,0.0,0.0,0.0,0.0,0,0,1.0197329595685005,1.019603244960308,1.1264662197495503,1.0,1.0,1.0,1.0,1.0,1.0,1.0,0.0,0.0,0.0,0,8,9,0.2184580108013883,LOW
North Zone 1,ORR North 1,1.0,8.0,9,1,1,,,0.0,0.0,1.0,0.5,2.5,0.0,1.0,0.0,0.0,0.0,0,0,1.0,1.0,0.0,1.0,1.0,0.0,1.0,1.0,0.0,1.0,0.0,0.0,0.0,0,4,14,0.09928797096149429,LOW
North Zone 1,ORR North 1,2.0,8.0,9,1,1,,,1.0,0.0,1.0,0.5,1.0,0.0,0.0,0.0,0.0,0.0,0,0,2.28125,2.03125,1.464325,2.0,2.0,1.0,2.0,2.0,1.0,3.0,1.7320508075688774,0.0,0.0,0,4,14,0.15186214981441842,LOW
West Zone 2,West of Chord Road,0.0,8.0,9,1,1,,,0.0,0.0,1.0,0.5,1.0,0.0,0.0,0.0,0.0,0.0,0,0,1.75,1.5,0.7376,2.0,1.0,0.0,2.0,1.0,0.0,1.6666666666666667,0.5773502691896257,1.0,1.0,0,9,21,0.07482601301262082,LOW
East Zone 1,ORR East 2,5.0,8.0,9,1,1,,,1.0,0.0,0.0,1.0,1.0,0.0,1.0,0.0,0.0,0.0,0,0,1.25390625,0.19921875,0.5270417881066303,1.0,1.0,1.0,0.0,0.0,1.0,1.6666666666666667,1.0,0.0,0.0,0,2,13,0.1749080325220397,LOW
Central Zone 2,Non-corridor,1.0,0.0,9,3,3,,,0.0,0.0,1.0,0.5,2.1666666666666665,0.3333333333333333,0.3333333333333333,0.0,0.0,0.0,1,0,2.8705350160598755,1.0885807275772095,0.19519135993034253,2.0,2.0,6.0,0.0,1.0,2.0,3.0,2.06155281280883,0.0,-1.0,0,1,11,0.718159128334034,HIGH
North Zone 2,ORR North 2,5.0,8.0,9,1,1,,,0.0,0.0,0.0,0.9,1.0,0.0,0.0,0.0,0.0,0.0,0,0,1.759770326782487,1.681640914175901,0.5625928646004087,2.0,2.0,1.0,2.0,2.0,0.0,1.6666666666666667,0.5773502691896257,0.0,0.0,0,5,15,0.4274146002457702,MEDIUM
North Zone 2,ORR North 2,5.0,4.0,9,1,0,0.4046,83.0,0.0,0.0,0.0,0.9,1.0,0.0,0.0,0.0,0.0,0.0,0,0,1.0040435791015625,0.8468856811523438,0.175580639360932,1.0,1.0,1.0,1.0,1.0,1.0,1.0,0.0,0.0,0.0,0,5,15,0.3825124758307991,MEDIUM
North Zone 2,Bellary Road 2,3.0,12.0,9,1,0,0.1506,35.3,0.0,0.0,0.0,1.0,1.0,0.0,1.0,0.0,0.0,0.0,0,0,1.28955078125,0.3984375,0.5103863710649699,1.0,2.0,1.0,0.0,1.0,1.0,1.3333333333333333,0.5,-1.0,-1.0,0,5,3,0.18663038927043157,LOW
Central Zone 2,Non-corridor,4.0,16.0,9,1,1,,,0.0,0.0,0.0,0.9,3.0,0.0,1.0,0.0,0.0,0.0,0,1,3.3925790786743164,2.6268625259399414,1.3087840170026532,4.0,1.0,3.0,3.0,0.0,3.0,4.0,2.5,3.0,3.0,0,1,11,0.718159128334034,HIGH
West Zone 1,Magadi Road,1.0,4.0,9,1,1,,,1.0,0.0,0.0,1.0,1.0,0.0,0.0,0.0,0.0,0.0,0,0,1.15625,0.59375,0.49267875324675325,1.0,1.0,1.0,1.0,0.0,0.0,1.3333333333333333,0.5,0.0,1.0,0,8,9,0.20268339059653018,LOW
North Zone 2,Bellary Road 2,1.0,16.0,9,1,1,2.1642,105.7,1.0,0.0,0.0,1.0,3.0,0.0,1.0,0.0,0.0,0.0,0,0,1.0,0.75,1.15888,1.0,1.0,0.0,1.0,1.0,0.0,1.0,0.0,0.0,0.0,0,5,3,0.07085234745950304,LOW
South Zone 2,Hosur Road,3.0,8.0,9,2,0,0.44915,36.85,0.0,0.0,0.0,1.0,2.5,0.0,0.0,0.0,0.0,0.0,0,1,2.03662109375,1.402587890625,0.28777375115265513,3.0,1.0,1.0,2.0,1.0,1.0,1.6666666666666667,1.0,2.0,1.0,0,7,7,0.4669181638212934,MEDIUM
Central Zone 2,Non-corridor,2.0,8.0,9,5,3,0.0798,13.55,0.2,0.0,0.4,0.8,2.3,0.0,0.0,0.0,0.0,0.0,1,1,4.235876207352021,2.7545117979166207,0.8067109373382311,5.0,4.0,2.0,4.0,1.0,1.0,4.0,1.2909944487358054,1.0,3.0,0,1,11,0.7183114868436348,HIGH
North Zone 1,ORR North 1,1.0,4.0,9,1,1,,,0.0,0.0,1.0,0.5,3.0,0.0,1.0,0.0,0.0,0.0,0,0,1.640625,1.125,0.9746858509911139,2.0,1.0,1.0,1.0,1.0,1.0,1.6666666666666667,0.5773502691896257,1.0,0.0,0,4,14,0.11320537753312399,LOW
West Zone 1,Magadi Road,5.0,8.0,9,1,0,0.1148,15.7,0.0,0.0,0.0,0.3,1.5,0.0,0.0,0.0,0.0,0.0,0,0,1.133167305990355,1.1246502667781897,1.471334187235053,1.0,1.0,1.0,1.0,1.0,1.0,1.3333333333333333,0.5,0.0,0.0,0,8,9,0.19629484435503974,LOW
South Zone 1,ORR West 1,4.0,0.0,9,1,0,0.2584,21.2,0.0,0.0,0.0,1.0,2.5,0.0,0.0,0.0,0.0,0.0,0,0,1.0343017578125,0.526031494140625,0.36887179653349655,1.0,1.0,1.0,0.0,1.0,1.0,1.0,0.0,0.0,-1.0,0,6,16,0.3500099745559401,MEDIUM
North Zone 2,ORR North 2,4.0,8.0,9,1,1,,,0.0,0.0,0.0,1.0,1.0,0.0,0.0,0.0,0.0,0.0,0,0,1.0048146252665902,1.0002961161226267,0.29728868576144263,1.0,1.0,1.0,1.0,1.0,1.0,1.0,0.0,0.0,0.0,0,5,15,0.4258895075415082,MEDIUM
Central Zone 2,CBD 2,4.0,4.0,9,1,1,,,0.0,0.0,0.0,0.9,1.0,0.0,0.0,0.0,0.0,0.0,0,0,1.0,0.5849609375,0.3684289822642731,1.0,1.0,1.0,1.0,0.0,1.0,1.0,0.0,0.0,1.0,0,1,5,0.11218312516787286,LOW
South Zone 2,Hosur Road,3.0,12.0,9,1,1,,,0.0,0.0,0.0,1.0,2.5,0.0,0.0,0.0,0.0,0.0,0,0,1.640625,0.483062744140625,0.4143105553340867,2.0,1.0,3.0,0.0,1.0,3.0,1.3333333333333333,0.9574271077563381,1.0,-1.0,0,7,7,0.48560986373506115,MEDIUM
Central Zone 2,Mysore Road,1.0,4.0,9,1,1,4.7818,112.1,1.0,0.0,1.0,0.5,2.5,1.0,0.0,0.0,0.0,0.0,0,0,2.08935546875,1.41357421875,0.8398539165138389,3.0,1.0,1.0,2.0,1.0,1.0,1.6666666666666667,1.0,2.0,1.0,0,1,10,0.22805807148763757,LOW
North Zone 2,Bellary Road 1,2.0,12.0,9,1,1,,,0.0,0.0,0.0,1.0,3.0,0.0,0.0,0.0,0.0,0.0,0,0,1.2578125,1.109375,0.39958207792207795,1.0,1.0,1.0,1.0,1.0,1.0,1.6666666666666667,1.0,0.0,0.0,0,5,2,0.38564291051164273,MEDIUM
North Zone 2,Bellary Road 2,5.0,12.0,9,2,2,,,0.0,0.0,0.0,1.0,2.0,0.0,1.0,0.0,0.0,0.0,0,0,2.255894720554352,2.2373533248901367,0.3369101238939324,3.0,2.0,1.0,3.0,2.0,1.0,2.0,0.9574271077563381,1.0,1.0,0,5,3,0.08701387424920821,LOW
North Zone 2,Bellary Road 2,5.0,8.0,9,1,0,0.1822,26.7,1.0,0.0,0.0,0.3,1.0,0.0,0.0,0.0,0.0,0.0,0,0,1.0249072502483614,0.9299892096751137,1.1820449786202356,1.0,1.0,1.0,1.0,1.0,0.0,1.0,0.0,0.0,0.0,0,5,3,0.23717059655961495,LOW
North Zone 1,Hennur Main Road,4.0,8.0,9,2,1,0.5994,46.4,0.0,0.0,0.0,0.9,2.0,0.0,1.0,0.0,0.0,0.0,0,0,1.0016059875488281,1.0010986328125,1.3169352545645914,1.0,1.0,1.0,1.0,1.0,1.0,1.0,0.0,0.0,0.0,0,4,6,0.1421398124991574,LOW
Central Zone 2,Mysore Road,3.0,12.0,9,2,1,0.3023,24.8,0.0,0.0,0.0,1.0,2.5,0.0,0.0,0.0,0.0,0.0,0,1,1.079833984375,0.13666915893554688,0.4733155717658606,1.0,1.0,2.0,0.0,0.0,1.0,1.0,0.5,0.0,0.0,0,1,10,0.5656405125236033,MEDIUM
South Zone 2,Hosur Road,2.0,8.0,9,1,1,,,0.0,0.0,1.0,0.5,3.0,0.0,0.0,0.0,0.0,0.0,0,0,1.146484375,0.6103515625,0.4141890302111609,1.0,1.0,1.0,0.0,1.0,1.0,1.3333333333333333,0.5,0.0,-1.0,0,7,7,0.2408850226215827,LOW
North Zone 2,Bellary Road 2,6.0,0.0,9,1,1,,,0.0,0.0,0.0,1.0,3.0,0.0,1.0,0.0,0.0,0.0,0,0,1.7582760650132088,0.5080278376125336,1.0045936938786546,2.0,1.0,1.0,0.0,1.0,1.0,2.0,0.9574271077563381,1.0,-1.0,0,5,3,0.1003362534600008,LOW
Central Zone 2,Non-corridor,6.0,4.0,9,1,0,0.0548,21.9,0.0,0.0,0.0,0.9,1.0,0.0,0.0,0.0,0.0,0.0,0,0,3.1632833080457514,1.9996166309388266,0.18255444795897133,2.0,5.0,5.0,1.0,4.0,2.0,3.3333333333333335,1.5,-3.0,-3.0,0,1,11,0.718159128334034,HIGH
North Zone 1,Hennur Main Road,2.0,4.0,9,1,1,,,0.0,0.0,0.0,1.0,1.5,0.0,1.0,0.0,0.0,0.0,0,0,1.0,1.0,0.0,1.0,1.0,0.0,1.0,1.0,0.0,1.0,0.0,0.0,0.0,0,4,6,0.07281336734449893,LOW
North Zone 1,Hennur Main Road,2.0,0.0,9,1,1,,,0.0,0.0,0.0,1.0,1.0,0.0,1.0,0.0,0.0,0.0,0,0,1.25,0.78125,0.6453936,1.0,2.0,1.0,1.0,1.0,0.0,1.3333333333333333,0.5,-1.0,0.0,0,4,6,0.07193644431418258,LOW
North Zone 1,Hennur Main Road,3.0,8.0,9,1,1,,,0.0,0.0,0.0,1.0,1.0,0.0,1.0,0.0,0.0,0.0,0,0,1.102783203125,1.0703125,1.3169352545645914,1.0,1.0,2.0,1.0,1.0,2.0,1.0,0.4999999999999999,0.0,0.0,0,4,6,0.09515852007061897,LOW
North Zone 1,Hennur Main Road,3.0,0.0,9,1,1,,,0.0,0.0,1.0,0.5,1.0,0.0,1.0,0.0,0.0,0.0,0,0,1.158203125,0.842041015625,1.075045446823871,1.0,1.0,1.0,1.0,0.0,1.0,1.3333333333333333,0.5,0.0,1.0,0,4,6,0.04646442049495496,LOW
Central Zone 2,Non-corridor,6.0,8.0,9,2,1,0.1253,50.1,0.0,0.0,0.0,0.9,1.0,0.0,0.5,0.0,0.0,0.0,0,1,4.875197561173689,4.130546865545938,1.8871293497634796,6.0,3.0,6.0,6.0,2.0,3.0,4.666666666666667,1.414213562373095,3.0,4.0,0,1,11,0.718159128334034,HIGH
North Zone 1,Hennur Main Road,5.0,8.0,9,1,1,,,1.0,0.0,0.0,1.0,1.0,0.0,1.0,0.0,0.0,0.0,0,0,1.0156500935554504,0.03126716613769531,0.6257383767699879,1.0,1.0,1.0,0.0,0.0,0.0,1.0,0.0,0.0,0.0,0,4,6,0.20930209194214777,LOW
Central Zone 2,Non-corridor,4.0,0.0,9,5,4,0.2769,41.4,0.0,0.0,0.0,0.8400000000000001,2.0,0.0,0.4,0.0,0.0,0.0,1,1,5.0655179960730825,2.8782436971440974,0.4337294780021791,4.0,9.0,3.0,2.0,5.0,3.0,5.666666666666667,2.7080128015453195,-5.0,-3.0,0,1,11,0.718159128334034,HIGH
Central Zone 2,Mysore Road,2.0,4.0,9,3,3,,,0.3333333333333333,0.0,0.3333333333333333,0.8333333333333334,1.0,0.0,0.0,0.0,0.0,0.0,1,0,1.939586102962494,1.1033219695091248,0.6880513833943821,2.0,1.0,4.0,1.0,1.0,1.0,2.0,1.2909944487358056,1.0,0.0,0,1,10,0.21043358436427825,LOW
Central Zone 2,Non-corridor,4.0,12.0,9,2,0,0.19390000000000002,35.650000000000006,0.0,0.0,0.0,1.0,2.0,0.0,0.0,0.0,0.0,0.0,0,1,4.893839301190699,3.387748789233365,0.9367183033011485,6.0,6.0,2.0,4.0,4.0,2.0,4.333333333333333,2.6299556396765835,0.0,0.0,0,1,11,0.7183114868436348,HIGH
South Zone 2,Hosur Road,6.0,4.0,9,2,1,0.0289,2.5,0.0,0.0,0.0,1.0,2.75,0.0,0.5,0.0,0.0,0.0,0,0,1.1260108947753906,0.2421875,0.3760555100725941,1.0,1.0,3.0,0.0,0.0,3.0,1.0,1.0,0.0,0.0,0,7,7,0.2447084160755206,LOW
West Zone 1,Tumkur Road,0.0,8.0,9,1,1,,,1.0,0.0,0.0,1.0,3.0,0.0,0.0,0.0,0.0,0.0,0,0,1.5,0.375,0.6693984,1.0,3.0,1.0,0.0,1.0,1.0,1.6666666666666667,1.0,-2.0,-1.0,0,8,19,0.07227785939097296,LOW
North Zone 1,Hennur Main Road,1.0,8.0,9,2,1,0.5645,115.8,0.5,0.0,0.5,0.75,1.25,0.0,1.0,0.0,0.0,0.0,0,0,1.25,1.0,0.4458,1.0,1.0,0.0,1.0,1.0,0.0,1.3333333333333333,0.5773502691896257,0.0,0.0,0,4,6,0.10724656595867427,LOW
North Zone 1,Hennur Main Road,0.0,0.0,9,1,1,,,0.0,0.0,0.0,1.0,1.0,0.0,1.0,0.0,0.0,0.0,0,0,0.0,0.0,0.0,0.0,0.0,0.0,0.0,0.0,0.0,0.0,0.0,0.0,0.0,0,4,6,0.06073371561115518,LOW
Central Zone 2,Non-corridor,6.0,16.0,9,1,1,,,1.0,0.0,0.0,1.0,2.5,0.0,1.0,0.0,0.0,0.0,0,0,1.6746084691258147,1.578811872866936,0.7592855185403526,2.0,1.0,1.0,2.0,1.0,0.0,1.6666666666666667,0.5773502691896257,1.0,1.0,0,1,11,0.46499419801619185,MEDIUM
Central Zone 2,Non-corridor,2.0,4.0,9,3,2,0.0339,15.8,0.0,0.0,0.0,1.0,1.5,0.0,0.3333333333333333,0.0,0.0,0.0,0,1,3.0670168802422495,2.66954553837175,0.23877937195416377,3.0,2.0,6.0,3.0,2.0,4.0,3.0,1.707825127659933,1.0,1.0,0,1,11,0.718159128334034,HIGH
West Zone 1,Tumkur Road,1.0,4.0,9,3,3,,,0.6666666666666666,0.0,0.0,1.0,1.6666666666666667,0.0,0.0,0.0,0.0,0.0,1,0,1.43798828125,0.9306640625,0.6156473046652886,1.0,2.0,4.0,1.0,1.0,2.0,1.3333333333333333,1.4142135623730951,-1.0,0.0,0,8,19,0.10857633941453884,LOW
West Zone 1,Tumkur Road,0.0,4.0,9,1,1,,,0.0,0.0,0.0,1.0,1.0,0.0,0.0,0.0,0.0,0.0,0,0,1.5,0.0,0.15636,2.0,1.0,0.0,0.0,0.0,0.0,1.5,0.7071067811865476,1.0,0.0,0,8,19,0.19116481854534906,LOW
Central Zone 2,Mysore Road,4.0,4.0,9,1,1,,,0.0,0.0,0.0,1.0,1.5,0.0,0.0,0.0,0.0,0.0,0,0,1.4063875531163461,0.5261049516968654,0.6737747199032285,1.0,2.0,1.0,0.0,1.0,1.0,1.6666666666666667,0.5773502691896257,-1.0,-1.0,0,1,10,0.3104681631290423,MEDIUM
West Zone 1,Tumkur Road,1.0,8.0,9,3,3,,,0.0,0.0,0.0,1.0,1.5,0.0,0.0,0.0,0.0,0.0,1,0,1.5009765625,0.842529296875,0.24926145967831417,2.0,1.0,1.0,1.0,1.0,1.0,1.3333333333333333,0.5,1.0,0.0,0,8,19,0.2666298583847938,LOW
Central Zone 2,Non-corridor,3.0,4.0,9,5,2,0.39209999999999995,51.300000000000004,0.6,0.0,0.6,0.7,1.9,0.0,0.0,0.0,0.0,0.0,0,0,3.7059480038011174,2.2564137831602826,0.3500687359084832,3.0,4.0,3.0,2.0,1.0,2.0,4.666666666666667,1.8929694486000912,-1.0,1.0,0,1,11,0.718159128334034,HIGH
North Zone 2,Bellary Road 1,6.0,12.0,9,2,1,0.1423,29.2,0.0,0.0,0.0,1.0,1.75,0.0,0.0,0.0,0.0,0.0,0,0,1.7503324227873236,0.8787470492534339,0.33557494915268443,1.0,3.0,1.0,0.0,2.0,0.0,2.3333333333333335,1.1547005383792515,-2.0,-2.0,0,5,2,0.43637622110019414,MEDIUM
North Zone 2,Bellary Road 2,0.0,8.0,9,1,1,,,1.0,0.0,0.0,1.0,3.0,0.0,1.0,0.0,0.0,0.0,0,0,1.0,0.5,1.11678,1.0,1.0,0.0,0.0,1.0,0.0,1.0,0.0,0.0,-1.0,0,5,3,0.04532540972552423,LOW
Central Zone 2,Non-corridor,1.0,4.0,9,5,4,0.1113,17.8,0.0,0.0,0.2,0.9,1.1,0.4,0.0,0.0,0.0,0.0,1,1,5.292216897010803,3.3824436962604523,0.49109231549960564,7.0,5.0,2.0,4.0,4.0,0.0,4.666666666666667,2.449489742783178,2.0,0.0,0,1,11,0.7183114868436348,HIGH
West Zone 1,Tumkur Road,2.0,4.0,9,1,0,0.2458,22.2,0.0,0.0,0.0,1.0,2.5,0.0,0.0,0.0,0.0,0.0,0,0,1.1331101059913635,0.9160071611404419,1.2677196375857054,1.0,1.0,3.0,1.0,1.0,0.0,1.0,1.0,0.0,0.0,0,8,19,0.1464879997155138,LOW
South Zone 2,Hosur Road,0.0,0.0,9,2,1,1.1878,88.6,0.0,0.0,0.0,1.0,3.0,0.0,0.0,0.0,0.0,0.0,0,0,1.0,0.75,0.4022,1.0,1.0,0.0,1.0,1.0,0.0,1.0,0.0,0.0,0.0,0,7,7,0.17239137253181372,LOW
North Zone 2,Bellary Road 2,6.0,12.0,9,1,1,,,0.0,0.0,0.0,1.0,1.0,0.0,1.0,0.0,0.0,0.0,0,0,1.2666245887521654,1.204052161425352,0.77832934891759,1.0,2.0,1.0,1.0,2.0,0.0,1.3333333333333333,0.5,-1.0,-1.0,0,5,3,0.1105778092091004,LOW
South Zone 2,Bannerghata Road,4.0,4.0,9,1,1,,,0.0,0.0,0.0,1.0,3.0,0.0,0.0,0.0,0.0,0.0,0,0,1.0,0.998046875,0.0958,1.0,1.0,1.0,1.0,1.0,1.0,1.0,0.0,0.0,0.0,0,7,1,0.12268337887337212,LOW
South Zone 2,Bannerghata Road,3.0,8.0,9,1,1,,,0.0,0.0,0.0,1.0,1.0,0.0,0.0,0.0,0.0,0.0,0,0,1.0078125,0.50469970703125,1.3835454879952187,1.0,1.0,1.0,0.0,1.0,1.0,1.0,0.0,0.0,-1.0,0,7,1,0.049949915900415434,LOW
West Zone 1,Tumkur Road,1.0,12.0,9,2,2,,,0.0,0.0,0.0,1.0,2.75,0.0,0.0,0.0,0.0,0.0,0,0,1.0,0.890625,0.32960842105263166,1.0,1.0,1.0,1.0,1.0,0.0,1.0,0.0,0.0,0.0,0,8,19,0.15673388856751738,LOW
West Zone 1,Tumkur Road,1.0,16.0,9,1,0,0.1448,9.9,0.0,0.0,1.0,0.5,3.0,0.0,0.0,0.0,0.0,0.0,0,0,1.0,0.5,2.38954,1.0,1.0,0.0,1.0,0.0,0.0,1.0,0.0,0.0,1.0,0,8,19,0.11071981047940699,LOW
Central Zone 2,Non-corridor,2.0,0.0,9,5,1,0.322975,370.40000000000003,0.0,0.0,0.4,0.8,1.1,0.0,0.2,0.4,0.0,0.0,0,1,4.74645946706778,2.6746905844906905,0.29029704840312376,4.0,7.0,5.0,2.0,5.0,3.0,4.666666666666667,1.7078251276599308,-3.0,-3.0,0,1,11,0.718159128334034,HIGH
Central Zone 2,Non-corridor,1.0,20.0,9,1,1,,,0.0,0.0,1.0,0.5,2.5,0.0,1.0,0.0,0.0,0.0,0,0,1.0,0.921875,0.7135052631578946,1.0,1.0,1.0,1.0,1.0,0.0,1.0,0.0,0.0,0.0,0,1,11,0.22477956027631582,LOW
South Zone 2,Bannerghata Road,2.0,12.0,9,1,0,0.2037,17.0,0.0,0.0,0.0,1.0,2.5,0.0,0.0,0.0,0.0,0.0,0,0,1.0625,0.6875,0.20634000000000002,1.0,1.0,2.0,1.0,0.0,2.0,1.0,0.5,0.0,1.0,0,7,1,0.4613753477834276,MEDIUM
South Zone 2,Bannerghata Road,2.0,8.0,9,1,1,,,0.0,0.0,0.0,1.0,1.0,0.0,0.0,0.0,0.0,0.0,0,0,1.125,1.0751953125,1.2299821793384864,1.0,1.0,1.0,1.0,1.0,1.0,1.3333333333333333,0.5,0.0,0.0,0,7,1,0.09596421899250919,LOW
North Zone 2,ORR North 2,0.0,0.0,9,1,1,,,0.0,0.0,0.0,1.0,3.0,0.0,0.0,0.0,0.0,0.0,0,0,2.0,2.0,0.0,2.0,0.0,0.0,2.0,0.0,0.0,2.0,0.0,0.0,0.0,0,5,15,0.3970247069968795,MEDIUM
Central Zone 1,Old Madras Road,5.0,8.0,9,2,2,,,0.5,0.0,0.0,1.0,2.75,0.0,0.0,0.0,0.0,0.0,0,0,1.6001055985689163,1.5998852802440524,1.1911588213530093,2.0,1.0,2.0,2.0,1.0,2.0,1.3333333333333333,0.5773502691896257,1.0,1.0,0,0,18,0.46635067806939634,MEDIUM
Central Zone 1,Old Madras Road,6.0,0.0,9,2,1,0.8073,55.2,0.0,0.0,0.0,1.0,2.0,0.0,0.0,0.0,0.0,0.0,0,1,2.037399852531962,1.9217916146426433,0.16106983621933008,3.0,1.0,1.0,3.0,1.0,0.0,1.6666666666666667,1.0,2.0,2.0,0,0,18,0.6451516586528763,HIGH
East Zone 1,Varthur Road,4.0,8.0,9,1,0,0.4267,99.1,0.0,0.0,0.0,0.3,1.0,0.0,1.0,0.0,0.0,0.0,0,0,1.25,0.8203125,0.6230928255999999,1.0,2.0,1.0,1.0,1.0,1.0,1.3333333333333333,0.5,-1.0,0.0,0,2,20,0.05078824460584174,LOW
East Zone 1,Varthur Road,3.0,8.0,9,1,0,0.3543,30.6,0.0,0.0,0.0,1.0,2.5,0.0,1.0,0.0,0.0,0.0,0,0,1.0,0.25,0.881936,1.0,1.0,0.0,0.0,1.0,0.0,1.0,0.0,0.0,-1.0,0,2,20,0.10864686243122605,LOW
Central Zone 1,Old Airport Road,2.0,8.0,9,1,1,,,1.0,0.0,0.0,1.0,1.0,0.0,1.0,0.0,0.0,0.0,0,0,1.0,0.4375,0.8057077922077923,1.0,1.0,1.0,0.0,1.0,0.0,1.0,0.0,0.0,-1.0,0,0,17,0.05838460248943844,LOW
North Zone 2,ORR North 2,3.0,8.0,9,1,1,,,1.0,0.0,0.0,1.0,1.0,0.0,0.0,0.0,0.0,0.0,0,0,2.7207050919532776,2.212891638278961,0.059454103987615435,4.0,1.0,2.0,3.0,1.0,2.0,2.3333333333333335,1.2583057392117916,3.0,2.0,0,5,15,0.21946360503076262,LOW
North Zone 2,ORR North 2,4.0,4.0,9,1,1,,,0.0,0.0,0.0,1.0,2.5,0.0,0.0,0.0,0.0,0.0,0,0,1.064697265625,0.5501708984375,0.31111468309530094,1.0,1.0,1.0,0.0,1.0,1.0,1.0,0.0,0.0,-1.0,0,5,15,0.3078037115670175,MEDIUM
Central Zone 2,Mysore Road,6.0,8.0,9,2,1,0.4753,39.0,0.0,0.0,0.0,0.95,2.5,0.0,0.0,0.0,0.0,0.0,0,0,3.051414871997638,1.3771938768757959,0.6182301689878739,5.0,1.0,1.0,2.0,1.0,1.0,2.3333333333333335,2.0,4.0,1.0,0,1,10,0.41459927906595795,MEDIUM
Central Zone 2,Non-corridor,4.0,8.0,9,1,0,0.9765,111.6,1.0,0.0,0.0,1.0,2.5,0.0,0.0,0.0,0.0,0.0,0,1,4.833700145533788,2.7345773906845516,0.24925977729789842,5.0,7.0,3.0,3.0,4.0,2.0,4.666666666666667,2.217355782608345,-2.0,-1.0,0,1,11,0.6986506688301728,HIGH
West Zone 1,Tumkur Road,3.0,16.0,9,1,0,0.6888,47.1,0.0,0.0,1.0,0.5,3.0,0.0,0.0,0.0,0.0,0.0,0,0,1.0,0.15625,0.683723104,1.0,1.0,1.0,0.0,0.0,0.0,1.0,0.0,0.0,0.0,0,8,19,0.21305721854551907,LOW
West Zone 1,Tumkur Road,3.0,0.0,9,1,0,0.1221,16.7,0.0,0.0,1.0,0.5,1.5,0.0,0.0,0.0,0.0,0.0,0,0,2.50048918556422,2.3766854675486684,0.3676723291023717,4.0,1.0,1.0,4.0,1.0,0.0,2.0,1.5,3.0,3.0,0,8,19,0.350979307721709,MEDIUM
West Zone 1,Tumkur Road,2.0,12.0,9,1,0,0.0605,12.4,0.0,0.0,0.0,1.0,1.0,0.0,0.0,0.0,0.0,0.0,0,0,1.75,1.22265625,0.13151027884513697,2.0,2.0,1.0,1.0,2.0,1.0,1.6666666666666667,0.5773502691896257,0.0,-1.0,0,8,19,0.1454448764922378,LOW
Central Zone 2,Mysore Road,5.0,4.0,9,1,0,0.3071,18.0,1.0,0.0,0.0,1.0,2.5,0.0,0.0,0.0,0.0,0.0,0,0,2.0296937378448403,1.2553965868668915,0.33942618966313537,2.0,3.0,1.0,2.0,0.0,1.0,2.0,0.9574271077563381,-1.0,2.0,0,1,10,0.4124711692149887,MEDIUM
South Zone 2,Bannerghata Road,3.0,4.0,9,1,1,,,1.0,0.0,0.0,1.0,2.5,0.0,0.0,0.0,0.0,0.0,0,0,1.0,0.984375,0.0958,1.0,1.0,1.0,1.0,1.0,1.0,1.0,0.0,0.0,0.0,0,7,1,0.1222301031393308,LOW
North Zone 1,Airport New South Road,2.0,4.0,9,1,0,0.4109,68.8,1.0,0.0,0.0,1.0,1.0,0.0,0.0,1.0,0.0,0.0,0,0,1.125,1.125,2.1929,1.0,1.0,1.0,1.0,1.0,1.0,1.3333333333333333,0.5,0.0,0.0,0,4,0,0.3047507863101181,MEDIUM
West Zone 1,Tumkur Road,3.0,4.0,9,2,0,0.7800499999999999,67.05,0.0,0.0,0.5,0.75,2.5,0.0,0.0,0.0,0.0,0.0,0,0,1.0158849806757644,0.3338203264866024,0.9743579326158145,1.0,1.0,1.0,0.0,1.0,1.0,1.0,0.0,0.0,-1.0,0,8,19,0.141092534352543,LOW
North Zone 2,Bellary Road 1,4.0,0.0,9,1,0,0.2555,52.4,0.0,0.0,0.0,1.0,1.0,0.0,0.0,0.0,0.0,0.0,0,1,1.5313725826790687,1.3534926525835544,0.2118799500747634,2.0,1.0,1.0,2.0,1.0,1.0,1.3333333333333333,0.5,1.0,1.0,0,5,2,0.536191376525671,MEDIUM
Central Zone 1,Old Airport Road,2.0,4.0,9,1,1,,,1.0,0.0,0.0,1.0,2.5,0.0,0.0,0.0,0.0,0.0,0,0,1.0,0.0625,0.5898184,1.0,1.0,1.0,0.0,0.0,0.0,1.0,0.0,0.0,0.0,0,0,17,0.06897754477107906,LOW
East Zone 1,ORR East 1,1.0,20.0,9,1,0,1.2022,82.2,0.0,0.0,1.0,0.5,3.0,0.0,1.0,0.0,0.0,0.0,0,0,1.0,0.25,0.6240368421052632,1.0,1.0,0.0,0.0,1.0,0.0,1.0,0.0,0.0,-1.0,0,2,12,0.1988838025198451,LOW
East Zone 1,ORR East 1,0.0,12.0,9,1,1,,,0.0,0.0,0.0,1.0,2.5,0.0,1.0,0.0,0.0,0.0,0,0,1.0,1.0,0.0,1.0,0.0,0.0,1.0,0.0,0.0,1.0,0.0,0.0,0.0,0,2,12,0.08034463360232505,LOW
North Zone 1,Airport New South Road,0.0,4.0,9,1,1,,,0.0,0.0,0.0,1.0,1.0,0.0,1.0,0.0,0.0,0.0,0,0,0.0,0.0,0.0,0.0,0.0,0.0,0.0,0.0,0.0,0.0,0.0,0.0,0.0,0,4,0,0.06073371561115518,LOW
Central Zone 1,Old Madras Road,4.0,12.0,9,1,0,0.0522,10.7,0.0,0.0,0.0,0.9,1.0,0.0,0.0,0.0,0.0,0.0,0,0,1.005126953125,0.93408203125,0.20061432651940206,1.0,1.0,1.0,1.0,1.0,0.0,1.0,0.0,0.0,0.0,0,0,18,0.22035549824768863,LOW
Central Zone 2,Non-corridor,1.0,12.0,9,3,2,0.022,8.8,0.0,0.0,0.0,1.0,1.0,0.0,1.0,0.0,0.0,0.0,0,0,2.174025535583496,1.0753045082092285,0.13343301869718008,2.0,3.0,2.0,1.0,1.0,1.0,2.0,0.8164965809277259,-1.0,0.0,0,1,11,0.5658478998798704,MEDIUM
Central Zone 1,Old Madras Road,4.0,0.0,9,1,0,0.7824,64.2,0.0,0.0,0.0,1.0,2.5,0.0,0.0,0.0,0.0,0.0,0,0,2.1487244963645935,1.9573066970333457,0.693298536596554,3.0,1.0,1.0,3.0,1.0,0.0,2.0,0.9574271077563381,2.0,2.0,0,0,18,0.5995969464624901,MEDIUM
West Zone 1,Tumkur Road,4.0,8.0,9,1,1,,,1.0,0.0,0.0,0.9,1.5,0.0,0.0,0.0,0.0,0.0,0,0,1.1475143805291736,0.3615198111911013,0.6461224175851585,1.0,1.0,1.0,0.0,0.0,1.0,1.3333333333333333,0.5000000000000001,0.0,0.0,0,8,19,0.1895736871097535,LOW
Central Zone 1,Old Madras Road,3.0,12.0,9,1,1,,,0.0,0.0,0.0,1.0,2.5,0.0,0.0,0.0,0.0,0.0,0,0,1.0205078125,0.736328125,0.20061432651940206,1.0,1.0,1.0,1.0,0.0,1.0,1.0,0.0,0.0,1.0,0,0,18,0.2200057379587755,LOW
Central Zone 1,Old Madras Road,3.0,8.0,9,1,0,0.1638,33.6,0.0,0.0,1.0,0.5,1.0,0.0,0.0,0.0,0.0,0.0,0,0,1.0650634765625,0.26021575927734375,0.5124633926472479,1.0,1.0,2.0,0.0,0.0,2.0,1.0,0.5,0.0,0.0,0,0,18,0.2730994252524305,LOW
West Zone 1,Tumkur Road,5.0,4.0,9,1,1,,,0.0,0.0,0.0,1.0,2.5,0.0,0.0,0.0,0.0,0.0,0,0,1.0020451625055138,0.7372538397316433,0.2661524378516658,1.0,1.0,1.0,1.0,0.0,1.0,1.0,0.0,0.0,1.0,0,8,19,0.4266003338838023,MEDIUM
Central Zone 1,Old Madras Road,2.0,0.0,9,1,1,,,0.0,0.0,0.0,1.0,3.0,0.0,0.0,0.0,0.0,0.0,0,0,1.80859375,1.05169677734375,0.15372210388032795,1.0,4.0,1.0,0.0,3.0,1.0,2.0,1.5,-3.0,-3.0,0,0,18,0.4726797455263678,MEDIUM
Central Zone 1,Old Madras Road,3.0,0.0,9,1,1,,,0.0,0.0,1.0,0.5,1.5,0.0,0.0,0.0,0.0,0.0,0,0,1.146942138671875,1.141028881072998,0.15372210388032795,1.0,1.0,1.0,1.0,1.0,1.0,1.3333333333333333,0.5000000000000001,0.0,0.0,0,0,18,0.3742723315730626,MEDIUM
North Zone 2,ORR North 2,1.0,8.0,9,1,1,,,0.0,0.0,1.0,0.5,1.0,0.0,0.0,0.0,0.0,0.0,0,0,1.0,1.0,1.539,1.0,1.0,1.0,1.0,1.0,1.0,1.0,0.0,0.0,0.0,0,5,15,0.04781760489468227,LOW
North Zone 2,ORR North 2,2.0,8.0,9,1,1,,,0.0,0.0,0.0,1.0,1.0,0.0,0.0,0.0,0.0,0.0,0,0,1.064453125,1.033203125,0.24190755501665823,1.0,1.0,1.0,1.0,1.0,1.0,1.0,0.0,0.0,0.0,0,5,15,0.39129752146620644,MEDIUM
Central Zone 2,Mysore Road,1.0,8.0,9,2,1,0.5363,110.0,0.5,0.0,0.0,1.0,1.25,0.0,0.0,0.0,0.0,0.0,0,0,2.20703125,1.6357421875,0.40347916139378914,3.0,1.0,1.0,3.0,0.0,1.0,2.0,0.9574271077563382,2.0,3.0,0,1,10,0.3503967267023993,MEDIUM
North Zone 2,Bellary Road 2,0.0,4.0,9,1,1,,,1.0,0.0,0.0,1.0,3.0,0.0,0.0,0.0,0.0,0.0,0,0,1.25,1.25,0.0,1.0,1.0,0.0,1.0,1.0,0.0,1.3333333333333333,0.5773502691896257,0.0,0.0,0,5,3,0.20196815737251028,LOW
Central Zone 2,Non-corridor,3.0,8.0,9,1,0,0.1494,28.4,0.0,0.0,0.0,1.0,2.5,0.0,0.0,0.0,0.0,0.0,0,1,5.981901618721404,4.111007222198101,0.7636481005282489,10.0,2.0,1.0,7.0,2.0,0.0,4.333333333333333,4.358898943540673,8.0,5.0,0,1,11,0.7143010818692955,HIGH
North Zone 2,Bellary Road 2,1.0,0.0,9,1,1,,,0.0,0.0,0.0,1.0,3.0,0.0,1.0,0.0,0.0,0.0,0,0,1.8125,1.8125,2.6754,2.0,2.0,2.0,2.0,2.0,2.0,1.6666666666666667,0.5,0.0,0.0,0,5,3,0.06848905373006549,LOW
Central Zone 2,Non-corridor,4.0,4.0,9,3,2,0.4276,73.3,0.3333333333333333,0.0,0.0,1.0,2.0,0.0,0.3333333333333333,0.0,0.0,0.0,0,0,3.068715713104277,1.0207691681959776,0.42564678296829317,3.0,3.0,2.0,0.0,2.0,1.0,3.3333333333333335,0.8164965809277259,0.0,-2.0,0,1,11,0.7183114868436348,HIGH
North Zone 2,Bellary Road 1,5.0,0.0,9,2,2,,,0.0,0.0,0.0,0.95,1.25,1.0,0.0,0.0,0.0,0.0,0,0,2.1311188342688863,1.5016374475842693,0.581941311583148,3.0,1.0,1.0,2.0,1.0,1.0,1.6666666666666667,1.0,2.0,1.0,0,5,2,0.1273389712658156,LOW
West Zone 1,Tumkur Road,6.0,12.0,9,1,1,,,0.0,0.0,0.0,1.0,1.0,0.0,0.0,0.0,0.0,0.0,0,0,1.7195236086845398,0.2809074455872178,0.6630047463929638,2.0,1.0,4.0,0.0,0.0,3.0,1.3333333333333333,1.4142135623730951,1.0,0.0,0,8,19,0.38158720265864216,MEDIUM
Central Zone 2,Mysore Road,5.0,8.0,9,1,1,,,0.0,0.0,0.0,0.3,3.0,0.0,0.0,0.0,0.0,0.0,0,0,1.648828925581276,1.246529920814937,0.5472420293994946,1.0,3.0,3.0,1.0,2.0,1.0,1.6666666666666667,1.1547005383792515,-2.0,-1.0,0,1,10,0.5796757281064251,MEDIUM
West Zone 1,Magadi Road,0.0,4.0,9,1,1,,,0.0,0.0,1.0,0.5,1.0,0.0,0.0,0.0,0.0,0.0,0,0,3.0,3.0,1.593,3.0,0.0,0.0,3.0,0.0,0.0,3.0,0.0,0.0,0.0,0,8,9,0.039326257112667705,LOW
Central Zone 2,Non-corridor,1.0,8.0,9,2,2,,,0.0,0.0,0.0,1.0,2.75,0.0,0.0,0.0,0.0,0.0,0,0,4.260000705718994,1.9260244369506836,0.1974777044188198,5.0,5.0,5.0,2.0,2.0,4.0,3.6666666666666665,2.0,0.0,0.0,0,1,11,0.718159128334034,HIGH
Central Zone 2,Mysore Road,6.0,0.0,9,3,2,1.4771,303.0,0.0,0.0,0.0,0.5333333333333333,2.0,0.0,0.0,0.0,0.0,0.0,0,0,1.4094873766014704,1.2820704914189225,1.1944672797733356,1.0,2.0,2.0,1.0,2.0,1.0,1.3333333333333333,0.5773502691896257,-1.0,-1.0,0,1,10,0.21741736006047163,LOW
Central Zone 1,Old Airport Road,5.0,8.0,9,1,0,0.0928,27.2,1.0,0.0,0.0,1.0,0.5,0.0,0.0,0.0,0.0,0.0,0,0,1.0,0.20843505859375,0.7341589833786604,1.0,1.0,1.0,0.0,0.0,1.0,1.0,0.0,0.0,0.0,0,0,17,0.051885259670990024,LOW
Central Zone 1,Old Airport Road,4.0,16.0,9,2,2,,,1.0,0.0,0.0,0.95,1.0,0.5,0.0,0.0,0.0,0.0,0,0,0.0,0.0,0.0,0.0,0.0,0.0,0.0,0.0,0.0,0.0,0.0,0.0,0.0,0,0,17,0.04931177871001546,LOW
West Zone 2,West of Chord Road,6.0,12.0,9,1,1,,,0.0,0.0,0.0,0.3,1.0,0.0,0.0,1.0,0.0,0.0,0,0,1.06298828125,1.0307159423828125,0.2758604158463778,1.0,1.0,1.0,1.0,1.0,1.0,1.0,0.0,0.0,0.0,0,9,21,0.06586521791170986,LOW
East Zone 1,ORR East 2,2.0,0.0,9,1,1,2.34,792.3,0.0,0.0,1.0,0.5,1.0,0.0,1.0,0.0,0.0,0.0,0,0,1.5041567087173462,1.0040909051895142,2.292687398616012,2.0,1.0,1.0,1.0,1.0,1.0,1.3333333333333333,0.5,1.0,0.0,0,2,13,0.041698188520310354,LOW
South Zone 1,ORR West 1,1.0,12.0,9,1,1,,,0.0,0.0,0.0,1.0,2.5,0.0,0.0,0.0,0.0,0.0,0,0,1.0,1.0,0.0,1.0,0.0,0.0,1.0,0.0,0.0,1.0,0.0,0.0,0.0,0,6,16,0.08576236099510848,LOW
East Zone 1,ORR East 2,1.0,0.0,9,2,1,1.2102,397.4,0.0,0.0,0.5,0.75,2.0,0.0,0.5,0.0,0.0,0.0,0,0,1.65625,1.40625,1.6083789473684207,1.0,3.0,1.0,1.0,2.0,1.0,2.0,0.9574271077563381,-2.0,-1.0,0,2,13,0.12688676173015417,LOW
Central Zone 2,Non-corridor,0.0,4.0,9,4,2,0.1016,24.15,0.0,0.0,0.5,0.75,1.5,0.0,0.5,0.25,0.0,0.0,0,0,3.8125,2.640625,0.46629272022160667,5.0,3.0,3.0,4.0,1.0,3.0,3.3333333333333335,1.2583057392117916,2.0,3.0,0,1,11,0.6983760621335333,HIGH
Central Zone 2,Mysore Road,1.0,0.0,10,1,1,,,0.0,0.0,0.0,0.9,3.0,0.0,0.0,0.0,0.0,0.0,0,1,1.683807373046875,0.5083160400390625,0.9920318913185414,2.0,1.0,1.0,0.0,1.0,1.0,1.6666666666666667,0.5773502691896257,1.0,-1.0,0,1,10,0.5001535273918607,MEDIUM
Central Zone 2,Non-corridor,0.0,4.0,10,3,1,0.21215,48.05,0.0,0.0,0.0,0.9666666666666667,1.5,0.0,0.3333333333333333,0.0,0.0,0.0,0,0,3.90625,2.3203125,0.320415632132964,4.0,5.0,2.0,2.0,4.0,1.0,4.0,1.2909944487358056,-1.0,-2.0,0,1,11,0.6985346257983922,HIGH
Central Zone 2,Mysore Road,0.0,12.0,10,1,0,1.0993,90.2,0.0,0.0,0.0,0.9,2.5,0.0,0.0,0.0,0.0,0.0,0,0,1.0,0.75,0.7739,1.0,1.0,1.0,1.0,0.0,1.0,1.0,0.0,0.0,1.0,0,1,10,0.08788359998539534,LOW
West Zone 2,West of Chord Road,3.0,12.0,10,1,1,,,0.0,0.0,0.0,1.0,1.0,0.0,0.0,0.0,0.0,0.0,0,0,1.125,0.86328125,0.3258111146446176,1.0,1.0,1.0,1.0,1.0,1.0,1.3333333333333333,0.5,0.0,0.0,0,9,21,0.09213763478273312,LOW
Central Zone 2,Mysore Road,6.0,12.0,10,1,1,,,0.0,0.0,0.0,1.0,0.5,0.0,0.0,0.0,0.0,0.0,0,0,1.3986669412242918,1.0212610448648718,0.7341102376492602,1.0,1.0,1.0,1.0,1.0,1.0,1.3333333333333333,0.49999999999999917,0.0,0.0,0,1,10,0.3180822789882864,MEDIUM
North Zone 2,Bellary Road 2,2.0,0.0,10,1,1,,,0.0,0.0,0.0,1.0,1.5,0.0,0.0,0.0,0.0,0.0,0,0,1.56329345703125,1.21954345703125,1.1736864338990967,1.0,2.0,1.0,1.0,2.0,1.0,2.0,0.9574271077563381,-1.0,-1.0,0,5,3,0.10699361581098313,LOW
Central Zone 2,Mysore Road,2.0,0.0,10,3,2,0.0829,6.8,0.0,0.0,0.0,1.0,2.1666666666666665,0.0,0.0,0.0,0.0,0.0,0,0,2.1614667028188705,1.0905802324414253,1.0290106923997022,2.0,3.0,3.0,1.0,1.0,2.0,2.0,0.9574271077563381,-1.0,0.0,0,1,10,0.32508358404738985,MEDIUM
West Zone 2,West of Chord Road,3.0,0.0,10,1,0,0.3583,24.5,0.0,0.0,0.0,0.9,3.0,0.0,0.0,0.0,0.0,0.0,0,0,1.06268310546875,0.10906982421875,0.1852294169704234,1.0,1.0,2.0,0.0,0.0,1.0,1.0,0.5,0.0,0.0,0,9,21,0.1274076656307246,LOW
East Zone 1,ORR East 2,1.0,4.0,10,3,2,0.0222,1.3,1.0,0.0,0.0,0.7666666666666666,2.5,0.0,1.0,0.0,0.0,0.0,0,0,1.0,0.0,0.1109,1.0,0.0,0.0,0.0,0.0,0.0,1.0,0.0,0.0,0.0,0,2,13,0.05669545286561813,LOW
West Zone 1,Tumkur Road,6.0,0.0,10,1,0,0.0434,8.9,0.0,0.0,0.0,0.9,1.0,0.0,0.0,0.0,0.0,0.0,0,0,1.1569953420549268,0.834896121916441,0.4304466821422087,1.0,1.0,2.0,1.0,0.0,2.0,1.0,0.4999999999999999,0.0,1.0,0,8,19,0.13193867574432236,LOW
Central Zone 2,Mysore Road,5.0,8.0,10,1,0,0.2918,39.9,0.0,0.0,0.0,1.0,1.5,0.0,0.0,0.0,0.0,0.0,0,0,1.324414462790638,1.1232649604074685,0.5472420293994946,1.0,1.0,1.0,1.0,1.0,1.0,1.6666666666666667,1.0,0.0,0.0,0,1,10,0.5099283114491412,MEDIUM
Central Zone 2,Mysore Road,3.0,0.0,10,1,1,,,0.0,0.0,0.0,0.9,2.5,0.0,0.0,0.0,0.0,0.0,0,0,2.0252097348531777,1.4873678027729653,0.48322989240897146,2.0,3.0,1.0,1.0,3.0,1.0,2.0,0.9574271077563381,-1.0,-2.0,0,1,10,0.3614021792774323,MEDIUM
Central Zone 2,Non-corridor,3.0,0.0,10,4,2,0.12045,55.7,0.0,0.0,0.0,0.8,1.5,0.0,0.0,0.0,0.0,0.0,0,1,4.598250328650348,3.2629765688635315,0.5468431416782049,5.0,1.0,5.0,3.0,1.0,4.0,5.666666666666667,4.12310562561766,4.0,2.0,0,1,11,0.718159128334034,HIGH
Central Zone 1,Old Madras Road,0.0,0.0,10,1,1,,,0.0,0.0,0.0,1.0,3.0,0.0,0.0,0.0,0.0,0.0,0,0,1.0,0.5,1.2896400000000001,1.0,1.0,0.0,0.0,1.0,0.0,1.0,0.0,0.0,-1.0,0,0,18,0.03760469665504375,LOW
West Zone 2,West of Chord Road,5.0,4.0,10,1,1,,,0.0,0.0,0.0,0.9,2.5,0.0,0.0,0.0,0.0,0.0,0,0,1.002197265625,0.7116513252258301,0.08030543785822236,1.0,1.0,1.0,1.0,0.0,1.0,1.0,0.0,0.0,1.0,0,9,21,0.0768367015159535,LOW
East Zone 1,ORR East 2,4.0,0.0,10,1,1,3.042,762.5,0.0,0.0,0.0,0.9,1.0,0.0,1.0,0.0,0.0,1.0,0,0,1.0000095372675168,1.0000019078147704,2.340839338093119,1.0,1.0,1.0,1.0,1.0,1.0,1.0,0.0,0.0,0.0,0,2,13,0.028682629861556,LOW
Central Zone 2,Non-corridor,0.0,12.0,10,4,3,0.0198,8.9,0.0,0.0,0.0,0.6,1.5,0.0,0.0,0.0,0.0,0.0,1,0,1.875,1.3125,0.14827794561933533,2.0,2.0,1.0,1.0,2.0,1.0,2.0,0.5,0.0,-1.0,0,1,11,0.42341198304168665,MEDIUM
North Zone 2,Bellary Road 1,0.0,4.0,10,1,1,,,0.0,0.0,0.0,1.0,1.5,0.0,0.0,0.0,0.0,0.0,0,0,1.0,0.0,0.49942,1.0,1.0,0.0,0.0,0.0,0.0,1.0,0.0,0.0,0.0,0,5,2,0.10009157478747113,LOW
North Zone 2,Bellary Road 1,1.0,0.0,10,1,1,,,0.0,0.0,0.0,0.9,2.5,0.0,0.0,0.0,0.0,0.0,0,0,1.1494140625,0.5556640625,1.1376968421052633,1.0,1.0,3.0,0.0,1.0,2.0,1.0,1.0,0.0,-1.0,0,5,2,0.1212029101151566,LOW
Central Zone 2,Non-corridor,5.0,4.0,10,6,4,0.14350000000000002,40.5,0.5,0.0,0.0,0.9833333333333334,1.4166666666666667,0.16666666666666666,0.3333333333333333,0.0,0.0,0.0,1,0,3.7395043455023425,3.502100827785631,1.3979963007181442,4.0,3.0,4.0,4.0,3.0,3.0,4.0,0.8164965809277264,1.0,1.0,0,1,11,0.718159128334034,HIGH
South Zone 2,Hosur Road,4.0,4.0,10,1,0,0.7947,52.8,0.0,0.0,0.0,1.0,2.5,0.0,1.0,0.0,0.0,1.0,0,0,1.12939453125,1.0,0.14937344055810234,1.0,1.0,3.0,1.0,1.0,3.0,1.0,1.0,0.0,0.0,0,7,7,0.3280891343649746,MEDIUM
Central Zone 2,Mysore Road,0.0,4.0,10,2,1,0.7398,60.7,0.5,0.0,0.0,1.0,2.0,0.0,0.0,0.0,0.0,0.0,0,0,1.5,0.5,0.19195,2.0,1.0,0.0,0.0,1.0,0.0,1.5,0.7071067811865476,1.0,-1.0,0,1,10,0.2608255756389717,LOW
East Zone 1,ORR East 2,1.0,0.0,10,1,1,2.34,784.4,0.0,0.0,0.0,1.0,1.0,0.0,1.0,0.0,0.0,0.0,0,0,1.828125,1.203125,1.4491073684210525,2.0,1.0,2.0,1.0,1.0,2.0,2.0,0.816496580927726,1.0,0.0,0,2,13,0.070479680000748,LOW
East Zone 1,ORR East 2,3.0,0.0,10,1,1,2.34,772.7,0.0,0.0,0.0,0.3,1.0,0.0,1.0,0.0,0.0,0.0,0,0,1.6250343639885614,1.1250305487892547,1.9584564671063789,2.0,1.0,1.0,1.0,1.0,1.0,1.6666666666666667,0.5773502691896257,1.0,0.0,0,2,13,0.08271216698364116,LOW
North Zone 2,ORR North 2,2.0,8.0,10,1,1,,,0.0,0.0,0.0,0.3,1.0,0.0,0.0,0.0,0.0,0.0,0,0,1.0322265625,1.0166015625,0.24190755501665823,1.0,1.0,1.0,1.0,1.0,1.0,1.0,0.0,0.0,0.0,0,5,15,0.4347196447442583,MEDIUM
Central Zone 2,Non-corridor,1.0,8.0,10,1,1,,,1.0,0.0,0.0,0.9,1.0,0.0,0.0,0.0,0.0,0.0,0,0,3.130000352859497,1.9630122184753418,0.1974777044188198,2.0,5.0,1.0,2.0,2.0,1.0,4.0,2.0615528128088303,-3.0,0.0,0,1,11,0.6562989636899115,HIGH
Central Zone 2,Mysore Road,5.0,16.0,10,1,1,,,1.0,0.0,0.0,0.3,1.0,0.0,0.0,0.0,0.0,0.0,0,0,1.0,0.875,2.9459400000000002,1.0,1.0,1.0,1.0,1.0,0.0,1.0,0.0,0.0,0.0,0,1,10,0.06223127293705552,LOW
South Zone 1,ORR West 1,6.0,0.0,10,1,0,0.0093,1.9,0.0,0.0,0.0,0.9,1.0,0.0,0.0,0.0,0.0,0.0,0,0,1.2539732456207275,1.0283711552619934,0.3502796222133768,1.0,2.0,1.0,1.0,2.0,0.0,1.3333333333333333,0.5,-1.0,-1.0,0,6,16,0.0336232735688594,LOW
North Zone 2,ORR North 2,3.0,0.0,10,2,2,,,0.0,0.0,0.0,0.95,1.5,0.0,0.0,0.0,0.0,0.0,0,0,1.0002613067626953,0.16990089416503906,0.5925626532164703,1.0,1.0,1.0,0.0,0.0,0.0,1.0,0.0,0.0,0.0,0,5,15,0.1102698664334712,LOW
North Zone 1,ORR North 1,4.0,4.0,10,1,1,,,0.0,0.0,0.0,0.3,2.5,0.0,1.0,0.0,0.0,1.0,0,0,1.515687257051468,0.46410393714904785,0.5711040287147264,2.0,1.0,1.0,0.0,1.0,1.0,1.3333333333333333,0.5,1.0,-1.0,0,4,14,0.10659238180277278,LOW
North Zone 1,ORR North 1,4.0,0.0,10,1,0,1.1851,74.8,0.0,0.0,0.0,1.0,2.5,0.0,1.0,0.0,0.0,1.0,0,1,1.2510997094213963,1.1567106284201145,0.23035443796476207,1.0,1.0,1.0,1.0,1.0,0.0,1.6666666666666667,1.0,0.0,0.0,0,4,14,0.4637916709528028,MEDIUM
North Zone 1,ORR North 1,5.0,4.0,10,1,0,1.3845,113.6,0.0,0.0,0.0,0.9,1.0,1.0,1.0,0.0,0.0,0.0,0,0,1.5161152267828584,1.1707532480359077,0.41540561309111584,2.0,1.0,1.0,2.0,0.0,0.0,1.3333333333333333,0.5,1.0,2.0,0,4,14,0.2407829856805433,LOW
North Zone 2,Bellary Road 1,0.0,0.0,10,1,1,,,0.0,0.0,0.0,0.9,3.0,0.0,0.0,0.0,0.0,0.0,0,0,1.25,1.25,0.0,1.0,2.0,0.0,1.0,2.0,0.0,1.3333333333333333,0.5773502691896257,-1.0,-1.0,0,5,2,0.05706146792398492,LOW
Central Zone 2,Non-corridor,5.0,0.0,10,6,3,0.7779333333333334,255.70000000000002,0.0,0.0,0.0,0.8666666666666667,1.0833333333333333,0.16666666666666666,0.3333333333333333,0.0,0.0,0.0,1,1,2.189472323451988,1.1496751370309775,0.38103803730234076,1.0,3.0,2.0,0.0,2.0,1.0,3.0,1.7078251276599319,-2.0,-2.0,0,1,11,0.7183114868436348,HIGH
North Zone 2,Bellary Road 1,2.0,0.0,10,1,1,,,0.0,0.0,0.0,1.0,2.5,0.0,0.0,0.0,0.0,0.0,0,0,1.268627643585205,0.9558377265930176,0.3402794767292245,1.0,2.0,1.0,1.0,1.0,0.0,1.3333333333333333,0.5,-1.0,0.0,0,5,2,0.1195279287717467,LOW
North Zone 2,Bellary Road 1,1.0,12.0,10,1,1,,,0.0,0.0,0.0,0.3,1.5,0.0,0.0,0.0,0.0,0.0,0,0,1.25,0.5,0.06566,1.0,2.0,1.0,0.0,1.0,1.0,1.3333333333333333,0.5,-1.0,-1.0,0,5,2,0.08570721949112184,LOW
North Zone 2,Bellary Road 1,2.0,8.0,10,2,2,,,1.0,0.0,0.0,0.95,1.75,0.0,0.0,0.0,0.0,0.0,0,0,1.7766268253326416,1.1176064014434814,1.0107268699885903,2.0,1.0,4.0,1.0,1.0,2.0,1.3333333333333333,1.4142135623730951,1.0,0.0,0,5,2,0.12351507282110569,LOW
North Zone 2,Bellary Road 1,2.0,4.0,10,1,1,,,0.0,0.0,0.0,0.3,1.0,0.0,0.0,0.0,0.0,0.0,0,1,1.0078125,0.921630859375,0.555903107780167,1.0,1.0,1.0,1.0,1.0,0.0,1.0,0.0,0.0,0.0,0,5,2,0.4723461995787319,MEDIUM
East Zone 1,ORR East 2,3.0,20.0,10,1,1,,,0.0,0.0,0.0,1.0,1.0,0.0,0.0,0.0,0.0,0.0,0,0,1.0,0.5,0.1703,1.0,1.0,0.0,1.0,0.0,0.0,1.0,0.0,0.0,1.0,0,2,13,0.11279921691826948,LOW
West Zone 1,Magadi Road,4.0,8.0,10,1,1,1.9431,73.0,1.0,0.0,0.0,0.9,3.0,0.0,0.0,0.0,0.0,1.0,0,0,1.0908303335309029,0.9104682952165604,0.9820065564120863,1.0,1.0,1.0,1.0,1.0,1.0,1.0,0.0,0.0,0.0,0,8,9,0.14116900426701204,LOW
North Zone 1,ORR North 1,5.0,0.0,10,2,2,,,0.0,0.0,0.0,0.65,1.0,0.0,1.0,0.0,0.0,0.0,0,0,1.3906937318388373,1.3222944142762572,0.9514613579309538,1.0,1.0,1.0,1.0,1.0,0.0,2.0,1.5,0.0,0.0,0,4,14,0.08655655182028131,LOW
North Zone 1,ORR North 1,3.0,8.0,10,1,1,,,0.0,0.0,0.0,1.0,2.5,0.0,1.0,0.0,0.0,0.0,0,0,1.51422119140625,1.25201416015625,0.8469736175930779,2.0,1.0,1.0,2.0,0.0,1.0,1.3333333333333333,0.5,1.0,2.0,0,4,14,0.2450843772571261,LOW
North Zone 2,Bellary Road 1,5.0,0.0,10,2,2,,,0.0,0.0,0.0,1.0,1.25,0.0,0.0,0.0,0.0,0.0,0,0,2.065559417134443,1.7508187237921347,0.581941311583148,2.0,3.0,1.0,2.0,2.0,0.0,2.0,0.9574271077563381,-1.0,0.0,0,5,2,0.20756543462526747,LOW
North Zone 2,Bellary Road 1,4.0,12.0,10,2,2,,,0.0,0.0,0.0,1.0,2.0,0.0,0.0,0.0,0.0,1.0,0,0,1.3616037368774414,1.3479137420654297,0.6245360238381177,1.0,2.0,2.0,1.0,2.0,2.0,1.3333333333333333,0.5773502691896261,-1.0,-1.0,0,5,2,0.14124357174600785,LOW
West Zone 1,Tumkur Road,6.0,8.0,10,2,2,2.5758,125.8,0.5,0.0,0.0,0.95,2.25,0.0,0.0,0.0,0.0,0.0,0,0,1.2529573616402603,0.6872278882884755,1.092640772540912,1.0,2.0,1.0,0.0,2.0,0.0,1.3333333333333333,0.5,-1.0,-2.0,0,8,19,0.04023209475268587,LOW
West Zone 1,Tumkur Road,6.0,4.0,10,1,0,0.1389,11.4,0.0,0.0,0.0,0.9,2.5,0.0,0.0,0.0,0.0,0.0,0,0,1.5312579889160371,0.3036611478114517,0.5808937077612952,2.0,1.0,1.0,0.0,1.0,0.0,1.3333333333333333,0.5,1.0,-1.0,0,8,19,0.13182525728283173,LOW
North Zone 2,Bellary Road 1,6.0,4.0,10,1,0,1.081,88.7,0.0,0.0,0.0,0.9,2.5,0.0,0.0,0.0,0.0,0.0,0,1,1.9118662182013395,1.4526824410959165,0.43168137606776613,1.0,4.0,1.0,1.0,3.0,0.0,2.3333333333333335,1.4142135623730951,-3.0,-2.0,0,5,2,0.5281606159728809,MEDIUM
Central Zone 2,Non-corridor,3.0,12.0,10,26,21,1.0102,531.7499999999999,0.0,0.0,0.0,0.9192307692307692,1.2884615384615385,0.34615384615384615,0.15384615384615385,0.0,0.0,0.0,1,1,3.1657776771040673,1.2190406998642125,0.32928116211692005,3.0,5.0,1.0,1.0,2.0,1.0,3.0,1.9148542155126762,-2.0,-1.0,0,1,11,0.7183114868436348,HIGH
North Zone 2,Bellary Road 2,3.0,0.0,10,2,2,,,0.0,0.0,0.0,0.95,1.0,0.0,1.0,0.0,0.0,0.0,0,0,1.3303566463291645,0.7656383998692036,0.9732861506000682,1.0,2.0,2.0,0.0,2.0,2.0,1.3333333333333333,0.5773502691896257,-1.0,-2.0,0,5,3,0.05016778403493116,LOW
Central Zone 2,Non-corridor,2.0,12.0,10,5,5,,,0.0,0.0,0.0,0.8400000000000001,2.3,0.2,0.0,0.0,0.0,0.0,1,1,3.1014616730390117,1.7628265752573498,0.16376768357644725,2.0,6.0,6.0,2.0,1.0,5.0,3.0,2.6299556396765835,-4.0,1.0,0,1,11,0.718159128334034,HIGH
North Zone 2,Bellary Road 1,1.0,4.0,10,1,0,0.1916,26.2,0.0,0.0,0.0,1.0,1.5,0.0,0.0,0.0,0.0,0.0,0,0,1.125,0.74609375,0.9606843386470194,1.0,1.0,1.0,1.0,0.0,1.0,1.3333333333333333,0.5,0.0,1.0,0,5,2,0.23902800642050767,LOW
North Zone 1,ORR North 1,2.0,4.0,10,1,0,0.2555,52.4,0.0,0.0,0.0,0.9,1.0,0.0,1.0,0.0,0.0,0.0,0,0,1.2550048828125,0.9697265625,1.6651964436599482,1.0,2.0,1.0,1.0,1.0,1.0,1.3333333333333333,0.5,-1.0,0.0,0,4,14,0.14058961001945547,LOW
Central Zone 2,Non-corridor,6.0,0.0,10,8,7,0.5685,75.8,0.0,0.0,0.0,0.7125,1.5,0.125,0.25,0.0,0.0,0.0,1,0,4.601221174942171,3.4571171520591433,0.28880344270331926,4.0,6.0,7.0,4.0,3.0,6.0,4.666666666666667,1.5000000000000002,-2.0,1.0,0,1,11,0.718159128334034,HIGH
East Zone 1,ORR East 2,3.0,8.0,10,1,0,0.126,30.7,0.0,0.0,0.0,0.9,1.0,0.0,1.0,0.0,0.0,0.0,0,0,2.015625,0.796875,0.7156716336295285,3.0,1.0,1.0,1.0,1.0,0.0,1.6666666666666667,1.0,2.0,0.0,0,2,13,0.4838039550078408,MEDIUM
East Zone 1,ORR East 1,3.0,12.0,10,2,2,2.262,759.0,0.0,0.0,0.0,0.95,1.0,0.0,0.0,0.0,0.0,0.0,0,0,1.0,0.8671875,0.6636864265927976,1.0,1.0,1.0,1.0,1.0,1.0,1.0,0.0,0.0,0.0,0,2,12,0.07425874023161082,LOW
East Zone 1,ORR East 1,3.0,8.0,10,1,1,,,0.0,0.0,0.0,1.0,2.5,0.0,1.0,0.0,0.0,0.0,0,0,1.0869140625,0.630615234375,1.693795336863333,1.0,1.0,2.0,1.0,0.0,1.0,1.0,0.5,0.0,1.0,0,2,12,0.05496950586959652,LOW
Central Zone 2,Non-corridor,3.0,20.0,10,2,2,,,0.0,0.0,0.0,0.95,1.25,0.5,0.0,0.0,0.0,0.0,0,0,1.515625,1.2493896484375,0.14098228610603122,2.0,1.0,1.0,2.0,0.0,1.0,1.3333333333333333,0.5,1.0,2.0,0,1,11,0.42033450209199535,MEDIUM
Central Zone 2,Non-corridor,3.0,16.0,10,3,3,4.2,625.1,0.6666666666666666,0.0,0.0,0.5,2.1666666666666665,0.0,0.6666666666666666,0.0,0.0,0.0,1,1,1.2812652587890625,1.0298004150390625,0.9357845283181111,1.0,2.0,1.0,1.0,1.0,1.0,1.3333333333333333,0.5,-1.0,0.0,0,1,11,0.48781304810017256,MEDIUM
Central Zone 2,Mysore Road,1.0,8.0,10,1,0,0.8088,55.3,0.0,0.0,0.0,1.0,3.0,0.0,0.0,0.0,0.0,0.0,0,0,2.103515625,1.31787109375,0.4733848659233738,2.0,3.0,2.0,1.0,3.0,0.0,2.0,0.8164965809277261,-1.0,-2.0,0,1,10,0.5232778712391208,MEDIUM
North Zone 2,Bellary Road 1,4.0,4.0,10,1,1,3.042,545.4,0.0,0.0,0.0,0.9,1.0,0.0,0.0,0.0,0.0,1.0,0,0,1.515808343887329,0.9716772958636284,0.24833716744835013,1.0,3.0,1.0,0.0,3.0,1.0,1.6666666666666667,1.0,-2.0,-3.0,0,5,2,0.045276362214596994,LOW
Central Zone 2,Non-corridor,4.0,4.0,10,5,2,0.8090333333333333,107.16666666666667,0.2,0.0,0.0,0.9400000000000001,1.5,0.4,0.0,0.0,0.0,1.0,0,0,3.0343578565521385,1.5103845840979888,0.4264280697809759,3.0,3.0,4.0,2.0,0.0,3.0,3.0,0.4999999999999998,0.0,2.0,0,1,11,0.718159128334034,HIGH
Central Zone 1,Old Madras Road,3.0,8.0,10,1,1,2.4184,201.8,0.0,0.0,0.0,0.9,1.0,1.0,0.0,0.0,0.0,0.0,0,0,1.03253173828125,0.13010787963867188,0.37299803558834876,1.0,1.0,1.0,0.0,0.0,1.0,1.0,0.0,0.0,0.0,0,0,18,0.1361277676321378,LOW
West Zone 1,Tumkur Road,4.0,0.0,10,3,2,0.8461,133.5,0.0,0.0,0.0,0.9666666666666667,1.6666666666666667,0.0,0.0,0.0,0.0,1.0,0,0,1.1911623482351388,0.1437386159509515,0.4716206898302467,1.0,1.0,2.0,0.0,0.0,2.0,1.3333333333333333,0.5773502691896257,0.0,0.0,0,8,19,0.11633256328095809,LOW
South Zone 2,Hosur Road,2.0,12.0,10,1,0,0.2803,23.0,0.0,0.0,0.0,1.0,2.5,0.0,0.0,0.0,0.0,0.0,0,1,1.5,1.4580078125,0.7462081207173057,2.0,1.0,1.0,2.0,1.0,1.0,1.3333333333333333,0.5,1.0,1.0,0,7,7,0.5090278322172684,MEDIUM
Central Zone 2,Mysore Road,0.0,0.0,10,2,1,0.2804,23.8,0.0,0.0,0.0,0.6,2.5,0.0,0.0,0.0,0.0,0.0,0,0,1.75,1.125,0.5220789473684211,2.0,2.0,1.0,1.0,2.0,1.0,1.6666666666666667,0.5773502691896257,0.0,-1.0,0,1,10,0.3307478211483929,MEDIUM
West Zone 1,Magadi Road,5.0,12.0,10,1,0,0.0609,25.0,0.0,0.0,0.0,0.9,0.5,0.0,0.0,0.0,0.0,0.0,0,0,1.625030517578125,0.37465667724609375,0.5043594886129937,2.0,1.0,3.0,0.0,1.0,1.0,1.3333333333333333,0.9574271077563381,1.0,-1.0,0,8,9,0.2601653732477155,LOW
North Zone 1,ORR North 1,1.0,8.0,10,2,2,,,1.0,0.0,0.0,1.0,1.0,0.0,0.5,0.0,0.0,0.0,0,0,1.0,1.0,0.0,1.0,1.0,1.0,1.0,1.0,1.0,1.0,0.0,0.0,0.0,0,4,14,0.14864053120431361,LOW
North Zone 1,ORR North 1,2.0,8.0,10,2,1,0.7532,154.5,0.5,0.0,0.0,0.95,1.25,0.0,0.5,0.0,0.0,0.0,0,0,1.640625,1.515625,1.464325,1.0,2.0,5.0,1.0,2.0,3.0,1.6666666666666667,1.7320508075688774,-1.0,-1.0,0,4,14,0.12106131213071321,LOW
North Zone 2,Bellary Road 1,6.0,16.0,10,1,0,0.5713,27.9,1.0,0.0,0.0,1.0,3.0,0.0,0.0,0.0,0.0,0.0,0,0,1.158203125,0.5322265625,0.7089040063244141,1.0,1.0,1.0,0.0,1.0,1.0,1.3333333333333333,0.5,0.0,-1.0,0,5,2,0.24757014967739085,LOW
Central Zone 2,Non-corridor,5.0,12.0,10,9,3,0.8603166666666665,564.0,0.0,0.0,0.0,0.9444444444444444,1.1666666666666667,0.1111111111111111,0.2222222222222222,0.0,0.0,0.0,1,1,2.0715463520799657,1.8813350443816934,0.3317342742011932,2.0,1.0,6.0,2.0,1.0,4.0,2.0,2.160246899469287,1.0,1.0,0,1,11,0.7033002071470335,HIGH
West Zone 1,Magadi Road,4.0,4.0,10,1,0,0.0776,24.5,0.0,0.0,0.0,1.0,0.5,0.0,0.0,0.0,0.0,1.0,0,0,1.5000308156013489,0.7987357974052429,0.5527046192065809,2.0,1.0,1.0,1.0,1.0,0.0,1.3333333333333333,0.5,1.0,0.0,0,8,9,0.1652627318599477,LOW
North Zone 2,Bellary Road 2,3.0,4.0,10,3,3,,,0.0,0.0,0.0,0.3,3.0,0.0,1.0,0.0,0.0,0.0,1,0,1.0162354707717896,0.3596726655960083,0.381413192399288,1.0,1.0,1.0,0.0,1.0,1.0,1.0,0.0,0.0,-1.0,0,5,3,0.21559921972154275,LOW
Central Zone 2,Mysore Road,3.0,4.0,10,1,1,,,0.0,0.0,0.0,1.0,2.5,0.0,0.0,0.0,0.0,0.0,0,0,1.0704271955692093,0.3657352687951061,0.24713743775705024,1.0,1.0,2.0,0.0,1.0,1.0,1.0,0.5,0.0,-1.0,0,1,10,0.2696487845366994,LOW
West Zone 1,Magadi Road,4.0,0.0,10,1,1,,,0.0,0.0,0.0,0.3,2.5,0.0,0.0,0.0,0.0,1.0,0,0,1.2065505981445312,1.0737228393554688,1.1264662197495503,1.0,1.0,2.0,1.0,1.0,2.0,1.3333333333333333,0.5773502691896257,0.0,0.0,0,8,9,0.08795971625430203,LOW
Central Zone 2,Non-corridor,3.0,8.0,10,36,23,0.75278,327.29333333333335,0.05555555555555555,0.0,0.0,0.8972222222222221,1.3333333333333333,0.3333333333333333,0.1388888888888889,0.0,0.0,0.0,1,0,3.490950809360702,2.0555036110990503,0.5179488603169493,1.0,10.0,1.0,0.0,7.0,0.0,4.333333333333333,4.358898943540673,-9.0,-7.0,0,1,11,0.7183114868436348,HIGH
Central Zone 1,Old Madras Road,2.0,4.0,10,1,0,0.3088,18.1,1.0,0.0,0.0,1.0,2.5,0.0,0.0,0.0,0.0,0.0,0,0,1.0078125,0.84375,0.27797894736842105,1.0,1.0,1.0,1.0,1.0,1.0,1.0,0.0,0.0,0.0,0,0,18,0.16914292608976017,LOW
West Zone 1,Tumkur Road,4.0,12.0,10,1,0,0.0646,10.2,0.0,0.0,0.0,1.0,1.0,0.0,0.0,0.0,0.0,1.0,0,0,1.79217529296875,1.6492242813110352,0.21886858590371708,2.0,2.0,1.0,2.0,2.0,1.0,1.6666666666666667,0.5773502691896257,0.0,0.0,0,8,19,0.2075338699942717,LOW
West Zone 1,Tumkur Road,5.0,8.0,10,1,0,0.2109,10.3,1.0,0.0,0.0,1.0,3.0,0.0,0.0,0.0,0.0,0.0,0,0,2.0283383196265294,1.721357607398827,0.838258970236704,3.0,1.0,1.0,3.0,0.0,1.0,1.6666666666666667,1.0,2.0,3.0,0,8,19,0.3034203364973697,MEDIUM
Central Zone 2,Non-corridor,1.0,12.0,10,1,1,,,0.0,0.0,0.0,1.0,3.0,0.0,0.0,0.0,0.0,0.0,0,1,2.587012767791748,1.5376522541046143,0.08885981121830805,3.0,2.0,1.0,2.0,1.0,1.0,2.6666666666666665,0.957427107756338,1.0,1.0,0,1,11,0.7067227625989474,HIGH
North Zone 2,ORR North 2,1.0,8.0,10,2,2,,,0.0,0.0,0.0,0.95,2.0,0.0,0.0,0.0,0.0,0.0,0,0,1.0,1.0,1.539,1.0,1.0,1.0,1.0,1.0,1.0,1.0,0.0,0.0,0.0,0,5,15,0.044446161999548275,LOW
North Zone 2,Bellary Road 2,3.0,12.0,10,3,2,0.74,151.8,0.0,0.0,0.0,1.0,1.0,0.0,0.6666666666666666,0.0,0.0,0.0,0,0,1.144775390625,0.19921875,0.3664718226389819,1.0,1.0,1.0,0.0,0.0,0.0,1.3333333333333333,0.5,0.0,0.0,0,5,3,0.21597859023596738,LOW
Central Zone 2,Non-corridor,4.0,20.0,10,1,1,,,0.0,0.0,0.0,1.0,3.0,0.0,0.0,0.0,0.0,1.0,0,0,1.37890625,0.812347412109375,0.5130717107125045,1.0,2.0,1.0,0.0,2.0,0.0,1.6666666666666667,0.5773502691896257,-1.0,-2.0,0,1,11,0.37193089530871326,MEDIUM
Central Zone 2,Non-corridor,5.0,20.0,10,1,1,,,0.0,0.0,0.0,1.0,1.0,0.0,0.0,0.0,0.0,0.0,0,0,1.648681640625,1.613271713256836,0.5130717107125045,2.0,1.0,1.0,2.0,1.0,1.0,1.6666666666666667,0.5773502691896257,1.0,1.0,0,1,11,0.6055336409446769,HIGH
North Zone 1,ORR North 1,3.0,0.0,10,1,1,,,0.0,0.0,0.0,0.9,3.0,0.0,0.0,0.0,0.0,0.0,0,0,1.0703814029693604,1.029480218887329,0.5753949303979761,1.0,1.0,1.0,1.0,1.0,1.0,1.0,0.0,0.0,0.0,0,4,14,0.4259584198875628,MEDIUM
South Zone 2,Hosur Road,3.0,0.0,10,1,1,,,0.0,0.0,0.0,1.0,1.0,0.0,0.0,0.0,0.0,0.0,0,0,2.0010263919830322,0.9947523474693298,1.1551489874491587,3.0,1.0,1.0,1.0,1.0,1.0,1.6666666666666667,1.0,2.0,0.0,0,7,7,0.04506261137112882,LOW
Central Zone 2,Non-corridor,2.0,8.0,10,7,3,0.344575,40.650000000000006,0.7142857142857143,0.0,0.0,0.8571428571428571,1.5,0.2857142857142857,0.2857142857142857,0.0,0.0,0.0,1,1,4.6179381036760105,2.8772558989583104,0.5159465624029386,5.0,5.0,3.0,3.0,4.0,2.0,4.666666666666667,0.9574271077563378,0.0,-1.0,0,1,11,0.718159128334034,HIGH
West Zone 1,Magadi Road,6.0,8.0,10,2,0,0.7230000000000001,129.75,0.5,0.0,0.0,1.0,1.0,0.0,0.0,0.0,0.0,0.0,0,0,1.5635403695780496,0.6337863302092046,0.4099374788543915,2.0,1.0,1.0,1.0,0.0,1.0,1.3333333333333333,0.5,1.0,1.0,0,8,9,0.0960613844546418,LOW
North Zone 1,ORR North 1,1.0,4.0,10,1,1,,,0.0,0.0,0.0,1.0,2.5,0.0,1.0,0.0,0.0,0.0,0,0,1.3203125,1.0625,0.9746858509911139,1.0,2.0,2.0,1.0,1.0,2.0,1.3333333333333333,0.5773502691896257,-1.0,0.0,0,4,14,0.07244091885836818,LOW
North Zone 1,ORR North 1,0.0,12.0,10,1,0,0.2611,40.8,0.0,0.0,0.0,1.0,1.5,0.0,1.0,0.0,0.0,0.0,0,0,0.0,0.0,0.0,0.0,0.0,0.0,0.0,0.0,0.0,0.0,0.0,0.0,0.0,0,4,14,0.21802839500192367,LOW
West Zone 2,West of Chord Road,1.0,0.0,10,2,2,,,0.0,0.0,0.0,0.95,2.5,0.0,0.0,0.0,0.0,0.0,0,0,1.0,1.0,0.0,1.0,1.0,0.0,1.0,1.0,0.0,1.0,0.0,0.0,0.0,0,9,21,0.02875402632766826,LOW
East Zone 1,ORR East 2,6.0,0.0,10,2,2,2.34,778.6,0.0,0.0,0.0,1.0,1.75,0.0,1.0,0.0,0.0,0.0,0,0,1.0413818955422158,1.0091553181409978,2.299624739771895,1.0,1.0,1.0,1.0,1.0,1.0,1.0,0.0,0.0,0.0,0,2,13,0.03645741094336722,LOW
Central Zone 2,Non-corridor,1.0,0.0,10,5,1,0.173475,69.725,0.0,0.0,0.0,0.9800000000000001,1.3,0.0,0.2,0.0,0.0,0.0,0,1,2.9352675080299377,2.0442903637886047,0.19519135993034253,3.0,2.0,5.0,3.0,0.0,4.0,2.3333333333333335,1.4142135623730947,1.0,3.0,0,1,11,0.7033002071470335,HIGH
North Zone 2,ORR North 2,2.0,0.0,10,1,0,1.2041,98.8,0.0,0.0,0.0,1.0,2.5,0.0,0.0,0.0,0.0,0.0,0,0,1.1337890625,0.9892578125,0.3273734791524265,1.0,1.0,1.0,1.0,1.0,1.0,1.3333333333333333,0.5,0.0,0.0,0,5,15,0.21760302577625243,LOW
South Zone 1,ORR West 1,5.0,12.0,10,2,2,2.106,628.0,0.0,0.0,0.0,0.9,1.0,0.0,0.0,0.0,0.0,0.0,0,0,2.0,1.09375,0.7050172631578948,2.0,3.0,1.0,1.0,2.0,1.0,2.0,0.9574271077563381,-1.0,-1.0,0,6,16,0.1692154316852797,LOW
Central Zone 2,Mysore Road,5.0,12.0,10,3,3,,,0.0,0.0,0.0,0.9666666666666667,1.0,0.3333333333333333,0.0,0.0,0.0,0.0,1,0,1.0587369534187019,0.44282748540717876,0.8083412682801064,1.0,1.0,1.0,0.0,1.0,0.0,1.0,0.0,0.0,-1.0,0,1,10,0.07462018528566156,LOW
West Zone 1,Tumkur Road,4.0,8.0,10,1,0,0.4858,36.5,1.0,0.0,0.0,1.0,1.5,0.0,0.0,0.0,0.0,1.0,0,1,1.0737571902645868,0.6807599055955507,0.6461224175851585,1.0,1.0,2.0,1.0,0.0,2.0,1.0,0.5000000000000001,0.0,1.0,0,8,19,0.4641017474483207,MEDIUM
Central Zone 2,Non-corridor,4.0,8.0,10,9,6,0.6149,132.4,0.3333333333333333,0.0,0.0,0.8,1.3888888888888888,0.0,0.1111111111111111,0.0,0.0,1.0,1,0,2.916850072766894,1.3672886953422758,0.5401558663787391,1.0,5.0,2.0,0.0,3.0,0.0,4.333333333333333,2.753785273643051,-4.0,-3.0,0,1,11,0.7183114868436348,HIGH
East Zone 1,Varthur Road,5.0,16.0,10,1,1,,,1.0,0.0,0.0,0.9,3.0,0.0,1.0,0.0,0.0,0.0,0,0,1.0,1.0,5.6117294736842105,1.0,1.0,1.0,1.0,1.0,1.0,1.0,0.0,0.0,0.0,0,2,20,0.04545525332342092,LOW
North Zone 2,ORR North 2,4.0,8.0,10,2,2,2.6237,138.0,0.0,0.0,0.0,0.95,2.0,0.0,0.0,0.0,0.0,1.0,0,0,1.002407312633295,1.0001480580613133,0.29728868576144263,1.0,1.0,1.0,1.0,1.0,1.0,1.0,0.0,0.0,0.0,0,5,15,0.1459423451048708,LOW
Central Zone 2,Non-corridor,4.0,16.0,10,3,3,,,1.0,0.0,0.0,0.7666666666666666,2.3333333333333335,0.3333333333333333,0.0,0.0,0.0,1.0,1,0,2.196289539337158,1.8134312629699707,1.3087840170026532,1.0,4.0,7.0,1.0,3.0,7.0,2.0,2.8722813232690143,-3.0,-2.0,0,1,11,0.6086176014287477,HIGH
North Zone 2,Bellary Road 2,1.0,4.0,10,1,1,,,0.0,0.0,0.0,0.9,1.0,0.0,1.0,0.0,0.0,0.0,0,0,1.0078125,0.5078125,0.4238,1.0,1.0,1.0,0.0,1.0,1.0,1.0,0.0,0.0,-1.0,0,5,3,0.31245701311171514,MEDIUM
South Zone 2,Hosur Road,3.0,8.0,10,3,3,,,0.0,0.0,0.0,0.9666666666666667,1.5,0.0,0.0,0.0,0.0,0.0,1,0,2.018310546875,0.7012939453125,0.3523242506915931,2.0,3.0,1.0,0.0,2.0,0.0,2.0,0.9574271077563381,-1.0,-2.0,0,7,7,0.20575791151357553,LOW
Central Zone 2,Mysore Road,1.0,4.0,10,1,0,0.2535,20.8,0.0,0.0,0.0,0.3,2.5,0.0,0.0,0.0,0.0,0.0,0,0,1.544677734375,1.206787109375,2.416632349908303,1.0,3.0,1.0,1.0,2.0,0.0,1.6666666666666667,1.0,-2.0,-1.0,0,1,10,0.3361525492069275,MEDIUM
Central Zone 2,CBD 2,2.0,4.0,10,1,1,,,0.0,0.0,0.0,0.3,2.5,0.0,0.0,0.0,0.0,0.0,0,0,1.0,0.4375,0.8204844155844156,1.0,1.0,1.0,0.0,1.0,0.0,1.0,0.0,0.0,-1.0,0,1,5,0.07593729037934371,LOW
Central Zone 2,CBD 2,1.0,8.0,10,2,2,3.276,1397.6,0.5,0.0,0.0,1.0,1.75,0.0,0.0,0.0,0.0,0.0,0,0,1.03125,0.96875,0.62158,1.0,1.0,1.0,1.0,1.0,1.0,1.0,0.0,0.0,0.0,0,1,5,0.23294368211317862,LOW
North Zone 1,ORR North 1,1.0,16.0,10,1,1,,,1.0,0.0,0.0,0.9,2.5,0.0,1.0,0.0,0.0,0.0,0,0,0.0,0.0,0.0,0.0,0.0,0.0,0.0,0.0,0.0,0.0,0.0,0.0,0.0,0,4,14,0.17007254300449468,LOW
North Zone 1,ORR North 1,1.0,12.0,10,1,1,,,0.0,0.0,0.0,1.0,1.0,0.0,0.0,0.0,0.0,0.0,0,0,1.0,0.0,0.2611,1.0,0.0,0.0,0.0,0.0,0.0,1.0,0.0,0.0,0.0,0,4,14,0.12454765412355623,LOW
North Zone 2,ORR North 2,6.0,4.0,10,1,0,0.3124,49.3,0.0,0.0,0.0,0.9,1.5,0.0,0.0,0.0,0.0,0.0,0,0,1.0626263618469238,0.9639651775360107,0.36949670594346884,1.0,1.0,2.0,1.0,1.0,1.0,1.0,0.5,0.0,0.0,0,5,15,0.47342154880872894,MEDIUM
East Zone 1,ORR East 2,5.0,0.0,10,2,2,,,0.0,0.0,0.0,0.65,2.0,0.0,1.0,0.0,0.0,0.0,0,0,1.5002441409160543,1.5001831055269719,2.342147121624815,2.0,1.0,1.0,2.0,1.0,1.0,1.3333333333333333,0.5,1.0,1.0,0,2,13,0.07018097420527672,LOW
Central Zone 1,Old Airport Road,4.0,8.0,10,1,0,0.6238,70.9,1.0,0.0,0.0,0.3,1.0,0.0,0.0,0.0,0.0,1.0,0,0,1.0,0.833740234375,0.5834889950714106,1.0,1.0,1.0,1.0,1.0,1.0,1.0,0.0,0.0,0.0,0,0,17,0.05428098663187315,LOW
Central Zone 1,Old Airport Road,3.0,8.0,10,1,0,0.4515,93.4,0.0,0.0,0.0,0.3,1.0,0.0,0.0,0.0,0.0,0.0,0,0,1.0,0.669921875,0.7301434340396445,1.0,1.0,1.0,1.0,0.0,0.0,1.0,0.0,0.0,1.0,0,0,17,0.07740479192422886,LOW
South Zone 1,ORR West 1,5.0,0.0,10,1,0,0.3705,76.0,0.0,0.0,0.0,1.0,1.0,0.0,0.0,0.0,0.0,0.0,0,0,1.0635719299316406,0.45393848419189453,0.6243322839260467,1.0,1.0,2.0,0.0,1.0,1.0,1.0,0.5,0.0,-1.0,0,6,16,0.3090589269496003,MEDIUM
West Zone 1,Tumkur Road,3.0,8.0,10,2,2,2.00025,588.6,0.5,0.0,0.0,0.95,1.0,0.0,0.0,0.0,0.0,0.0,0,0,1.4409203538671136,1.1372679162304848,0.4441188914129127,1.0,1.0,1.0,1.0,1.0,1.0,2.0,1.5,0.0,0.0,0,8,19,0.12977267191326525,LOW
West Zone 1,Tumkur Road,2.0,12.0,10,1,1,,,0.0,0.0,0.0,0.3,1.0,1.0,0.0,0.0,0.0,0.0,0,0,1.375,0.611328125,0.10310616730708218,1.0,2.0,1.0,0.0,1.0,1.0,1.6666666666666667,0.5773502691896257,-1.0,-1.0,0,8,19,0.08474049025670755,LOW
Central Zone 2,Mysore Road,5.0,4.0,10,1,1,,,0.0,0.0,0.0,1.0,2.5,0.0,0.0,0.0,0.0,0.0,0,0,1.5148468689224202,0.6276982934334457,0.3224124056299062,1.0,2.0,1.0,0.0,2.0,1.0,2.0,0.9574271077563381,-1.0,-2.0,0,1,10,0.3097126806785204,MEDIUM
North Zone 1,Airport New South Road,3.0,0.0,10,1,1,,,0.0,0.0,0.0,1.0,1.0,0.0,1.0,0.0,0.0,0.0,0,0,1.0,1.0,1.9172421052631579,1.0,1.0,1.0,1.0,1.0,1.0,1.0,0.0,0.0,0.0,0,4,0,0.04105529143035233,LOW
West Zone 1,Tumkur Road,3.0,20.0,10,1,1,,,0.0,0.0,0.0,1.0,1.5,0.0,0.0,0.0,0.0,0.0,0,0,1.25,0.5,0.80398,1.0,2.0,1.0,0.0,1.0,1.0,1.3333333333333333,0.5,-1.0,-1.0,0,8,19,0.07664097231539381,LOW
Central Zone 2,CBD 2,3.0,12.0,10,1,1,,,0.0,0.0,0.0,0.9,1.0,0.0,0.0,0.0,0.0,0.0,0,0,1.1875,0.9375,0.0073,1.0,1.0,2.0,1.0,0.0,2.0,1.3333333333333333,0.5773502691896257,0.0,1.0,0,1,5,0.37409293247731235,MEDIUM
Central Zone 2,CBD 2,3.0,8.0,10,1,1,,,0.0,0.0,0.0,0.3,1.0,0.0,0.0,0.0,0.0,0.0,0,0,1.515625,1.484375,2.8439678097789685,2.0,1.0,1.0,2.0,1.0,1.0,1.3333333333333333,0.5,1.0,1.0,0,1,5,0.327692817862889,MEDIUM
North Zone 1,Hennur Main Road,4.0,8.0,10,1,0,0.6955,43.9,0.0,0.0,0.0,0.3,2.5,0.0,1.0,0.0,0.0,1.0,0,0,1.500802993774414,1.00054931640625,0.6058494954988147,2.0,1.0,1.0,1.0,1.0,1.0,1.3333333333333333,0.5,1.0,0.0,0,4,6,0.34301978398322625,MEDIUM
South Zone 2,Hosur Road,1.0,4.0,10,2,1,0.0941,19.3,0.5,0.0,0.0,0.95,1.75,0.0,0.0,0.5,0.0,0.0,0,0,1.0,1.0,0.0,1.0,0.0,0.0,1.0,0.0,0.0,1.0,0.0,0.0,0.0,0,7,7,0.04855300928723705,LOW
Central Zone 2,Mysore Road,4.0,0.0,10,3,3,,,0.0,0.0,0.0,0.9333333333333332,1.0,0.6666666666666666,0.0,0.0,0.0,1.0,1,0,1.5416290539227115,0.39044035251498693,0.4336121522743807,1.0,2.0,1.0,0.0,0.0,1.0,2.0,0.9574271077563381,-1.0,0.0,0,1,10,0.35644040517589526,MEDIUM
Central Zone 2,Mysore Road,3.0,12.0,10,4,4,,,0.0,0.0,0.0,0.975,1.25,0.25,0.0,0.0,0.0,0.0,1,0,1.5399169921875,0.5683345794677734,0.40490934305951637,2.0,1.0,1.0,1.0,0.0,0.0,1.3333333333333333,0.5,1.0,1.0,0,1,10,0.5011022920838735,MEDIUM
Central Zone 2,CBD 2,4.0,8.0,10,1,1,,,0.0,0.0,0.0,0.3,1.0,0.0,0.0,0.0,0.0,1.0,0,0,1.0322265625,1.0302734375,2.8439678097789685,1.0,1.0,1.0,1.0,1.0,1.0,1.0,0.0,0.0,0.0,0,1,5,0.14212018259669718,LOW
South Zone 2,Hosur Road,4.0,0.0,10,1,0,0.5171,27.2,0.0,0.0,0.0,1.0,3.0,0.0,0.0,0.0,0.0,1.0,0,0,1.5156410373747349,1.3124180054292083,0.38165004671008274,1.0,3.0,1.0,1.0,3.0,0.0,1.6666666666666667,1.0,-2.0,-2.0,0,7,7,0.11716288469469277,LOW
South Zone 2,Hosur Road,5.0,12.0,10,1,0,0.3032,62.2,0.0,0.0,0.0,1.0,1.0,0.0,0.0,0.0,0.0,0.0,0,0,1.2755470275878906,0.7484089508652687,1.1084373614144736,1.0,2.0,1.0,0.0,2.0,1.0,1.3333333333333333,0.5,-1.0,-2.0,0,7,7,0.18257626809883581,LOW
South Zone 2,Hosur Road,5.0,8.0,10,1,1,,,0.0,0.0,0.0,0.9,2.5,0.0,0.0,0.0,0.0,0.0,0,0,2.250856727361679,0.8280885368585587,0.49234400217331276,3.0,2.0,1.0,1.0,1.0,1.0,2.0,0.9574271077563381,1.0,0.0,0,7,7,0.14771731273419075,LOW
Central Zone 2,Mysore Road,2.0,8.0,10,1,0,0.3246,32.8,1.0,0.0,0.0,0.9,1.5,0.0,0.0,0.0,0.0,0.0,0,0,3.252732902765274,2.339955411851406,0.725620775143134,4.0,3.0,3.0,3.0,2.0,1.0,3.0,0.8164965809277261,1.0,1.0,0,1,10,0.4892042479521759,MEDIUM
North Zone 2,Bellary Road 1,4.0,0.0,10,5,5,1.6858,106.4,0.0,0.0,0.0,0.58,1.0,0.2,0.0,0.0,0.0,1.0,1,0,1.2656862913395344,0.6767463262917772,0.24020465781842357,1.0,2.0,1.0,0.0,2.0,0.0,1.3333333333333333,0.5,-1.0,-2.0,0,5,2,0.0455691717600588,LOW
North Zone 2,Bellary Road 1,3.0,16.0,10,1,1,,,0.0,0.0,0.0,0.9,2.5,0.0,0.0,0.0,0.0,0.0,0,0,1.53125,1.515625,0.1082,2.0,1.0,1.0,2.0,1.0,1.0,1.3333333333333333,0.5,1.0,1.0,0,5,2,0.4234432472829349,MEDIUM
East Zone 1,Varthur Road,3.0,8.0,10,1,1,2.5061,122.4,1.0,0.0,0.0,1.0,3.0,0.0,1.0,0.0,0.0,0.0,0,0,1.0,0.125,0.6708816,1.0,1.0,1.0,0.0,0.0,0.0,1.0,0.0,0.0,0.0,0,2,20,0.05629209038857131,LOW
East Zone 1,Varthur Road,6.0,8.0,10,1,0,0.4377,37.8,0.0,0.0,0.0,1.0,2.5,0.0,1.0,0.0,0.0,0.0,0,0,1.0078125,0.713134765625,0.4772423490231032,1.0,1.0,1.0,1.0,0.0,1.0,1.0,0.0,0.0,1.0,0,2,20,0.31391345970538925,MEDIUM
North Zone 2,ORR North 2,3.0,8.0,10,2,1,0.0458,9.4,0.0,0.0,0.0,0.95,1.0,0.0,0.0,0.0,0.0,0.0,0,0,1.8603525459766388,1.6064458191394806,0.059454103987615435,1.0,4.0,2.0,1.0,3.0,2.0,2.0,1.4142135623730951,-3.0,-2.0,0,5,15,0.17864979789378616,LOW
South Zone 1,ORR West 1,3.0,8.0,10,5,2,1.0669799999999998,519.34,0.0,0.0,0.0,0.82,1.0,0.0,0.0,0.0,0.0,0.0,0,0,1.5,0.71875,0.8088976623376624,2.0,1.0,1.0,1.0,0.0,1.0,1.3333333333333333,0.5,1.0,1.0,0,6,16,0.07850316815709485,LOW
North Zone 1,Hennur Main Road,3.0,8.0,10,1,1,,,0.0,0.0,0.0,1.0,1.0,0.0,1.0,0.0,0.0,0.0,0,0,1.0513916015625,1.03515625,1.3169352545645914,1.0,1.0,1.0,1.0,1.0,1.0,1.0,0.0,0.0,0.0,0,4,6,0.09515852007061897,LOW
Central Zone 2,Non-corridor,6.0,8.0,10,5,3,0.43720000000000003,83.35,0.0,0.0,0.0,0.82,2.2,0.0,0.2,0.0,0.0,0.0,1,1,3.4375987805868444,2.565273432772969,1.1823976098580877,2.0,6.0,5.0,1.0,6.0,3.0,3.6666666666666665,1.8257418583505538,-4.0,-5.0,0,1,11,0.718159128334034,HIGH
East Zone 1,ORR East 1,3.0,0.0,10,1,1,,,0.0,0.0,0.0,1.0,2.5,0.0,1.0,0.0,0.0,0.0,0,0,1.3295459747314453,1.3281517028808594,0.6044886690747923,1.0,2.0,2.0,1.0,2.0,2.0,1.3333333333333333,0.5773502691896257,-1.0,-1.0,0,2,12,0.08471006481161816,LOW
Central Zone 2,Mysore Road,3.0,8.0,10,8,8,2.25225,503.45,0.0,0.0,0.0,0.95,1.0,0.375,0.0,0.0,0.0,0.0,1,1,1.5157624959047098,0.8659875461066804,0.5651985012132412,2.0,1.0,1.0,1.0,1.0,1.0,1.3333333333333333,0.5,1.0,0.0,0,1,10,0.5389062223644219,MEDIUM
Central Zone 2,Mysore Road,6.0,8.0,10,3,2,0.5679,46.6,0.3333333333333333,0.0,0.0,0.9333333333333332,2.0,0.0,0.0,0.0,0.0,0.0,0,0,2.525707435998819,1.188596938437898,0.5610581013927243,2.0,5.0,1.0,1.0,2.0,0.0,2.6666666666666665,1.8929694486000912,-3.0,-1.0,0,1,10,0.6308848127414292,HIGH
West Zone 1,Tumkur Road,3.0,12.0,10,3,3,,,0.0,0.0,0.0,0.7000000000000001,1.0,0.0,0.0,0.0,0.0,0.0,1,0,1.69921875,0.55035400390625,0.19161113498926372,1.0,2.0,6.0,0.0,1.0,0.0,1.6666666666666667,2.217355782608345,-1.0,-1.0,0,8,19,0.2571300215579342,LOW
North Zone 1,Airport New South Road,1.0,4.0,10,2,2,,,0.0,0.0,0.0,0.95,1.75,0.0,1.0,0.0,0.0,0.0,0,0,1.0,1.0,0.0,1.0,1.0,0.0,1.0,1.0,0.0,1.0,0.0,0.0,0.0,0,4,0,0.06136845371764666,LOW
North Zone 1,Airport New South Road,5.0,8.0,10,1,1,,,0.0,0.0,0.0,1.0,2.5,0.0,1.0,0.0,0.0,0.0,0,0,1.0,0.375,1.1647223578947368,1.0,1.0,1.0,0.0,1.0,0.0,1.0,0.0,0.0,-1.0,0,4,0,0.052220052671280576,LOW
West Zone 1,Tumkur Road,2.0,8.0,10,1,0,0.3554,72.9,0.0,0.0,0.0,0.9,1.0,0.0,0.0,0.0,0.0,0.0,0,0,1.0097694396972656,0.24938488006591797,0.4052377893906784,1.0,1.0,1.0,0.0,0.0,1.0,1.0,0.0,0.0,0.0,0,8,19,0.37150963026759753,MEDIUM
Central Zone 1,Old Madras Road,6.0,0.0,10,3,3,,,0.0,0.0,0.0,0.9333333333333332,2.0,0.0,0.0,0.0,0.0,0.0,1,0,2.018699926265981,1.4608958073213216,0.6491590837878118,2.0,3.0,1.0,1.0,3.0,1.0,2.0,0.9574271077563381,-1.0,-2.0,0,0,18,0.6010634308255153,HIGH
North Zone 2,Bellary Road 1,5.0,16.0,10,1,1,,,0.0,0.0,0.0,1.0,1.0,0.0,0.0,1.0,0.0,0.0,0,0,1.6328125,1.12890625,1.4266862355737633,2.0,1.0,1.0,1.0,1.0,1.0,1.6666666666666667,0.5773502691896257,1.0,0.0,0,5,2,0.09599852666789635,LOW
North Zone 2,Bellary Road 1,6.0,12.0,10,1,1,1.5371,105.1,0.0,0.0,0.0,0.9,3.0,0.0,0.0,0.0,0.0,0.0,0,0,1.8751662113936618,0.939373524626717,0.25826496949161065,2.0,1.0,3.0,1.0,0.0,3.0,2.0,0.9574271077563381,1.0,1.0,0,5,2,0.10228461046341955,LOW
Central Zone 2,Non-corridor,6.0,12.0,10,5,3,0.38935,70.7,0.0,0.0,0.0,0.9400000000000001,1.8,0.0,0.6,0.0,0.0,0.0,1,0,2.165116448156007,1.6243725789649106,0.3994873763510282,2.0,1.0,3.0,2.0,1.0,1.0,2.6666666666666665,1.707825127659933,1.0,1.0,0,1,11,0.7172740121448937,HIGH
North Zone 2,Bellary Road 2,6.0,0.0,10,1,1,,,0.0,0.0,0.0,1.0,1.0,0.0,1.0,0.0,0.0,0.0,0,0,1.3791380325066043,0.7540139188062668,1.0045936938786546,1.0,2.0,3.0,1.0,0.0,1.0,1.3333333333333333,0.9574271077563381,-1.0,1.0,0,5,3,0.04860289826604183,LOW
Central Zone 2,Non-corridor,6.0,4.0,10,2,2,,,0.5,0.0,0.0,1.0,2.75,0.0,0.5,0.0,0.0,0.0,0,0,2.0816416540228757,0.9998083154694133,0.1314526687753828,1.0,2.0,3.0,0.0,1.0,2.0,2.6666666666666665,1.707825127659933,-1.0,-1.0,0,1,11,0.6604224809209039,HIGH
North Zone 1,Hennur Main Road,2.0,0.0,10,1,1,,,0.0,0.0,0.0,0.9,1.0,0.0,1.0,0.0,0.0,0.0,0,0,1.125,0.890625,0.6453936,1.0,1.0,1.0,1.0,1.0,0.0,1.3333333333333333,0.5,0.0,0.0,0,4,6,0.31731597588235566,MEDIUM
South Zone 2,IRR(Thanisandra road),3.0,12.0,10,1,1,,,0.0,0.0,0.0,0.9,1.0,0.0,0.0,0.0,0.0,0.0,0,0,1.0,1.0,0.0,1.0,1.0,0.0,1.0,1.0,0.0,1.0,0.0,0.0,0.0,0,7,8,0.10585127673929,LOW
North Zone 1,Hennur Main Road,1.0,0.0,10,1,0,0.4863,39.9,0.0,0.0,0.0,0.9,2.5,0.0,1.0,0.0,0.0,0.0,0,0,1.0,0.25,0.27956000000000003,1.0,1.0,1.0,0.0,0.0,1.0,1.0,0.0,0.0,0.0,0,4,6,0.18378122023402746,LOW
North Zone 1,Hennur Main Road,0.0,4.0,10,1,1,,,0.0,0.0,0.0,1.0,3.0,0.0,1.0,0.0,0.0,0.0,0,0,0.0,0.0,0.0,0.0,0.0,0.0,0.0,0.0,0.0,0.0,0.0,0.0,0.0,0,4,6,0.06073371561115518,LOW
South Zone 2,Hosur Road,0.0,12.0,10,1,1,,,0.0,0.0,0.0,0.9,2.5,0.0,0.0,0.0,0.0,0.0,0,0,1.0,0.0,0.9945,1.0,0.0,0.0,0.0,0.0,0.0,1.0,0.0,0.0,0.0,0,7,7,0.07511550994491185,LOW
East Zone 1,ORR East 1,2.0,12.0,10,1,1,,,0.0,0.0,0.0,0.9,2.5,0.0,0.0,0.0,0.0,0.0,0,0,1.0,0.875,1.355115789473684,1.0,1.0,1.0,1.0,1.0,1.0,1.0,0.0,0.0,0.0,0,2,12,0.05662693702585209,LOW
Central Zone 2,Non-corridor,4.0,0.0,10,20,15,0.47842,151.16,0.0,0.0,0.0,0.925,1.525,0.2,0.05,0.0,0.0,1.0,1,1,5.032758998036542,3.4391218485720487,0.3709976868013074,5.0,4.0,4.0,4.0,2.0,3.0,6.0,2.380476142847616,1.0,2.0,0,1,11,0.718159128334034,HIGH
Central Zone 2,Mysore Road,4.0,20.0,10,1,0,0.3004,15.8,0.0,0.0,0.0,1.0,3.0,0.0,0.0,0.0,0.0,1.0,0,0,0.0,0.0,0.0,0.0,0.0,0.0,0.0,0.0,0.0,0.0,0.0,0.0,0.0,0,1,10,0.0687914786605481,LOW
Central Zone 1,Old Madras Road,5.0,12.0,10,2,2,,,0.0,0.0,0.0,0.95,1.0,0.0,0.0,0.0,0.0,0.0,0,0,1.00128173828125,0.2335205078125,0.06795134824423849,1.0,1.0,1.0,0.0,0.0,1.0,1.0,0.0,0.0,0.0,0,0,18,0.10178205231197977,LOW
West Zone 1,Tumkur Road,3.0,0.0,10,2,2,,,0.0,0.0,0.0,1.0,2.0,0.0,0.0,0.0,0.0,0.0,0,0,1.75024459278211,1.1883427337743342,0.18219473914589757,1.0,4.0,1.0,0.0,4.0,1.0,2.0,1.5,-3.0,-4.0,0,8,19,0.2702536589501481,LOW
Central Zone 2,Mysore Road,4.0,8.0,10,2,1,1.2976,23.4,1.0,0.0,0.0,1.0,2.75,0.5,0.0,0.0,0.0,1.0,0,0,2.4008197952265506,1.4466389144953744,1.0145521646289508,3.0,2.0,2.0,2.0,1.0,2.0,2.0,0.8164965809277257,1.0,1.0,0,1,10,0.403584142162147,MEDIUM
South Zone 2,Bannerghata Road,3.0,12.0,10,3,1,0.63795,55.0,0.0,0.0,0.0,0.9666666666666667,1.5,0.0,0.0,0.0,0.0,0.0,0,0,1.015625,0.171875,0.1773703157894737,1.0,1.0,1.0,0.0,0.0,0.0,1.0,0.0,0.0,0.0,0,7,1,0.4074168603570009,MEDIUM
West Zone 1,Tumkur Road,1.0,0.0,10,4,2,0.19635,15.899999999999999,0.0,0.0,0.0,0.8,2.625,0.0,0.0,0.0,0.0,0.0,0,0,1.79296875,1.36328125,0.6079941894736842,1.0,3.0,3.0,1.0,3.0,1.0,2.0,0.957427107756338,-2.0,-2.0,0,8,19,0.3997520306429104,MEDIUM
South Zone 2,Bannerghata Road,5.0,12.0,10,1,1,,,0.0,0.0,0.0,0.9,1.0,0.0,0.0,0.0,0.0,0.0,0,0,2.031494140625,1.549560546875,0.22128668915235458,1.0,5.0,1.0,1.0,4.0,0.0,2.3333333333333335,2.0,-4.0,-3.0,0,7,1,0.17703811465557395,LOW
Central Zone 2,Mysore Road,4.0,4.0,10,2,2,4.4204,111.6,0.0,0.0,0.0,0.95,1.75,1.0,0.0,0.0,0.0,1.0,0,0,1.203193776558173,0.7630524758484327,0.6737747199032285,1.0,1.0,2.0,1.0,0.0,1.0,1.3333333333333333,0.5773502691896257,0.0,1.0,0,1,10,0.49203493945213544,MEDIUM
North Zone 2,Bellary Road 1,3.0,4.0,10,1,1,,,0.0,0.0,0.0,1.0,1.0,0.0,0.0,0.0,0.0,0.0,0,0,2.0117340087890625,1.1873469352722168,0.7016329850242446,3.0,1.0,1.0,2.0,0.0,0.0,1.6666666666666667,1.0,2.0,2.0,0,5,2,0.1008591873796972,LOW
Central Zone 2,Non-corridor,4.0,12.0,10,6,3,0.746625,264.2,0.0,0.0,0.0,0.9666666666666667,1.0,0.3333333333333333,0.5,0.0,0.0,1.0,1,0,3.4469196505953494,1.6938743946166825,0.6395909819806891,2.0,6.0,1.0,0.0,4.0,1.0,4.666666666666667,2.6299556396765835,-4.0,-4.0,0,1,11,0.7183114868436348,HIGH
North Zone 2,Bellary Road 1,3.0,12.0,10,5,4,1.1182,36.7,0.0,0.0,0.0,0.96,1.9,0.4,0.0,0.0,0.0,0.0,1,0,1.2852783203125,0.532958984375,0.2954267063968628,1.0,2.0,1.0,0.0,2.0,0.0,1.3333333333333333,0.5,-1.0,-2.0,0,5,2,0.18290649261547964,LOW
Central Zone 2,Non-corridor,3.0,4.0,10,3,1,0.15005,20.900000000000002,0.0,0.0,0.0,1.0,1.6666666666666667,0.0,0.3333333333333333,0.0,0.0,0.0,0,0,4.3529740019005585,2.1282068915801413,0.3668812415450899,5.0,3.0,7.0,2.0,2.0,6.0,4.0,1.707825127659933,2.0,0.0,0,1,11,0.718159128334034,HIGH
North Zone 2,Bellary Road 2,1.0,20.0,10,1,0,0.1189,24.4,0.0,0.0,0.0,1.0,1.0,0.0,1.0,0.0,0.0,0.0,0,0,0.0,0.0,0.0,0.0,0.0,0.0,0.0,0.0,0.0,0.0,0.0,0.0,0.0,0,5,3,0.24566676908867852,LOW
West Zone 1,Magadi Road,1.0,8.0,10,2,0,0.76725,62.95,0.0,0.0,0.0,0.65,2.5,0.0,0.0,0.0,0.0,0.0,0,0,1.015625,0.40625,0.7036934315789474,1.0,1.0,1.0,0.0,1.0,0.0,1.0,0.0,0.0,-1.0,0,8,9,0.18789155212086742,LOW
North Zone 2,Bellary Road 1,3.0,8.0,10,3,2,3.0281,506.75,0.0,0.0,0.0,0.9666666666666667,1.5,0.3333333333333333,0.0,0.0,0.0,0.0,0,0,2.9437931217835285,1.9607220718753524,0.42831540797492196,4.0,2.0,2.0,3.0,1.0,1.0,2.6666666666666665,1.0,2.0,2.0,0,5,2,0.09602435455112895,LOW
Central Zone 2,Non-corridor,2.0,4.0,10,7,3,0.212875,38.5,0.0,0.0,0.0,0.9428571428571428,1.6428571428571428,0.14285714285714285,0.42857142857142855,0.14285714285714285,0.0,0.0,1,0,3.0335084401211247,2.334772769185875,0.10574081873717431,3.0,3.0,4.0,2.0,3.0,2.0,2.6666666666666665,0.816496580927726,0.0,-1.0,0,1,11,0.6919710024181996,HIGH
West Zone 1,Tumkur Road,1.0,4.0,10,1,0,0.1515,14.8,1.0,0.0,0.0,1.0,1.5,0.0,0.0,0.0,0.0,0.0,0,0,2.218994140625,1.96533203125,0.6156473046652886,3.0,1.0,1.0,3.0,1.0,0.0,2.0,0.9574271077563381,2.0,2.0,0,8,19,0.41423045287388327,MEDIUM
West Zone 1,Tumkur Road,2.0,0.0,10,1,0,0.1243,10.2,0.0,0.0,0.0,1.0,2.5,0.0,0.0,0.0,0.0,0.0,0,0,1.0037040710449219,0.9036750793457031,0.18571155539038364,1.0,1.0,1.0,1.0,1.0,0.0,1.0,0.0,0.0,0.0,0,8,19,0.3606617842244101,MEDIUM
West Zone 1,Tumkur Road,1.0,20.0,10,1,1,,,0.0,0.0,0.0,0.9,3.0,0.0,0.0,0.0,0.0,0.0,0,0,1.0,1.0,0.0,1.0,1.0,0.0,1.0,1.0,0.0,1.0,0.0,0.0,0.0,0,8,19,0.12207325854279519,LOW
South Zone 2,Bannerghata Road,5.0,4.0,10,1,1,,,0.0,0.0,0.0,0.3,1.0,0.0,0.0,0.0,0.0,0.0,0,0,1.5,1.499755859375,0.0958,2.0,1.0,1.0,2.0,1.0,1.0,1.3333333333333333,0.5,1.0,1.0,0,7,1,0.4370462534540944,MEDIUM
Central Zone 2,Non-corridor,2.0,0.0,10,5,4,0.005,2.4,0.0,0.0,0.0,0.96,1.7,0.0,0.4,0.0,0.0,0.0,1,0,4.87322973353389,1.8373452922453453,0.3033682290418742,5.0,4.0,3.0,1.0,2.0,1.0,5.333333333333333,1.7078251276599308,1.0,-1.0,0,1,11,0.718159128334034,HIGH
North Zone 2,Bellary Road 2,0.0,8.0,10,2,2,,,1.0,0.0,0.0,0.95,1.75,0.0,0.0,0.0,0.0,0.0,0,0,1.0,0.75,1.11678,1.0,1.0,0.0,1.0,0.0,0.0,1.0,0.0,0.0,1.0,0,5,3,0.04890566260484097,LOW
Central Zone 2,Non-corridor,1.0,4.0,10,3,3,,,0.3333333333333333,0.0,0.0,0.7333333333333334,2.0,0.0,0.0,0.0,0.0,0.0,1,0,5.146108448505402,3.691221848130226,0.3391753892997634,5.0,7.0,2.0,4.0,4.0,2.0,5.666666666666667,2.0615528128088303,-2.0,0.0,0,1,11,0.7183114868436348,HIGH
North Zone 2,ORR North 2,5.0,0.0,10,1,1,,,0.0,0.0,0.0,1.0,3.0,0.0,0.0,0.0,0.0,0.0,0,0,1.1018067044205964,0.9453539797104895,0.19508899150089087,1.0,1.0,2.0,1.0,1.0,2.0,1.0,0.4999999999999999,0.0,0.0,0,5,15,0.37187913087113483,MEDIUM
West Zone 1,Tumkur Road,2.0,4.0,10,1,1,,,0.0,0.0,0.0,1.0,3.0,0.0,0.0,0.0,0.0,0.0,0,0,1.0665550529956818,0.45800358057022095,0.8589517825514231,1.0,1.0,1.0,0.0,1.0,1.0,1.0,0.0,0.0,-1.0,0,8,19,0.06767608434896374,LOW
Central Zone 2,Mysore Road,4.0,12.0,10,2,0,0.6278999999999999,52.849999999999994,0.0,0.0,0.0,0.65,2.0,0.0,0.0,0.0,0.0,1.0,0,0,2.073320150375366,0.727672528475523,0.4272181374537869,3.0,1.0,2.0,1.0,0.0,1.0,1.6666666666666667,0.9574271077563381,2.0,1.0,0,1,10,0.3153588563447356,MEDIUM
Central Zone 2,CBD 1,1.0,0.0,10,1,0,0.5497,45.1,0.0,0.0,0.0,1.0,1.0,1.0,0.0,0.0,0.0,0.0,0,0,0.0,0.0,0.0,0.0,0.0,0.0,0.0,0.0,0.0,0.0,0.0,0.0,0.0,0,1,4,0.03373058955888321,LOW
West Zone 1,Tumkur Road,0.0,8.0,10,1,1,,,0.0,0.0,0.0,0.9,1.0,0.0,0.0,0.0,0.0,0.0,0,0,1.25,0.6875,0.6693984,1.0,1.0,1.0,1.0,0.0,0.0,1.6666666666666667,1.0,0.0,1.0,0,8,19,0.2801710133399653,LOW
North Zone 2,Bellary Road 2,0.0,12.0,10,1,1,,,0.0,0.0,0.0,1.0,1.0,0.0,1.0,0.0,0.0,0.0,0,0,1.0,1.0,0.0,1.0,1.0,0.0,1.0,1.0,0.0,1.0,0.0,0.0,0.0,0,5,3,0.08833246935799403,LOW
North Zone 2,Bellary Road 1,1.0,8.0,10,2,2,,,1.0,0.0,0.0,0.95,3.0,0.5,0.0,0.0,0.0,0.0,0,0,1.265869140625,0.428955078125,0.8909646570493218,1.0,2.0,1.0,0.0,1.0,0.0,1.3333333333333333,0.5,-1.0,-1.0,0,5,2,0.07560470874233229,LOW
North Zone 2,Bellary Road 2,2.0,8.0,10,1,1,,,0.0,0.0,0.0,0.3,1.5,0.0,0.0,0.0,0.0,0.0,0,0,2.14483642578125,1.3655242919921875,0.817709115581915,1.0,5.0,1.0,1.0,3.0,1.0,2.6666666666666665,1.8929694486000912,-4.0,-2.0,0,5,3,0.11907028599600683,LOW
West Zone 2,West of Chord Road,4.0,0.0,10,1,1,,,0.0,0.0,0.0,0.9,3.0,0.0,0.0,0.0,0.0,1.0,0,0,1.0039176940917969,0.7568168640136719,0.2932745901093524,1.0,1.0,1.0,1.0,1.0,0.0,1.0,0.0,0.0,0.0,0,9,21,0.09338813933567103,LOW
West Zone 2,West of Chord Road,4.0,4.0,10,1,1,,,1.0,0.0,0.0,1.0,2.5,0.0,0.0,0.0,0.0,1.0,0,0,1.017578125,0.6932106018066406,0.19198217463270822,1.0,1.0,1.0,1.0,0.0,0.0,1.0,0.0,0.0,1.0,0,9,21,0.08393955676110865,LOW
West Zone 2,West of Chord Road,6.0,4.0,10,1,1,,,0.0,0.0,0.0,0.9,3.0,0.0,0.0,0.0,0.0,0.0,0,0,1.0000686645507812,0.4909891039133072,0.14728724232678667,1.0,1.0,1.0,0.0,1.0,1.0,1.0,0.0,0.0,-1.0,0,9,21,0.06005628101426069,LOW
West Zone 2,West of Chord Road,3.0,8.0,10,1,0,1.1853,39.9,0.0,0.0,0.0,0.3,2.5,1.0,0.0,0.0,0.0,0.0,0,0,1.453857421875,1.26220703125,1.4711527153327513,1.0,2.0,2.0,1.0,2.0,0.0,1.6666666666666667,0.5,-1.0,-1.0,0,9,21,0.1154245126652456,LOW
East Zone 1,ORR East 2,2.0,0.0,10,1,1,2.34,778.4,0.0,0.0,0.0,0.9,1.0,0.0,1.0,0.0,0.0,0.0,0,0,1.252078354358673,1.002045452594757,2.311612439169607,1.0,2.0,1.0,1.0,1.0,1.0,1.3333333333333333,0.5,-1.0,0.0,0,2,13,0.037624252545876924,LOW
East Zone 1,ORR East 1,4.0,4.0,10,1,0,0.301,50.0,0.0,0.0,0.0,1.0,1.0,0.0,1.0,0.0,0.0,1.0,0,0,1.001220703125,0.552734375,0.7347618900714389,1.0,1.0,1.0,1.0,0.0,0.0,1.0,0.0,0.0,1.0,0,2,12,0.17548994514752952,LOW
West Zone 1,Magadi Road,2.0,4.0,10,1,0,0.0942,13.8,1.0,0.0,0.0,1.0,1.0,0.0,0.0,0.0,0.0,0.0,0,0,1.25244140625,1.24365234375,0.49267875324675325,1.0,2.0,1.0,1.0,2.0,1.0,1.3333333333333333,0.5,-1.0,-1.0,0,8,9,0.03160430645028506,LOW
North Zone 2,Bellary Road 1,6.0,0.0,10,1,0,0.5419,74.1,0.0,0.0,0.0,0.9,1.5,0.0,0.0,0.0,0.0,0.0,0,0,1.0449858978682953,1.0290535339099534,0.3526611714288247,1.0,1.0,1.0,1.0,1.0,1.0,1.0,0.0,0.0,0.0,0,5,2,0.4994814819247167,MEDIUM
East Zone 1,ORR East 1,4.0,0.0,11,1,0,1.1919,97.8,0.0,0.0,0.0,1.0,2.5,0.0,1.0,0.0,0.0,0.0,0,0,1.3284468222409487,0.2971954606473446,0.6828326454199767,1.0,2.0,1.0,0.0,0.0,1.0,1.3333333333333333,0.5,-1.0,0.0,0,2,12,0.052073819553430836,LOW
North Zone 2,Bellary Road 2,2.0,8.0,11,1,1,,,1.0,0.0,0.0,1.0,2.5,0.0,0.0,0.0,0.0,0.0,0,0,1.572418212890625,1.1827621459960938,0.817709115581915,1.0,1.0,2.0,1.0,1.0,0.0,2.3333333333333335,1.8929694486000912,0.0,0.0,0,5,3,0.37385889373788045,MEDIUM
Central Zone 2,Non-corridor,0.0,4.0,11,4,2,0.5213,81.75,0.25,0.0,0.0,0.825,1.875,0.0,0.5,0.0,0.0,0.0,0,0,3.453125,1.66015625,0.2771093792797784,3.0,4.0,3.0,1.0,2.0,1.0,4.0,0.9574271077563381,-1.0,-1.0,0,1,11,0.6983760621335333,HIGH
North Zone 2,Bellary Road 1,6.0,0.0,11,2,2,,,0.0,0.0,0.0,1.0,1.5,0.0,0.0,0.0,0.0,0.0,0,0,1.0224929489341477,0.5145267669549767,0.5295225343755373,1.0,1.0,1.0,0.0,1.0,1.0,1.0,0.0,0.0,-1.0,0,5,2,0.24794786201200028,LOW
Central Zone 2,Mysore Road,0.0,8.0,11,4,2,0.98045,101.75,0.5,0.0,0.0,0.975,1.5,0.0,0.0,0.0,0.0,0.0,0,0,1.25,0.6875,0.40624736842105263,1.0,2.0,1.0,1.0,0.0,0.0,1.3333333333333333,0.5,-1.0,1.0,0,1,10,0.3120805823081604,MEDIUM
Central Zone 2,Non-corridor,0.0,0.0,11,4,0,0.35459999999999997,104.95,0.0,0.0,0.0,0.825,1.375,0.25,0.0,0.0,0.0,0.0,0,0,1.53125,0.90625,0.27979473684210526,1.0,1.0,2.0,0.0,1.0,2.0,2.0,1.4142135623730951,0.0,-1.0,0,1,11,0.5015478686391395,MEDIUM
West Zone 2,West of Chord Road,4.0,4.0,11,1,0,0.02,4.1,0.0,0.0,0.0,1.0,1.0,0.0,0.0,0.0,0.0,0.0,0,0,1.0087890625,0.8466053009033203,0.19198217463270822,1.0,1.0,1.0,1.0,1.0,1.0,1.0,0.0,0.0,0.0,0,9,21,0.06658299442981254,LOW
South Zone 2,Hosur Road,1.0,8.0,11,2,0,0.8263,88.05,0.0,0.0,0.0,0.9,2.0,0.0,0.0,0.0,0.0,0.0,0,0,1.375,1.0625,1.4082157894736844,1.0,2.0,1.0,1.0,1.0,1.0,1.6666666666666667,0.5773502691896257,-1.0,0.0,0,7,7,0.16916757965232013,LOW
Central Zone 2,Non-corridor,2.0,4.0,11,3,2,0.6612,99.8,0.0,0.0,0.0,0.9666666666666667,2.1666666666666665,0.0,0.6666666666666666,0.0,0.0,0.0,0,0,5.016754220060562,2.6673863845929375,0.1485944912423046,7.0,3.0,2.0,3.0,2.0,2.0,4.333333333333333,2.217355782608345,4.0,1.0,0,1,11,0.715010812023184,HIGH
West Zone 1,Tumkur Road,1.0,4.0,11,1,1,,,0.0,0.0,0.0,1.0,2.5,0.0,0.0,0.0,0.0,0.0,0,0,1.6094970703125,0.982666015625,0.3142529509865298,1.0,3.0,2.0,0.0,3.0,1.0,1.6666666666666667,0.9574271077563381,-2.0,-3.0,0,8,19,0.16591035066635207,LOW
Central Zone 2,Non-corridor,0.0,12.0,11,2,1,0.1792,71.7,0.0,0.0,0.0,1.0,1.25,0.0,0.5,0.0,0.0,0.0,0,0,2.9375,2.15625,0.09688676737160119,4.0,2.0,2.0,3.0,1.0,2.0,2.6666666666666665,1.0,2.0,2.0,0,1,11,0.6095092604342305,HIGH
Central Zone 2,Non-corridor,5.0,8.0,11,5,3,0.72375,87.44999999999999,0.8,0.0,0.0,0.96,2.3,0.0,0.2,0.0,0.0,0.0,1,0,4.789476315355371,3.0775216744315106,0.3987495490617985,6.0,3.0,4.0,3.0,3.0,3.0,4.666666666666667,1.2909944487358056,3.0,0.0,0,1,11,0.718159128334034,HIGH
North Zone 2,Bellary Road 1,0.0,8.0,11,1,0,0.3051,29.8,1.0,0.0,0.0,1.0,1.5,0.0,0.0,0.0,0.0,0.0,0,0,1.25,1.25,0.0,1.0,2.0,0.0,1.0,2.0,0.0,1.3333333333333333,0.5773502691896257,-1.0,-1.0,0,5,2,0.10709578866812551,LOW
West Zone 1,Magadi Road,2.0,4.0,11,1,1,,,0.0,0.0,0.0,0.9,2.5,0.0,0.0,0.0,0.0,0.0,0,0,1.126220703125,0.621826171875,0.11025800038112873,1.0,1.0,1.0,0.0,1.0,1.0,1.3333333333333333,0.5,0.0,-1.0,0,8,9,0.28279907953852945,LOW
Central Zone 2,Mysore Road,3.0,0.0,11,3,2,0.3261,22.3,0.0,0.0,0.0,0.7666666666666666,3.0,0.0,0.0,0.0,0.0,0.0,0,0,1.5126048674265888,1.2436839013864827,0.48322989240897146,1.0,2.0,1.0,1.0,1.0,1.0,2.0,0.9574271077563381,-1.0,0.0,0,1,10,0.33004166898356063,MEDIUM
West Zone 2,West of Chord Road,3.0,8.0,11,1,1,,,0.0,0.0,0.0,0.9,2.5,0.0,0.0,0.0,0.0,0.0,0,0,1.2269287109375,0.631103515625,1.3568116291996508,1.0,1.0,2.0,0.0,1.0,2.0,1.3333333333333333,0.5773502691896257,0.0,-1.0,0,9,21,0.024349494836670475,LOW
Central Zone 2,Mysore Road,1.0,0.0,11,4,4,,,0.0,0.0,0.0,0.8,2.5,0.0,0.0,0.0,0.0,0.0,1,0,1.3419036865234375,0.7541580200195312,0.9920318913185414,1.0,2.0,2.0,1.0,0.0,1.0,1.3333333333333333,0.5773502691896257,-1.0,1.0,0,1,10,0.27306761602370727,LOW
West Zone 1,Tumkur Road,6.0,0.0,11,2,0,0.6435,54.849999999999994,0.0,0.0,0.0,1.0,2.25,0.0,0.0,0.0,0.0,0.0,0,0,1.0784976710274634,0.4174480609582205,0.226737902067362,1.0,1.0,1.0,0.0,1.0,1.0,1.0,0.0,0.0,-1.0,0,8,19,0.33659266956058503,MEDIUM
West Zone 1,Tumkur Road,5.0,20.0,11,1,0,1.4467,118.7,0.0,0.0,0.0,1.0,2.5,0.0,0.0,0.0,0.0,0.0,0,0,1.125,0.75,0.80398,1.0,1.0,1.0,1.0,0.0,1.0,1.3333333333333333,0.5,0.0,1.0,0,8,19,0.1025200975502794,LOW
North Zone 2,Bellary Road 1,0.0,12.0,11,1,1,,,0.0,0.0,0.0,1.0,1.0,0.0,0.0,0.0,0.0,0.0,0,0,0.0,0.0,0.0,0.0,0.0,0.0,0.0,0.0,0.0,0.0,0.0,0.0,0.0,0,5,2,0.11080523767944106,LOW
Central Zone 2,Non-corridor,0.0,8.0,11,2,1,0.949,119.4,1.0,0.0,0.0,0.65,2.75,0.0,0.0,0.0,0.0,0.0,0,0,1.40625,0.9375,0.14818852631578944,1.0,2.0,2.0,1.0,1.0,2.0,1.3333333333333333,0.5773502691896258,-1.0,0.0,0,1,11,0.15485830304915188,LOW
North Zone 2,ORR North 2,2.0,8.0,11,1,1,,,0.0,0.0,0.0,0.9,1.0,0.0,0.0,0.0,0.0,0.0,0,0,1.01611328125,1.00830078125,0.24190755501665823,1.0,1.0,1.0,1.0,1.0,1.0,1.0,0.0,0.0,0.0,0,5,15,0.440871953491005,MEDIUM
Central Zone 2,Mysore Road,6.0,0.0,11,2,2,,,0.0,0.0,0.0,1.0,2.0,0.0,0.0,0.0,0.0,0.0,0,0,2.204743688300735,1.6410352457094612,1.3432213430505275,3.0,1.0,1.0,2.0,1.0,1.0,2.0,0.9574271077563381,2.0,1.0,0,1,10,0.3048264297133243,MEDIUM
West Zone 1,Tumkur Road,6.0,12.0,11,1,1,,,0.0,0.0,0.0,0.3,2.5,0.0,0.0,0.0,0.0,0.0,0,0,1.35976180434227,0.6404537227936089,0.6630047463929638,1.0,2.0,1.0,1.0,0.0,0.0,1.3333333333333333,0.5000000000000007,-1.0,1.0,0,8,19,0.10391464517775477,LOW
East Zone 1,ORR East 2,4.0,0.0,11,1,0,0.0424,8.7,0.0,0.0,0.0,1.0,1.0,0.0,1.0,0.0,0.0,0.0,0,0,1.0000047686337585,1.000000953907385,2.70987126541253,1.0,1.0,1.0,1.0,1.0,1.0,1.0,0.0,0.0,0.0,0,2,13,0.035115507086167556,LOW
West Zone 1,Tumkur Road,1.0,20.0,11,2,1,1.1349,77.6,0.0,0.0,0.0,0.95,2.0,0.5,0.0,0.0,0.0,0.0,0,0,1.0,1.0,0.0,1.0,1.0,0.0,1.0,1.0,0.0,1.0,0.0,0.0,0.0,0,8,19,0.19221074973746702,LOW
Central Zone 2,Non-corridor,2.0,0.0,11,4,2,0.10355,30.95,0.0,0.0,0.0,1.0,2.25,0.0,0.75,0.0,0.0,0.0,0,1,4.936614866766945,2.9186726461226726,0.18402093742512451,5.0,5.0,7.0,4.0,1.0,5.0,4.666666666666667,1.2583057392117887,0.0,3.0,0,1,11,0.718159128334034,HIGH
Central Zone 2,Non-corridor,1.0,20.0,11,2,1,0.0075,1.2,0.0,0.0,0.0,1.0,1.75,0.5,0.0,0.0,0.0,0.0,0,0,1.0,0.9609375,0.7135052631578946,1.0,1.0,1.0,1.0,1.0,1.0,1.0,0.0,0.0,0.0,0,1,11,0.11575877947626811,LOW
West Zone 1,Tumkur Road,0.0,8.0,11,1,1,,,1.0,0.0,0.0,1.0,2.5,0.0,0.0,0.0,0.0,0.0,0,0,1.125,0.84375,0.6693984,1.0,1.0,3.0,1.0,1.0,1.0,1.0,1.0,0.0,0.0,0,8,19,0.36893016663421047,MEDIUM
Central Zone 1,Old Airport Road,1.0,4.0,11,1,0,0.0156,1.3,0.0,0.0,0.0,0.3,2.5,0.0,1.0,0.0,0.0,0.0,0,0,1.0,0.5,0.1245,1.0,1.0,0.0,0.0,1.0,0.0,1.0,0.0,0.0,-1.0,0,0,17,0.05167945282400552,LOW
West Zone 1,Tumkur Road,0.0,4.0,11,1,0,0.2413,19.8,0.0,0.0,0.0,0.9,2.5,0.0,0.0,0.0,0.0,0.0,0,0,1.25,0.5,0.15636,1.0,2.0,0.0,1.0,0.0,0.0,1.3333333333333333,0.5773502691896257,-1.0,1.0,0,8,19,0.09458450550517078,LOW
Central Zone 2,Mysore Road,4.0,4.0,11,2,2,,,0.5,0.0,0.0,1.0,2.5,0.0,0.0,0.0,0.0,0.0,0,1,1.6015968882790865,1.3815262379242164,2.645682762059424,2.0,1.0,2.0,2.0,1.0,1.0,1.3333333333333333,0.5773502691896257,1.0,1.0,0,1,10,0.40835049759443554,MEDIUM
North Zone 2,Bellary Road 2,6.0,8.0,11,1,1,,,0.0,0.0,0.0,1.0,3.0,0.0,1.0,0.0,0.0,0.0,0,0,1.5781371617432853,0.9467431587937867,0.6974975743821114,2.0,1.0,2.0,1.0,1.0,2.0,1.3333333333333333,0.5773502691896257,1.0,0.0,0,5,3,0.2758185385004097,LOW
North Zone 1,ORR North 1,4.0,4.0,11,1,0,0.1843,37.8,0.0,0.0,0.0,0.9,1.0,0.0,1.0,0.0,0.0,0.0,0,0,1.257843628525734,0.7320519685745239,0.5711040287147264,1.0,2.0,1.0,1.0,0.0,1.0,1.3333333333333333,0.5,-1.0,1.0,0,4,14,0.1771845070142124,LOW
North Zone 1,ORR North 1,4.0,0.0,11,4,4,,,0.0,0.0,0.0,0.775,1.5,0.0,0.25,0.0,0.0,0.0,1,0,1.1255498547106981,0.5783553142100573,0.9514613579309538,1.0,1.0,3.0,0.0,1.0,3.0,1.0,1.0,0.0,-1.0,0,4,14,0.08376795338284004,LOW
North Zone 2,Bellary Road 2,3.0,0.0,11,3,1,0.25225,52.85,0.0,0.0,0.0,1.0,1.0,0.0,0.6666666666666666,0.0,0.0,0.0,0,0,1.6651783231645823,1.3828191999346018,0.9732861506000682,2.0,1.0,1.0,2.0,0.0,1.0,1.6666666666666667,0.5773502691896257,1.0,2.0,0,5,3,0.24421972123316515,LOW
North Zone 2,Bellary Road 1,0.0,0.0,11,2,2,,,0.0,0.0,0.0,0.3,3.0,0.0,0.0,0.0,0.0,0.0,0,0,1.125,1.125,0.0,1.0,1.0,1.0,1.0,1.0,1.0,1.3333333333333333,0.5,0.0,0.0,0,5,2,0.312308604666361,MEDIUM
West Zone 1,Magadi Road,2.0,8.0,11,1,0,0.5648,33.1,1.0,0.0,0.0,1.0,2.5,0.0,0.0,0.0,0.0,0.0,0,0,1.08209228515625,0.5562744140625,0.5098234152683716,1.0,1.0,2.0,0.0,1.0,2.0,1.0,0.5,0.0,-1.0,0,8,9,0.3301815632816725,MEDIUM
West Zone 1,Magadi Road,3.0,12.0,11,1,1,1.6826,153.4,0.0,0.0,0.0,1.0,2.5,0.0,0.0,0.0,0.0,0.0,0,0,1.0078125,0.912109375,0.8208359578947367,1.0,1.0,1.0,1.0,1.0,0.0,1.0,0.0,0.0,0.0,0,8,9,0.07245626307361465,LOW
Central Zone 2,Non-corridor,5.0,4.0,11,1,0,0.7116,126.5,0.0,0.0,0.0,1.0,2.5,0.0,0.0,0.0,0.0,0.0,0,0,4.869752172751172,3.7510504138928153,0.5833883132388298,6.0,4.0,5.0,4.0,4.0,4.0,4.333333333333333,1.2909944487358058,2.0,0.0,0,1,11,0.718159128334034,HIGH
Central Zone 2,Mysore Road,0.0,4.0,11,2,1,0.5119,25.0,1.0,0.0,0.0,0.6,2.75,0.0,0.0,0.0,0.0,0.0,0,0,1.75,0.75,0.41109,2.0,2.0,0.0,1.0,0.0,0.0,1.6666666666666667,0.5773502691896257,0.0,1.0,0,1,10,0.24494783058630182,LOW
West Zone 1,Magadi Road,4.0,8.0,11,2,1,0.3083,25.3,0.0,0.0,0.0,0.65,2.5,0.0,0.0,0.0,0.0,0.0,0,0,1.0454151667654514,0.9552341476082802,1.4878452109320408,1.0,1.0,1.0,1.0,1.0,0.0,1.0,0.0,0.0,0.0,0,8,9,0.14258780515918118,LOW
South Zone 2,Bannerghata Road,4.0,12.0,11,1,0,0.2186,29.9,0.0,0.0,0.0,0.9,1.5,0.0,0.0,0.0,0.0,0.0,0,1,1.251953125,0.396484375,0.24028524764542933,1.0,1.0,1.0,0.0,1.0,0.0,1.6666666666666667,1.0,0.0,-1.0,0,7,1,0.5159502060106954,MEDIUM
North Zone 2,Bellary Road 1,3.0,4.0,11,1,0,0.4317,25.3,1.0,0.0,0.0,0.9,2.5,0.0,0.0,0.0,0.0,0.0,0,0,1.5058670043945312,1.0936734676361084,0.7016329850242446,1.0,3.0,1.0,1.0,2.0,1.0,1.6666666666666667,1.0,-2.0,-1.0,0,5,2,0.18813654712935898,LOW
Central Zone 2,Non-corridor,4.0,12.0,11,1,0,0.0637,10.2,0.0,0.0,0.0,0.9,2.5,0.0,0.0,0.0,0.0,0.0,0,1,4.723459825297675,2.3469371973083413,0.6824045891884134,6.0,2.0,6.0,3.0,0.0,4.0,4.666666666666667,2.0,4.0,3.0,0,1,11,0.718159128334034,HIGH
Central Zone 2,Non-corridor,3.0,4.0,11,4,1,0.16196666666666668,28.133333333333336,0.0,0.0,0.0,0.95,2.5,0.0,0.0,0.0,0.0,0.0,0,1,3.6764870009502792,1.5641034457900707,0.28014874492705394,3.0,5.0,4.0,1.0,2.0,1.0,3.6666666666666665,0.9574271077563381,-2.0,-1.0,0,1,11,0.718159128334034,HIGH
North Zone 2,Bellary Road 1,3.0,8.0,11,1,1,,,0.0,0.0,0.0,0.9,1.0,0.0,0.0,0.0,0.0,0.0,0,0,2.9718965608917642,1.9803610359376762,1.4682292447849532,3.0,4.0,2.0,2.0,3.0,1.0,3.0,0.9574271077563382,-1.0,-1.0,0,5,2,0.0478314608830886,LOW
South Zone 2,Hosur Road,1.0,12.0,11,1,1,,,0.0,0.0,0.0,0.9,1.0,0.0,0.0,0.0,0.0,0.0,0,0,1.0,0.25,0.8710263157894736,1.0,1.0,0.0,0.0,1.0,0.0,1.0,0.0,0.0,-1.0,0,7,7,0.10227491171934025,LOW
East Zone 1,ORR East 1,2.0,12.0,11,1,0,0.0414,3.4,0.0,0.0,0.0,1.0,2.5,0.0,1.0,0.0,0.0,0.0,0,0,1.0,0.9375,1.355115789473684,1.0,1.0,1.0,1.0,1.0,0.0,1.0,0.0,0.0,0.0,0,2,12,0.04357944787456846,LOW
East Zone 1,ORR East 1,2.0,8.0,11,2,1,0.5291,27.2,1.0,0.0,0.0,0.65,2.75,0.0,0.0,0.0,0.0,0.0,0,0,1.5625,1.359375,1.2546310360110802,2.0,1.0,2.0,2.0,1.0,1.0,1.3333333333333333,0.5773502691896257,1.0,1.0,0,2,12,0.26521733620780336,LOW
North Zone 2,Bellary Road 1,5.0,0.0,11,1,1,,,0.0,0.0,0.0,1.0,1.5,0.0,0.0,0.0,0.0,0.0,0,0,2.0327797085672215,1.8754093618960672,0.581941311583148,2.0,2.0,1.0,2.0,2.0,1.0,2.3333333333333335,0.816496580927726,0.0,0.0,0,5,2,0.21470220456669778,LOW
North Zone 1,ORR North 1,4.0,12.0,11,2,1,0.3614,29.9,0.0,0.0,0.0,0.9,2.5,0.0,0.5,0.0,0.0,0.0,0,0,1.09375,0.4189453125,0.3068355164794383,1.0,1.0,1.0,0.0,1.0,1.0,1.0,0.0,0.0,-1.0,0,4,14,0.4457115551751234,MEDIUM
North Zone 1,ORR North 1,6.0,4.0,11,1,1,,,0.0,0.0,0.0,1.0,1.0,0.0,0.0,0.0,0.0,0.0,0,0,1.2822572016739286,1.1981720780022442,0.9254552904115813,1.0,2.0,1.0,1.0,2.0,0.0,1.3333333333333333,0.5,-1.0,-1.0,0,4,14,0.042506170974353656,LOW
North Zone 1,ORR North 1,4.0,8.0,11,2,2,1.815,124.1,0.0,0.0,0.0,0.95,3.0,0.0,0.0,0.0,0.0,0.0,0,0,3.0785694122314453,2.820375442504883,0.3923107644261006,2.0,7.0,2.0,2.0,6.0,2.0,3.3333333333333335,2.7080128015453204,-5.0,-4.0,0,4,14,0.2070172826963835,LOW
North Zone 2,Bellary Road 1,5.0,8.0,11,1,1,,,0.0,0.0,0.0,1.0,1.5,0.0,0.0,0.0,0.0,0.0,0,0,1.0783385158407626,0.4601325239602506,0.3003472060725382,1.0,1.0,2.0,0.0,1.0,1.0,1.0,0.5,0.0,-1.0,0,5,2,0.36364063109532746,MEDIUM
Central Zone 1,Old Madras Road,0.0,8.0,11,1,1,,,1.0,0.0,0.0,0.9,1.0,0.0,0.0,0.0,0.0,0.0,0,0,0.0,0.0,0.0,0.0,0.0,0.0,0.0,0.0,0.0,0.0,0.0,0.0,0.0,0,0,18,0.028546748190262466,LOW
Central Zone 1,Old Madras Road,1.0,0.0,11,2,2,,,0.0,0.0,0.0,0.65,2.5,0.0,0.0,0.0,0.0,0.0,0,1,1.5,0.6171875,0.420707504531722,1.0,3.0,1.0,1.0,0.0,1.0,1.6666666666666667,1.0,-2.0,1.0,0,0,18,0.5093455246959339,MEDIUM
North Zone 2,ORR North 2,1.0,0.0,11,1,1,,,0.0,0.0,0.0,0.9,1.0,0.0,0.0,0.0,0.0,0.0,0,0,1.28125,0.65625,0.8126947368421052,1.0,2.0,1.0,0.0,2.0,1.0,1.3333333333333333,0.5,-1.0,-2.0,0,5,15,0.08557990346805183,LOW
South Zone 1,ORR West 1,6.0,0.0,11,1,1,,,0.0,0.0,0.0,1.0,3.0,0.0,0.0,0.0,0.0,0.0,0,0,1.1269866228103638,0.5141855776309967,0.12886428311378148,1.0,1.0,1.0,0.0,1.0,0.0,1.3333333333333333,0.5,0.0,-1.0,0,6,16,0.17112652251502677,LOW
Central Zone 2,Non-corridor,1.0,8.0,11,3,2,0.316,137.9,0.0,0.0,0.0,0.7333333333333334,1.5,0.0,0.3333333333333333,0.0,0.0,0.0,0,1,2.0650001764297485,1.481506109237671,0.1974777044188198,1.0,2.0,5.0,1.0,2.0,2.0,2.6666666666666665,2.0615528128088303,-1.0,-1.0,0,1,11,0.7172740121448937,HIGH
North Zone 2,Bellary Road 2,1.0,0.0,11,1,1,,,0.0,0.0,0.0,1.0,3.0,0.0,1.0,0.0,0.0,0.0,0,0,1.40625,1.40625,2.6754,1.0,2.0,1.0,1.0,2.0,1.0,1.6666666666666667,0.5773502691896257,-1.0,-1.0,0,5,3,0.056406560719317975,LOW
Central Zone 2,Non-corridor,4.0,0.0,11,8,5,0.07723333333333333,30.133333333333336,0.0,0.0,0.0,0.975,2.1875,0.25,0.25,0.0,0.0,0.0,1,0,12.51637949901827,9.219560924286025,0.41396661208078445,20.0,5.0,9.0,15.0,4.0,5.0,9.666666666666666,7.32575365861197,15.0,11.0,0,1,11,0.718159128334034,HIGH
Central Zone 2,Mysore Road,5.0,4.0,11,2,0,0.60015,49.75,0.5,0.0,0.0,0.95,2.25,0.0,0.0,0.0,0.0,0.0,0,0,1.25742343446121,0.8138491467167228,0.3224124056299062,1.0,1.0,3.0,1.0,0.0,0.0,1.3333333333333333,0.9574271077563381,0.0,1.0,0,1,10,0.5736245775670347,MEDIUM
West Zone 1,Tumkur Road,3.0,0.0,11,2,2,,,0.0,0.0,0.0,0.95,2.25,0.0,0.0,0.0,0.0,0.0,0,0,1.875122296391055,1.594171366887167,0.18219473914589757,2.0,1.0,1.0,2.0,0.0,1.0,2.3333333333333335,1.4142135623730951,1.0,2.0,0,8,19,0.4329010267498698,MEDIUM
South Zone 2,Bannerghata Road,4.0,0.0,11,1,1,,,0.0,0.0,0.0,0.3,1.0,0.0,0.0,0.0,0.0,0.0,0,0,1.042999267578125,0.7285232543945312,1.1091546866588242,1.0,1.0,1.0,1.0,0.0,1.0,1.0,0.0,0.0,1.0,0,7,1,0.0834435464123765,LOW
South Zone 2,Bannerghata Road,5.0,8.0,11,3,3,,,0.0,0.0,0.0,1.0,2.1666666666666665,0.0,0.0,0.0,0.0,0.0,1,0,1.000244140625,0.9220218658447266,0.6838373364187879,1.0,1.0,1.0,1.0,1.0,0.0,1.0,0.0,0.0,0.0,0,7,1,0.23561624523685884,LOW
Central Zone 1,Old Madras Road,6.0,0.0,11,2,2,,,0.0,0.0,0.0,1.0,1.0,0.0,0.0,0.0,0.0,0.0,0,0,2.5093499631329905,2.230447903660661,0.6491590837878118,3.0,2.0,1.0,3.0,1.0,1.0,2.6666666666666665,0.9574271077563381,1.0,2.0,0,0,18,0.5956483322140712,MEDIUM
North Zone 2,Bellary Road 1,5.0,20.0,11,1,0,0.2498,20.5,0.0,0.0,0.0,0.3,1.0,1.0,0.0,0.0,0.0,0.0,0,0,1.0,0.71875,1.0268897280966767,1.0,1.0,1.0,1.0,0.0,1.0,1.0,0.0,0.0,1.0,0,5,2,0.19418649797043802,LOW
North Zone 2,Bellary Road 1,6.0,4.0,11,4,3,0.8556,175.5,0.5,0.0,0.0,0.95,1.125,0.0,0.0,0.0,0.0,0.0,1,0,1.4559331091006698,0.7263412205479582,0.7734280202426259,1.0,1.0,2.0,0.0,1.0,1.0,2.0,1.4142135623730951,0.0,-1.0,0,5,2,0.1639665637297947,LOW
Central Zone 2,Non-corridor,3.0,12.0,11,4,3,0.4963,79.4,0.0,0.0,0.0,0.975,2.125,0.5,0.0,0.0,0.0,0.0,1,0,14.582888838552034,11.109520349932106,0.601648697270152,26.0,3.0,1.0,21.0,1.0,0.0,11.333333333333334,11.615363389350618,23.0,20.0,0,1,11,0.7183114868436348,HIGH
Central Zone 2,Non-corridor,5.0,16.0,11,2,1,0.2607,70.1,0.5,0.0,0.0,0.95,2.25,0.0,0.5,0.0,0.0,0.0,0,0,1.5874710120260715,1.521979931741953,1.5592655686596042,2.0,1.0,1.0,2.0,1.0,1.0,1.3333333333333333,0.5,1.0,1.0,0,1,11,0.46999090328086224,MEDIUM
Central Zone 2,Non-corridor,5.0,12.0,11,3,3,,,0.0,0.0,0.0,0.7666666666666666,2.8333333333333335,0.0,0.3333333333333333,0.0,0.0,0.0,1,0,5.535773176039983,2.4406675221908465,0.7309656884500402,9.0,2.0,3.0,3.0,2.0,3.0,4.0,3.593976442141304,7.0,1.0,0,1,11,0.718159128334034,HIGH
Central Zone 2,Non-corridor,2.0,12.0,11,4,3,0.5494,87.9,0.0,0.0,0.0,0.95,2.125,0.25,0.5,0.0,0.0,0.0,1,0,4.050730836519506,3.381413287628675,0.16376768357644725,5.0,2.0,1.0,5.0,2.0,1.0,4.333333333333333,2.3804761428476167,3.0,3.0,0,1,11,0.7143010818692955,HIGH
North Zone 1,ORR North 1,3.0,12.0,11,1,0,0.2345,52.0,0.0,0.0,0.0,1.0,1.0,0.0,0.0,0.0,0.0,0.0,0,0,1.75,1.3515625,0.7281187833219411,1.0,4.0,1.0,1.0,3.0,1.0,2.0,1.5,-3.0,-2.0,0,4,14,0.42229881842320893,MEDIUM
North Zone 2,Bellary Road 1,1.0,4.0,11,1,1,,,0.0,0.0,0.0,1.0,1.0,0.0,0.0,0.0,0.0,0.0,0,0,1.0625,0.373046875,0.555903107780167,1.0,1.0,2.0,0.0,1.0,1.0,1.0,0.5,0.0,-1.0,0,5,2,0.3360664625298678,MEDIUM
West Zone 1,Magadi Road,3.0,8.0,11,2,1,0.04,8.2,0.0,0.0,0.0,1.0,2.0,0.0,0.0,0.0,0.0,0.0,0,0,1.6262826919555664,1.5399417877197266,1.0643050455510277,2.0,1.0,1.0,2.0,1.0,0.0,1.6666666666666667,0.5773502691896257,1.0,1.0,0,8,9,0.06997314502009212,LOW
Central Zone 2,Non-corridor,5.0,0.0,11,6,4,0.41509999999999997,92.9,0.0,0.0,0.0,0.85,1.9166666666666667,0.0,0.16666666666666666,0.0,0.0,0.0,1,0,4.094736161725994,2.0748375685154885,0.5397961557147378,6.0,1.0,5.0,3.0,0.0,4.0,3.3333333333333335,2.2173557826083443,5.0,3.0,0,1,11,0.718159128334034,HIGH
North Zone 2,Bellary Road 1,2.0,0.0,11,1,1,,,0.0,0.0,0.0,0.9,1.0,0.0,0.0,0.0,0.0,0.0,0,0,1.1343138217926025,0.9779188632965088,0.3402794767292245,1.0,1.0,1.0,1.0,1.0,1.0,1.3333333333333333,0.5,0.0,0.0,0,5,2,0.47064685529219824,MEDIUM
North Zone 1,ORR North 1,5.0,0.0,11,2,1,2.1081000000000003,67.89999999999999,0.0,0.0,0.0,0.95,3.0,0.5,0.5,0.0,0.0,0.0,0,0,1.6953468659194186,1.6611472071381286,0.9514613579309538,2.0,1.0,4.0,2.0,1.0,4.0,1.3333333333333333,1.4142135623730951,1.0,1.0,0,4,14,0.206606623160827,LOW
Central Zone 2,Non-corridor,6.0,12.0,11,3,2,0.0268,4.9,0.0,0.0,0.0,0.9666666666666667,1.6666666666666667,0.0,0.0,0.0,0.0,0.0,0,1,3.5825582240780034,2.3121862894824554,0.3929046644347761,5.0,2.0,5.0,3.0,2.0,2.0,2.6666666666666665,2.0615528128088303,3.0,1.0,0,1,11,0.7172740121448937,HIGH
Central Zone 2,Non-corridor,6.0,4.0,11,2,1,0.0355,14.2,0.0,0.0,0.0,1.0,1.0,0.0,1.0,0.0,0.0,0.0,0,0,2.040820827011438,1.4999041577347065,0.1314526687753828,2.0,1.0,5.0,2.0,0.0,4.0,1.6666666666666667,1.7320508075688772,1.0,2.0,0,1,11,0.6170601169334686,HIGH
North Zone 1,Hennur Main Road,3.0,8.0,11,1,1,,,0.0,0.0,0.0,1.0,1.0,0.0,1.0,0.0,0.0,0.0,0,0,1.02569580078125,1.017578125,1.3169352545645914,1.0,1.0,1.0,1.0,1.0,1.0,1.0,0.0,0.0,0.0,0,4,6,0.08124030478422539,LOW
South Zone 2,IRR(Thanisandra road),4.0,4.0,11,1,1,,,1.0,0.0,0.0,1.0,1.0,0.0,0.0,0.0,0.0,0.0,0,0,1.0,0.0,0.37048400000000004,1.0,1.0,0.0,0.0,0.0,0.0,1.0,0.0,0.0,0.0,0,7,8,0.15091509078041726,LOW
North Zone 1,Hennur Main Road,2.0,4.0,11,1,1,,,1.0,0.0,0.0,0.3,1.5,0.0,1.0,0.0,0.0,0.0,0,0,1.0,1.0,0.0,1.0,1.0,1.0,1.0,1.0,1.0,1.0,0.0,0.0,0.0,0,4,6,0.12099335812553735,LOW
North Zone 1,Hennur Main Road,4.0,8.0,11,1,0,0.663,136.0,0.0,0.0,0.0,0.9,1.0,0.0,1.0,0.0,0.0,0.0,0,0,1.250401496887207,0.500274658203125,0.6417096972992888,1.0,2.0,1.0,0.0,1.0,1.0,1.3333333333333333,0.5,-1.0,-1.0,0,4,6,0.0478194301254299,LOW
Central Zone 2,Mysore Road,3.0,8.0,11,3,3,,,0.6666666666666666,0.0,0.0,0.9333333333333332,2.0,0.0,0.0,0.0,0.0,0.0,1,0,4.757881247952355,4.43299377305334,1.2400191007279449,8.0,2.0,1.0,8.0,1.0,0.0,3.6666666666666665,3.366501646120693,6.0,7.0,0,1,10,0.3283721748229256,MEDIUM
North Zone 2,Bellary Road 2,5.0,0.0,11,1,1,,,0.0,0.0,0.0,0.3,1.5,0.0,1.0,0.0,0.0,0.0,0,0,1.2373452867628885,1.1102528576171835,0.4837368957671336,1.0,1.0,4.0,1.0,1.0,2.0,1.0,1.5,0.0,0.0,0,5,3,0.3421565745027355,MEDIUM
North Zone 2,Bellary Road 2,4.0,20.0,11,1,0,0.1656,37.4,0.0,0.0,0.0,0.3,1.0,0.0,1.0,0.0,0.0,0.0,0,0,1.5,1.0,0.1189,2.0,1.0,0.0,2.0,0.0,0.0,1.5,0.7071067811865476,1.0,2.0,0,5,3,0.29412946525156736,LOW
Central Zone 2,Mysore Road,6.0,8.0,11,1,0,0.4814,39.5,0.0,0.0,0.0,1.0,2.5,0.0,0.0,0.0,0.0,0.0,0,0,2.7628537179994095,1.594298469218949,0.5637948608356346,3.0,2.0,1.0,2.0,1.0,1.0,3.3333333333333335,1.7078251276599332,1.0,1.0,0,1,10,0.4899735999283411,MEDIUM
North Zone 2,Bellary Road 1,4.0,8.0,11,1,0,0.2423,49.7,0.0,0.0,0.0,0.3,1.0,0.0,0.0,0.0,0.0,0.0,0,0,1.027330027617623,0.8969630669120789,0.6116325144599848,1.0,1.0,1.0,1.0,1.0,0.0,1.0,0.0,0.0,0.0,0,5,2,0.44307558316044204,MEDIUM
West Zone 1,Tumkur Road,3.0,12.0,11,1,1,,,0.0,0.0,0.0,0.9,2.5,0.0,0.0,0.0,0.0,0.0,0,0,2.349609375,1.775177001953125,0.19161113498926372,3.0,1.0,2.0,3.0,0.0,2.0,2.0,0.8164965809277269,2.0,3.0,0,8,19,0.25001720987395437,LOW
North Zone 2,Bellary Road 2,2.0,0.0,11,1,1,,,0.0,0.0,0.0,0.3,3.0,0.0,1.0,0.0,0.0,0.0,0,0,1.281646728515625,1.109771728515625,1.1736864338990967,1.0,1.0,3.0,1.0,1.0,1.0,1.3333333333333333,0.9574271077563381,0.0,0.0,0,5,3,0.12194577153156683,LOW
Central Zone 2,Mysore Road,2.0,8.0,11,1,1,2.34,1341.9,0.0,0.0,0.0,1.0,1.0,0.0,0.0,0.0,0.0,0.0,0,0,2.126366451382637,1.169977705925703,0.5652124650858803,1.0,4.0,2.0,0.0,3.0,2.0,2.6666666666666665,1.2909944487358056,-3.0,-3.0,0,1,10,0.6069353523203517,HIGH
North Zone 2,Bellary Road 1,4.0,0.0,11,2,2,,,0.0,0.0,0.0,0.6,1.0,0.0,0.0,0.0,0.0,0.0,0,0,3.132843145669767,2.8383731631458886,0.8184427946910542,5.0,1.0,1.0,5.0,0.0,1.0,2.6666666666666665,1.8929694486000912,4.0,5.0,0,5,2,0.041517341871747104,LOW
North Zone 2,Bellary Road 1,3.0,20.0,11,1,1,,,0.0,0.0,0.0,1.0,1.0,0.0,0.0,0.0,0.0,0.0,0,0,1.0,0.5,0.4753,1.0,1.0,0.0,1.0,0.0,0.0,1.0,0.0,0.0,1.0,0,5,2,0.23015911074981932,LOW
East Zone 1,ORR East 2,4.0,12.0,11,2,2,,,0.0,0.0,0.0,0.95,2.0,0.0,0.5,0.0,0.0,0.0,0,0,1.0,0.0,0.2291,1.0,0.0,0.0,0.0,0.0,0.0,1.0,0.0,0.0,0.0,0,2,13,0.08883309935364823,LOW
North Zone 2,Bellary Road 1,5.0,12.0,11,1,0,0.1341,27.5,0.0,0.0,0.0,0.3,1.0,0.0,0.0,0.0,0.0,0.0,0,0,1.02127505838871,0.23981115221977234,0.12435242961334345,1.0,1.0,1.0,0.0,0.0,1.0,1.0,0.0,0.0,0.0,0,5,2,0.3226859480771261,MEDIUM
Central Zone 2,Non-corridor,4.0,4.0,11,3,2,0.0037,1.7,0.0,0.0,0.0,1.0,1.0,0.0,0.3333333333333333,0.0,0.0,0.0,0,1,4.017178928276069,1.7551922920489944,0.5794701752019189,5.0,3.0,3.0,2.0,2.0,2.0,3.6666666666666665,1.0,2.0,0.0,0,1,11,0.718159128334034,HIGH
Central Zone 1,Old Madras Road,3.0,4.0,11,2,2,,,0.5,0.0,0.0,0.9,1.75,0.0,0.0,0.0,0.0,0.0,0,0,1.187744140625,0.6513671875,0.2710400071950211,1.0,1.0,2.0,1.0,0.0,2.0,1.3333333333333333,0.5773502691896257,0.0,1.0,0,0,18,0.3535691572893675,MEDIUM
West Zone 1,Tumkur Road,5.0,0.0,11,3,3,,,0.0,0.0,0.0,1.0,2.8333333333333335,0.0,0.0,0.0,0.0,0.0,1,0,1.0477018915153233,0.43335180265222095,0.8029053332265487,1.0,1.0,1.0,0.0,1.0,0.0,1.0,0.0,0.0,-1.0,0,8,19,0.07209636753652406,LOW
North Zone 2,ORR North 2,2.0,0.0,11,1,1,,,0.0,0.0,0.0,0.3,1.5,0.0,0.0,0.0,0.0,0.0,0,0,1.06689453125,0.49462890625,0.896676414767734,1.0,1.0,2.0,0.0,1.0,1.0,1.0,0.5,0.0,-1.0,0,5,15,0.0866695509605112,LOW
Central Zone 2,Mysore Road,1.0,8.0,11,2,1,1.3002,76.2,1.0,0.0,0.0,0.65,1.75,0.0,0.0,0.0,0.0,0.0,0,0,1.5517578125,0.658935546875,0.6075509195540243,1.0,2.0,1.0,0.0,1.0,0.0,2.0,0.9574271077563382,-1.0,-1.0,0,1,10,0.19810199668320141,LOW
North Zone 2,Bellary Road 1,3.0,12.0,11,2,2,,,0.0,0.0,0.0,0.6,1.25,0.0,0.0,0.0,0.0,0.0,0,0,3.14263916015625,2.2664794921875,0.6245360238381177,5.0,1.0,1.0,4.0,0.0,0.0,2.6666666666666665,1.8929694486000912,4.0,4.0,0,5,2,0.07408057351250015,LOW
Central Zone 2,Non-corridor,4.0,8.0,11,3,2,1.0754,122.9,0.6666666666666666,0.0,0.0,0.9666666666666667,2.1666666666666665,0.0,0.0,0.0,0.0,0.0,0,0,5.9584250363834474,3.683644347671138,0.5700535198272435,9.0,1.0,7.0,6.0,0.0,4.0,5.0,3.415650255319866,8.0,6.0,0,1,11,0.718159128334034,HIGH
South Zone 1,ORR West 1,3.0,4.0,11,2,1,0.3359,22.5,0.5,0.0,0.0,0.9,2.5,0.0,0.0,0.0,0.0,0.0,0,0,1.0,0.75,0.4802,1.0,1.0,0.0,1.0,1.0,0.0,1.0,0.0,0.0,0.0,0,6,16,0.14675006581480712,LOW
North Zone 2,ORR North 2,3.0,8.0,11,1,1,,,0.0,0.0,0.0,1.0,3.0,0.0,0.0,0.0,0.0,0.0,0,0,1.9301762729883194,1.3032229095697403,0.05226773346781784,2.0,1.0,1.0,1.0,1.0,1.0,2.3333333333333335,1.4142135623730951,1.0,0.0,0,5,15,0.44681502901395853,MEDIUM
Central Zone 2,Non-corridor,6.0,8.0,11,5,4,0.1165,38.4,0.6,0.0,0.0,0.86,2.1,0.2,0.2,0.2,0.0,0.0,1,1,4.218799390293422,2.7826367163864845,0.8843185659148527,5.0,2.0,3.0,3.0,1.0,2.0,4.333333333333333,1.8257418583505538,3.0,2.0,0,1,11,0.718159128334034,HIGH
South Zone 2,Hosur Road,2.0,0.0,11,2,2,,,0.0,0.0,0.0,0.95,2.0,0.0,0.0,0.0,0.0,0.0,0,0,1.051025390625,0.62640380859375,0.33595623681778236,1.0,1.0,1.0,1.0,0.0,1.0,1.0,0.0,0.0,1.0,0,7,7,0.389711848977565,MEDIUM
West Zone 2,West of Chord Road,0.0,0.0,11,1,1,,,0.0,0.0,0.0,1.0,2.5,0.0,0.0,0.0,0.0,0.0,0,0,0.0,0.0,0.0,0.0,0.0,0.0,0.0,0.0,0.0,0.0,0.0,0.0,0.0,0,9,21,0.02748265501356657,LOW
East Zone 1,ORR East 2,5.0,0.0,11,1,1,2.34,794.1,0.0,0.0,0.0,0.3,1.0,0.0,1.0,0.0,0.0,0.0,0,0,1.7501220704580271,1.750091552763486,2.342147121624815,2.0,2.0,1.0,2.0,2.0,1.0,1.6666666666666667,0.5773502691896257,0.0,0.0,0,2,13,0.07629162916851637,LOW
East Zone 1,Varthur Road,1.0,0.0,11,2,1,0.9155,62.6,0.0,0.0,0.0,0.65,2.0,0.0,1.0,0.0,0.0,0.0,0,0,1.0,0.5,0.5484,1.0,1.0,0.0,0.0,1.0,0.0,1.0,0.0,0.0,-1.0,0,2,20,0.11771883265338508,LOW
East Zone 1,ORR East 2,6.0,0.0,11,1,1,2.34,779.8,0.0,0.0,0.0,0.3,1.0,0.0,1.0,0.0,0.0,0.0,0,0,1.520690947771108,1.504577659070499,2.315774843863137,2.0,1.0,1.0,2.0,1.0,1.0,1.3333333333333333,0.5,1.0,1.0,0,2,13,0.0537361738716898,LOW
West Zone 1,Magadi Road,4.0,0.0,11,1,1,,,0.0,0.0,0.0,0.9,2.5,0.0,0.0,0.0,0.0,0.0,0,0,1.1032752990722656,1.0368614196777344,1.1264662197495503,1.0,1.0,2.0,1.0,1.0,1.0,1.0,0.5,0.0,0.0,0,8,9,0.09451813665397577,LOW
West Zone 1,Magadi Road,5.0,4.0,11,4,1,0.732325,35.8,0.5,0.0,0.0,0.75,2.25,0.25,0.0,0.0,0.0,0.0,0,0,1.1250077039003372,0.19968394935131073,0.32543766291436915,1.0,1.0,1.0,0.0,0.0,1.0,1.3333333333333333,0.5,0.0,0.0,0,8,9,0.37245626424970246,MEDIUM
Central Zone 1,Old Madras Road,2.0,8.0,11,2,2,,,0.5,0.0,0.0,0.65,2.75,0.5,0.0,0.0,0.0,0.0,0,0,1.041015625,0.1634521484375,0.6424692119653144,1.0,1.0,1.0,0.0,0.0,0.0,1.0,0.0,0.0,0.0,0,0,18,0.12912783398737385,LOW
Central Zone 1,Old Madras Road,2.0,4.0,11,2,2,,,0.0,0.0,0.0,0.3,3.0,0.0,0.0,0.0,0.0,0.0,0,0,1.00390625,0.421875,0.2979926179084074,1.0,1.0,1.0,0.0,1.0,0.0,1.0,0.0,0.0,-1.0,0,0,18,0.16660586116423615,LOW
Central Zone 1,Old Madras Road,4.0,4.0,11,3,2,0.2028,41.6,0.0,0.0,0.0,0.7666666666666666,1.0,0.0,0.0,0.0,0.0,0.0,0,0,1.1992340087890625,1.04071044921875,0.3544555869385139,1.0,1.0,2.0,1.0,1.0,2.0,1.3333333333333333,0.5773502691896257,0.0,0.0,0,0,18,0.4461687689014941,MEDIUM
West Zone 1,Magadi Road,5.0,0.0,11,1,1,,,0.0,0.0,0.0,1.0,1.0,0.0,0.0,0.0,0.0,0.0,0,0,1.3157273530960083,1.3136519193649292,1.1264662197495503,1.0,2.0,2.0,1.0,2.0,2.0,1.3333333333333333,0.5773502691896257,-1.0,-1.0,0,8,9,0.04453059223577798,LOW
North Zone 1,ORR North 1,2.0,4.0,11,1,0,0.8763,42.8,1.0,0.0,0.0,1.0,3.0,0.0,0.0,0.0,0.0,0.0,0,0,1.12750244140625,0.48486328125,0.9232509469968175,1.0,1.0,1.0,0.0,1.0,1.0,1.3333333333333333,0.5,0.0,-1.0,0,4,14,0.14956201265796285,LOW
North Zone 1,ORR North 1,2.0,0.0,11,1,0,0.5326,43.7,0.0,0.0,0.0,1.0,2.5,0.0,0.0,0.0,0.0,0.0,0,0,1.14111328125,0.37548828125,1.6352310129870127,1.0,1.0,1.0,0.0,0.0,1.0,1.3333333333333333,0.5,0.0,0.0,0,4,14,0.1975231083148142,LOW
Central Zone 2,Non-corridor,6.0,0.0,11,2,1,0.2263,36.2,0.0,0.0,0.0,0.65,2.5,0.0,0.5,0.0,0.0,0.0,0,0,6.300610587471086,5.228558576029572,0.43601215706999336,8.0,4.0,4.0,7.0,4.0,2.0,6.0,1.9148542155126762,4.0,3.0,0,1,11,0.718159128334034,HIGH
Central Zone 2,Non-corridor,5.0,20.0,11,1,1,,,0.0,0.0,0.0,1.0,2.5,0.0,1.0,0.0,0.0,0.0,0,0,1.3243408203125,1.306635856628418,0.5130717107125045,1.0,2.0,2.0,1.0,2.0,2.0,1.3333333333333333,0.5773502691896257,-1.0,-1.0,0,1,11,0.28158380259068455,LOW
East Zone 1,ORR East 1,1.0,0.0,11,3,2,0.0158,1.3,0.0,0.0,0.0,0.9333333333333332,2.5,0.0,0.3333333333333333,0.0,0.0,0.0,0,1,1.5625,0.875,0.1109178947368421,2.0,1.0,2.0,1.0,1.0,1.0,1.3333333333333333,0.5773502691896257,1.0,0.0,0,2,12,0.47341919026595575,MEDIUM
South Zone 1,ORR West 1,6.0,4.0,11,1,1,,,1.0,0.0,0.0,1.0,2.5,0.0,0.0,0.0,0.0,0.0,0,0,1.001953125,0.26513671875,0.09624814096634739,1.0,1.0,1.0,0.0,1.0,0.0,1.0,0.0,0.0,-1.0,0,6,16,0.166670509161866,LOW
Central Zone 1,Old Madras Road,4.0,8.0,11,1,1,,,1.0,0.0,0.0,0.3,0.5,0.0,0.0,0.0,0.0,0.0,0,0,1.4067583084106445,1.3926579356193542,1.1911588213530093,1.0,1.0,1.0,1.0,1.0,1.0,2.0,1.5000000000000002,0.0,0.0,0,0,18,0.355523750219118,MEDIUM
North Zone 2,ORR North 2,0.0,4.0,11,1,1,,,1.0,0.0,0.0,1.0,1.5,0.0,0.0,0.0,0.0,0.0,0,0,0.0,0.0,0.0,0.0,0.0,0.0,0.0,0.0,0.0,0.0,0.0,0.0,0.0,0,5,15,0.07798859039712215,LOW
North Zone 1,Airport New South Road,2.0,8.0,11,1,0,0.3013,64.5,0.0,0.0,0.0,0.9,1.0,0.0,1.0,0.0,0.0,0.0,0,0,1.0,0.0,0.08732000000000001,1.0,1.0,0.0,0.0,0.0,0.0,1.0,0.0,0.0,0.0,0,4,0,0.1293643365497615,LOW
North Zone 2,Bellary Road 2,6.0,0.0,11,1,1,,,0.0,0.0,0.0,0.9,1.0,0.0,0.0,0.0,0.0,0.0,0,0,1.1895690162533021,0.8770069594031333,1.0045936938786546,1.0,1.0,1.0,1.0,1.0,1.0,1.3333333333333333,0.4999999999999999,0.0,0.0,0,5,3,0.06145908175689351,LOW
East Zone 1,ORR East 1,1.0,12.0,11,1,1,,,0.0,0.0,0.0,1.0,2.5,0.0,1.0,0.0,0.0,0.0,0,0,1.0,0.5,0.2608,1.0,1.0,0.0,0.0,1.0,0.0,1.0,0.0,0.0,-1.0,0,2,12,0.10181310277884285,LOW
South Zone 1,ORR West 1,4.0,0.0,11,2,1,0.2809,62.3,0.0,0.0,0.0,0.65,1.75,0.0,0.0,0.0,0.0,0.0,0,0,1.01715087890625,0.2630157470703125,0.32468307792009793,1.0,1.0,1.0,0.0,0.0,1.0,1.0,0.0,0.0,0.0,0,6,16,0.39550886425385956,MEDIUM
North Zone 2,ORR North 2,4.0,8.0,11,1,1,,,0.0,0.0,0.0,0.3,1.0,0.0,0.0,0.0,0.0,0.0,0,0,1.5012036563166475,1.5000740290306567,2.566528234199168,2.0,1.0,1.0,2.0,1.0,1.0,1.3333333333333333,0.5,1.0,1.0,0,5,15,0.11186558067603943,LOW
Central Zone 2,Non-corridor,1.0,0.0,11,14,11,0.3634,71.76666666666667,0.0,0.0,0.0,0.8571428571428571,1.75,0.21428571428571427,0.21428571428571427,0.0,0.0,0.0,1,1,3.967633754014969,1.5221451818943024,0.1837616968091096,5.0,3.0,2.0,1.0,3.0,1.0,3.3333333333333335,1.4142135623730947,2.0,-2.0,0,1,11,0.7183114868436348,HIGH
North Zone 1,ORR North 1,2.0,8.0,11,2,1,0.4641,64.0,0.0,0.0,0.0,1.0,1.25,0.0,0.5,0.0,0.0,0.0,0,0,1.8203125,1.2578125,0.9272215256797581,2.0,1.0,2.0,1.0,1.0,2.0,1.6666666666666667,0.5000000000000003,1.0,0.0,0,4,14,0.3114990281471212,MEDIUM
Central Zone 2,Non-corridor,2.0,8.0,11,4,3,0.1103,14.7,0.25,0.0,0.0,0.775,2.625,0.0,0.0,0.0,0.0,0.0,1,0,5.808969051838005,2.938627949479155,0.44739793744176315,7.0,5.0,4.0,3.0,3.0,1.0,5.666666666666667,1.2583057392117913,2.0,0.0,0,1,11,0.718159128334034,HIGH
North Zone 2,Bellary Road 2,5.0,4.0,11,1,0,0.1331,9.1,0.0,0.0,0.0,0.9,3.0,0.0,1.0,0.0,0.0,0.0,0,0,1.0380938649759628,0.47332015266874805,0.3662776447370375,1.0,1.0,1.0,0.0,1.0,0.0,1.0,0.0,0.0,-1.0,0,5,3,0.30379932061584725,MEDIUM
West Zone 1,Tumkur Road,4.0,0.0,11,1,1,,,0.0,0.0,0.0,0.3,2.5,0.0,0.0,0.0,0.0,0.0,0,0,2.0955811741175694,1.0718693079754757,0.621412413898148,3.0,1.0,2.0,2.0,0.0,0.0,1.6666666666666667,0.9574271077563381,2.0,2.0,0,8,19,0.22195786688326466,LOW
North Zone 1,Airport New South Road,1.0,0.0,11,1,1,,,0.0,0.0,0.0,1.0,1.5,0.0,1.0,0.0,0.0,0.0,0,0,1.0,1.0,1.7774,1.0,1.0,0.0,1.0,1.0,0.0,1.0,0.0,0.0,0.0,0,4,0,0.03930901924128112,LOW
Central Zone 2,Non-corridor,3.0,8.0,11,1,0,0.4762,74.7,0.0,0.0,0.0,0.9,3.0,0.0,1.0,0.0,0.0,0.0,0,1,19.745475404680352,12.527751805549524,0.6118813161901696,36.0,1.0,2.0,23.0,0.0,2.0,15.666666666666666,16.33758448078132,35.0,23.0,0,1,11,0.7143010818692955,HIGH
East Zone 1,ORR East 1,3.0,0.0,11,1,1,,,0.0,0.0,0.0,1.0,3.0,0.0,0.0,0.0,0.0,0.0,0,0,1.1647729873657227,1.1640758514404297,0.6044886690747923,1.0,1.0,1.0,1.0,1.0,1.0,1.3333333333333333,0.5,0.0,0.0,0,2,12,0.426301524396116,MEDIUM
Central Zone 2,Non-corridor,4.0,16.0,11,1,1,,,1.0,0.0,0.0,1.0,1.0,1.0,0.0,0.0,0.0,0.0,0,0,2.598144769668579,2.4067156314849854,1.3087840170026532,3.0,1.0,1.0,3.0,1.0,0.0,2.6666666666666665,1.5,2.0,2.0,0,1,11,0.5942929521082791,MEDIUM
North Zone 2,Bellary Road 2,1.0,4.0,11,1,1,,,0.0,0.0,0.0,1.0,1.0,0.0,0.0,0.0,0.0,0.0,0,0,1.00390625,0.75390625,0.4238,1.0,1.0,1.0,1.0,0.0,1.0,1.0,0.0,0.0,1.0,0,5,3,0.41042059930478897,MEDIUM
North Zone 2,Bellary Road 1,2.0,8.0,11,3,2,0.0994,20.4,0.0,0.0,0.0,1.0,1.5,0.0,0.0,0.0,0.0,0.0,0,0,1.8883134126663208,1.5588032007217407,1.0107268699885903,2.0,2.0,1.0,2.0,1.0,1.0,1.6666666666666667,0.5773502691896258,0.0,1.0,0,5,2,0.12796044726106653,LOW
North Zone 1,ORR North 1,1.0,0.0,11,2,1,0.0049,1.0,0.0,0.0,0.0,0.95,2.0,0.0,0.0,0.0,0.0,0.0,0,0,1.03125,1.03125,0.0,1.0,1.0,1.0,1.0,1.0,1.0,1.0,0.0,0.0,0.0,0,4,14,0.3684516997502122,MEDIUM
West Zone 2,West of Chord Road,0.0,12.0,11,1,0,0.1369,31.8,0.0,0.0,0.0,0.3,1.0,0.0,0.0,0.0,0.0,0.0,0,0,0.0,0.0,0.0,0.0,0.0,0.0,0.0,0.0,0.0,0.0,0.0,0.0,0.0,0,9,21,0.08248757518120567,LOW
West Zone 2,West of Chord Road,0.0,4.0,11,1,0,1.2179,115.3,0.0,0.0,0.0,1.0,2.5,0.0,0.0,0.0,0.0,0.0,0,0,1.0,1.0,0.0,1.0,0.0,0.0,1.0,0.0,0.0,1.0,0.0,0.0,0.0,0,9,21,0.032909057660129776,LOW
North Zone 2,ORR North 2,5.0,8.0,11,1,1,,,0.0,0.0,0.0,0.9,1.0,0.0,0.0,0.0,0.0,0.0,0,0,1.3798851633912435,1.3408204570879505,0.5625928646004087,1.0,2.0,1.0,1.0,2.0,1.0,1.6666666666666667,0.5773502691896257,-1.0,-1.0,0,5,15,0.10511599461456181,LOW
West Zone 1,Tumkur Road,4.0,4.0,11,2,1,0.0648,13.3,0.0,0.0,0.0,0.95,1.75,0.0,0.0,0.0,0.0,0.0,0,0,1.0471232028230588,0.47396594260135316,0.26000800397304275,1.0,1.0,1.0,0.0,1.0,1.0,1.0,0.0,0.0,-1.0,0,8,19,0.1235892898898748,LOW
North Zone 2,ORR North 2,1.0,20.0,11,1,0,1.0325,70.6,0.0,0.0,0.0,0.9,3.0,0.0,0.0,0.0,0.0,0.0,0,0,1.0,0.0,1.1027,1.0,0.0,0.0,0.0,0.0,0.0,1.0,0.0,0.0,0.0,0,5,15,0.19924382409578303,LOW
Central Zone 2,Mysore Road,5.0,12.0,11,1,1,,,0.0,0.0,0.0,0.9,2.5,0.0,0.0,0.0,0.0,0.0,0,0,2.029368476709351,1.7214137427035894,0.8083412682801064,3.0,1.0,1.0,3.0,0.0,1.0,1.6666666666666667,1.0,2.0,3.0,0,1,10,0.28835747000143086,LOW
Central Zone 1,Old Airport Road,2.0,4.0,11,1,1,,,1.0,0.0,0.0,1.0,1.0,0.0,0.0,0.0,0.0,0.0,0,0,1.0,0.53125,0.5898184,1.0,1.0,1.0,1.0,0.0,0.0,1.0,0.0,0.0,1.0,0,0,17,0.06208526286454726,LOW
Central Zone 1,Old Airport Road,2.0,0.0,11,1,0,0.739,69.3,0.0,0.0,0.0,1.0,2.5,0.0,1.0,0.0,0.0,0.0,0,0,1.0,0.0,1.3674,1.0,0.0,0.0,0.0,0.0,0.0,1.0,0.0,0.0,0.0,0,0,17,0.041450562417497255,LOW
East Zone 1,Varthur Road,4.0,12.0,11,1,1,,,0.0,0.0,0.0,0.9,3.0,0.0,1.0,0.0,0.0,0.0,0,0,1.0,1.0,1.5624,1.0,1.0,1.0,1.0,1.0,1.0,1.0,0.0,0.0,0.0,0,2,20,0.03549339484697109,LOW
South Zone 2,Bannerghata Road,0.0,4.0,11,1,0,0.0958,10.5,1.0,0.0,0.0,1.0,1.5,0.0,0.0,0.0,0.0,0.0,0,0,0.0,0.0,0.0,0.0,0.0,0.0,0.0,0.0,0.0,0.0,0.0,0.0,0.0,0,7,1,0.041129395123217706,LOW
Central Zone 2,Non-corridor,1.0,12.0,11,8,7,1.01,1386.9,0.0,0.0,0.0,0.625,2.125,0.125,0.375,0.0,0.0,0.0,1,0,1.793506383895874,1.2688261270523071,0.08885981121830805,1.0,3.0,3.0,1.0,2.0,1.0,2.0,0.957427107756338,-2.0,-1.0,0,1,11,0.5861243312604936,MEDIUM
North Zone 2,ORR North 2,5.0,0.0,11,1,1,,,0.0,0.0,0.0,1.0,1.5,0.0,0.0,0.0,0.0,0.0,0,0,1.0509033522102982,0.9726769898552448,0.19508899150089087,1.0,1.0,1.0,1.0,1.0,0.0,1.0,0.0,0.0,0.0,0,5,15,0.30917494220586905,MEDIUM
North Zone 2,ORR North 2,6.0,4.0,11,1,1,2.2093,107.9,1.0,0.0,0.0,0.3,3.0,0.0,0.0,0.0,0.0,0.0,0,0,1.031313180923462,0.48198258876800537,0.3263723056840513,1.0,1.0,1.0,0.0,1.0,1.0,1.0,0.0,0.0,-1.0,0,5,15,0.11800884167951399,LOW
West Zone 1,Magadi Road,4.0,12.0,11,1,1,,,0.0,0.0,0.0,0.9,2.5,0.0,0.0,0.0,0.0,0.0,0,0,1.001953125,0.97802734375,1.471715143774845,1.0,1.0,1.0,1.0,1.0,1.0,1.0,0.0,0.0,0.0,0,8,9,0.07264336096783322,LOW
West Zone 2,West of Chord Road,4.0,0.0,11,1,1,,,0.0,0.0,0.0,0.9,1.0,0.0,0.0,0.0,0.0,0.0,0,0,1.0019588470458984,0.8784084320068359,0.2932745901093524,1.0,1.0,1.0,1.0,1.0,0.0,1.0,0.0,0.0,0.0,0,9,21,0.09338813933567103,LOW
East Zone 1,ORR East 2,2.0,0.0,11,2,2,1.97145,546.65,0.0,0.0,0.0,0.95,1.0,0.0,1.0,0.0,0.0,0.0,0,0,1.1260391771793365,1.0010227262973785,2.3229674635017643,1.0,1.0,1.0,1.0,1.0,1.0,1.3333333333333333,0.5,0.0,0.0,0,2,13,0.039350787547224764,LOW
East Zone 1,ORR East 2,1.0,0.0,11,1,1,2.34,767.9,0.0,0.0,0.0,0.9,1.0,0.0,1.0,0.0,0.0,0.0,0,0,1.4140625,1.1015625,1.8054644210526314,1.0,2.0,3.0,1.0,1.0,2.0,1.3333333333333333,0.9574271077563381,-1.0,0.0,0,2,13,0.04677910182996738,LOW
North Zone 2,Bellary Road 1,6.0,8.0,11,1,1,,,0.0,0.0,0.0,0.9,1.0,0.0,0.0,0.0,0.0,0.0,0,0,2.162128500614219,1.6561181964169824,1.1291055078071677,3.0,1.0,1.0,2.0,1.0,1.0,2.0,0.9574271077563381,2.0,1.0,0,5,2,0.04445022795140258,LOW
Central Zone 2,Mysore Road,6.0,4.0,11,3,2,1.1468,94.1,0.3333333333333333,0.0,0.0,0.7333333333333334,2.1666666666666665,0.0,0.0,0.0,0.0,0.0,0,0,2.528397059535795,1.6118660796598339,0.25187116233165996,4.0,1.0,1.0,3.0,0.0,1.0,2.0,1.5,3.0,3.0,0,1,10,0.33975974886379845,MEDIUM
Central Zone 2,Non-corridor,1.0,4.0,11,2,2,,,0.0,0.0,0.0,0.6,1.0,0.5,0.5,0.0,0.0,0.0,0,1,4.073054224252701,3.345610924065113,0.3391753892997634,3.0,5.0,5.0,3.0,4.0,4.0,5.0,1.632993161855452,-2.0,-1.0,0,1,11,0.718159128334034,HIGH
North Zone 2,ORR North 2,4.0,12.0,11,1,0,0.1331,9.1,0.0,0.0,0.0,1.0,3.0,0.0,0.0,0.0,0.0,0.0,0,0,1.0,0.9296875,0.6845223376623377,1.0,1.0,1.0,1.0,1.0,0.0,1.0,0.0,0.0,0.0,0,5,15,0.21151044678648068,LOW
Central Zone 2,Mysore Road,4.0,8.0,11,2,1,0.5815,28.4,1.0,0.0,0.0,0.95,2.25,0.0,0.0,0.0,0.0,0.0,0,0,2.2004098976132753,1.2233194572476873,1.1277712987773705,2.0,3.0,1.0,1.0,2.0,0.0,2.3333333333333335,0.8164965809277257,-1.0,-1.0,0,1,10,0.5038964882456892,MEDIUM
North Zone 2,ORR North 2,1.0,8.0,11,1,1,,,0.0,0.0,0.0,0.3,1.5,0.0,0.0,0.0,0.0,0.0,0,0,1.5,1.5,1.539,2.0,1.0,1.0,2.0,1.0,1.0,1.3333333333333333,0.5,1.0,1.0,0,5,15,0.11186558067603943,LOW
Central Zone 2,Mysore Road,2.0,12.0,11,1,1,,,0.0,0.0,0.0,0.9,2.5,0.0,0.0,0.0,0.0,0.0,0,0,1.5546875,1.3734130859375,1.6803650579846745,2.0,1.0,1.0,2.0,1.0,1.0,1.3333333333333333,0.5,1.0,1.0,0,1,10,0.37625268183048277,MEDIUM
Central Zone 2,Non-corridor,3.0,0.0,11,8,4,0.27325,100.475,0.0,0.0,0.0,0.9,1.875,0.125,0.25,0.0,0.0,0.0,1,1,4.299125164325174,2.6314882844317657,0.37628588500692295,4.0,5.0,11.0,2.0,3.0,9.0,3.3333333333333335,4.19324854180304,-1.0,-1.0,0,1,11,0.718159128334034,HIGH
South Zone 2,Hosur Road,5.0,0.0,11,2,1,0.8334,74.6,0.0,0.0,0.0,1.0,1.75,0.5,0.0,0.0,0.0,0.0,0,0,2.5322571114011225,1.779907066416854,0.8769147191131869,3.0,2.0,5.0,2.0,2.0,1.0,2.0,1.7078251276599332,1.0,0.0,0,7,7,0.26731830336143475,LOW
Central Zone 1,Old Madras Road,0.0,0.0,11,1,1,,,0.0,0.0,0.0,1.0,2.5,0.0,0.0,0.0,0.0,0.0,0,0,1.0,0.75,1.2896400000000001,1.0,1.0,0.0,1.0,0.0,0.0,1.0,0.0,0.0,1.0,0,0,18,0.04025529460905046,LOW
West Zone 2,West of Chord Road,5.0,0.0,11,1,1,,,0.0,0.0,0.0,1.0,1.0,0.0,0.0,0.0,0.0,0.0,0,0,1.5001224279403687,0.8674005270004272,0.8645237257577167,2.0,1.0,1.0,1.0,1.0,1.0,1.3333333333333333,0.5,1.0,0.0,0,9,21,0.04123838330725101,LOW
Central Zone 2,Mysore Road,2.0,0.0,11,2,1,0.5236,107.4,0.0,0.0,0.0,0.9,1.0,0.0,0.0,0.0,0.0,0.0,0,0,2.5807333514094353,1.5452901162207127,0.6505664154398213,3.0,2.0,1.0,2.0,1.0,1.0,2.6666666666666665,0.9574271077563381,1.0,1.0,0,1,10,0.39944109371876696,MEDIUM
North Zone 2,Bellary Road 1,0.0,20.0,11,1,0,0.4753,32.5,0.0,0.0,0.0,0.9,3.0,0.0,0.0,0.0,0.0,0.0,0,0,0.0,0.0,0.0,0.0,0.0,0.0,0.0,0.0,0.0,0.0,0.0,0.0,0.0,0,5,2,0.2068877689195196,LOW
West Zone 2,West of Chord Road,3.0,4.0,12,1,0,0.1448,29.7,0.0,0.0,0.0,1.0,1.0,0.0,0.0,0.0,0.0,0.0,0,0,1.0703125,0.7728424072265625,0.24440681311349513,1.0,1.0,2.0,1.0,0.0,2.0,1.0,0.5,0.0,1.0,0,9,21,0.2311517580659479,LOW
South Zone 1,ORR West 1,1.0,8.0,12,1,1,,,0.0,0.0,0.0,0.9,3.0,0.0,0.0,0.0,0.0,0.0,0,0,1.0,1.0,0.0,1.0,1.0,0.0,1.0,1.0,0.0,1.0,0.0,0.0,0.0,0,6,16,0.07792084806108851,LOW
East Zone 1,ORR East 2,0.0,8.0,12,1,1,,,1.0,0.0,0.0,1.0,2.5,0.0,1.0,0.0,0.0,0.0,0,0,2.0,0.0,0.6438999999999999,2.0,0.0,0.0,0.0,0.0,0.0,2.0,0.0,0.0,0.0,0,2,13,0.3244904690697163,MEDIUM
South Zone 1,ORR West 1,5.0,8.0,12,2,2,,,0.0,0.0,0.0,0.95,3.0,0.0,0.0,0.0,0.0,0.0,0,0,1.0015869140625,0.5621871948242188,1.2499191977458333,1.0,1.0,1.0,1.0,0.0,0.0,1.0,0.0,0.0,1.0,0,6,16,0.07833957947317609,LOW
Central Zone 2,Mysore Road,3.0,0.0,12,1,0,0.3807,78.1,0.0,0.0,0.0,0.9,1.0,0.0,0.0,0.0,0.0,0.0,0,1,2.2563024337132944,1.6218419506932413,0.4005299490358286,3.0,1.0,3.0,2.0,1.0,3.0,2.0,0.9574271077563381,2.0,1.0,0,1,10,0.527844707489623,MEDIUM
South Zone 2,Hosur Road,5.0,0.0,12,1,1,,,0.0,0.0,0.0,0.9,1.0,0.0,1.0,0.0,0.0,0.0,0,0,2.2661285557005613,1.389953533208427,0.8595088314679122,2.0,3.0,1.0,1.0,2.0,1.0,2.3333333333333335,0.8164965809277264,-1.0,-1.0,0,7,7,0.10344536924964942,LOW
Central Zone 2,Non-corridor,3.0,0.0,12,3,3,,,0.0,0.0,0.0,0.9666666666666667,1.6666666666666667,0.0,0.0,0.0,0.0,0.0,1,0,6.149562582162587,3.315744142215883,0.33507153100415377,8.0,4.0,1.0,4.0,2.0,1.0,5.666666666666667,2.8867513459481264,4.0,2.0,0,1,11,0.7183114868436348,HIGH
North Zone 2,ORR North 2,2.0,8.0,12,1,1,,,0.0,0.0,0.0,1.0,1.0,0.0,0.0,0.0,0.0,0.0,0,0,1.008056640625,1.004150390625,0.24190755501665823,1.0,1.0,1.0,1.0,1.0,1.0,1.0,0.0,0.0,0.0,0,5,15,0.440871953491005,MEDIUM
North Zone 2,ORR North 2,4.0,20.0,12,1,0,0.9192,41.9,0.0,0.0,0.0,0.9,3.0,0.0,0.0,0.0,1.0,0.0,0,0,1.0,0.75,1.7040305263157893,1.0,1.0,1.0,1.0,1.0,0.0,1.0,0.0,0.0,0.0,0,5,15,0.15763558560109006,LOW
Central Zone 2,Non-corridor,1.0,4.0,12,5,4,0.2406,38.5,0.6,0.0,0.0,0.8,2.1,0.0,0.2,0.0,0.0,0.0,1,0,3.0365271121263504,2.6728054620325565,0.3391753892997634,2.0,3.0,7.0,2.0,3.0,4.0,3.3333333333333335,2.217355782608345,-1.0,-1.0,0,1,11,0.718159128334034,HIGH
Central Zone 2,Non-corridor,0.0,4.0,12,5,2,0.19053333333333333,60.76666666666667,0.4,0.0,0.0,0.82,1.3,0.0,0.2,0.0,0.0,0.0,0,0,3.7265625,1.830078125,0.37478562756786704,4.0,3.0,5.0,2.0,1.0,4.0,3.6666666666666665,0.816496580927726,1.0,1.0,0,1,11,0.6983760621335333,HIGH
North Zone 2,Bellary Road 1,6.0,8.0,12,1,1,,,0.0,0.0,0.0,0.9,3.0,0.0,0.0,0.0,0.0,0.0,0,0,1.5810642503071095,1.3280590982084912,1.1291055078071677,1.0,3.0,2.0,1.0,2.0,2.0,1.6666666666666667,0.9574271077563381,-2.0,-1.0,0,5,2,0.07554034707663485,LOW
East Zone 1,ORR East 2,1.0,0.0,12,1,1,2.34,783.2,0.0,0.0,0.0,0.3,1.0,0.0,1.0,0.0,0.0,0.0,0,0,1.20703125,1.05078125,2.019278652631579,1.0,1.0,1.0,1.0,1.0,1.0,1.3333333333333333,0.4999999999999999,0.0,0.0,0,2,13,0.058255501847260284,LOW
West Zone 1,Magadi Road,2.0,0.0,12,1,1,,,0.0,0.0,0.0,0.3,2.5,0.0,0.0,0.0,0.0,0.0,0,0,1.0625,0.9375,1.4865935980984086,1.0,1.0,2.0,1.0,1.0,2.0,1.0,0.5,0.0,0.0,0,8,9,0.05619696618715982,LOW
East Zone 1,ORR East 1,4.0,4.0,12,1,0,0.9378,21.6,0.0,0.0,0.0,0.9,2.5,1.0,0.0,0.0,1.0,0.0,0,0,1.0006103515625,0.2763671875,0.5064661584548921,1.0,1.0,1.0,0.0,1.0,0.0,1.0,0.0,0.0,-1.0,0,2,12,0.44577767798869644,MEDIUM
East Zone 1,ORR East 2,2.0,0.0,12,1,1,2.34,822.3,0.0,0.0,0.0,1.0,1.0,0.0,1.0,0.0,0.0,0.0,0,0,1.5630195885896683,1.5005113631486893,2.1823604781010584,2.0,1.0,2.0,2.0,1.0,1.0,1.3333333333333333,0.5773502691896257,1.0,1.0,0,2,13,0.06811130860535344,LOW
South Zone 2,Bannerghata Road,1.0,12.0,12,1,0,0.1673,35.8,0.0,0.0,0.0,0.3,1.0,0.0,0.0,0.0,0.0,0.0,0,0,1.5,1.5,0.0,2.0,1.0,0.0,2.0,1.0,0.0,1.5,0.7071067811865476,1.0,1.0,0,7,1,0.36924555107491064,MEDIUM
East Zone 1,ORR East 1,1.0,20.0,12,1,1,,,0.0,0.0,0.0,0.9,3.0,0.0,1.0,0.0,0.0,0.0,0,0,1.0,0.125,0.855302105263158,1.0,1.0,1.0,0.0,0.0,0.0,1.0,0.0,0.0,0.0,0,2,12,0.0968681030287025,LOW
Central Zone 1,Old Airport Road,1.0,8.0,12,1,0,0.8285,113.3,0.0,0.0,0.0,0.9,1.5,0.0,0.0,0.0,0.0,0.0,0,0,1.0,1.0,0.0,1.0,0.0,0.0,1.0,0.0,0.0,1.0,0.0,0.0,0.0,0,0,17,0.024856174595225704,LOW
West Zone 1,Tumkur Road,4.0,4.0,12,1,0,0.4314,23.6,0.0,0.0,0.0,1.0,2.5,0.0,0.0,0.0,1.0,0.0,0,0,1.5235616014115294,0.7369829713006766,0.18192480238382563,2.0,1.0,1.0,1.0,0.0,1.0,1.3333333333333333,0.5,1.0,1.0,0,8,19,0.4058941385471277,MEDIUM
North Zone 2,ORR North 2,5.0,4.0,12,2,1,0.4373,29.9,0.0,0.0,0.0,1.0,3.0,0.5,0.0,0.0,0.0,0.0,0,0,1.0020217895507812,0.4234428405761719,0.3242945099057814,1.0,1.0,1.0,0.0,1.0,0.0,1.0,0.0,0.0,-1.0,0,5,15,0.42236021360470133,MEDIUM
North Zone 2,ORR North 2,5.0,8.0,12,1,1,,,0.0,0.0,0.0,1.0,1.0,0.0,0.0,0.0,0.0,0.0,0,0,1.1899425816956217,1.1704102285439753,0.5625928646004087,1.0,1.0,2.0,1.0,1.0,2.0,1.3333333333333333,0.5773502691896257,0.0,0.0,0,5,15,0.41998157158429267,MEDIUM
Central Zone 2,Non-corridor,6.0,0.0,12,4,2,0.53625,650.25,0.0,0.0,0.0,0.925,1.375,0.0,0.25,0.0,0.0,0.0,0,1,4.150305293735543,3.114279288014786,0.352127294241996,2.0,8.0,6.0,1.0,7.0,3.0,4.666666666666667,2.581988897471611,-6.0,-6.0,0,1,11,0.718159128334034,HIGH
North Zone 2,Bellary Road 1,2.0,8.0,12,2,2,,,0.0,0.0,0.0,0.95,1.0,0.0,0.0,0.0,0.0,0.0,0,0,2.4441567063331604,1.7794016003608704,0.5310811489419638,3.0,2.0,1.0,2.0,2.0,1.0,2.3333333333333335,0.816496580927726,1.0,0.0,0,5,2,0.1273389712658156,LOW
Central Zone 2,Mysore Road,1.0,0.0,12,2,2,,,0.0,0.0,0.0,0.6,1.25,0.0,0.0,0.0,0.0,0.0,0,0,2.6709518432617188,2.3770790100097656,0.9920318913185414,4.0,1.0,1.0,4.0,1.0,1.0,2.3333333333333335,1.4142135623730951,3.0,3.0,0,1,10,0.209501999862227,LOW
Central Zone 2,Non-corridor,2.0,8.0,12,1,0,0.0497,16.4,1.0,0.0,0.0,0.9,1.0,0.0,0.0,0.0,0.0,0.0,0,0,4.904484525919003,2.9693139747395776,0.31255876246505787,4.0,7.0,5.0,3.0,3.0,4.0,5.333333333333333,1.2583057392117913,-3.0,0.0,0,1,11,0.6796568544146624,HIGH
North Zone 2,Bellary Road 2,1.0,4.0,12,1,0,1.0169,59.6,1.0,0.0,0.0,1.0,2.5,0.0,1.0,0.0,0.0,0.0,0,0,1.001953125,0.876953125,0.4238,1.0,1.0,1.0,1.0,1.0,1.0,1.0,0.0,0.0,0.0,0,5,3,0.37647164716340886,MEDIUM
West Zone 1,Magadi Road,1.0,4.0,12,1,1,,,0.0,0.0,0.0,1.0,1.0,0.0,0.0,0.0,0.0,0.0,0,0,1.078125,0.796875,0.49267875324675325,1.0,1.0,2.0,1.0,1.0,0.0,1.0,0.5,0.0,0.0,0,8,9,0.2994139658611558,LOW
East Zone 1,ORR East 1,3.0,0.0,12,1,1,,,0.0,0.0,0.0,0.3,1.5,0.0,1.0,0.0,0.0,0.0,0,0,1.0823864936828613,1.0820379257202148,0.6044886690747923,1.0,1.0,2.0,1.0,1.0,2.0,1.0,0.5,0.0,0.0,0,2,12,0.26699829319631313,LOW
North Zone 1,ORR North 1,1.0,8.0,12,1,1,,,1.0,0.0,0.0,0.9,1.5,0.0,0.0,0.0,0.0,0.0,0,1,1.5,1.5,0.0,2.0,1.0,1.0,2.0,1.0,1.0,1.3333333333333333,0.5,1.0,1.0,0,4,14,0.42250029965027563,MEDIUM
West Zone 1,Magadi Road,6.0,4.0,12,1,1,,,0.0,0.0,0.0,0.9,1.0,0.0,0.0,0.0,0.0,0.0,0,0,1.1113282453734428,0.08124506170861423,0.8348606084009329,1.0,1.0,2.0,0.0,0.0,1.0,1.0,0.5000000000000007,0.0,0.0,0,8,9,0.08315145119930456,LOW
West Zone 1,Tumkur Road,4.0,0.0,12,2,1,0.3181,17.4,0.0,0.0,0.0,0.65,2.75,0.0,0.0,0.0,1.0,0.0,0,0,1.5477905870587847,1.0359346539877379,0.621412413898148,1.0,3.0,1.0,1.0,2.0,0.0,1.6666666666666667,1.0,-2.0,-1.0,0,8,19,0.12301945586456803,LOW
North Zone 2,Bellary Road 2,4.0,8.0,12,2,2,,,0.0,0.0,0.0,0.6,1.0,0.0,1.0,0.0,1.0,0.0,0,0,1.1881280317902565,1.0386188384145498,0.1783311148857779,1.0,1.0,2.0,1.0,1.0,1.0,1.0,0.4999999999999999,0.0,0.0,0,5,3,0.248985268638878,LOW
Central Zone 2,Non-corridor,5.0,16.0,12,1,0,1.0305,412.2,0.0,0.0,0.0,1.0,1.0,0.0,0.0,0.0,0.0,0.0,0,0,1.7937355060130358,1.2609899658709764,0.5784758642339212,2.0,2.0,1.0,1.0,2.0,1.0,1.6666666666666667,0.5773502691896257,0.0,-1.0,0,1,11,0.6117334844708122,HIGH
North Zone 1,ORR North 1,2.0,8.0,12,1,1,,,0.0,0.0,0.0,1.0,1.0,0.0,1.0,0.0,0.0,0.0,0,0,1.91015625,1.12890625,0.7419729154078549,2.0,2.0,2.0,1.0,1.0,2.0,1.6666666666666667,0.5000000000000003,0.0,0.0,0,4,14,0.37089311776334183,MEDIUM
North Zone 1,ORR North 1,3.0,0.0,12,1,0,0.1667,34.2,0.0,0.0,0.0,0.9,1.0,0.0,0.0,0.0,0.0,0.0,0,0,1.0351907014846802,1.0147401094436646,0.5753949303979761,1.0,1.0,1.0,1.0,1.0,1.0,1.0,0.0,0.0,0.0,0,4,14,0.48082977048576525,MEDIUM
North Zone 2,Bellary Road 1,2.0,0.0,12,1,0,0.3169,26.0,0.0,0.0,0.0,0.9,2.5,0.0,0.0,0.0,0.0,0.0,0,1,1.0671569108963013,0.9889594316482544,0.3402794767292245,1.0,1.0,2.0,1.0,1.0,1.0,1.0,0.5,0.0,0.0,0,5,2,0.5332908347195833,MEDIUM
South Zone 2,Hosur Road,4.0,12.0,12,1,1,,,0.0,0.0,0.0,1.0,2.5,0.0,0.0,0.0,1.0,0.0,0,0,1.5400390625,0.5926914215087891,0.5121236946990758,2.0,1.0,1.0,1.0,0.0,1.0,1.3333333333333333,0.5,1.0,1.0,0,7,7,0.38867004061508875,MEDIUM
Central Zone 2,Mysore Road,0.0,0.0,12,1,1,,,0.0,0.0,0.0,1.0,2.5,0.0,0.0,0.0,0.0,0.0,0,0,1.875,1.0625,0.42540736842105265,2.0,2.0,1.0,1.0,1.0,0.0,2.0,0.5,0.0,0.0,0,1,10,0.4060739932619405,MEDIUM
Central Zone 2,Non-corridor,1.0,0.0,12,5,4,0.3083,123.3,0.0,0.0,0.0,0.9800000000000001,1.1,0.0,0.4,0.0,0.0,0.0,1,0,8.983816877007484,6.261072590947151,0.2556170180854658,14.0,5.0,2.0,11.0,1.0,0.0,7.333333333333333,5.477225575051661,9.0,10.0,0,1,11,0.7183114868436348,HIGH
South Zone 1,ORR West 1,3.0,12.0,12,1,0,0.3415,47.1,0.0,0.0,0.0,1.0,1.5,0.0,0.0,0.0,0.0,0.0,0,0,1.0,0.75,0.4104,1.0,1.0,1.0,1.0,0.0,1.0,1.0,0.0,0.0,1.0,0,6,16,0.24022742521608148,LOW
Central Zone 2,Mysore Road,3.0,12.0,12,2,0,0.2904,26.65,0.0,0.0,0.0,1.0,1.75,0.0,0.0,0.0,0.0,0.0,0,0,2.76995849609375,2.2841672897338867,0.40490934305951637,4.0,2.0,1.0,4.0,1.0,0.0,2.3333333333333335,1.4142135623730951,2.0,3.0,0,1,10,0.38893978145713504,MEDIUM
West Zone 1,Tumkur Road,3.0,4.0,12,2,1,0.1755,12.0,0.0,0.0,0.0,1.0,2.0,0.0,0.0,0.0,0.0,0.0,0,0,1.5079424903378822,0.1669101632433012,0.8966347595694887,2.0,1.0,1.0,0.0,0.0,0.0,1.3333333333333333,0.5,1.0,0.0,0,8,19,0.0808076849481961,LOW
North Zone 2,ORR North 2,0.0,4.0,12,1,1,,,0.0,0.0,0.0,1.0,1.5,0.0,0.0,0.0,0.0,0.0,0,0,1.0,1.0,0.0,1.0,0.0,0.0,1.0,0.0,0.0,1.0,0.0,0.0,0.0,0,5,15,0.06771701141002877,LOW
South Zone 1,ORR West 1,5.0,0.0,12,1,0,0.0915,20.3,0.0,0.0,0.0,1.0,1.0,0.0,0.0,0.0,0.0,0.0,0,0,1.0317859649658203,0.22696924209594727,0.522799370355628,1.0,1.0,1.0,0.0,0.0,1.0,1.0,0.0,0.0,0.0,0,6,16,0.17556152777881265,LOW
North Zone 1,ORR North 1,2.0,0.0,12,1,0,1.103,76.7,0.0,0.0,0.0,1.0,3.0,0.0,0.0,0.0,0.0,0.0,0,0,1.070556640625,0.187744140625,1.1941786077922076,1.0,1.0,2.0,0.0,0.0,2.0,1.0,0.5,0.0,0.0,0,4,14,0.19297565969626498,LOW
South Zone 2,Bannerghata Road,0.0,8.0,12,1,1,1.7228,86.3,1.0,0.0,0.0,1.0,3.0,0.0,0.0,0.0,0.0,0.0,0,0,1.0,1.0,0.0,1.0,0.0,0.0,1.0,0.0,0.0,1.0,0.0,0.0,0.0,0,7,1,0.07573851176390739,LOW
South Zone 2,Bannerghata Road,1.0,0.0,12,2,2,,,0.0,0.0,0.0,1.0,2.5,0.0,0.0,0.0,0.0,0.0,0,0,1.0,0.25,0.2934578947368421,1.0,1.0,0.0,0.0,1.0,0.0,1.0,0.0,0.0,-1.0,0,7,1,0.1221812450658273,LOW
North Zone 2,ORR North 2,1.0,0.0,12,1,1,,,0.0,0.0,0.0,1.0,3.0,0.0,0.0,0.0,0.0,0.0,0,0,1.140625,0.828125,0.8126947368421052,1.0,1.0,1.0,1.0,0.0,0.0,1.3333333333333333,0.5,0.0,1.0,0,5,15,0.24285290440140195,LOW
West Zone 1,Tumkur Road,4.0,8.0,12,3,3,,,0.3333333333333333,0.0,0.0,0.9666666666666667,1.8333333333333333,0.0,0.0,0.0,1.0,0.0,1,0,1.0368785951322934,0.34037995279777533,0.5617421978034961,1.0,1.0,1.0,0.0,1.0,0.0,1.0,0.0,0.0,-1.0,0,8,19,0.15752188250281549,LOW
Central Zone 2,Mysore Road,3.0,4.0,12,1,0,0.0464,6.8,1.0,0.0,0.0,0.9,1.0,0.0,0.0,0.0,0.0,0.0,0,0,1.0352135977846046,0.682867634397553,0.24713743775705024,1.0,1.0,1.0,1.0,0.0,0.0,1.0,0.0,0.0,1.0,0,1,10,0.18074089696469767,LOW
South Zone 2,Hosur Road,2.0,0.0,12,1,0,0.1053,21.6,0.0,0.0,0.0,0.9,1.0,0.0,0.0,0.0,0.0,0.0,0,0,1.5255126953125,1.313201904296875,0.33595623681778236,2.0,1.0,1.0,2.0,1.0,0.0,1.3333333333333333,0.5,1.0,1.0,0,7,7,0.187733935371834,LOW
North Zone 1,Hennur Main Road,6.0,8.0,12,1,1,,,0.0,0.0,0.0,1.0,1.0,0.0,1.0,0.0,0.0,0.0,0,0,1.0019562616944313,0.6289083957672119,0.5792971258384153,1.0,1.0,1.0,1.0,0.0,0.0,1.0,0.0,0.0,1.0,0,4,6,0.12433521760962923,LOW
Central Zone 2,Non-corridor,6.0,8.0,12,4,4,,,0.5,0.0,0.0,0.95,2.0,0.0,0.0,0.0,0.0,0.0,1,1,4.6093996951467116,3.3913183581932422,0.5771911395489115,5.0,5.0,6.0,4.0,3.0,6.0,4.0,1.7320508075688774,0.0,1.0,0,1,11,0.718159128334034,HIGH
North Zone 2,ORR North 2,3.0,8.0,12,1,1,,,1.0,0.0,0.0,1.0,1.0,0.0,0.0,0.0,0.0,0.0,0,0,1.4650881364941597,1.1516114547848701,0.05226773346781784,1.0,2.0,4.0,1.0,1.0,3.0,1.3333333333333333,1.4142135623730951,-1.0,0.0,0,5,15,0.14125656887804075,LOW
South Zone 1,ORR West 1,2.0,8.0,12,1,1,,,1.0,0.0,0.0,0.3,2.5,0.0,0.0,0.0,0.0,0.0,0,0,1.0,0.75,0.6358,1.0,1.0,1.0,1.0,0.0,1.0,1.0,0.0,0.0,1.0,0,6,16,0.1858026943497018,LOW
Central Zone 2,Non-corridor,4.0,8.0,12,2,1,0.1615,19.5,0.5,0.0,0.0,0.9,2.5,0.0,0.5,0.0,1.0,0.0,0,1,4.479212518191724,2.8418221738355687,0.7721921118963461,3.0,9.0,5.0,2.0,6.0,3.0,4.333333333333333,3.415650255319866,-6.0,-4.0,0,1,11,0.718159128334034,HIGH
Central Zone 2,Mysore Road,2.0,0.0,12,2,1,1.4216,97.2,0.0,0.0,0.0,0.95,2.0,0.0,0.0,0.0,0.0,0.0,0,0,2.2903666757047176,1.2726450581103563,0.5997798492638927,2.0,3.0,3.0,1.0,2.0,1.0,2.3333333333333335,0.5773502691896258,-1.0,-1.0,0,1,10,0.5782290432198163,MEDIUM
West Zone 1,Tumkur Road,5.0,4.0,12,1,0,0.3125,22.3,0.0,0.0,0.0,1.0,3.0,0.0,0.0,0.0,0.0,0.0,0,0,1.001022581252757,0.8686269198658216,0.2661524378516658,1.0,1.0,1.0,1.0,1.0,1.0,1.0,0.0,0.0,0.0,0,8,19,0.4637469359860294,MEDIUM
West Zone 1,Tumkur Road,6.0,8.0,12,1,0,0.7912,108.2,0.0,0.0,0.0,1.0,1.5,0.0,0.0,0.0,0.0,0.0,0,0,1.6264786808201301,1.3436139441442378,1.6859044635245473,2.0,1.0,1.0,2.0,0.0,1.0,1.6666666666666667,0.5773502691896257,1.0,2.0,0,8,19,0.08602433707633725,LOW
North Zone 2,ORR North 2,2.0,0.0,12,1,1,,,0.0,0.0,0.0,1.0,1.5,0.0,0.0,0.0,0.0,0.0,0,0,1.033447265625,0.747314453125,0.896676414767734,1.0,1.0,1.0,1.0,0.0,1.0,1.0,0.0,0.0,1.0,0,5,15,0.20094061717440626,LOW
Central Zone 2,Non-corridor,3.0,8.0,12,9,5,0.34587500000000004,55.3,0.3333333333333333,0.0,0.0,0.8333333333333334,2.0555555555555554,0.1111111111111111,0.4444444444444444,0.0,0.0,0.0,1,1,10.372737702340176,6.263875902774762,0.5576087897141018,1.0,36.0,10.0,0.0,23.0,7.0,12.666666666666666,16.55294535724685,-35.0,-23.0,0,1,11,0.718159128334034,HIGH
Central Zone 2,Non-corridor,4.0,4.0,12,9,7,0.4023,30.0,0.1111111111111111,0.0,0.0,0.9333333333333333,1.7222222222222223,0.1111111111111111,0.4444444444444444,0.0,1.0,0.0,1,1,3.5085894641380344,1.8775961460244972,0.3491621051211513,3.0,5.0,3.0,2.0,2.0,0.0,3.6666666666666665,1.0,-2.0,0.0,0,1,11,0.718159128334034,HIGH
North Zone 2,Bellary Road 1,4.0,4.0,12,1,1,,,1.0,0.0,0.0,1.0,1.0,0.0,0.0,0.0,1.0,0.0,0,0,1.2579041719436646,0.9858386479318142,1.36580230046901,1.0,1.0,1.0,1.0,0.0,1.0,1.6666666666666667,1.0,0.0,1.0,0,5,2,0.07113062645983557,LOW
West Zone 1,Magadi Road,1.0,0.0,12,1,1,,,0.0,0.0,0.0,0.3,3.0,0.0,0.0,0.0,0.0,0.0,0,0,1.0,1.0,1.5707,1.0,1.0,1.0,1.0,1.0,1.0,1.0,0.0,0.0,0.0,0,8,9,0.045682467135715596,LOW
North Zone 2,Bellary Road 1,5.0,8.0,12,1,1,,,1.0,0.0,0.0,1.0,2.5,0.0,0.0,0.0,0.0,0.0,0,1,1.0391692579203813,0.7300662619801253,0.3003472060725382,1.0,1.0,1.0,1.0,0.0,1.0,1.0,0.0,0.0,1.0,0,5,2,0.46328314494064826,MEDIUM
North Zone 2,Bellary Road 1,4.0,0.0,12,1,0,0.1031,14.1,0.0,0.0,0.0,0.3,1.0,0.0,0.0,0.0,1.0,0.0,0,0,2.5664215728348836,2.4191865815729443,0.8184427946910542,2.0,5.0,2.0,2.0,5.0,2.0,2.6666666666666665,1.7320508075688774,-3.0,-3.0,0,5,2,0.11851330123895781,LOW
Central Zone 2,Mysore Road,2.0,8.0,12,1,0,0.6523,44.6,0.0,0.0,0.0,0.9,3.0,0.0,0.0,0.0,0.0,0.0,0,0,1.5631832256913185,1.0849888529628515,1.2751274790515281,1.0,1.0,3.0,1.0,0.0,2.0,2.0,1.5,0.0,1.0,0,1,10,0.3320499896556278,MEDIUM
North Zone 2,ORR North 2,0.0,0.0,12,1,1,,,0.0,0.0,0.0,0.3,3.0,0.0,0.0,0.0,0.0,0.0,0,0,1.5,1.5,0.0,1.0,2.0,0.0,1.0,2.0,0.0,1.5,0.7071067811865476,-1.0,-1.0,0,5,15,0.06585452958938647,LOW
West Zone 1,Tumkur Road,2.0,8.0,12,2,1,1.17,240.0,0.5,0.0,0.0,0.65,2.0,0.0,0.0,0.0,0.0,0.0,0,0,1.0048847198486328,0.12469244003295898,0.38530267363440707,1.0,1.0,1.0,0.0,0.0,1.0,1.0,0.0,0.0,0.0,0,8,19,0.11961249069813071,LOW
South Zone 2,Bannerghata Road,3.0,0.0,12,1,1,,,0.0,0.0,0.0,0.3,2.5,0.0,0.0,0.0,0.0,0.0,0,0,1.343994140625,0.82818603515625,0.47184855084183175,1.0,2.0,2.0,1.0,0.0,2.0,1.3333333333333333,0.5773502691896257,-1.0,1.0,0,7,1,0.13969334149783572,LOW
Central Zone 2,Mysore Road,1.0,8.0,12,1,1,,,0.0,0.0,0.0,1.0,1.0,1.0,0.0,0.0,0.0,0.0,0,0,1.77587890625,0.8294677734375,0.8846105517324145,2.0,1.0,3.0,1.0,0.0,3.0,1.6666666666666667,0.8164965809277261,1.0,1.0,0,1,10,0.3976695514440901,MEDIUM
North Zone 2,Bellary Road 2,5.0,8.0,12,1,1,,,1.0,0.0,0.0,1.0,2.5,0.0,1.0,0.0,0.0,0.0,0,0,1.0124536251241807,0.46499460483755684,0.5327949925031995,1.0,1.0,1.0,0.0,1.0,1.0,1.0,0.0,0.0,-1.0,0,5,3,0.21388539412100385,LOW
North Zone 2,Bellary Road 2,4.0,20.0,12,1,1,,,0.0,0.0,0.0,0.3,1.0,0.0,1.0,0.0,1.0,0.0,0,0,1.25,0.5,0.14347894736842107,1.0,2.0,0.0,0.0,2.0,0.0,1.3333333333333333,0.5773502691896257,-1.0,-2.0,0,5,3,0.0691328920701619,LOW
North Zone 2,Bellary Road 2,5.0,0.0,12,1,1,,,0.0,0.0,0.0,0.3,3.0,0.0,1.0,0.0,0.0,0.0,0,0,1.1186726433814442,1.0551264288085918,0.4837368957671336,1.0,1.0,1.0,1.0,1.0,1.0,1.0,0.0,0.0,0.0,0,5,3,0.28405669954846546,LOW
Central Zone 2,Mysore Road,3.0,8.0,12,1,1,,,1.0,0.0,0.0,1.0,2.5,0.0,0.0,0.0,0.0,0.0,0,0,3.8789406239761774,3.71649688652667,1.2400191007279449,3.0,8.0,1.0,3.0,8.0,1.0,4.333333333333333,3.1091263510296048,-5.0,-5.0,0,1,10,0.33837693663162227,MEDIUM
North Zone 1,Hennur Main Road,4.0,8.0,12,1,0,1.1539,157.8,0.0,0.0,0.0,0.9,1.0,0.0,1.0,0.0,1.0,0.0,0,0,1.1252007484436035,0.2501373291015625,0.6502258183795733,1.0,1.0,1.0,0.0,0.0,1.0,1.3333333333333333,0.5,0.0,0.0,0,4,6,0.10963611748250984,LOW
North Zone 1,Hennur Main Road,1.0,8.0,12,1,1,,,1.0,0.0,0.0,1.0,1.0,0.0,1.0,0.0,0.0,0.0,0,1,1.625,1.0,0.522877922077922,2.0,1.0,2.0,1.0,1.0,1.0,1.3333333333333333,0.5773502691896257,1.0,0.0,0,4,6,0.39524480719737975,MEDIUM
North Zone 1,Hennur Main Road,3.0,8.0,12,1,1,,,0.0,0.0,0.0,1.0,1.0,0.0,1.0,0.0,0.0,0.0,0,0,1.012847900390625,1.0087890625,1.3169352545645914,1.0,1.0,1.0,1.0,1.0,1.0,1.0,0.0,0.0,0.0,0,4,6,0.07792349961721871,LOW
Central Zone 2,CBD 2,2.0,12.0,12,1,0,0.0073,1.5,0.0,0.0,0.0,1.0,1.0,0.0,0.0,0.0,0.0,0.0,0,0,1.75,1.75,0.0,2.0,2.0,0.0,2.0,2.0,0.0,1.6666666666666667,0.5773502691896257,0.0,0.0,0,1,5,0.3291738939354807,MEDIUM
Central Zone 2,Non-corridor,6.0,4.0,12,2,2,,,0.0,0.0,0.0,0.65,2.75,0.0,0.0,0.0,0.0,0.0,0,0,2.020410413505719,1.2499520788673533,0.08095126415676028,2.0,2.0,2.0,1.0,2.0,1.0,1.6666666666666667,0.4999999999999998,0.0,-1.0,0,1,11,0.6277169852884107,HIGH
Central Zone 2,Non-corridor,6.0,12.0,12,7,5,0.09815,15.4,0.0,0.0,0.0,0.9571428571428572,2.5714285714285716,0.0,0.14285714285714285,0.0,0.0,0.0,1,0,3.2912791120390015,2.1560931447412277,0.24646279866086568,3.0,5.0,1.0,2.0,3.0,1.0,3.3333333333333335,1.707825127659933,-2.0,-1.0,0,1,11,0.7183114868436348,HIGH
North Zone 1,ORR North 1,5.0,0.0,12,1,1,,,0.0,0.0,0.0,0.9,3.0,0.0,0.0,0.0,0.0,0.0,0,0,1.8476734329597093,1.3305736035690643,1.9198460214180992,2.0,2.0,1.0,1.0,2.0,1.0,1.6666666666666667,0.5773502691896258,0.0,-1.0,0,4,14,0.07287681970998314,LOW
Central Zone 2,Non-corridor,5.0,4.0,12,2,1,0.1443,26.9,0.0,0.0,0.0,0.95,1.75,0.0,1.0,0.0,0.0,0.0,0,1,2.934876086375586,1.8755252069464077,0.6346729879432979,1.0,6.0,3.0,0.0,4.0,3.0,3.6666666666666665,2.0816659994661326,-5.0,-4.0,0,1,11,0.718159128334034,HIGH
Central Zone 2,Non-corridor,5.0,0.0,12,4,2,0.633,253.2,0.0,0.0,0.0,0.825,1.625,0.0,0.25,0.0,0.0,0.0,0,1,5.047368080862997,3.0374187842577443,0.4899176934288427,6.0,6.0,3.0,4.0,3.0,2.0,4.333333333333333,2.4494897427831774,0.0,1.0,0,1,11,0.718159128334034,HIGH
West Zone 1,Magadi Road,4.0,12.0,12,1,1,,,0.0,0.0,0.0,1.0,2.5,0.0,0.0,0.0,1.0,0.0,0,0,1.0009765625,0.989013671875,1.471715143774845,1.0,1.0,1.0,1.0,1.0,1.0,1.0,0.0,0.0,0.0,0,8,9,0.07264336096783322,LOW
Central Zone 2,Non-corridor,5.0,12.0,12,1,1,,,0.0,0.0,0.0,0.3,2.5,0.0,0.0,0.0,0.0,0.0,0,0,4.267886588019992,2.7203337610954232,0.7309656884500402,3.0,9.0,1.0,3.0,3.0,1.0,4.666666666666667,3.593976442141304,-6.0,0.0,0,1,11,0.7183114868436348,HIGH
Central Zone 2,Mysore Road,2.0,4.0,12,2,0,0.54845,32.8,0.5,0.0,0.0,1.0,2.0,0.0,0.0,0.0,0.0,0.0,0,0,2.469793051481247,2.0516609847545624,0.6880513833943821,3.0,2.0,3.0,3.0,1.0,2.0,2.0,0.9574271077563381,1.0,2.0,0,1,10,0.39040524118642794,MEDIUM
South Zone 2,IRR(Thanisandra road),1.0,4.0,12,1,0,0.3932,91.3,0.0,0.0,0.0,1.0,1.0,0.0,0.0,0.0,0.0,0.0,0,0,1.0,0.0,0.3851,1.0,0.0,0.0,0.0,0.0,0.0,1.0,0.0,0.0,0.0,0,7,8,0.21237573044209937,LOW
Central Zone 1,Old Madras Road,5.0,4.0,12,2,1,0.9543,78.3,0.0,0.0,0.0,1.0,2.75,0.0,0.0,0.0,0.0,0.0,0,0,1.034363031387329,0.953761100769043,0.40093691567058026,1.0,1.0,1.0,1.0,1.0,0.0,1.0,0.0,0.0,0.0,0,0,18,0.2271837988947901,LOW
South Zone 2,Bannerghata Road,1.0,4.0,12,1,1,,,0.0,0.0,0.0,1.0,1.5,0.0,0.0,0.0,0.0,0.0,0,0,1.0,0.5,0.0958,1.0,1.0,0.0,1.0,0.0,0.0,1.0,0.0,0.0,1.0,0,7,1,0.08101900424936345,LOW
West Zone 1,Tumkur Road,1.0,0.0,12,1,1,,,0.0,0.0,0.0,1.0,3.0,0.0,0.0,0.0,0.0,0.0,0,0,2.896484375,1.681640625,0.34069276773752566,4.0,1.0,2.0,2.0,1.0,0.0,2.6666666666666665,1.2909944487358056,3.0,1.0,0,8,19,0.29064823639012016,LOW
South Zone 2,Bannerghata Road,3.0,12.0,12,1,1,,,0.0,0.0,0.0,1.0,2.5,0.0,0.0,0.0,0.0,0.0,0,0,2.0078125,0.5859375,0.3616021894736842,3.0,1.0,1.0,1.0,0.0,1.0,1.6666666666666667,1.0,2.0,1.0,0,7,1,0.11560267926353042,LOW
Central Zone 2,Mysore Road,5.0,4.0,12,1,0,0.1555,31.9,0.0,0.0,0.0,1.0,1.0,0.0,0.0,0.0,0.0,0.0,0,0,1.6287117172306051,0.4069245733583614,0.468590086877324,2.0,1.0,2.0,0.0,1.0,2.0,1.3333333333333333,0.5773502691896257,1.0,-1.0,0,1,10,0.5613324071809229,MEDIUM
Central Zone 2,Mysore Road,4.0,12.0,12,1,1,2.0585,112.6,0.0,0.0,0.0,0.3,2.5,0.0,0.0,0.0,1.0,0.0,0,1,2.036660075187683,0.3638362642377615,0.5074908824722721,2.0,3.0,1.0,0.0,1.0,1.0,2.0,0.9574271077563381,-1.0,-1.0,0,1,10,0.6101614308046196,HIGH
Central Zone 2,Mysore Road,5.0,0.0,12,1,1,,,0.0,0.0,0.0,1.0,1.0,0.0,0.0,0.0,0.0,0.0,0,1,1.6301472798114858,0.6803664259533765,0.320742442046186,1.0,3.0,2.0,0.0,2.0,2.0,1.6666666666666667,0.9574271077563384,-2.0,-2.0,0,1,10,0.6365610118407913,HIGH
South Zone 2,IRR(Thanisandra road),0.0,0.0,12,1,1,,,0.0,0.0,0.0,1.0,2.5,0.0,0.0,0.0,0.0,0.0,0,0,1.0,0.0,0.0774,1.0,0.0,0.0,0.0,0.0,0.0,1.0,0.0,0.0,0.0,0,7,8,0.11834609926823195,LOW
Central Zone 2,Non-corridor,1.0,8.0,12,5,3,0.06555,9.95,0.2,0.0,0.0,0.66,2.4,0.0,0.0,0.0,0.0,0.0,1,1,2.5325000882148743,1.7407530546188354,0.27444023401698875,3.0,1.0,5.0,2.0,1.0,2.0,2.0,1.707825127659933,2.0,1.0,0,1,11,0.7033002071470335,HIGH
South Zone 1,ORR West 1,5.0,12.0,12,1,0,1.0347,84.9,0.0,0.0,0.0,0.3,2.5,0.0,0.0,0.0,0.0,0.0,0,0,2.0,1.546875,1.2654103578947369,2.0,2.0,1.0,2.0,1.0,0.0,2.3333333333333335,0.816496580927726,0.0,1.0,0,6,16,0.30589384558300614,MEDIUM
West Zone 1,Tumkur Road,6.0,0.0,12,2,1,0.2135,29.2,0.0,0.0,0.0,0.6,2.25,0.0,0.0,0.0,0.0,0.0,0,0,1.5392488355137317,0.20872403047911026,0.3934427412404172,2.0,1.0,1.0,0.0,0.0,0.0,1.3333333333333333,0.5,1.0,0.0,0,8,19,0.23261596508221957,LOW
Central Zone 1,Old Madras Road,1.0,8.0,12,1,1,,,0.0,0.0,0.0,1.0,1.5,0.0,0.0,0.0,0.0,0.0,0,0,1.625,1.4609375,0.29963573407202215,2.0,1.0,1.0,2.0,1.0,1.0,1.6666666666666667,0.5773502691896257,1.0,1.0,0,0,18,0.5583949098888279,MEDIUM
South Zone 2,Hosur Road,6.0,8.0,12,1,1,,,1.0,0.0,0.0,1.0,3.0,0.0,0.0,0.0,0.0,0.0,0,0,1.7070446363650262,1.653563883388415,0.9195840010294638,1.0,3.0,1.0,1.0,3.0,1.0,2.0,0.9574271077563382,-2.0,-2.0,0,7,7,0.20635139884195777,LOW
Central Zone 2,Non-corridor,4.0,0.0,12,5,2,0.5004333333333334,72.00000000000001,0.0,0.0,0.0,0.8400000000000001,2.0,0.0,0.4,0.0,1.0,0.0,0,0,10.258189749509135,7.1097804621430125,0.279273300581804,8.0,20.0,4.0,5.0,15.0,2.0,11.0,7.365459931328117,-12.0,-10.0,0,1,11,0.718159128334034,HIGH
East Zone 1,ORR East 1,2.0,8.0,12,1,1,,,1.0,0.0,0.0,0.9,3.0,0.0,1.0,0.0,0.0,0.0,0,0,1.78125,1.1796875,0.9644186216066482,2.0,2.0,1.0,1.0,2.0,0.0,1.6666666666666667,0.5773502691896257,0.0,-1.0,0,2,12,0.10257143523071857,LOW
North Zone 2,Bellary Road 1,3.0,8.0,12,2,1,0.6347,86.8,0.0,0.0,0.0,0.95,1.5,0.0,0.0,0.0,0.0,0.0,0,0,1.9859482804458821,1.490180517968838,1.4682292447849532,1.0,3.0,2.0,1.0,2.0,1.0,2.6666666666666665,1.2909944487358056,-2.0,-1.0,0,5,2,0.34376979491873383,MEDIUM
West Zone 1,Magadi Road,1.0,8.0,12,1,1,,,1.0,0.0,0.0,1.0,2.5,0.0,0.0,0.0,0.0,0.0,0,0,1.5078125,0.203125,0.7291160589473684,2.0,1.0,1.0,0.0,0.0,1.0,1.3333333333333333,0.5,1.0,0.0,0,8,9,0.14030151435099217,LOW
West Zone 1,Magadi Road,0.0,8.0,12,2,2,,,1.0,0.0,0.0,0.9,1.75,0.0,0.0,0.0,0.0,0.0,0,0,0.0,0.0,0.0,0.0,0.0,0.0,0.0,0.0,0.0,0.0,0.0,0.0,0.0,0,8,9,0.12709669106410085,LOW
North Zone 2,Bellary Road 1,3.0,0.0,12,1,1,,,0.0,0.0,0.0,0.9,1.5,0.0,0.0,0.0,0.0,0.0,0,0,1.0156905829207972,0.247059530694969,0.19413707771583505,1.0,1.0,1.0,0.0,0.0,1.0,1.0,0.0,0.0,0.0,0,5,2,0.3656611260552541,MEDIUM
North Zone 1,Hennur Main Road,2.0,4.0,12,1,1,,,0.0,0.0,0.0,1.0,1.0,0.0,1.0,0.0,0.0,0.0,0,0,1.0,1.0,0.0,1.0,1.0,1.0,1.0,1.0,1.0,1.0,0.0,0.0,0.0,0,4,6,0.13222643099865922,LOW
North Zone 2,Bellary Road 1,0.0,12.0,12,1,1,,,0.0,0.0,0.0,0.9,1.0,0.0,0.0,0.0,0.0,0.0,0,0,1.0,1.0,0.0,1.0,0.0,0.0,1.0,0.0,0.0,1.0,0.0,0.0,0.0,0,5,2,0.08697211424749257,LOW
Central Zone 2,Mysore Road,0.0,4.0,12,1,1,,,0.0,0.0,0.0,0.9,2.5,0.0,0.0,0.0,0.0,0.0,0,0,1.875,0.875,0.451414,2.0,2.0,1.0,1.0,1.0,1.0,2.0,0.5,0.0,0.0,0,1,10,0.40154788045932865,MEDIUM
South Zone 2,Hosur Road,4.0,8.0,12,1,1,,,0.0,0.0,0.0,1.0,2.5,0.0,0.0,0.0,1.0,0.0,0,0,1.2193222045898438,0.9906654357910156,1.0969005765123474,1.0,1.0,1.0,1.0,1.0,0.0,1.3333333333333333,0.4999999999999999,0.0,0.0,0,7,7,0.07210907642776297,LOW
West Zone 1,Magadi Road,3.0,8.0,12,2,1,0.8239,67.6,0.0,0.0,0.0,0.95,2.0,0.0,0.0,0.0,0.0,0.0,0,0,1.8131413459777832,1.2699708938598633,0.39917189908932144,2.0,2.0,2.0,1.0,2.0,2.0,1.6666666666666667,0.5,0.0,-1.0,0,8,9,0.35570930006277207,MEDIUM
West Zone 1,Magadi Road,2.0,12.0,12,1,0,0.2362,32.3,0.0,0.0,0.0,0.3,1.5,0.0,0.0,0.0,0.0,0.0,0,0,1.5,0.375,0.788808,2.0,1.0,1.0,0.0,1.0,1.0,1.3333333333333333,0.5,1.0,-1.0,0,8,9,0.11474577599082476,LOW
Central Zone 2,Non-corridor,5.0,8.0,12,5,2,0.7039,116.7,0.4,0.0,0.0,0.86,1.9,0.2,0.0,0.0,0.0,0.0,0,1,4.894738157677685,3.0387608372157553,0.5287497294370791,5.0,6.0,5.0,3.0,3.0,4.0,4.666666666666667,1.2583057392117916,-1.0,0.0,0,1,11,0.718159128334034,HIGH
North Zone 1,ORR North 1,4.0,4.0,12,1,1,,,0.0,0.0,0.0,0.3,3.0,0.0,0.0,0.0,1.0,0.0,0,0,1.128921814262867,0.36602598428726196,0.36752296097013354,1.0,1.0,1.0,0.0,1.0,1.0,1.3333333333333333,0.5,0.0,-1.0,0,4,14,0.23453302107107382,LOW
Central Zone 2,Non-corridor,2.0,0.0,12,5,3,0.4863,77.95,0.0,0.0,0.0,0.7,2.4,0.2,0.2,0.0,0.0,0.0,1,1,4.4683074333834725,2.4593363230613363,0.1518325624550747,4.0,5.0,4.0,2.0,4.0,2.0,4.666666666666667,0.5773502691896177,-1.0,-2.0,0,1,11,0.7148573769374719,HIGH
West Zone 1,Tumkur Road,0.0,4.0,12,1,0,0.869,71.3,0.0,0.0,0.0,1.0,2.5,0.0,0.0,0.0,0.0,0.0,0,0,1.125,0.25,0.20106526315789472,1.0,1.0,1.0,0.0,1.0,0.0,1.3333333333333333,0.5,0.0,-1.0,0,8,19,0.31897631912158175,MEDIUM
West Zone 1,Tumkur Road,1.0,8.0,12,1,0,0.5922,84.5,0.0,0.0,0.0,0.9,1.5,0.0,0.0,0.0,0.0,0.0,0,0,2.25048828125,1.9212646484375,0.24926145967831417,3.0,2.0,1.0,3.0,1.0,0.0,2.0,0.9574271077563381,1.0,2.0,0,8,19,0.49637810071367355,MEDIUM
Central Zone 2,Mysore Road,6.0,4.0,12,1,0,0.0921,8.8,0.0,0.0,0.0,1.0,2.5,0.0,0.0,0.0,0.0,0.0,0,1,2.7641985297678975,1.805933039829917,0.609842697398996,3.0,4.0,1.0,2.0,3.0,0.0,2.6666666666666665,1.5,-1.0,-1.0,0,1,10,0.6217613799416289,HIGH
East Zone 1,ORR East 1,2.0,4.0,12,2,1,0.90485,78.14999999999999,0.0,0.0,0.0,0.95,2.5,0.0,1.0,0.0,0.0,0.0,0,0,1.25,1.0,0.0486,1.0,2.0,1.0,1.0,1.0,1.0,1.3333333333333333,0.5,-1.0,0.0,0,2,12,0.08425955633319109,LOW
East Zone 1,Varthur Road,1.0,16.0,12,1,1,5.5095,322.9,1.0,0.0,0.0,0.3,1.0,1.0,1.0,0.0,0.0,0.0,0,0,1.0,1.0,0.0,1.0,0.0,0.0,1.0,0.0,0.0,1.0,0.0,0.0,0.0,0,2,20,0.06780883641462229,LOW
East Zone 1,Varthur Road,3.0,4.0,12,1,1,,,0.0,0.0,0.0,0.9,3.0,0.0,1.0,0.0,0.0,0.0,0,0,1.0,1.0,0.0,1.0,0.0,0.0,1.0,0.0,0.0,1.0,0.0,0.0,0.0,0,2,20,0.06235040995292947,LOW
West Zone 1,Tumkur Road,1.0,16.0,12,1,1,1.5385,105.2,0.0,0.0,0.0,1.0,3.0,0.0,0.0,0.0,0.0,0.0,0,0,1.0,0.25,1.491644,1.0,1.0,0.0,0.0,1.0,0.0,1.0,0.0,0.0,-1.0,0,8,19,0.043893519115723215,LOW
Central Zone 2,Non-corridor,0.0,12.0,12,2,2,,,0.0,0.0,0.0,0.95,2.5,0.0,0.0,0.0,0.0,0.0,0,0,2.46875,1.578125,0.12981206042296073,2.0,4.0,2.0,1.0,3.0,2.0,2.6666666666666665,1.0,-2.0,-2.0,0,1,11,0.6913920035025435,HIGH
West Zone 2,West of Chord Road,6.0,4.0,12,1,0,0.3072,72.7,0.0,0.0,0.0,1.0,1.0,0.0,0.0,0.0,0.0,0.0,0,0,1.0000343322753906,0.7454945519566536,0.14728724232678667,1.0,1.0,1.0,1.0,0.0,1.0,1.0,0.0,0.0,1.0,0,9,21,0.10931477191390436,LOW
West Zone 2,West of Chord Road,6.0,0.0,12,1,1,,,0.0,0.0,0.0,0.3,1.0,0.0,0.0,0.0,0.0,0.0,0,0,1.000976801617071,0.4723972666542977,0.7480658011930628,1.0,1.0,1.0,0.0,1.0,1.0,1.0,0.0,0.0,-1.0,0,9,21,0.025553501669373663,LOW
West Zone 1,Tumkur Road,6.0,12.0,12,1,0,1.0687,91.5,0.0,0.0,0.0,1.0,2.5,0.0,0.0,0.0,0.0,0.0,0,0,1.179880902171135,0.8202268613968045,0.6630047463929638,1.0,1.0,1.0,1.0,1.0,0.0,1.3333333333333333,0.5000000000000007,0.0,0.0,0,8,19,0.430662828024046,MEDIUM
Central Zone 2,Mysore Road,6.0,0.0,12,2,1,0.3247,22.2,0.0,0.0,0.0,1.0,3.0,0.0,0.0,0.0,0.0,0.0,0,1,2.1023718441503676,1.8205176228547306,1.3432213430505275,2.0,3.0,2.0,2.0,2.0,2.0,2.0,0.816496580927726,-1.0,0.0,0,1,10,0.5919958004655573,MEDIUM
North Zone 2,ORR North 2,3.0,0.0,12,1,1,,,0.0,0.0,0.0,1.0,1.5,0.0,0.0,0.0,0.0,0.0,0,0,1.5001306533813477,1.0849504470825195,0.5925626532164703,2.0,1.0,1.0,2.0,0.0,1.0,1.3333333333333333,0.5,1.0,2.0,0,5,15,0.36823242325155164,MEDIUM
North Zone 2,Bellary Road 1,5.0,0.0,12,2,0,0.09095,7.05,0.0,0.0,0.0,0.95,2.75,0.0,0.0,0.0,0.0,0.0,0,0,1.5163898542836107,1.4377046809480336,0.581941311583148,1.0,2.0,3.0,1.0,2.0,2.0,1.6666666666666667,0.816496580927726,-1.0,-1.0,0,5,2,0.08941615034396885,LOW
East Zone 1,ORR East 2,4.0,0.0,12,1,1,3.51,806.2,0.0,0.0,0.0,0.9,1.0,0.0,1.0,0.0,1.0,0.0,0,0,1.0000023843168793,0.5000004769536925,1.642882759247518,1.0,1.0,1.0,0.0,1.0,1.0,1.0,0.0,0.0,-1.0,0,2,13,0.027822740452339314,LOW
East Zone 1,ORR East 2,3.0,0.0,12,1,1,2.34,823.2,0.0,0.0,0.0,1.0,1.0,0.0,1.0,0.0,0.0,0.0,0,0,1.3125171819942807,1.0625152743946273,2.1110738802638274,1.0,2.0,2.0,1.0,1.0,2.0,1.3333333333333333,0.5773502691896257,-1.0,0.0,0,2,13,0.044166976041387224,LOW
North Zone 2,ORR North 2,6.0,8.0,12,1,1,,,0.0,0.0,0.0,0.9,1.0,0.0,0.0,0.0,0.0,0.0,0,0,1.0007419632097485,0.4694156649552499,1.3186610414105473,1.0,1.0,1.0,0.0,1.0,1.0,1.0,0.0,0.0,-1.0,0,5,15,0.04817338295861348,LOW
North Zone 2,ORR North 2,1.0,8.0,12,1,1,,,0.0,0.0,0.0,0.9,1.0,0.0,0.0,0.0,0.0,0.0,0,0,1.25,1.25,1.539,1.0,2.0,1.0,1.0,2.0,1.0,1.3333333333333333,0.5,-1.0,-1.0,0,5,15,0.0492997202777771,LOW
Central Zone 2,Mysore Road,5.0,8.0,12,2,2,,,0.0,0.0,0.0,0.95,2.75,0.0,0.0,0.0,0.0,0.0,0,1,1.162207231395319,0.5616324802037342,0.3813705817374851,1.0,1.0,3.0,0.0,1.0,2.0,1.0,1.0,0.0,-1.0,0,1,10,0.5781232003067012,MEDIUM
North Zone 2,Bellary Road 1,1.0,0.0,12,2,2,,,0.0,0.0,0.0,0.65,3.0,0.0,0.0,0.0,0.0,0.0,0,0,1.07470703125,0.77783203125,1.1376968421052633,1.0,1.0,1.0,1.0,0.0,1.0,1.0,0.0,0.0,1.0,0,5,2,0.21040362491833436,LOW
North Zone 2,Bellary Road 1,0.0,0.0,12,2,2,,,0.0,0.0,0.0,0.95,2.25,0.0,0.0,0.0,0.0,0.0,0,0,1.5625,1.5625,0.0,2.0,1.0,2.0,2.0,1.0,2.0,1.3333333333333333,0.5773502691896257,1.0,1.0,0,5,2,0.39173867995043293,MEDIUM
Central Zone 2,Non-corridor,2.0,16.0,12,1,0,0.9019,276.1,1.0,0.0,0.0,1.0,1.0,0.0,1.0,0.0,0.0,0.0,0,0,1.015625,0.515625,0.4378,1.0,1.0,1.0,0.0,1.0,1.0,1.0,0.0,0.0,-1.0,0,1,11,0.10724852444093545,LOW
North Zone 1,ORR North 1,6.0,0.0,12,1,0,0.5367,36.7,0.0,0.0,0.0,1.0,3.0,0.0,0.0,0.0,0.0,0.0,0,0,1.151489794779991,0.13533042511153326,0.43769193932706396,1.0,1.0,1.0,0.0,0.0,1.0,1.3333333333333333,0.5,0.0,0.0,0,4,14,0.46872370225469656,MEDIUM
Central Zone 2,Mysore Road,6.0,12.0,12,1,0,1.1395,93.5,0.0,0.0,0.0,0.3,2.5,0.0,0.0,0.0,0.0,0.0,0,0,1.199333470612146,1.010630522432436,0.7341102376492602,1.0,1.0,2.0,1.0,1.0,0.0,1.0,0.49999999999999917,0.0,0.0,0,1,10,0.39404785447166424,MEDIUM
North Zone 2,Bellary Road 2,6.0,8.0,12,1,0,0.1046,14.3,0.0,0.0,0.0,0.9,1.5,0.0,1.0,0.0,0.0,0.0,0,0,1.2890685808716427,0.9733715793968933,0.6974975743821114,1.0,2.0,1.0,1.0,1.0,0.0,1.3333333333333333,0.4999999999999999,-1.0,0.0,0,5,3,0.04618917034223012,LOW
Central Zone 2,Non-corridor,2.0,4.0,12,3,2,0.3502,56.5,0.0,0.0,0.0,1.0,2.0,0.0,0.3333333333333333,0.0,0.0,0.0,0,0,4.008377110030281,2.3336931922964688,0.35363669474538273,3.0,7.0,3.0,2.0,3.0,3.0,4.333333333333333,2.0,-4.0,-1.0,0,1,11,0.718159128334034,HIGH
South Zone 2,Hosur Road,1.0,8.0,12,1,1,,,0.0,0.0,0.0,1.0,2.5,0.0,0.0,0.0,0.0,0.0,0,0,1.6875,0.53125,1.1754494736842107,2.0,1.0,2.0,0.0,1.0,2.0,1.6666666666666667,0.5,1.0,-1.0,0,7,7,0.09960949761104772,LOW
East Zone 1,ORR East 1,6.0,12.0,12,1,0,0.078,16.0,0.0,0.0,0.0,0.9,1.0,0.0,0.0,0.0,0.0,0.0,0,0,1.06640625,0.284637451171875,0.4089707088004057,1.0,1.0,1.0,0.0,0.0,1.0,1.0,0.0,0.0,0.0,0,2,12,0.15229123623777885,LOW
North Zone 2,Bellary Road 2,2.0,8.0,12,2,2,,,0.0,0.0,0.0,1.0,1.25,0.0,1.0,0.0,0.0,0.0,0,0,1.2862091064453125,1.0913810729980469,0.817709115581915,1.0,1.0,5.0,1.0,1.0,3.0,1.0,2.0,0.0,0.0,0,5,3,0.2772800255586439,LOW
North Zone 2,Bellary Road 1,1.0,4.0,12,1,1,,,1.0,0.0,0.0,1.0,0.5,0.0,0.0,0.0,0.0,0.0,0,0,1.03125,0.6865234375,0.555903107780167,1.0,1.0,1.0,1.0,0.0,0.0,1.0,0.0,0.0,1.0,0,5,2,0.39892359714073516,MEDIUM
North Zone 2,Bellary Road 1,1.0,8.0,12,2,1,0.5996,123.0,0.0,0.0,0.0,0.95,1.75,0.0,0.0,0.0,0.0,0.0,0,0,1.6329345703125,1.2144775390625,0.8909646570493218,2.0,1.0,1.0,2.0,0.0,1.0,1.6666666666666667,0.5773502691896257,1.0,2.0,0,5,2,0.12079871877787769,LOW
North Zone 2,Bellary Road 1,6.0,0.0,12,1,0,0.2301,47.2,0.0,0.0,0.0,1.0,1.0,0.0,0.0,0.0,0.0,0.0,0,1,1.511246474467074,1.2572633834774884,0.5295225343755373,2.0,1.0,1.0,2.0,0.0,1.0,1.3333333333333333,0.5,1.0,2.0,0,5,2,0.5274779362827134,MEDIUM
Central Zone 2,Non-corridor,3.0,4.0,12,4,3,0.4748,84.4,0.0,0.0,0.0,0.975,2.125,0.0,0.25,0.0,0.0,0.0,1,0,3.83824350047514,1.2820517228950354,0.23287591362289906,4.0,3.0,3.0,1.0,1.0,2.0,4.0,0.9574271077563381,1.0,0.0,0,1,11,0.718159128334034,HIGH
North Zone 2,Bellary Road 2,0.0,12.0,12,1,1,,,0.0,0.0,0.0,1.0,2.5,0.0,1.0,0.0,0.0,0.0,0,0,1.0,1.0,0.0,1.0,1.0,0.0,1.0,1.0,0.0,1.0,0.0,0.0,0.0,0,5,3,0.08833246935799403,LOW
West Zone 1,Tumkur Road,0.0,12.0,12,1,0,0.0975,8.0,0.0,0.0,0.0,0.9,2.5,0.0,0.0,0.0,0.0,0.0,0,0,1.0,0.25,0.4843473684210527,1.0,1.0,0.0,0.0,1.0,0.0,1.0,0.0,0.0,-1.0,0,8,19,0.10099931884086692,LOW
West Zone 1,Tumkur Road,0.0,20.0,12,1,1,,,0.0,0.0,0.0,1.0,2.5,0.0,0.0,0.0,0.0,0.0,0,0,0.0,0.0,0.0,0.0,0.0,0.0,0.0,0.0,0.0,0.0,0.0,0.0,0.0,0,8,19,0.14394573568391922,LOW
West Zone 2,West of Chord Road,5.0,8.0,12,1,1,,,0.0,0.0,0.0,0.9,2.5,0.0,0.0,0.0,0.0,0.0,0,0,1.2783660888671875,1.203887939453125,1.3568116291996508,1.0,2.0,1.0,1.0,2.0,0.0,1.3333333333333333,0.5,-1.0,-1.0,0,9,21,0.0290616397341817,LOW
Central Zone 2,Mysore Road,0.0,12.0,12,1,0,0.586,120.2,0.0,0.0,0.0,1.0,1.0,0.0,0.0,0.0,0.0,0.0,0,0,1.0,0.375,0.9451631578947368,1.0,1.0,1.0,0.0,1.0,1.0,1.0,0.0,0.0,-1.0,0,1,10,0.07736554957186595,LOW
Central Zone 2,Non-corridor,0.0,0.0,12,2,0,0.15389999999999998,29.799999999999997,0.0,0.0,0.0,0.65,1.75,0.0,0.0,0.0,0.0,0.0,0,0,2.765625,0.453125,0.3097168421052632,4.0,1.0,4.0,0.0,0.0,3.0,2.0,1.7320508075688772,3.0,0.0,0,1,11,0.6643355814237659,HIGH
East Zone 1,ORR East 2,2.0,12.0,12,1,0,0.2291,18.8,0.0,0.0,0.0,1.0,2.5,0.0,1.0,0.0,0.0,0.0,0,0,0.0,0.0,0.0,0.0,0.0,0.0,0.0,0.0,0.0,0.0,0.0,0.0,0.0,0,2,13,0.105310736089883,LOW
East Zone 1,ORR East 1,5.0,0.0,12,1,1,,,0.0,0.0,0.0,1.0,3.0,0.0,0.0,0.0,0.0,0.0,0,1,1.0006414976996894,0.9537054598840768,0.5356804769840229,1.0,1.0,1.0,1.0,1.0,1.0,1.0,0.0,0.0,0.0,0,2,12,0.4511114488783726,MEDIUM
West Zone 2,West of Chord Road,2.0,0.0,12,1,1,,,0.0,0.0,0.0,0.3,2.5,0.0,0.0,0.0,0.0,0.0,0,0,1.0234375,0.9609375,0.3047,1.0,1.0,1.0,1.0,1.0,0.0,1.0,0.0,0.0,0.0,0,9,21,0.09434732805818416,LOW
East Zone 1,ORR East 2,1.0,0.0,13,1,0,0.447,91.7,0.0,0.0,0.0,0.3,1.0,0.0,0.0,0.0,0.0,0.0,0,1,1.103515625,1.025390625,2.147567191578947,1.0,1.0,2.0,1.0,1.0,1.0,1.0,0.4999999999999999,0.0,0.0,0,2,13,0.29212049778803206,LOW
West Zone 2,West of Chord Road,5.0,4.0,13,1,1,,,0.0,0.0,0.0,1.0,1.0,0.0,0.0,0.0,0.0,0.0,0,0,1.0010986328125,0.855825662612915,0.08030543785822236,1.0,1.0,1.0,1.0,1.0,1.0,1.0,0.0,0.0,0.0,0,9,21,0.0768367015159535,LOW
Central Zone 2,Non-corridor,0.0,4.0,13,3,2,1.18225,105.25,0.6666666666666666,0.0,0.0,0.7666666666666666,2.1666666666666665,0.3333333333333333,0.3333333333333333,0.0,0.0,1.0,0,0,4.36328125,1.9150390625,0.30108470987405356,5.0,4.0,4.0,2.0,2.0,2.0,4.0,0.816496580927726,1.0,0.0,0,1,11,0.6983760621335333,HIGH
East Zone 1,ORR East 2,1.0,8.0,13,1,0,0.4484,21.9,1.0,0.0,0.0,0.3,3.0,0.0,1.0,0.0,0.0,0.0,0,0,1.125,0.375,0.9200038961038961,1.0,1.0,2.0,0.0,1.0,0.0,1.0,0.5,0.0,-1.0,0,2,13,0.08729747024736324,LOW
East Zone 1,ORR East 2,1.0,20.0,13,1,0,0.1703,25.4,0.0,0.0,0.0,1.0,1.5,0.0,1.0,0.0,0.0,0.0,0,0,0.0,0.0,0.0,0.0,0.0,0.0,0.0,0.0,0.0,0.0,0.0,0.0,0.0,0,2,13,0.17389709229587166,LOW
East Zone 1,ORR East 1,5.0,8.0,13,1,0,0.6265,30.6,1.0,0.0,0.0,0.9,3.0,0.0,1.0,0.0,0.0,0.0,0,0,1.03127121925354,0.48770278692245483,1.7556692348457459,1.0,1.0,1.0,0.0,1.0,1.0,1.0,0.0,0.0,-1.0,0,2,12,0.11987055756714757,LOW
Central Zone 2,Non-corridor,0.0,0.0,13,1,1,,,0.0,0.0,0.0,0.9,1.0,0.0,1.0,0.0,0.0,1.0,0,1,2.3828125,0.2265625,0.2473901052631579,2.0,4.0,1.0,0.0,0.0,1.0,2.3333333333333335,1.4142135623730951,-2.0,0.0,0,1,11,0.6576216280719943,HIGH
East Zone 1,ORR East 1,4.0,12.0,13,3,2,1.1875,83.15,0.0,0.0,0.0,0.7333333333333334,2.0,0.0,0.3333333333333333,0.0,0.0,1.0,0,0,1.125,1.1083984375,1.7015523833507213,1.0,1.0,1.0,1.0,1.0,1.0,1.3333333333333333,0.5,0.0,0.0,0,2,12,0.27285612317032387,LOW
East Zone 1,ORR East 1,5.0,0.0,13,3,3,,,0.0,0.0,0.0,0.9666666666666667,2.5,0.0,0.3333333333333333,0.0,0.0,0.0,1,0,1.0003207488498447,0.9768527299420384,0.5356804769840229,1.0,1.0,1.0,1.0,1.0,1.0,1.0,0.0,0.0,0.0,0,2,12,0.4511114488783726,MEDIUM
West Zone 2,West of Chord Road,4.0,12.0,13,3,1,0.26615,14.799999999999999,0.0,0.0,0.0,0.7666666666666666,1.6666666666666667,0.0,0.0,0.0,0.0,1.0,0,0,1.03125,0.9658203125,0.3258111146446176,1.0,1.0,1.0,1.0,1.0,1.0,1.0,0.0,0.0,0.0,0,9,21,0.18893587877166854,LOW
West Zone 2,West of Chord Road,3.0,4.0,13,1,1,,,0.0,0.0,0.0,0.3,1.0,0.0,0.0,0.0,1.0,0.0,0,0,1.03515625,0.38642120361328125,0.19198217463270822,1.0,1.0,1.0,0.0,1.0,1.0,1.0,0.0,0.0,-1.0,0,9,21,0.04683978213772995,LOW
Central Zone 2,Non-corridor,3.0,0.0,13,3,2,0.4856,51.8,0.0,0.0,0.0,0.9666666666666667,2.5,0.0,0.0,0.0,1.0,0.0,0,1,4.574781291081294,3.1578720711079415,0.33507153100415377,3.0,8.0,5.0,3.0,4.0,3.0,5.0,2.160246899469284,-5.0,-1.0,0,1,11,0.718159128334034,HIGH
North Zone 2,Bellary Road 1,0.0,16.0,13,1,0,0.1082,12.2,1.0,0.0,0.0,1.0,1.0,0.0,0.0,0.0,0.0,1.0,0,0,0.0,0.0,0.0,0.0,0.0,0.0,0.0,0.0,0.0,0.0,0.0,0.0,0.0,0,5,2,0.09475695757345999,LOW
Central Zone 2,Mysore Road,0.0,12.0,13,1,1,,,0.0,0.0,0.0,0.9,1.5,0.0,0.0,0.0,0.0,1.0,0,0,1.0,0.1875,0.8014978947368421,1.0,1.0,1.0,0.0,0.0,0.0,1.0,0.0,0.0,0.0,0,1,10,0.08012142700809363,LOW
West Zone 1,Magadi Road,2.0,4.0,13,1,1,,,0.0,0.0,0.0,1.0,1.5,0.0,0.0,0.0,0.0,0.0,0,0,1.0631103515625,0.8109130859375,0.11025800038112873,1.0,1.0,2.0,1.0,0.0,2.0,1.0,0.5,0.0,1.0,0,8,9,0.3171335584919698,MEDIUM
North Zone 2,Bellary Road 1,1.0,0.0,13,2,2,,,0.0,0.0,0.0,1.0,1.0,0.0,0.0,0.0,0.0,0.0,0,0,1.537353515625,1.388916015625,1.1376968421052633,2.0,1.0,1.0,2.0,1.0,1.0,1.3333333333333333,0.5,1.0,1.0,0,5,2,0.18219695163734223,LOW
North Zone 2,Bellary Road 1,0.0,4.0,13,1,1,,,0.0,0.0,0.0,1.0,2.5,0.0,0.0,0.0,0.0,1.0,0,0,1.0,0.5,0.49942,1.0,1.0,0.0,1.0,0.0,0.0,1.0,0.0,0.0,1.0,0,5,2,0.10244959165116674,LOW
North Zone 2,Bellary Road 1,0.0,8.0,13,1,1,,,1.0,0.0,0.0,1.0,1.0,0.0,0.0,0.0,0.0,1.0,0,0,1.125,0.625,0.3051,1.0,1.0,1.0,0.0,1.0,1.0,1.3333333333333333,0.5,0.0,-1.0,0,5,2,0.22151247357855353,LOW
North Zone 2,Bellary Road 2,2.0,8.0,13,1,0,0.1068,21.9,0.0,0.0,0.0,0.9,1.0,0.0,1.0,0.0,0.0,0.0,0,0,1.6431045532226562,1.5456905364990234,0.817709115581915,2.0,1.0,1.0,2.0,1.0,1.0,1.3333333333333333,0.5,1.0,1.0,0,5,3,0.2018313682931942,LOW
North Zone 2,Bellary Road 1,1.0,8.0,13,3,1,0.20885,42.85,0.0,0.0,0.0,0.7666666666666666,1.0,0.0,0.0,0.0,0.0,0.0,0,0,1.81646728515625,1.10723876953125,0.7376148375496787,2.0,2.0,2.0,1.0,2.0,1.0,1.6666666666666667,0.5,0.0,-1.0,0,5,2,0.31882911044541873,MEDIUM
South Zone 2,Hosur Road,5.0,0.0,13,1,0,0.5618,46.1,0.0,0.0,0.0,1.0,2.5,0.0,0.0,0.0,0.0,0.0,0,0,1.6330642778502806,1.1949767666042135,0.8595088314679122,1.0,2.0,2.0,1.0,1.0,2.0,2.0,0.8164965809277264,-1.0,0.0,0,7,7,0.29441917769410075,LOW
Central Zone 2,Non-corridor,5.0,4.0,13,6,4,0.14245,35.1,0.16666666666666666,0.0,0.0,0.9833333333333334,1.5833333333333333,0.16666666666666666,0.0,0.0,0.0,0.0,1,0,2.467438043187793,1.4377626034732038,0.4385237927659787,2.0,1.0,4.0,1.0,0.0,4.0,3.0,2.217355782608345,1.0,1.0,0,1,11,0.718159128334034,HIGH
North Zone 1,ORR North 1,6.0,0.0,13,2,2,,,0.0,0.0,0.0,0.95,2.0,0.0,1.0,0.0,0.0,0.0,0,0,1.0757448973899955,0.06766521255576663,0.47729516359623836,1.0,1.0,2.0,0.0,0.0,0.0,1.0,0.5,0.0,0.0,0,4,14,0.14014494632844132,LOW
North Zone 1,ORR North 1,6.0,8.0,13,3,3,,,0.0,0.0,0.0,1.0,1.8333333333333333,0.0,0.3333333333333333,0.0,0.0,0.0,1,0,1.012025661766529,0.3860170915722847,0.901605791669891,1.0,1.0,1.0,0.0,1.0,1.0,1.0,0.0,0.0,-1.0,0,4,14,0.055681616870125246,LOW
North Zone 1,ORR North 1,4.0,12.0,13,2,0,0.342,54.199999999999996,0.0,0.0,0.0,1.0,1.0,0.0,0.5,0.0,0.0,1.0,0,0,1.546875,0.70947265625,0.32866130988766296,2.0,1.0,1.0,1.0,0.0,0.0,1.3333333333333333,0.5,1.0,1.0,0,4,14,0.4518714221238291,MEDIUM
Central Zone 2,Mysore Road,0.0,4.0,13,2,0,0.2678,24.55,0.5,0.0,0.0,0.65,1.25,0.0,0.0,0.0,0.0,1.0,0,0,1.4375,0.9375,0.451414,1.0,2.0,2.0,1.0,1.0,0.0,1.6666666666666667,0.5,-1.0,0.0,0,1,10,0.24898070078371415,LOW
South Zone 2,Hosur Road,4.0,0.0,13,1,1,1.5733,99.3,0.0,0.0,0.0,0.9,2.5,0.0,0.0,0.0,0.0,1.0,0,0,1.2578205186873674,0.6562090027146041,0.46960456183340565,1.0,1.0,1.0,0.0,1.0,0.0,1.6666666666666667,1.0,0.0,-1.0,0,7,7,0.1875671605238627,LOW
Central Zone 2,Non-corridor,2.0,12.0,13,3,2,0.0132,2.5,0.0,0.0,0.0,0.9666666666666667,2.0,0.3333333333333333,0.0,0.0,0.0,0.0,0,1,4.025365418259753,3.1907066438143374,0.4141782786566764,4.0,5.0,6.0,3.0,5.0,1.0,3.6666666666666665,1.7078251276599332,-1.0,-2.0,0,1,11,0.718159128334034,HIGH
West Zone 1,Magadi Road,3.0,4.0,13,1,1,,,0.0,0.0,0.0,1.0,3.0,0.0,0.0,0.0,1.0,0.0,0,0,1.000986099243164,0.5595455169677734,0.23634881961061543,1.0,1.0,1.0,1.0,0.0,0.0,1.0,0.0,0.0,1.0,0,8,9,0.4147257009167749,MEDIUM
North Zone 1,ORR North 1,5.0,4.0,13,1,1,,,0.0,0.0,0.0,1.0,3.0,0.0,0.0,0.0,0.0,0.0,0,0,1.2580576133914292,0.5853766240179539,0.9254552904115813,1.0,2.0,1.0,0.0,2.0,1.0,1.3333333333333333,0.5,-1.0,-2.0,0,4,14,0.050402652613120595,LOW
Central Zone 2,Non-corridor,5.0,8.0,13,6,3,0.3196,40.93333333333334,0.16666666666666666,0.0,0.0,0.8333333333333334,2.3333333333333335,0.16666666666666666,0.3333333333333333,0.0,0.0,0.0,1,1,4.947369078838843,2.5193804186078776,0.5988098376622475,5.0,5.0,3.0,2.0,3.0,3.0,5.333333333333333,1.2583057392117916,0.0,-1.0,0,1,11,0.718159128334034,HIGH
North Zone 2,Bellary Road 1,2.0,4.0,13,4,3,0.0795,16.3,0.5,0.0,0.0,0.8,1.125,0.0,0.0,0.0,0.0,0.0,1,0,1.00390625,0.9608154296875,0.555903107780167,1.0,1.0,1.0,1.0,1.0,1.0,1.0,0.0,0.0,0.0,0,5,2,0.2477151461030112,LOW
North Zone 2,Bellary Road 1,1.0,12.0,13,1,1,,,0.0,0.0,0.0,1.0,1.0,0.0,0.0,0.0,0.0,0.0,0,0,1.125,0.75,0.06566,1.0,1.0,1.0,1.0,0.0,1.0,1.3333333333333333,0.5,0.0,1.0,0,5,2,0.33304880667317155,MEDIUM
Central Zone 2,Non-corridor,5.0,0.0,13,16,12,0.45435,156.4,0.0,0.0,0.0,0.7625,2.15625,0.0625,0.3125,0.0,0.0,0.0,1,1,4.523684040431498,2.518709392128872,0.5471506160573056,4.0,6.0,1.0,2.0,4.0,0.0,5.333333333333333,2.3629078131263035,-2.0,-2.0,0,1,11,0.7183114868436348,HIGH
North Zone 1,ORR North 1,3.0,8.0,13,2,2,,,1.0,0.0,0.0,0.6,2.0,0.0,0.0,0.0,1.0,0.0,0,0,1.257110595703125,1.126007080078125,0.8469736175930779,1.0,2.0,1.0,1.0,2.0,1.0,1.3333333333333333,0.5,-1.0,-1.0,0,4,14,0.12521213179215868,LOW
West Zone 1,Magadi Road,4.0,12.0,13,3,1,0.5985,38.05,0.0,0.0,0.0,0.9666666666666667,2.5,0.0,0.0,0.0,0.0,1.0,0,0,1.00048828125,0.9945068359375,1.471715143774845,1.0,1.0,1.0,1.0,1.0,1.0,1.0,0.0,0.0,0.0,0,8,9,0.17659868575734,LOW
West Zone 1,Magadi Road,5.0,0.0,13,1,1,,,0.0,0.0,0.0,1.0,1.0,0.0,0.0,0.0,0.0,0.0,0,0,1.1578636765480042,1.1568259596824646,1.1264662197495503,1.0,1.0,1.0,1.0,1.0,1.0,1.3333333333333333,0.5,0.0,0.0,0,8,9,0.08034299020195496,LOW
West Zone 1,Magadi Road,3.0,12.0,13,1,1,,,0.0,0.0,0.0,1.0,2.5,0.0,0.0,0.0,1.0,0.0,0,0,1.00390625,0.9560546875,1.471715143774845,1.0,1.0,1.0,1.0,1.0,1.0,1.0,0.0,0.0,0.0,0,8,9,0.07264336096783322,LOW
Central Zone 2,Mysore Road,3.0,0.0,13,3,3,,,0.0,0.0,0.0,0.7333333333333334,1.1666666666666667,0.0,0.0,0.0,1.0,0.0,1,1,1.6281512168566472,0.8109209753466207,0.39259796942149716,1.0,3.0,2.0,0.0,2.0,1.0,1.6666666666666667,0.9574271077563381,-2.0,-2.0,0,1,10,0.639267341235047,HIGH
North Zone 2,Bellary Road 2,3.0,16.0,13,1,1,,,0.0,0.0,0.0,1.0,1.0,0.0,1.0,0.0,1.0,0.0,0,0,1.0,0.875,1.6879957894736843,1.0,1.0,1.0,1.0,1.0,0.0,1.0,0.0,0.0,0.0,0,5,3,0.06749555824438219,LOW
North Zone 2,Bellary Road 2,3.0,4.0,13,1,1,,,1.0,0.0,0.0,1.0,1.0,0.0,0.0,0.0,1.0,0.0,0,0,2.0081177353858948,1.6798363327980042,0.381413192399288,3.0,1.0,1.0,3.0,0.0,0.0,1.6666666666666667,1.0,2.0,3.0,0,5,3,0.09491300770373337,LOW
West Zone 1,Magadi Road,4.0,0.0,13,2,2,,,0.0,0.0,0.0,1.0,2.5,0.0,0.0,0.0,0.0,1.0,0,0,1.0516376495361328,1.0184307098388672,1.1264662197495503,1.0,1.0,1.0,1.0,1.0,1.0,1.0,0.0,0.0,0.0,0,8,9,0.06835010994354523,LOW
Central Zone 2,Non-corridor,5.0,12.0,13,2,1,0.2443,45.1,0.0,0.0,0.0,0.6,2.5,0.0,0.5,0.0,0.0,0.0,0,1,2.633943294009996,1.8601668805477116,0.7309656884500402,1.0,3.0,2.0,1.0,3.0,2.0,4.333333333333333,3.593976442141304,-2.0,-2.0,0,1,11,0.7183114868436348,HIGH
North Zone 1,ORR North 1,3.0,0.0,13,1,0,0.2618,35.8,0.0,0.0,0.0,1.0,1.0,0.0,0.0,0.0,1.0,0.0,0,1,1.01759535074234,0.5073700547218323,0.20939072994127017,1.0,1.0,1.0,0.0,1.0,1.0,1.0,0.0,0.0,-1.0,0,4,14,0.5130940221064123,MEDIUM
Central Zone 2,Non-corridor,5.0,20.0,13,1,0,0.5756,107.3,0.0,0.0,0.0,1.0,1.0,1.0,0.0,0.0,0.0,0.0,0,0,1.16217041015625,1.153317928314209,0.5130717107125045,1.0,1.0,1.0,1.0,1.0,1.0,1.3333333333333333,0.5,0.0,0.0,0,1,11,0.5135639723196616,MEDIUM
North Zone 1,ORR North 1,1.0,20.0,13,1,1,1.8194,124.4,0.0,0.0,0.0,1.0,3.0,0.0,0.0,0.0,0.0,0.0,0,0,1.0,1.0,0.0,1.0,0.0,0.0,1.0,0.0,0.0,1.0,0.0,0.0,0.0,0,4,14,0.0954602800708393,LOW
North Zone 1,ORR North 1,2.0,0.0,13,1,1,,,0.0,0.0,0.0,1.0,3.0,0.0,1.0,0.0,0.0,0.0,0,0,1.0352783203125,0.0938720703125,1.1577071646753248,1.0,1.0,1.0,0.0,0.0,0.0,1.0,0.0,0.0,0.0,0,4,14,0.09342343136923008,LOW
North Zone 2,Bellary Road 2,1.0,8.0,13,3,2,0.7154,58.7,0.0,0.0,0.0,1.0,1.0,0.3333333333333333,1.0,0.0,0.0,0.0,0,0,1.5390625,0.787109375,0.3208079724471299,1.0,3.0,1.0,1.0,1.0,0.0,1.6666666666666667,1.0,-2.0,0.0,0,5,3,0.17629017402720515,LOW
Central Zone 2,Mysore Road,1.0,4.0,13,1,1,,,0.0,0.0,0.0,0.3,2.5,0.0,0.0,0.0,0.0,0.0,0,0,1.2723388671875,0.6033935546875,1.5513794099449818,1.0,1.0,1.0,0.0,1.0,1.0,1.6666666666666667,1.0,0.0,-1.0,0,1,10,0.23372342025081333,LOW
Central Zone 2,Non-corridor,4.0,16.0,13,3,1,0.5894,54.900000000000006,1.0,0.0,0.0,0.7666666666666666,2.3333333333333335,0.3333333333333333,0.6666666666666666,0.0,0.0,1.0,0,0,1.7990723848342896,1.7033578157424927,1.3087840170026532,1.0,3.0,4.0,1.0,3.0,3.0,1.6666666666666667,1.5,-2.0,-2.0,0,1,11,0.5574176967012987,MEDIUM
Central Zone 2,Non-corridor,4.0,20.0,13,2,2,,,0.0,0.0,0.0,0.9,2.0,0.0,0.0,0.0,0.0,1.0,0,0,1.189453125,0.9061737060546875,0.5130717107125045,1.0,1.0,2.0,1.0,0.0,2.0,1.3333333333333333,0.5773502691896257,0.0,1.0,0,1,11,0.5447731533797253,MEDIUM
North Zone 2,Bellary Road 1,2.0,0.0,13,5,4,0.5616,115.2,0.0,0.0,0.0,0.82,1.5,0.0,0.0,0.0,0.0,0.0,1,0,1.0335784554481506,0.4944797158241272,0.3226212616769401,1.0,1.0,1.0,0.0,1.0,1.0,1.0,0.0,0.0,-1.0,0,5,2,0.2312800784080367,LOW
North Zone 2,Bellary Road 2,4.0,12.0,13,1,1,,,0.0,0.0,0.0,1.0,1.0,0.0,1.0,0.0,0.0,1.0,0,0,1.1886310577392578,0.595306396484375,0.3369101238939324,1.0,1.0,1.0,0.0,1.0,1.0,1.3333333333333333,0.5,0.0,-1.0,0,5,3,0.3268695942801453,MEDIUM
North Zone 2,Bellary Road 2,3.0,8.0,13,1,1,,,0.0,0.0,0.0,1.0,1.0,0.0,1.0,0.0,1.0,0.0,0,0,1.752512127161026,1.1544753536581993,0.1783311148857779,1.0,2.0,5.0,1.0,1.0,2.0,2.0,1.707825127659933,-1.0,0.0,0,5,3,0.3029962656555297,MEDIUM
Central Zone 2,Mysore Road,0.0,0.0,13,1,0,0.2237,35.3,0.0,0.0,0.0,1.0,1.0,0.0,0.0,0.0,0.0,1.0,0,0,1.4375,1.03125,0.42540736842105265,1.0,2.0,2.0,1.0,1.0,2.0,1.6666666666666667,0.5,-1.0,0.0,0,1,10,0.2738490708689054,LOW
North Zone 1,ORR North 1,1.0,8.0,13,5,3,1.464325,577.375,0.2,0.0,0.0,0.86,1.0,0.0,0.6,0.0,0.0,0.0,1,0,1.25,1.25,0.0,1.0,2.0,1.0,1.0,2.0,1.0,1.3333333333333333,0.5,-1.0,-1.0,0,4,14,0.029771069689931554,LOW
North Zone 1,ORR North 1,1.0,12.0,13,1,0,1.2273,100.7,0.0,0.0,0.0,1.0,2.5,0.0,1.0,0.0,0.0,0.0,0,0,1.0,0.5,0.2611,1.0,1.0,0.0,1.0,0.0,0.0,1.0,0.0,0.0,1.0,0,4,14,0.09935996467421095,LOW
Central Zone 2,CBD 2,6.0,0.0,13,1,1,,,0.0,0.0,0.0,1.0,1.0,0.0,0.0,0.0,0.0,0.0,0,0,1.65673828125,1.022933006286621,0.27949092742220494,2.0,1.0,1.0,1.0,1.0,1.0,1.6666666666666667,0.5773502691896257,1.0,0.0,0,1,5,0.38340503134677467,MEDIUM
West Zone 1,Magadi Road,5.0,8.0,13,1,0,0.2919,60.9,0.0,0.0,0.0,0.3,1.0,0.0,0.0,0.0,0.0,0.0,0,0,1.0665836529951775,0.5623251333890948,0.44676153826597964,1.0,1.0,2.0,0.0,1.0,2.0,1.0,0.5,0.0,-1.0,0,8,9,0.43770937972271534,MEDIUM
Central Zone 2,Non-corridor,6.0,0.0,13,15,11,0.22465,37.925,0.0,0.0,0.0,0.8866666666666667,2.433333333333333,0.13333333333333333,0.0,0.0,0.0,0.0,1,1,4.075152646867771,2.557139644007393,0.4257763765451976,4.0,2.0,4.0,2.0,1.0,4.0,4.666666666666667,2.516611478423583,2.0,1.0,0,1,11,0.718159128334034,HIGH
North Zone 2,Bellary Road 2,5.0,4.0,13,1,1,,,0.0,0.0,0.0,1.0,1.0,0.0,1.0,1.0,0.0,0.0,0,1,1.0190469324879814,0.23666007633437403,0.2730065868422225,1.0,1.0,1.0,0.0,0.0,1.0,1.0,0.0,0.0,0.0,0,5,3,0.427679422884564,MEDIUM
Central Zone 2,Non-corridor,2.0,8.0,13,4,2,0.055900000000000005,14.75,0.25,0.0,0.0,0.975,2.0,0.0,0.5,0.0,0.0,0.0,0,0,2.9522422629595013,1.4846569873697888,0.20741525747903472,1.0,4.0,5.0,0.0,3.0,3.0,4.0,2.5,-3.0,-3.0,0,1,11,0.718159128334034,HIGH
North Zone 2,Bellary Road 2,4.0,4.0,13,1,0,0.8418,61.9,0.0,0.0,0.0,1.0,2.5,0.0,1.0,0.0,0.0,1.0,0,0,1.6095018396154046,1.5731224426999688,0.7713892690502399,2.0,1.0,2.0,2.0,1.0,2.0,1.3333333333333333,0.5773502691896257,1.0,1.0,0,5,3,0.3695341528867799,MEDIUM
North Zone 2,Bellary Road 1,3.0,4.0,13,1,1,,,0.0,0.0,0.0,0.9,1.5,0.0,0.0,0.0,1.0,0.0,0,0,1.2529335021972656,0.5468367338180542,0.5595629929062211,1.0,1.0,1.0,0.0,1.0,0.0,1.6666666666666667,1.0,0.0,-1.0,0,5,2,0.20958804975035478,LOW
North Zone 2,Bellary Road 1,2.0,8.0,13,3,2,0.0322,6.6,0.3333333333333333,0.0,0.0,1.0,1.6666666666666667,0.0,0.0,0.0,0.0,0.0,0,0,2.22207835316658,1.8897008001804352,0.5310811489419638,2.0,3.0,2.0,2.0,2.0,1.0,2.3333333333333335,0.49999999999999994,-1.0,0.0,0,5,2,0.1314368462506419,LOW
Central Zone 2,Mysore Road,2.0,8.0,13,1,1,,,0.0,0.0,0.0,1.0,2.5,0.0,0.0,0.0,0.0,0.0,0,0,1.2815916128456593,0.5424944264814258,1.0259964874309169,1.0,1.0,4.0,0.0,1.0,3.0,1.0,1.5,0.0,-1.0,0,1,10,0.25756000048830563,LOW
South Zone 2,Hosur Road,5.0,8.0,13,3,2,1.3041,107.0,0.3333333333333333,0.0,0.0,0.9333333333333332,2.0,0.0,0.0,0.0,0.0,0.0,0,0,1.6254283636808395,0.9140442684292793,0.49234400217331276,1.0,3.0,1.0,1.0,1.0,0.0,2.0,0.9574271077563381,-2.0,0.0,0,7,7,0.09855895038163875,LOW
South Zone 2,Hosur Road,3.0,8.0,13,1,0,1.1974,65.5,0.0,0.0,0.0,0.9,2.5,0.0,0.0,0.0,1.0,0.0,0,0,2.5091552734375,1.85064697265625,0.3523242506915931,3.0,2.0,1.0,3.0,0.0,1.0,2.6666666666666665,0.9574271077563381,1.0,3.0,0,7,7,0.30979916237863836,MEDIUM
Central Zone 2,CBD 2,5.0,0.0,13,2,2,,,0.0,0.0,0.0,0.6,1.0,0.0,0.0,0.0,0.0,0.0,0,0,1.015625,0.733856201171875,0.535291416403631,1.0,1.0,1.0,1.0,0.0,1.0,1.0,0.0,0.0,1.0,0,1,5,0.2492754035906594,LOW
North Zone 1,ORR North 1,0.0,0.0,13,1,1,,,0.0,0.0,0.0,0.9,3.0,0.0,1.0,0.0,0.0,1.0,0,0,1.25,1.25,0.0,1.0,1.0,0.0,1.0,1.0,0.0,1.3333333333333333,0.5773502691896257,0.0,0.0,0,4,14,0.200334831824316,LOW
Central Zone 2,Mysore Road,3.0,8.0,13,2,1,0.5405,17.6,0.5,0.0,0.0,0.6,2.0,0.0,0.0,0.0,1.0,0.0,0,0,2.4394703119880887,2.358248443263335,1.2400191007279449,1.0,3.0,2.0,1.0,3.0,1.0,4.0,3.1091263510296048,-2.0,-2.0,0,1,10,0.5525952717359903,MEDIUM
Central Zone 2,Non-corridor,6.0,4.0,13,4,1,0.5284666666666666,82.26666666666667,0.5,0.0,0.0,0.7999999999999999,2.5,0.0,0.75,0.0,0.0,0.0,0,1,2.0102052067528593,1.6249760394336765,0.08095126415676028,2.0,2.0,1.0,2.0,1.0,0.0,2.0,0.4999999999999998,0.0,1.0,0,1,11,0.6910413116919437,HIGH
North Zone 2,Bellary Road 2,6.0,0.0,13,2,2,,,0.0,0.0,0.0,0.65,2.25,0.0,0.5,0.0,0.0,0.0,0,0,1.0947845081266512,0.9385034797015667,1.0045936938786546,1.0,1.0,2.0,1.0,1.0,0.0,1.0,0.4999999999999999,0.0,0.0,0,5,3,0.056556266160619796,LOW
Central Zone 2,CBD 1,1.0,8.0,13,2,2,,,0.0,0.0,0.0,1.0,1.0,0.0,0.0,0.0,0.0,0.0,0,0,1.0,1.0,0.0,1.0,0.0,0.0,1.0,0.0,0.0,1.0,0.0,0.0,0.0,0,1,4,0.03120959805122091,LOW
Central Zone 2,CBD 1,3.0,4.0,13,1,0,0.4576,44.7,1.0,0.0,0.0,1.0,1.0,0.0,0.0,0.0,1.0,0.0,0,0,1.0,1.0,0.0,1.0,0.0,0.0,1.0,0.0,0.0,1.0,0.0,0.0,0.0,0,1,4,0.030754645936634333,LOW
Central Zone 2,CBD 1,5.0,8.0,13,1,1,,,0.0,0.0,0.0,0.9,1.0,0.0,0.0,0.0,0.0,0.0,0,0,1.5,1.5,0.0,2.0,1.0,0.0,2.0,1.0,0.0,1.5,0.7071067811865476,1.0,1.0,0,1,4,0.33493803248736614,MEDIUM
West Zone 1,Tumkur Road,0.0,0.0,13,4,2,0.24430000000000002,33.9,0.0,0.0,0.0,0.825,1.625,0.0,0.0,0.0,0.0,1.0,0,0,1.0,1.0,0.0,1.0,0.0,0.0,1.0,0.0,0.0,1.0,0.0,0.0,0.0,0,8,19,0.10052821573555307,LOW
Central Zone 2,Non-corridor,6.0,8.0,13,8,5,0.33326666666666666,46.36666666666667,0.625,0.0,0.0,0.9875,2.0,0.0,0.375,0.0,0.0,0.0,1,0,4.304699847573356,3.695659179096621,0.5771911395489115,4.0,5.0,2.0,4.0,4.0,1.0,4.666666666666667,1.4142135623730951,-1.0,0.0,0,1,11,0.7183114868436348,HIGH
South Zone 2,Hosur Road,6.0,4.0,13,1,0,0.3924,23.0,1.0,0.0,0.0,1.0,2.5,0.0,0.0,0.0,0.0,0.0,0,0,1.5630054473876953,0.62109375,0.23719330604355643,2.0,1.0,1.0,1.0,0.0,0.0,1.3333333333333333,0.5,1.0,1.0,0,7,7,0.3376496891777239,MEDIUM
West Zone 1,Magadi Road,1.0,8.0,13,2,1,0.0488,10.0,0.0,0.0,0.0,0.6,1.0,0.0,0.0,0.0,0.0,0.0,0,0,1.25390625,0.6015625,0.7291160589473684,1.0,2.0,1.0,1.0,0.0,1.0,1.3333333333333333,0.5,-1.0,1.0,0,8,9,0.04289637783940965,LOW
West Zone 1,Magadi Road,1.0,12.0,13,1,0,0.5618,46.1,0.0,0.0,0.0,0.9,2.5,0.0,0.0,0.0,0.0,0.0,0,0,1.0,1.0,0.0,1.0,1.0,1.0,1.0,1.0,1.0,1.0,0.0,0.0,0.0,0,8,9,0.1800328265038272,LOW
Central Zone 2,Non-corridor,4.0,12.0,13,16,6,0.5128272727272727,205.9454545454545,0.0,0.0,0.0,0.93125,1.09375,0.1875,0.125,0.0,0.0,1.0,1,0,2.8617299126488374,1.1734685986541706,0.43492275351304804,1.0,6.0,6.0,0.0,3.0,4.0,3.0,2.6299556396765835,-5.0,-3.0,0,1,11,0.718159128334034,HIGH
North Zone 2,Bellary Road 1,3.0,0.0,13,1,0,0.4241,23.2,0.0,0.0,0.0,0.9,2.5,0.0,0.0,0.0,1.0,0.0,0,0,1.0078452914603986,0.6235297653474845,0.19413707771583505,1.0,1.0,1.0,1.0,0.0,1.0,1.0,0.0,0.0,1.0,0,5,2,0.4045917712616946,MEDIUM
Central Zone 2,Non-corridor,6.0,12.0,13,3,1,0.328,49.9,0.0,0.0,0.0,0.7666666666666666,2.0,0.3333333333333333,0.0,0.0,0.0,0.0,0,1,5.145639556019501,3.5780465723706136,0.1871376791965194,7.0,3.0,2.0,5.0,2.0,2.0,5.0,2.217355782608345,4.0,3.0,0,1,11,0.7183114868436348,HIGH
Central Zone 2,Non-corridor,2.0,4.0,13,3,2,0.3083,88.1,0.3333333333333333,0.0,0.0,0.9333333333333332,1.3333333333333333,0.0,0.0,0.0,0.0,0.0,0,1,3.5041885550151406,2.1668465961482344,0.35226201684722963,3.0,3.0,3.0,2.0,2.0,2.0,4.333333333333333,2.0,0.0,0.0,0,1,11,0.718159128334034,HIGH
South Zone 2,Hosur Road,1.0,12.0,13,1,0,1.0103,82.9,0.0,0.0,0.0,1.0,2.5,0.0,0.0,0.0,0.0,0.0,0,0,1.0,0.625,0.8710263157894736,1.0,1.0,1.0,1.0,0.0,0.0,1.0,0.0,0.0,1.0,0,7,7,0.17438471296357894,LOW
South Zone 2,Hosur Road,0.0,8.0,13,1,0,1.1863,133.7,1.0,0.0,0.0,1.0,1.0,0.0,0.0,0.0,0.0,1.0,0,0,0.0,0.0,0.0,0.0,0.0,0.0,0.0,0.0,0.0,0.0,0.0,0.0,0.0,0,7,7,0.06196372580414998,LOW
South Zone 2,Hosur Road,1.0,0.0,13,1,0,0.0921,21.6,0.0,0.0,0.0,1.0,1.0,0.0,0.0,0.0,0.0,0.0,0,0,2.265625,0.08984375,0.5714878842560946,3.0,2.0,1.0,0.0,0.0,1.0,2.0,0.9574271077563381,1.0,0.0,0,7,7,0.17295033238714239,LOW
Central Zone 2,Non-corridor,6.0,16.0,13,1,1,2.5584,331.0,1.0,0.0,0.0,0.3,1.0,1.0,0.0,0.0,0.0,0.0,0,0,1.3373042345629074,1.289405936433468,0.7592855185403526,1.0,2.0,2.0,1.0,2.0,2.0,1.3333333333333333,0.5773502691896257,-1.0,-1.0,0,1,11,0.29899099374153376,LOW
North Zone 1,Hennur Main Road,0.0,0.0,13,1,1,,,0.0,0.0,0.0,1.0,1.0,0.0,1.0,0.0,0.0,1.0,0,0,1.0,1.0,0.0,1.0,0.0,0.0,1.0,0.0,0.0,1.0,0.0,0.0,0.0,0,4,6,0.06749095467150479,LOW
Central Zone 2,Non-corridor,2.0,0.0,13,7,5,0.75885,202.05,0.0,0.0,0.0,0.9571428571428572,2.0,0.14285714285714285,0.14285714285714285,0.0,0.0,0.0,1,0,4.734153716691736,2.729668161530668,0.28561953747304486,5.0,4.0,5.0,3.0,2.0,1.0,4.666666666666667,0.49999999999999145,1.0,1.0,0,1,11,0.718159128334034,HIGH
West Zone 1,Tumkur Road,0.0,4.0,13,1,1,,,0.0,0.0,0.0,1.0,3.0,0.0,0.0,0.0,0.0,1.0,0,0,1.0625,0.125,0.46823915789473686,1.0,1.0,2.0,0.0,0.0,0.0,1.0,0.5,0.0,0.0,0,8,19,0.2168572494229935,LOW
North Zone 1,Hennur Main Road,1.0,8.0,13,3,3,,,0.0,0.0,0.0,0.7666666666666666,1.0,0.3333333333333333,1.0,0.0,0.0,0.0,1,0,1.3125,1.0,0.522877922077922,1.0,2.0,1.0,1.0,1.0,1.0,1.3333333333333333,0.5,-1.0,0.0,0,4,6,0.11017901919492615,LOW
West Zone 1,Tumkur Road,1.0,4.0,13,1,1,,,0.0,0.0,0.0,1.0,2.5,0.0,0.0,0.0,0.0,0.0,0,0,1.30474853515625,0.9913330078125,0.3142529509865298,1.0,1.0,1.0,1.0,0.0,1.0,1.6666666666666667,1.0,0.0,1.0,0,8,19,0.3033116314197553,MEDIUM
North Zone 2,Bellary Road 1,3.0,8.0,13,2,2,,,0.5,0.0,0.0,0.95,2.25,0.0,0.0,0.0,1.0,0.0,0,0,1.992974140222941,1.245090258984419,1.0295296422665567,2.0,1.0,4.0,1.0,1.0,3.0,2.0,1.2909944487358056,1.0,0.0,0,5,2,0.0705780173327901,LOW
West Zone 1,Magadi Road,1.0,4.0,13,1,1,,,1.0,0.0,0.0,1.0,2.5,0.0,0.0,0.0,0.0,0.0,0,0,1.0390625,0.8984375,0.49267875324675325,1.0,1.0,1.0,1.0,1.0,0.0,1.0,0.0,0.0,0.0,0,8,9,0.3754645425771426,MEDIUM
Central Zone 2,Non-corridor,3.0,4.0,13,1,0,1.4119,376.5,0.0,0.0,0.0,0.9,1.0,0.0,0.0,0.0,1.0,0.0,0,0,3.91912175023757,2.1410258614475177,0.3296455481737394,4.0,4.0,5.0,3.0,1.0,2.0,3.6666666666666665,0.816496580927726,0.0,2.0,0,1,11,0.718159128334034,HIGH
South Zone 2,IRR(Thanisandra road),3.0,4.0,13,1,0,0.3437,18.8,0.0,0.0,0.0,0.3,2.5,0.0,0.0,0.0,1.0,0.0,0,0,1.0,0.0,0.38834,1.0,1.0,0.0,0.0,0.0,0.0,1.0,0.0,0.0,0.0,0,7,8,0.18802447700111802,LOW
West Zone 1,Tumkur Road,0.0,8.0,13,1,1,,,1.0,0.0,0.0,1.0,2.5,0.0,0.0,0.0,0.0,1.0,0,0,1.0625,0.921875,0.6693984,1.0,1.0,1.0,1.0,1.0,0.0,1.0,0.0,0.0,0.0,0,8,19,0.3362413224532787,MEDIUM
West Zone 1,Tumkur Road,1.0,8.0,13,1,1,2.1255,1345.4,0.0,0.0,0.0,1.0,1.0,0.0,0.0,0.0,0.0,0.0,0,0,1.625244140625,0.96063232421875,0.42975542826867513,1.0,3.0,1.0,0.0,3.0,1.0,2.0,0.9574271077563381,-2.0,-3.0,0,8,19,0.06293982926451253,LOW
West Zone 1,Tumkur Road,1.0,0.0,13,1,0,0.0882,18.1,0.0,0.0,0.0,0.9,1.0,0.0,0.0,0.0,0.0,0.0,0,0,1.9482421875,1.3408203125,0.34069276773752566,1.0,4.0,3.0,1.0,2.0,3.0,2.0,1.5,-3.0,-1.0,0,8,19,0.3496296354488712,MEDIUM
South Zone 2,Bannerghata Road,5.0,4.0,13,1,0,0.964,79.1,0.0,0.0,0.0,0.9,2.5,0.0,0.0,0.0,0.0,0.0,0,0,1.25,1.2498779296875,0.0958,1.0,2.0,1.0,1.0,2.0,1.0,1.3333333333333333,0.5,-1.0,-1.0,0,7,1,0.12476490612460274,LOW
Central Zone 2,Mysore Road,4.0,8.0,13,2,2,,,0.5,0.0,0.0,0.95,1.0,0.0,0.0,0.0,0.0,1.0,0,0,2.1002049488066374,1.1116597286238437,0.9092627792664223,2.0,2.0,2.0,1.0,1.0,1.0,2.3333333333333335,0.49999999999999944,0.0,0.0,0,1,10,0.307870219735588,MEDIUM
Central Zone 2,Mysore Road,5.0,0.0,13,4,4,,,0.0,0.0,0.0,0.65,1.875,0.25,0.0,0.0,0.0,0.0,1,0,1.315073639905743,0.8401832129766882,0.320742442046186,1.0,1.0,1.0,1.0,0.0,0.0,1.6666666666666667,1.0000000000000002,0.0,1.0,0,1,10,0.4646522023024037,MEDIUM
West Zone 1,Tumkur Road,2.0,8.0,13,2,2,,,1.0,0.0,0.0,1.0,1.75,0.0,0.0,0.0,0.0,0.0,0,0,1.5024423599243164,0.5623462200164795,0.6991816041806442,2.0,1.0,1.0,1.0,0.0,0.0,1.3333333333333333,0.5,1.0,1.0,0,8,19,0.12371433965138413,LOW
West Zone 1,Tumkur Road,2.0,0.0,13,2,1,0.0388,5.3,0.0,0.0,0.0,0.9,1.25,0.0,0.0,0.0,0.0,0.0,0,0,1.001852035522461,0.45183753967285156,0.13932820539764673,1.0,1.0,1.0,0.0,1.0,1.0,1.0,0.0,0.0,-1.0,0,8,19,0.10472211727614456,LOW
Central Zone 2,Mysore Road,4.0,12.0,13,4,4,2.9889,513.45,0.0,0.0,0.0,1.0,1.0,0.75,0.0,0.0,0.0,1.0,1,0,1.5183300375938416,0.6819181321188807,1.1278945294833633,1.0,2.0,1.0,1.0,0.0,0.0,2.0,0.9574271077563381,-1.0,1.0,0,1,10,0.32417453733154267,MEDIUM
Central Zone 1,Old Madras Road,6.0,4.0,13,2,2,,,0.5,0.0,0.0,0.65,1.75,0.0,0.0,0.0,0.0,0.0,0,0,1.1292953789234161,0.49422013759613037,0.8674191463704648,1.0,1.0,1.0,0.0,1.0,1.0,1.3333333333333333,0.5,0.0,-1.0,0,0,18,0.1290177278820319,LOW
Central Zone 1,Old Madras Road,5.0,4.0,13,1,1,,,0.0,0.0,0.0,1.0,1.0,0.0,0.0,0.0,0.0,0.0,0,0,1.5171815156936646,0.9768805503845215,0.8188848645598701,2.0,1.0,1.0,1.0,1.0,1.0,1.3333333333333333,0.5,1.0,0.0,0,0,18,0.29035761185710773,LOW
Central Zone 1,Old Madras Road,5.0,8.0,13,1,0,0.2255,18.5,0.0,0.0,0.0,1.0,2.5,0.0,0.0,0.0,0.0,0.0,0,0,1.8000527992844582,1.7999426401220262,1.1911588213530093,2.0,2.0,1.0,2.0,2.0,1.0,1.6666666666666667,0.5773502691896257,0.0,0.0,0,0,18,0.6127809001893263,HIGH
South Zone 2,Bannerghata Road,1.0,0.0,13,1,1,,,0.0,0.0,0.0,0.9,3.0,0.0,0.0,0.0,0.0,0.0,0,0,1.5,1.125,0.2934578947368421,2.0,1.0,1.0,2.0,0.0,0.0,1.3333333333333333,0.5,1.0,2.0,0,7,1,0.3730457379972302,MEDIUM
North Zone 2,ORR North 2,0.0,12.0,13,1,1,,,0.0,0.0,0.0,1.0,1.0,0.0,0.0,0.0,0.0,1.0,0,0,0.0,0.0,0.0,0.0,0.0,0.0,0.0,0.0,0.0,0.0,0.0,0.0,0.0,0,5,15,0.09113084584095925,LOW
North Zone 1,Airport New South Road,4.0,12.0,13,1,0,0.3153,55.8,0.0,0.0,0.0,1.0,1.0,0.0,0.0,0.0,0.0,1.0,0,0,1.0,0.875,0.8223,1.0,1.0,1.0,1.0,1.0,0.0,1.0,0.0,0.0,0.0,0,4,0,0.1870510105408115,LOW
North Zone 1,Airport New South Road,1.0,8.0,13,1,0,0.197,18.3,0.0,0.0,0.0,0.9,1.0,1.0,0.0,0.0,0.0,0.0,0,0,1.0,0.0,0.0142,1.0,0.0,0.0,0.0,0.0,0.0,1.0,0.0,0.0,0.0,0,4,0,0.09729648900374697,LOW
Central Zone 2,Mysore Road,1.0,8.0,13,5,2,0.9887999999999999,133.65,0.0,0.0,0.0,1.0,1.0,0.6,0.0,0.0,0.0,0.0,0,0,1.387939453125,0.91473388671875,0.8846105517324145,1.0,2.0,2.0,1.0,1.0,1.0,1.3333333333333333,0.5773502691896258,-1.0,0.0,0,1,10,0.2808647507325841,LOW
Central Zone 2,Non-corridor,4.0,8.0,13,3,3,,,0.3333333333333333,0.0,0.0,0.7666666666666666,2.6666666666666665,0.3333333333333333,0.3333333333333333,0.0,0.0,1.0,1,1,3.239606259095862,1.9209110869177843,0.5279152671378077,2.0,3.0,1.0,1.0,2.0,0.0,4.666666666666667,3.593976442141304,-1.0,-1.0,0,1,11,0.7183114868436348,HIGH
North Zone 2,Bellary Road 1,4.0,0.0,13,1,1,,,0.0,0.0,0.0,0.9,2.5,0.0,0.0,0.0,0.0,1.0,0,0,1.7832107864174418,1.2095932907864722,0.44194658695892036,1.0,2.0,1.0,0.0,2.0,0.0,2.6666666666666665,1.8929694486000912,-1.0,-2.0,0,5,2,0.30343708560903354,MEDIUM
West Zone 1,Tumkur Road,4.0,4.0,13,1,0,1.0048,45.3,1.0,0.0,0.0,1.0,2.5,0.0,0.0,0.0,0.0,1.0,0,0,1.2617808007057647,0.3684914856503383,0.2817148814302954,1.0,2.0,1.0,0.0,1.0,1.0,1.3333333333333333,0.5,-1.0,-1.0,0,8,19,0.08423397155100507,LOW
Central Zone 1,Old Madras Road,4.0,0.0,13,2,1,0.2294,36.2,0.0,0.0,0.0,0.65,2.0,0.0,0.0,0.0,0.0,1.0,0,0,1.5743622481822968,0.9786533485166728,0.7511566297156749,1.0,3.0,2.0,0.0,3.0,1.0,1.6666666666666667,0.9574271077563381,-2.0,-3.0,0,0,18,0.5308538143818377,MEDIUM
Central Zone 2,Non-corridor,1.0,12.0,13,3,1,0.24665,45.75,0.0,0.0,0.0,0.9,1.6666666666666667,0.0,0.6666666666666666,0.0,0.0,0.0,0,0,4.896753191947937,4.134413063526154,0.5736704368928828,8.0,1.0,2.0,7.0,1.0,1.0,4.0,3.1091263510296048,7.0,6.0,0,1,11,0.7143010818692955,HIGH
West Zone 1,Tumkur Road,4.0,8.0,13,1,1,,,1.0,0.0,0.0,0.3,2.5,0.0,0.0,0.0,0.0,1.0,0,0,2.0184392975661467,1.6701899763988877,0.5617421978034961,3.0,1.0,1.0,3.0,0.0,0.0,1.6666666666666667,1.0,2.0,3.0,0,8,19,0.20490095014694285,LOW
West Zone 1,Tumkur Road,4.0,0.0,13,3,1,0.9211499999999999,48.45,0.0,0.0,0.0,0.7000000000000001,3.0,0.0,0.0,0.0,0.0,1.0,0,0,1.7738952935293923,1.017967326993869,0.46177430132017544,2.0,1.0,1.0,1.0,1.0,0.0,2.0,0.9574271077563381,1.0,0.0,0,8,19,0.3722832780729298,MEDIUM
West Zone 1,Tumkur Road,5.0,0.0,13,3,1,0.89375,84.05000000000001,0.0,0.0,0.0,0.9666666666666667,2.3333333333333335,0.0,0.0,0.0,0.0,0.0,0,0,2.023850945757662,1.7166759013261106,0.8029053332265487,3.0,1.0,1.0,3.0,0.0,1.0,1.6666666666666667,1.0,2.0,3.0,0,8,19,0.345185124895773,MEDIUM
Central Zone 2,Mysore Road,5.0,12.0,13,2,2,,,0.0,0.0,0.0,0.95,1.75,0.0,0.0,0.0,0.0,0.0,0,1,1.5146842383546755,1.3607068713517947,0.8083412682801064,1.0,3.0,1.0,1.0,3.0,1.0,1.6666666666666667,1.0,-2.0,-2.0,0,1,10,0.5016145691403313,MEDIUM
North Zone 2,ORR North 2,1.0,12.0,13,1,1,,,0.0,0.0,0.0,1.0,1.0,0.0,0.0,0.0,0.0,0.0,0,0,1.0,0.5,0.1097,1.0,1.0,1.0,0.0,1.0,1.0,1.0,0.0,0.0,-1.0,0,5,15,0.15763870898171253,LOW
North Zone 2,ORR North 2,1.0,4.0,13,1,1,,,1.0,0.0,0.0,1.0,3.0,0.0,0.0,0.0,0.0,0.0,0,0,1.0,1.0,0.0,1.0,1.0,0.0,1.0,1.0,0.0,1.0,0.0,0.0,0.0,0,5,15,0.0707155396538855,LOW
Central Zone 1,Old Madras Road,3.0,0.0,13,1,0,0.0987,13.5,0.0,0.0,0.0,1.0,1.0,0.0,0.0,0.0,1.0,0.0,0,0,1.0734710693359375,1.070514440536499,0.15372210388032795,1.0,1.0,2.0,1.0,1.0,2.0,1.0,0.5000000000000001,0.0,0.0,0,0,18,0.1478067212170417,LOW
West Zone 1,Tumkur Road,4.0,12.0,13,1,1,,,0.0,0.0,0.0,1.0,2.5,0.0,0.0,0.0,0.0,1.0,0,0,1.396087646484375,0.8246121406555176,0.11869417947273198,1.0,2.0,1.0,0.0,2.0,0.0,1.6666666666666667,0.5773502691896257,-1.0,-2.0,0,8,19,0.05889904126162901,LOW
Central Zone 1,Old Madras Road,2.0,0.0,13,2,2,,,0.0,0.0,0.0,0.65,2.5,0.0,0.0,0.0,0.0,0.0,0,0,1.404296875,1.025848388671875,0.15372210388032795,1.0,1.0,1.0,1.0,0.0,1.0,2.0,1.5,0.0,1.0,0,0,18,0.3863422178858668,MEDIUM
Central Zone 2,Non-corridor,3.0,8.0,13,5,3,0.30285,34.05,0.6,0.0,0.0,0.9199999999999999,1.2,0.2,0.2,0.0,1.0,0.0,1,1,9.686368851170087,5.631937951387381,0.4729152738284611,9.0,1.0,1.0,5.0,0.0,0.0,15.333333333333334,16.600702796367788,8.0,5.0,0,1,11,0.7143010818692955,HIGH
Central Zone 2,Non-corridor,4.0,4.0,13,5,3,0.7544,79.9,0.2,0.0,0.0,0.54,2.7,0.0,0.2,0.0,0.0,1.0,1,1,6.254294732069017,4.438798073012249,0.3704172630726908,9.0,3.0,3.0,7.0,2.0,2.0,5.666666666666667,2.8284271247461903,6.0,5.0,0,1,11,0.718159128334034,HIGH
North Zone 2,Bellary Road 1,4.0,4.0,13,1,1,,,0.0,0.0,0.0,1.0,1.0,0.0,0.0,0.0,0.0,1.0,0,0,1.1289520859718323,0.9929193239659071,1.36580230046901,1.0,1.0,3.0,1.0,1.0,3.0,1.0,1.0,0.0,0.0,0,5,2,0.1156928843765902,LOW
West Zone 1,Tumkur Road,5.0,4.0,13,1,1,,,0.0,0.0,0.0,1.0,1.5,0.0,0.0,0.0,0.0,0.0,0,0,1.0005112906263784,0.4343134599329108,0.29624825742850625,1.0,1.0,1.0,0.0,1.0,0.0,1.0,0.0,0.0,-1.0,0,8,19,0.24359956164132873,LOW
West Zone 1,Tumkur Road,6.0,4.0,13,3,2,0.0256,2.1,0.0,0.0,0.0,1.0,2.5,0.0,0.0,0.0,0.0,0.0,0,0,1.2656289944580186,0.15183057390572585,0.40409622465677714,1.0,2.0,1.0,0.0,0.0,0.0,1.3333333333333333,0.5,-1.0,0.0,0,8,19,0.0438077185277869,LOW
West Zone 1,Tumkur Road,5.0,12.0,13,2,2,,,0.0,0.0,0.0,0.95,2.75,0.0,0.0,0.0,0.0,0.0,0,1,1.0247554779052734,0.9890382587909698,0.11869417947273198,1.0,1.0,1.0,1.0,1.0,1.0,1.0,0.0,0.0,0.0,0,8,19,0.4542795774937375,MEDIUM
North Zone 2,ORR North 2,2.0,8.0,13,1,1,,,0.0,0.0,0.0,1.0,1.0,0.0,0.0,0.0,0.0,0.0,0,1,1.0040283203125,1.0020751953125,0.24190755501665823,1.0,1.0,1.0,1.0,1.0,1.0,1.0,0.0,0.0,0.0,0,5,15,0.440871953491005,MEDIUM
North Zone 2,ORR North 2,1.0,8.0,13,1,1,,,1.0,0.0,0.0,0.9,1.0,0.0,0.0,0.0,0.0,0.0,0,0,1.125,1.125,1.539,1.0,1.0,1.0,1.0,1.0,1.0,1.3333333333333333,0.5,0.0,0.0,0,5,15,0.09874043208819797,LOW
Central Zone 2,Mysore Road,5.0,8.0,13,3,3,,,0.3333333333333333,0.0,0.0,0.9333333333333332,2.5,0.0,0.0,0.0,0.0,0.0,1,0,1.5811036156976594,1.280816240101867,0.3813705817374851,2.0,1.0,1.0,2.0,0.0,1.0,1.3333333333333333,0.5,1.0,2.0,0,1,10,0.5039159122080001,MEDIUM
West Zone 1,Tumkur Road,6.0,0.0,13,1,1,,,0.0,0.0,0.0,0.3,2.5,0.0,0.0,0.0,0.0,0.0,0,1,1.7696244177568659,0.6043620152395551,0.3214656447442503,2.0,2.0,1.0,1.0,0.0,1.0,1.6666666666666667,0.5773502691896257,0.0,1.0,0,8,19,0.44977547512944666,MEDIUM
Central Zone 1,Old Madras Road,1.0,0.0,13,4,4,,,0.0,0.0,0.0,0.975,1.75,0.0,0.0,0.0,0.0,0.0,1,0,1.75,1.30859375,0.420707504531722,2.0,1.0,1.0,2.0,1.0,0.0,2.0,0.9574271077563381,1.0,1.0,0,0,18,0.5515622788794259,MEDIUM
Central Zone 1,Old Madras Road,1.0,8.0,13,2,0,0.20179999999999998,41.4,0.0,0.0,0.0,0.95,1.0,0.0,0.0,0.0,0.0,0.0,0,0,1.3125,1.23046875,0.29963573407202215,1.0,2.0,2.0,1.0,2.0,1.0,1.3333333333333333,0.5773502691896257,-1.0,-1.0,0,0,18,0.26663292161113106,LOW
Central Zone 1,Old Madras Road,0.0,4.0,13,1,0,0.6575,41.5,0.0,0.0,0.0,1.0,2.5,0.0,0.0,0.0,0.0,1.0,0,0,1.25,1.0,0.0184,1.0,1.0,0.0,1.0,1.0,0.0,1.3333333333333333,0.5773502691896257,0.0,0.0,0,0,18,0.20718976118767285,LOW
Central Zone 1,Old Madras Road,0.0,8.0,13,1,1,,,0.0,0.0,0.0,0.9,1.0,0.0,0.0,0.0,0.0,1.0,0,0,1.0,1.0,0.0,1.0,0.0,0.0,1.0,0.0,0.0,1.0,0.0,0.0,0.0,0,0,18,0.029540733034186525,LOW
West Zone 1,Tumkur Road,6.0,8.0,13,1,0,1.4776,86.6,1.0,0.0,0.0,1.0,2.5,0.0,0.0,0.0,0.0,0.0,0,0,1.313239340410065,0.6718069720721189,1.3280226781147284,1.0,2.0,2.0,0.0,2.0,2.0,1.3333333333333333,0.5773502691896257,-1.0,-2.0,0,8,19,0.0740264334195718,LOW
North Zone 2,ORR North 2,3.0,0.0,13,1,1,,,0.0,0.0,0.0,0.3,3.0,0.0,0.0,0.0,1.0,0.0,0,0,1.2500653266906738,1.0424752235412598,0.5925626532164703,1.0,2.0,1.0,1.0,2.0,0.0,1.3333333333333333,0.5,-1.0,-1.0,0,5,15,0.10163428855370037,LOW
West Zone 1,Magadi Road,0.0,0.0,13,1,1,,,0.0,0.0,0.0,0.9,2.5,0.0,0.0,0.0,0.0,1.0,0,0,1.0,1.0,1.5707,1.0,1.0,0.0,1.0,1.0,0.0,1.0,0.0,0.0,0.0,0,8,9,0.048255608969745505,LOW
North Zone 2,Bellary Road 1,5.0,0.0,13,2,1,0.565,115.9,0.0,0.0,0.0,0.9,1.0,0.0,0.0,0.0,0.0,0.0,0,0,1.7581949271418054,0.7188523404740168,0.21110195238137455,2.0,1.0,2.0,0.0,1.0,2.0,1.6666666666666667,0.5,1.0,-1.0,0,5,2,0.19208372924200032,LOW
North Zone 2,Bellary Road 1,5.0,4.0,13,1,0,0.1316,10.8,0.0,0.0,0.0,1.0,2.5,0.0,0.0,0.0,0.0,0.0,0,1,2.4377518595429137,1.886704920554621,0.6675136237119093,3.0,2.0,2.0,2.0,2.0,2.0,2.3333333333333335,0.5,1.0,0.0,0,5,2,0.46972753362671305,MEDIUM
North Zone 2,Bellary Road 1,4.0,12.0,13,1,0,0.173,27.3,0.0,0.0,0.0,1.0,1.0,0.0,0.0,0.0,0.0,1.0,0,0,1.6808018684387207,1.6739568710327148,0.6245360238381177,2.0,1.0,1.0,2.0,1.0,1.0,1.6666666666666667,0.5773502691896261,1.0,1.0,0,5,2,0.47955994335878654,MEDIUM
Central Zone 2,Non-corridor,1.0,8.0,13,15,7,0.3749,127.82499999999999,0.2,0.0,0.0,0.9066666666666666,1.1333333333333333,0.06666666666666667,0.4,0.0,0.0,0.0,1,1,3.766250044107437,2.3703765273094177,0.19088414041019325,5.0,3.0,2.0,3.0,2.0,2.0,3.0,1.707825127659933,2.0,1.0,0,1,11,0.7183114868436348,HIGH
Central Zone 2,Non-corridor,1.0,4.0,13,2,2,,,0.0,0.0,0.0,1.0,2.0,0.0,0.0,0.0,0.0,0.0,0,1,4.018263556063175,3.3364027310162783,0.275165396247969,5.0,2.0,5.0,4.0,2.0,4.0,3.3333333333333335,1.5000000000000002,3.0,2.0,0,1,11,0.718159128334034,HIGH
South Zone 1,ORR West 1,5.0,4.0,13,1,0,0.1021,15.1,0.0,0.0,0.0,0.3,1.5,0.0,0.0,0.0,0.0,0.0,0,0,1.015625,0.12109375,0.15058419969640752,1.0,1.0,1.0,0.0,0.0,1.0,1.0,0.0,0.0,0.0,0,6,16,0.1251305895880455,LOW
Central Zone 1,Old Airport Road,4.0,12.0,13,1,1,1.8556,118.1,0.0,0.0,0.0,1.0,2.5,0.0,0.0,0.0,0.0,1.0,0,0,1.0,1.0,2.3205,1.0,1.0,0.0,1.0,1.0,0.0,1.0,0.0,0.0,0.0,0,0,17,0.0367578598718312,LOW
East Zone 1,ORR East 1,1.0,8.0,13,2,1,0.254,15.4,0.5,0.0,0.0,0.65,1.75,0.0,0.5,0.0,0.0,0.0,0,0,1.0,0.75,1.07134,1.0,1.0,0.0,1.0,0.0,0.0,1.0,0.0,0.0,1.0,0,2,12,0.09656716998103969,LOW
Central Zone 2,Mysore Road,6.0,8.0,13,2,2,,,1.0,0.0,0.0,0.65,1.0,0.0,0.0,0.0,0.0,0.0,0,0,1.8814268589997047,0.7971492346094745,0.5308369165013808,1.0,3.0,5.0,0.0,2.0,2.0,2.0,1.7078251276599332,-2.0,-2.0,0,1,10,0.3387262144001116,MEDIUM
South Zone 1,ORR West 1,3.0,8.0,13,2,2,,,0.0,0.0,0.0,1.0,2.75,0.0,0.0,0.0,1.0,0.0,0,0,3.25,1.359375,0.9121305974025973,5.0,2.0,1.0,2.0,1.0,1.0,2.6666666666666665,1.8929694486000912,3.0,1.0,0,6,16,0.15919745220753925,LOW
North Zone 2,ORR North 2,3.0,4.0,13,1,1,,,1.0,0.0,0.0,1.0,1.5,0.0,0.0,0.0,1.0,0.0,0,0,1.517578125,1.4013671875,0.3866863831578947,1.0,3.0,1.0,1.0,3.0,0.0,1.6666666666666667,1.0,-2.0,-2.0,0,5,15,0.10638432122994963,LOW
North Zone 2,ORR North 2,3.0,8.0,13,2,1,0.4296,23.5,0.5,0.0,0.0,1.0,1.75,0.0,0.0,0.0,1.0,0.0,0,0,1.2325440682470798,1.075805727392435,0.05226773346781784,1.0,1.0,1.0,1.0,1.0,1.0,1.3333333333333333,0.5000000000000001,0.0,0.0,0,5,15,0.39027966518444995,MEDIUM
South Zone 1,ORR West 1,2.0,0.0,13,1,0,0.8823,73.0,0.0,0.0,0.0,1.0,2.5,0.0,0.0,0.0,0.0,0.0,0,0,1.78125,0.6640625,0.6951152421052631,2.0,2.0,1.0,0.0,2.0,0.0,1.6666666666666667,0.5773502691896257,0.0,-2.0,0,6,16,0.38725951065895475,MEDIUM
Central Zone 2,Mysore Road,6.0,0.0,13,4,3,1.1834,97.1,0.0,0.0,0.0,0.95,2.25,0.0,0.0,0.0,0.0,0.0,1,0,2.0511859220751836,1.4102588114273653,0.807157478287092,2.0,2.0,1.0,1.0,2.0,1.0,2.3333333333333335,0.816496580927726,0.0,-1.0,0,1,10,0.39328511533874694,MEDIUM
East Zone 1,ORR East 1,2.0,0.0,13,1,1,,,0.0,0.0,0.0,0.9,3.0,0.0,1.0,0.0,0.0,0.0,0,0,1.181884765625,1.00341796875,0.6044886690747923,1.0,1.0,1.0,1.0,1.0,1.0,1.3333333333333333,0.5,0.0,0.0,0,2,12,0.3195057680883674,MEDIUM
East Zone 1,Varthur Road,3.0,0.0,13,2,2,,,0.0,0.0,0.0,0.65,2.0,0.0,1.0,0.0,1.0,0.0,0,0,1.6015625,1.44921875,0.31265205194805196,2.0,1.0,2.0,2.0,1.0,2.0,1.3333333333333333,0.5773502691896257,1.0,1.0,0,2,20,0.3505303754190929,MEDIUM
Central Zone 2,Mysore Road,2.0,4.0,13,2,0,0.47204999999999997,32.8,0.0,0.0,0.0,0.95,2.75,0.0,0.0,0.0,0.0,0.0,0,0,2.2348965257406235,1.0258304923772812,0.6145769710815494,2.0,3.0,1.0,0.0,3.0,1.0,2.3333333333333335,0.816496580927726,-1.0,-3.0,0,1,10,0.5518514191255335,MEDIUM
Central Zone 2,Non-corridor,4.0,0.0,13,15,2,0.07713076923076922,18.26923076923077,0.0,0.0,0.0,0.9866666666666667,1.1,0.13333333333333333,0.9333333333333333,0.0,0.0,1.0,0,1,7.629094874754568,4.554890231071506,0.3677373136824158,5.0,8.0,5.0,2.0,5.0,4.0,11.0,7.14142842854285,-3.0,-3.0,0,1,11,0.718159128334034,HIGH
East Zone 1,ORR East 1,2.0,8.0,13,2,1,1.0954,64.2,1.0,0.0,0.0,0.3,2.5,0.0,0.5,0.0,0.0,0.0,0,0,1.390625,1.08984375,0.9644186216066482,1.0,2.0,1.0,1.0,1.0,1.0,1.6666666666666667,0.5773502691896257,-1.0,0.0,0,2,12,0.2004083556975893,LOW
Central Zone 2,Non-corridor,1.0,0.0,13,3,1,0.29585,61.45,0.0,0.0,0.0,0.7333333333333334,2.0,0.0,0.3333333333333333,0.0,0.0,0.0,0,1,6.991908438503742,5.130536295473576,0.2766902108512795,5.0,14.0,3.0,4.0,11.0,3.0,8.0,4.924428900898052,-9.0,-7.0,0,1,11,0.718159128334034,HIGH
North Zone 2,ORR North 2,4.0,8.0,13,2,2,,,0.0,0.0,0.0,1.0,1.75,0.0,0.0,0.0,0.0,1.0,0,0,1.2506018281583238,1.2500370145153283,2.566528234199168,1.0,2.0,1.0,1.0,2.0,1.0,1.3333333333333333,0.5,-1.0,-1.0,0,5,15,0.0492997202777771,LOW
South Zone 1,ORR West 1,4.0,0.0,13,1,1,,,0.0,0.0,0.0,0.9,1.0,0.0,0.0,0.0,0.0,1.0,0,0,1.508575439453125,0.6315078735351562,0.3071698467520588,2.0,1.0,1.0,1.0,0.0,1.0,1.3333333333333333,0.5,1.0,1.0,0,6,16,0.2628184266102319,LOW
South Zone 1,ORR West 1,4.0,8.0,13,1,1,,,1.0,0.0,0.0,0.9,2.5,0.0,0.0,0.0,0.0,1.0,0,0,1.8125,0.83984375,1.0478513356117565,1.0,2.0,2.0,0.0,2.0,1.0,2.6666666666666665,1.7320508075688774,-1.0,-2.0,0,6,16,0.07777791741047294,LOW
South Zone 1,ORR West 1,1.0,12.0,13,1,0,0.4104,36.4,0.0,0.0,0.0,0.3,2.5,0.0,0.0,0.0,0.0,0.0,0,0,1.0,1.0,0.0,1.0,1.0,0.0,1.0,1.0,0.0,1.0,0.0,0.0,0.0,0,6,16,0.10126644995111098,LOW
East Zone 1,ORR East 2,6.0,0.0,13,1,1,2.34,727.1,0.0,0.0,0.0,0.9,1.0,0.0,1.0,0.0,0.0,0.0,0,0,1.260345473885554,1.2522888295352494,2.3254649063178823,1.0,2.0,1.0,1.0,2.0,1.0,1.3333333333333333,0.5,-1.0,-1.0,0,2,13,0.03824031559599576,LOW
East Zone 1,Varthur Road,1.0,0.0,13,3,2,0.1279,9.9,0.0,0.0,0.0,0.7666666666666666,2.8333333333333335,0.0,1.0,0.0,0.0,0.0,0,0,1.5,0.75,0.6952400000000001,2.0,1.0,0.0,1.0,0.0,0.0,1.3333333333333333,0.5773502691896258,1.0,1.0,0,2,20,0.22948510025234328,LOW
East Zone 1,ORR East 2,5.0,0.0,13,3,2,1.5241,402.8333333333333,0.0,0.0,0.0,0.9666666666666667,1.0,0.0,1.0,0.0,0.0,0.0,0,0,1.3750610352290136,1.375045776381743,2.341017057611754,1.0,2.0,1.0,1.0,2.0,1.0,1.6666666666666667,0.5773502691896257,-1.0,-1.0,0,2,13,0.047182397249708165,LOW
North Zone 2,ORR North 2,5.0,8.0,13,1,1,,,0.0,0.0,0.0,0.9,1.0,0.0,0.0,0.0,0.0,0.0,0,0,1.0949712908478109,1.0852051142719876,0.5625928646004087,1.0,1.0,2.0,1.0,1.0,2.0,1.0,0.5,0.0,0.0,0,5,15,0.41963983299725527,MEDIUM
East Zone 1,ORR East 2,5.0,4.0,13,1,0,0.187,27.4,1.0,0.0,0.0,1.0,1.0,0.0,1.0,0.0,0.0,0.0,0,0,1.53125,1.0,0.8314313864701943,2.0,1.0,1.0,1.0,1.0,1.0,1.3333333333333333,0.5,1.0,0.0,0,2,13,0.2330453320658703,LOW
East Zone 1,ORR East 2,4.0,0.0,13,2,2,,,0.0,0.0,0.0,0.95,1.0,0.0,1.0,0.0,0.0,1.0,0,0,1.0000011921584395,0.7500002384768463,2.3897296555485106,1.0,1.0,1.0,1.0,0.0,1.0,1.0,0.0,0.0,1.0,0,2,13,0.040751377430541066,LOW
Central Zone 2,Non-corridor,3.0,12.0,13,2,0,0.28935,38.25,0.0,0.0,0.0,0.9,1.75,0.0,0.0,0.0,1.0,0.0,0,0,9.291444419276017,7.054760174966053,0.5595092183620912,4.0,26.0,5.0,3.0,21.0,2.0,11.0,11.030261405182864,-22.0,-18.0,0,1,11,0.718159128334034,HIGH
North Zone 2,Bellary Road 1,6.0,4.0,13,2,1,0.1474,21.6,0.5,0.0,0.0,1.0,2.0,0.0,0.0,0.0,0.0,0.0,0,0,2.727966554550335,1.8631706102739791,0.8062968121455756,4.0,1.0,4.0,3.0,0.0,3.0,2.0,1.7320508075688772,3.0,3.0,0,5,2,0.2418429836269053,LOW
Central Zone 2,Mysore Road,2.0,0.0,13,2,1,0.3157,25.9,0.0,0.0,0.0,0.65,2.75,0.0,0.0,0.0,0.0,0.0,0,0,2.145183337852359,1.1363225290551782,0.9285079095583357,2.0,2.0,2.0,1.0,1.0,1.0,2.3333333333333335,0.5000000000000001,0.0,0.0,0,1,10,0.3801398257205673,MEDIUM
Central Zone 2,Non-corridor,3.0,16.0,13,7,7,1.9852,165.0,1.0,0.0,0.0,0.7714285714285715,1.0,0.14285714285714285,0.0,0.0,1.0,0.0,1,0,2.1406326293945312,2.0149002075195312,2.653792671308579,3.0,1.0,1.0,3.0,1.0,1.0,2.0,0.9574271077563381,2.0,2.0,0,1,11,0.5827691875716182,MEDIUM
North Zone 2,Bellary Road 1,5.0,8.0,13,3,3,2.34,1273.2,0.3333333333333333,0.0,0.0,0.7333333333333334,1.3333333333333333,0.0,0.0,0.0,0.0,0.0,1,0,1.0195846289601906,0.8650331309900626,0.3003472060725382,1.0,1.0,1.0,1.0,1.0,1.0,1.0,0.0,0.0,0.0,0,5,2,0.19516850282725756,LOW
West Zone 2,West of Chord Road,1.0,12.0,13,1,1,,,0.0,0.0,0.0,0.9,2.5,0.0,0.0,0.0,0.0,0.0,0,0,1.0,0.25,0.32121578947368423,1.0,1.0,0.0,0.0,1.0,0.0,1.0,0.0,0.0,-1.0,0,9,21,0.06671869314464503,LOW
East Zone 1,ORR East 2,4.0,20.0,13,1,1,,,0.0,0.0,0.0,1.0,1.0,0.0,0.0,0.0,0.0,1.0,0,0,1.0,0.75,0.1703,1.0,1.0,0.0,1.0,1.0,0.0,1.0,0.0,0.0,0.0,0,2,13,0.11077532229339862,LOW
East Zone 1,ORR East 1,3.0,8.0,13,1,0,0.7479,76.9,1.0,0.0,0.0,0.3,1.0,0.0,1.0,0.0,1.0,0.0,0,0,1.04345703125,0.8153076171875,1.693795336863333,1.0,1.0,1.0,1.0,1.0,0.0,1.0,0.0,0.0,0.0,0,2,12,0.14783922792719503,LOW
Central Zone 2,Mysore Road,6.0,12.0,13,1,1,,,0.0,0.0,0.0,1.0,2.5,0.0,0.0,0.0,0.0,0.0,0,0,1.099666735306073,0.505315261216218,1.0402958587600906,1.0,1.0,1.0,0.0,1.0,1.0,1.0,0.0,0.0,-1.0,0,1,10,0.19455566064926957,LOW
Central Zone 2,Non-corridor,0.0,12.0,13,1,0,0.1337,18.8,0.0,0.0,0.0,0.9,2.5,0.0,0.0,0.0,0.0,1.0,0,0,2.234375,1.7890625,0.12981206042296073,2.0,2.0,2.0,2.0,1.0,1.0,2.6666666666666665,1.0,0.0,1.0,0,1,11,0.6842854037437179,HIGH
Central Zone 2,Non-corridor,0.0,16.0,13,2,2,,,1.0,0.0,0.0,1.0,2.5,0.0,0.0,0.0,0.0,1.0,0,0,0.0,0.0,0.0,0.0,0.0,0.0,0.0,0.0,0.0,0.0,0.0,0.0,0.0,0,1,11,0.07010137523734222,LOW
Central Zone 2,Non-corridor,0.0,20.0,13,1,0,1.1634,162.1,0.0,0.0,0.0,0.9,2.5,0.0,0.0,0.0,0.0,1.0,0,0,1.0,1.0,0.0,1.0,0.0,0.0,1.0,0.0,0.0,1.0,0.0,0.0,0.0,0,1,11,0.05084167857227939,LOW
East Zone 1,ORR East 2,3.0,0.0,13,1,1,3.51,744.3,0.0,0.0,0.0,1.0,1.0,0.0,1.0,0.0,1.0,0.0,0,0,1.1562585909971403,1.0312576371973137,2.2026443281582964,1.0,1.0,1.0,1.0,1.0,1.0,1.3333333333333333,0.5,0.0,0.0,0,2,13,0.055072644892818025,LOW
West Zone 2,West of Chord Road,1.0,4.0,13,1,0,0.1133,26.3,0.0,0.0,0.0,0.9,1.0,0.0,0.0,0.0,0.0,0.0,0,0,1.0,0.78125,0.63814,1.0,1.0,1.0,1.0,1.0,0.0,1.0,0.0,0.0,0.0,0,9,21,0.11712615889052462,LOW
West Zone 2,West of Chord Road,1.0,8.0,13,2,0,0.35814999999999997,76.0,0.0,0.0,0.0,0.95,1.0,0.0,0.0,0.0,0.0,0.0,0,0,1.046875,0.78125,0.45519879437374416,1.0,1.0,1.0,1.0,0.0,1.0,1.0,0.0,0.0,1.0,0,9,21,0.2353435052799363,LOW
Central Zone 2,Non-corridor,0.0,8.0,13,2,1,0.0987,9.3,1.0,0.0,0.0,0.95,2.5,0.0,0.0,0.0,0.0,1.0,0,0,1.703125,0.96875,0.5696682493074792,2.0,1.0,1.0,1.0,1.0,0.0,1.6666666666666667,0.5773502691896258,1.0,0.0,0,1,11,0.5897420352952324,MEDIUM
North Zone 2,Bellary Road 1,6.0,8.0,13,1,0,0.3412,20.0,1.0,0.0,0.0,1.0,2.5,0.0,0.0,0.0,0.0,0.0,0,1,1.2905321251535549,1.1640295491042456,1.1291055078071677,1.0,1.0,1.0,1.0,1.0,1.0,1.6666666666666667,1.0,0.0,0.0,0,5,2,0.4252080112183324,MEDIUM
North Zone 2,Bellary Road 1,6.0,0.0,13,3,3,,,0.0,0.0,0.0,1.0,3.0,0.0,0.0,0.0,0.0,0.0,1,0,1.255623237233537,0.6286316917387442,0.371931726809465,1.0,2.0,1.0,0.0,2.0,1.0,1.3333333333333333,0.5,-1.0,-2.0,0,5,2,0.068279121690385,LOW
South Zone 2,IRR(Thanisandra road),1.0,8.0,13,1,0,0.1182,19.6,1.0,0.0,0.0,0.9,1.0,0.0,0.0,0.0,0.0,0.0,0,0,0.0,0.0,0.0,0.0,0.0,0.0,0.0,0.0,0.0,0.0,0.0,0.0,0.0,0,7,8,0.15985986935207805,LOW
North Zone 2,ORR North 2,6.0,12.0,13,1,1,,,0.0,0.0,0.0,1.0,1.5,0.0,0.0,0.0,0.0,0.0,0,0,1.15625,0.9520263671875,0.5603800935277983,1.0,1.0,1.0,1.0,1.0,1.0,1.3333333333333333,0.5,0.0,0.0,0,5,15,0.2982102116546069,LOW
East Zone 1,ORR East 1,4.0,0.0,13,1,0,0.284,30.9,0.0,0.0,0.0,0.9,1.5,0.0,1.0,0.0,0.0,1.0,0,0,1.1642234111204743,0.1485977303236723,0.886459587251986,1.0,1.0,1.0,0.0,0.0,1.0,1.3333333333333333,0.5,0.0,0.0,0,2,12,0.13613937544246119,LOW
East Zone 1,ORR East 2,2.0,8.0,13,3,1,0.70155,137.15,0.6666666666666666,0.0,0.0,0.9666666666666667,1.1666666666666667,0.0,1.0,0.0,0.0,0.0,0,0,1.03125,0.59375,0.7313623376623377,1.0,1.0,1.0,1.0,0.0,1.0,1.0,0.0,0.0,1.0,0,2,13,0.07161616227071212,LOW
West Zone 2,West of Chord Road,6.0,0.0,13,1,1,,,0.0,0.0,0.0,1.0,1.0,0.0,0.0,0.0,0.0,0.0,0,0,1.0004884008085355,0.7361986333271489,0.7480658011930628,1.0,1.0,1.0,1.0,0.0,1.0,1.0,0.0,0.0,1.0,0,9,21,0.04695721974568287,LOW
South Zone 2,IRR(Thanisandra road),4.0,4.0,14,1,1,,,0.0,0.0,0.0,0.9,2.5,0.0,0.0,0.0,0.0,0.0,0,0,1.0,0.5,0.37048400000000004,1.0,1.0,1.0,1.0,0.0,0.0,1.0,0.0,0.0,1.0,0,7,8,0.15385274821507589,LOW
North Zone 2,Bellary Road 1,6.0,12.0,14,1,0,1.4211,116.6,0.0,0.0,0.0,0.3,2.5,0.0,0.0,0.0,0.0,0.0,0,0,1.437583105696831,0.9696867623133585,0.7697989816949664,1.0,2.0,3.0,1.0,1.0,2.0,1.3333333333333333,0.9574271077563381,-1.0,0.0,0,5,2,0.07869771625928042,LOW
Central Zone 2,Non-corridor,3.0,12.0,14,2,1,0.0729,21.6,0.0,0.0,0.0,0.95,1.25,0.0,1.0,0.0,0.0,0.0,0,1,5.645722209638008,3.5273800874830266,0.4514455310172547,2.0,4.0,3.0,0.0,3.0,1.0,10.666666666666666,11.528949070347508,-2.0,-3.0,0,1,11,0.718159128334034,HIGH
North Zone 2,Bellary Road 1,6.0,4.0,14,1,0,0.3023,62.0,0.0,0.0,0.0,1.0,1.0,0.0,0.0,0.0,0.0,0.0,0,0,2.3639832772751674,1.4315853051369896,0.5427380872873453,2.0,4.0,1.0,1.0,3.0,1.0,2.3333333333333335,1.4142135623730951,-2.0,-2.0,0,5,2,0.5279544937121601,MEDIUM
Central Zone 2,Mysore Road,2.0,0.0,14,2,1,0.5121,38.2,0.0,0.0,0.0,1.0,3.0,0.0,0.0,0.0,0.0,0.0,0,0,2.0725916689261794,1.068161264527589,0.6833847457350015,2.0,2.0,3.0,1.0,1.0,2.0,2.0,0.5000000000000001,0.0,0.0,0,1,10,0.37512620120820267,MEDIUM
North Zone 2,Bellary Road 1,5.0,12.0,14,1,0,1.1737,160.5,0.0,0.0,0.0,0.9,1.0,0.0,0.0,0.0,1.0,0.0,0,0,1.010637529194355,0.11990557610988617,0.12825145776800606,1.0,1.0,1.0,0.0,0.0,1.0,1.0,0.0,0.0,0.0,0,5,2,0.1878983676568361,LOW
West Zone 2,West of Chord Road,2.0,12.0,14,2,0,0.32730000000000004,37.25,0.0,0.0,0.0,1.0,1.75,0.0,0.0,0.0,0.0,0.0,0,0,1.0,0.90625,0.32121578947368423,1.0,1.0,1.0,1.0,1.0,0.0,1.0,0.0,0.0,0.0,0,9,21,0.13690933930275043,LOW
West Zone 2,West of Chord Road,1.0,4.0,14,1,1,,,0.0,0.0,0.0,0.9,2.5,0.0,0.0,0.0,1.0,0.0,0,0,1.0,0.390625,0.2973348051948052,1.0,1.0,1.0,0.0,1.0,0.0,1.0,0.0,0.0,-1.0,0,9,21,0.07081622849735689,LOW
Central Zone 2,Non-corridor,0.0,8.0,14,2,1,1.1253,131.9,0.5,0.0,0.0,0.95,1.75,0.0,0.5,0.0,0.0,0.0,0,0,1.8515625,0.984375,0.3812809495844875,2.0,2.0,2.0,1.0,1.0,1.0,1.6666666666666667,0.5,0.0,0.0,0,1,11,0.5854305377093065,MEDIUM
Central Zone 2,Mysore Road,6.0,8.0,14,1,0,0.7576,103.6,0.0,0.0,0.0,0.3,1.5,0.0,0.0,0.0,0.0,0.0,0,0,1.9407134294998523,1.3985746173047373,0.5308369165013808,2.0,1.0,2.0,2.0,0.0,1.0,2.0,0.8164965809277264,1.0,2.0,0,1,10,0.3296098059980484,MEDIUM
East Zone 1,ORR East 1,3.0,0.0,14,1,1,,,0.0,0.0,0.0,0.9,3.0,0.0,0.0,0.0,0.0,0.0,0,1,1.0411932468414307,1.0410189628601074,0.6044886690747923,1.0,1.0,1.0,1.0,1.0,1.0,1.0,0.0,0.0,0.0,0,2,12,0.4702553709973835,MEDIUM
East Zone 1,ORR East 1,3.0,4.0,14,1,1,3.276,1197.6,1.0,0.0,0.0,1.0,1.0,0.0,1.0,0.0,0.0,0.0,0,0,1.0390625,0.6875,0.5427238227146814,1.0,1.0,1.0,1.0,0.0,0.0,1.0,0.0,0.0,1.0,0,2,12,0.12569002893020156,LOW
Central Zone 2,Mysore Road,6.0,12.0,14,1,1,,,0.0,0.0,0.0,1.0,2.5,1.0,0.0,0.0,0.0,0.0,0,0,1.0498333676530365,0.752657630608109,1.0402958587600906,1.0,1.0,1.0,1.0,0.0,1.0,1.0,0.0,0.0,1.0,0,1,10,0.12443908092716238,LOW
South Zone 1,ORR West 1,0.0,12.0,14,1,1,,,0.0,0.0,0.0,0.9,2.5,0.0,0.0,0.0,0.0,0.0,0,0,0.0,0.0,0.0,0.0,0.0,0.0,0.0,0.0,0.0,0.0,0.0,0.0,0.0,0,6,16,0.08249300670703591,LOW
East Zone 1,ORR East 2,2.0,20.0,14,1,1,,,0.0,0.0,0.0,0.3,3.0,1.0,1.0,0.0,0.0,0.0,0,0,1.0,0.0,0.1703,1.0,0.0,0.0,0.0,0.0,0.0,1.0,0.0,0.0,0.0,0,2,13,0.11413248203632428,LOW
West Zone 2,West of Chord Road,2.0,8.0,14,2,2,,,0.0,0.0,0.0,1.0,2.5,0.0,0.0,0.0,0.0,0.0,0,0,1.630859375,0.09765625,0.32828737335636476,2.0,1.0,1.0,0.0,0.0,1.0,1.6666666666666667,0.5773502691896257,1.0,0.0,0,9,21,0.07159779058999245,LOW
North Zone 2,Bellary Road 1,6.0,8.0,14,3,3,2.34,1266.7,0.0,0.0,0.0,0.9666666666666667,1.0,0.0,0.0,0.0,0.0,0.0,1,0,1.1452660625767774,0.5820147745521228,0.6174785546856303,1.0,1.0,3.0,0.0,1.0,2.0,1.0,1.0,0.0,-1.0,0,5,2,0.12556940118910995,LOW
Central Zone 2,Mysore Road,2.0,4.0,14,2,2,,,0.0,0.0,0.0,0.9,1.75,0.5,0.0,0.0,0.0,0.0,0,0,2.1174482628703117,0.5129152461886406,0.5575661826489295,2.0,2.0,2.0,0.0,0.0,1.0,2.3333333333333335,0.49999999999999994,0.0,0.0,0,1,10,0.31359951120586527,MEDIUM
Central Zone 2,Non-corridor,4.0,0.0,14,5,5,,,0.0,0.0,0.0,0.96,1.7,0.0,0.2,0.0,0.0,0.0,1,0,11.314547437377284,3.277445115535753,0.25149469590175716,15.0,5.0,20.0,2.0,2.0,15.0,9.333333333333334,6.782329983125268,10.0,0.0,0,1,11,0.718159128334034,HIGH
North Zone 2,ORR North 2,5.0,12.0,14,2,1,0.7795,106.6,0.0,0.0,0.0,0.6,1.0,0.0,0.0,0.0,1.0,0.0,0,0,1.25,0.6162109375,0.3169135307809074,1.0,2.0,1.0,1.0,0.0,1.0,1.3333333333333333,0.5,-1.0,1.0,0,5,15,0.09902901224332525,LOW
West Zone 2,West of Chord Road,1.0,0.0,14,2,2,,,0.0,0.0,0.0,1.0,1.75,0.0,0.0,0.0,1.0,0.0,0,0,1.5,1.5,0.0,2.0,1.0,1.0,2.0,1.0,1.0,1.3333333333333333,0.5,1.0,1.0,0,9,21,0.10224791392654653,LOW
West Zone 2,West of Chord Road,1.0,12.0,14,1,1,,,0.0,0.0,0.0,1.0,2.5,0.0,0.0,0.0,1.0,0.0,0,0,1.0,0.625,0.32121578947368423,1.0,1.0,1.0,1.0,0.0,0.0,1.0,0.0,0.0,1.0,0,9,21,0.04411663016886265,LOW
East Zone 1,ORR East 1,2.0,8.0,14,1,0,1.1271,110.1,1.0,0.0,0.0,1.0,1.5,0.0,1.0,0.0,0.0,0.0,0,0,1.6953125,1.044921875,1.0333561891820964,2.0,1.0,2.0,1.0,1.0,2.0,1.6666666666666667,0.5,1.0,0.0,0,2,12,0.10384600722143958,LOW
East Zone 1,ORR East 1,2.0,12.0,14,1,1,,,0.0,0.0,0.0,0.3,2.5,0.0,1.0,0.0,0.0,0.0,0,0,1.0,0.46875,0.6636864265927976,1.0,1.0,1.0,0.0,1.0,1.0,1.0,0.0,0.0,-1.0,0,2,12,0.1129649147009999,LOW
Central Zone 2,Non-corridor,1.0,0.0,14,6,4,0.6236999999999999,152.15,0.0,0.0,0.0,0.9500000000000001,2.0833333333333335,0.0,0.16666666666666666,0.0,1.0,0.0,1,0,4.995954219251871,3.065268147736788,0.2843541265107677,3.0,5.0,5.0,1.0,4.0,1.0,7.333333333333333,4.924428900898052,-2.0,-3.0,0,1,11,0.718159128334034,HIGH
South Zone 1,ORR West 1,4.0,8.0,14,1,1,,,0.0,0.0,0.0,1.0,2.5,0.0,0.0,0.0,0.0,0.0,0,0,1.40625,0.919921875,1.0478513356117565,1.0,1.0,5.0,1.0,0.0,2.0,1.3333333333333333,1.8929694486000912,0.0,1.0,0,6,16,0.08305817796471762,LOW
East Zone 1,Varthur Road,1.0,0.0,14,1,1,,,0.0,0.0,0.0,1.0,2.5,0.0,1.0,0.0,1.0,0.0,0,0,2.25,1.375,0.46830400000000005,3.0,2.0,1.0,2.0,1.0,1.0,2.0,0.9574271077563381,1.0,1.0,0,2,20,0.24572781458602996,LOW
East Zone 1,ORR East 2,5.0,0.0,14,1,1,3.51,731.8,0.0,0.0,0.0,1.0,1.0,0.0,1.0,0.0,1.0,0.0,0,0,2.1875305176145066,1.6875228881908715,2.0142502345670525,3.0,1.0,2.0,2.0,1.0,2.0,2.0,0.816496580927726,2.0,1.0,0,2,13,0.08398182751159353,LOW
Central Zone 1,Old Airport Road,1.0,0.0,14,1,0,1.3674,74.8,0.0,0.0,0.0,1.0,2.5,0.0,0.0,0.0,1.0,0.0,0,0,0.0,0.0,0.0,0.0,0.0,0.0,0.0,0.0,0.0,0.0,0.0,0.0,0.0,0,0,17,0.030891690452739925,LOW
South Zone 1,ORR West 1,3.0,4.0,14,1,1,,,1.0,0.0,0.0,0.3,2.5,0.0,0.0,0.0,0.0,0.0,0,0,1.5,0.875,0.3864987012987013,2.0,1.0,1.0,1.0,1.0,0.0,1.3333333333333333,0.5,1.0,0.0,0,6,16,0.3474029973001877,MEDIUM
North Zone 2,ORR North 2,3.0,12.0,14,1,1,1.5076,123.7,0.0,0.0,0.0,0.9,2.5,0.0,0.0,0.0,0.0,0.0,0,0,1.0,0.4375,0.13580389610389612,1.0,1.0,1.0,0.0,1.0,0.0,1.0,0.0,0.0,-1.0,0,5,15,0.07029950627819177,LOW
East Zone 1,ORR East 1,1.0,20.0,14,1,1,,,0.0,0.0,0.0,0.9,2.5,0.0,1.0,0.0,1.0,0.0,0,0,1.0,0.5625,0.855302105263158,1.0,1.0,1.0,1.0,0.0,1.0,1.0,0.0,0.0,1.0,0,2,12,0.10401350261026047,LOW
East Zone 1,ORR East 1,2.0,0.0,14,2,2,,,0.0,0.0,0.0,0.65,3.0,0.0,0.5,0.0,0.0,0.0,0,0,1.0909423828125,1.001708984375,0.6044886690747923,1.0,1.0,2.0,1.0,1.0,1.0,1.0,0.5,0.0,0.0,0,2,12,0.39268777271304284,MEDIUM
East Zone 1,Varthur Road,1.0,12.0,14,1,1,,,0.0,0.0,0.0,0.9,2.5,0.0,1.0,0.0,1.0,0.0,0,0,1.0,1.0,0.0,1.0,1.0,0.0,1.0,1.0,0.0,1.0,0.0,0.0,0.0,0,2,20,0.06505604874353552,LOW
East Zone 1,Varthur Road,2.0,0.0,14,1,0,0.2286,46.9,0.0,0.0,0.0,0.9,1.0,0.0,1.0,0.0,0.0,0.0,0,0,1.8125,1.59375,0.46830400000000005,2.0,1.0,2.0,2.0,1.0,1.0,2.0,0.816496580927726,1.0,1.0,0,2,20,0.4482403510954113,MEDIUM
East Zone 1,Varthur Road,2.0,12.0,14,1,1,,,0.0,0.0,0.0,0.9,1.0,0.0,1.0,0.0,0.0,0.0,0,0,1.0,1.0,1.5624,1.0,1.0,1.0,1.0,1.0,1.0,1.0,0.0,0.0,0.0,0,2,20,0.04126413115786112,LOW
North Zone 2,Bellary Road 1,5.0,4.0,14,3,3,,,0.0,0.0,0.0,1.0,1.0,0.0,0.0,0.0,1.0,0.0,1,0,1.7188759297714569,0.9433524602773105,0.45314817422714554,1.0,3.0,2.0,0.0,2.0,2.0,2.0,0.816496580927726,-2.0,-2.0,0,5,2,0.34709770945834517,MEDIUM
North Zone 2,Bellary Road 1,4.0,20.0,14,1,0,0.5887,48.3,0.0,0.0,0.0,1.0,2.5,0.0,0.0,0.0,0.0,0.0,0,0,1.0,0.875,0.4753,1.0,1.0,1.0,1.0,1.0,0.0,1.0,0.0,0.0,0.0,0,5,2,0.3438492544602009,MEDIUM
South Zone 2,IRR(Thanisandra road),0.0,4.0,14,1,0,0.3851,65.1,1.0,0.0,0.0,1.0,1.0,0.0,0.0,0.0,0.0,0.0,0,0,0.0,0.0,0.0,0.0,0.0,0.0,0.0,0.0,0.0,0.0,0.0,0.0,0.0,0,7,8,0.15859569168153442,LOW
South Zone 2,IRR(Thanisandra road),1.0,0.0,14,1,1,,,0.0,0.0,0.0,1.0,1.0,0.0,0.0,0.0,1.0,0.0,0,0,1.0,0.75,0.0774,1.0,1.0,0.0,1.0,1.0,0.0,1.0,0.0,0.0,0.0,0,7,8,0.08917047420067264,LOW
North Zone 2,Bellary Road 2,0.0,12.0,14,2,1,0.5411,111.0,0.0,0.0,0.0,1.0,1.0,0.0,1.0,0.0,0.0,0.0,0,0,1.0,1.0,0.0,1.0,1.0,1.0,1.0,1.0,1.0,1.0,0.0,0.0,0.0,0,5,3,0.07595317027339436,LOW
Central Zone 2,Non-corridor,3.0,8.0,14,6,3,0.5353,98.53333333333335,0.0,0.0,0.0,0.8666666666666667,2.0833333333333335,0.16666666666666666,0.3333333333333333,0.0,0.0,0.0,1,0,7.343184425585044,4.315968975693691,0.40488916429707666,5.0,9.0,36.0,3.0,5.0,23.0,5.0,15.840349322747484,-4.0,-2.0,0,1,11,0.718159128334034,HIGH
Central Zone 2,Non-corridor,4.0,4.0,14,5,3,0.20584999999999998,32.75,0.2,0.0,0.0,0.8400000000000001,1.9,0.2,0.2,0.0,0.0,0.0,1,0,5.627147366034508,3.7193990365061245,0.5240103578436145,5.0,9.0,5.0,3.0,7.0,2.0,5.666666666666667,2.5166114784235836,-4.0,-4.0,0,1,11,0.718159128334034,HIGH
West Zone 1,Magadi Road,1.0,0.0,14,1,1,,,0.0,0.0,0.0,0.9,2.5,0.0,0.0,0.0,1.0,0.0,0,0,1.0,1.0,1.5707,1.0,1.0,1.0,1.0,1.0,1.0,1.0,0.0,0.0,0.0,0,8,9,0.045682467135715596,LOW
Central Zone 2,Mysore Road,1.0,8.0,14,2,1,0.7422,40.6,0.0,0.0,0.0,0.95,1.75,0.0,0.0,0.0,1.0,0.0,0,0,3.1939697265625,1.457366943359375,0.9394471034521963,5.0,1.0,1.0,2.0,1.0,0.0,2.6666666666666665,1.8929694486000914,4.0,1.0,0,1,10,0.41727747575078555,MEDIUM
East Zone 1,ORR East 1,1.0,4.0,14,1,1,,,0.0,0.0,0.0,1.0,2.5,0.0,1.0,0.0,1.0,0.0,0,0,1.0,1.0,0.0,1.0,1.0,0.0,1.0,1.0,0.0,1.0,0.0,0.0,0.0,0,2,12,0.06339199892964173,LOW
East Zone 1,Varthur Road,5.0,12.0,14,3,2,0.2625,35.9,0.0,0.0,0.0,0.9666666666666667,1.0,0.0,1.0,0.0,1.0,0.0,0,0,1.0,1.0,1.5624,1.0,1.0,1.0,1.0,1.0,1.0,1.0,0.0,0.0,0.0,0,2,20,0.10514361947055474,LOW
Central Zone 1,Old Airport Road,1.0,4.0,14,1,0,0.649,14.2,0.0,0.0,0.0,1.0,2.5,1.0,0.0,0.0,1.0,0.0,0,0,1.0,0.25,0.08094,1.0,1.0,0.0,0.0,0.0,0.0,1.0,0.0,0.0,0.0,0,0,17,0.024621187432649228,LOW
Central Zone 2,Mysore Road,6.0,4.0,14,4,3,2.23515,196.15,0.25,0.0,0.0,0.975,2.0,0.25,0.0,0.0,0.0,0.0,1,0,1.8820992648839487,0.9029665199149585,0.40274561843939755,1.0,3.0,1.0,0.0,2.0,0.0,2.6666666666666665,1.5,-2.0,-2.0,0,1,10,0.5435157256941705,MEDIUM
North Zone 2,ORR North 2,4.0,0.0,14,1,1,,,0.0,0.0,0.0,1.0,3.0,0.0,0.0,0.0,0.0,0.0,0,0,2.0312581658363342,2.0053094029426575,0.5925626532164703,3.0,1.0,1.0,3.0,1.0,1.0,1.6666666666666667,1.0,2.0,2.0,0,5,15,0.2622092007298454,LOW
East Zone 1,Varthur Road,3.0,8.0,14,1,0,0.1731,14.2,0.0,0.0,0.0,0.9,2.5,0.0,1.0,0.0,0.0,0.0,0,0,1.0,0.5625,1.40496896,1.0,1.0,1.0,1.0,0.0,1.0,1.0,0.0,0.0,1.0,0,2,20,0.08367300220854075,LOW
Central Zone 2,Mysore Road,1.0,12.0,14,3,1,0.64495,53.0,0.0,0.0,0.0,0.9666666666666667,1.8333333333333333,0.0,0.0,0.0,1.0,0.0,0,0,2.5,0.8984375,0.40924817953975845,4.0,1.0,1.0,1.0,1.0,0.0,2.0,1.5,3.0,0.0,0,1,10,0.367776258981333,MEDIUM
North Zone 2,Bellary Road 1,4.0,8.0,14,2,1,0.9638,65.9,0.0,0.0,0.0,1.0,3.0,0.0,0.0,0.0,0.0,0.0,0,0,1.0136650138088115,0.44848153345603947,0.3326804642636216,1.0,1.0,1.0,0.0,1.0,1.0,1.0,0.0,0.0,-1.0,0,5,2,0.4650058656254257,MEDIUM
North Zone 2,Bellary Road 1,3.0,12.0,14,1,1,,,0.0,0.0,0.0,1.0,1.0,0.0,0.0,0.0,0.0,0.0,0,0,2.571319580078125,2.13323974609375,0.6245360238381177,2.0,5.0,2.0,2.0,4.0,2.0,2.6666666666666665,1.7320508075688774,-3.0,-2.0,0,5,2,0.15622957944169946,LOW
North Zone 2,Bellary Road 1,4.0,0.0,14,1,1,,,0.0,0.0,0.0,1.0,2.5,0.0,0.0,0.0,0.0,0.0,0,1,1.391605393208721,1.104796645393236,0.44194658695892036,1.0,1.0,5.0,1.0,0.0,5.0,1.3333333333333333,1.8929694486000912,0.0,1.0,0,5,2,0.5303139383017268,MEDIUM
North Zone 2,Bellary Road 1,3.0,8.0,14,1,0,0.1721,35.3,0.0,0.0,0.0,1.0,1.0,0.0,0.0,0.0,0.0,0.0,0,0,1.9964870701114705,1.6225451294922095,1.0295296422665567,2.0,2.0,3.0,2.0,1.0,2.0,1.6666666666666667,0.816496580927726,0.0,1.0,0,5,2,0.2591181290188125,LOW
Central Zone 2,Non-corridor,3.0,4.0,14,3,2,1.2,1412.0,0.0,0.0,0.0,0.7666666666666666,2.0,0.0,0.6666666666666666,0.0,0.0,0.0,0,1,2.459560875118785,1.0705129307237589,0.7625473289042437,1.0,4.0,3.0,0.0,3.0,1.0,3.0,1.4142135623730951,-3.0,-3.0,0,1,11,0.718159128334034,HIGH
West Zone 1,Magadi Road,0.0,8.0,14,1,0,0.2593,15.2,1.0,0.0,0.0,0.3,2.5,0.0,0.0,0.0,0.0,0.0,0,0,2.0,2.0,0.0,2.0,0.0,0.0,2.0,0.0,0.0,2.0,0.0,0.0,0.0,0,8,9,0.2528314283441536,LOW
Central Zone 2,Non-corridor,4.0,8.0,14,6,4,0.1505,23.450000000000003,0.16666666666666666,0.0,0.0,0.75,2.25,0.0,0.3333333333333333,0.0,0.0,0.0,1,0,3.1198031295479307,2.460455543458892,0.5279152671378077,3.0,2.0,9.0,3.0,1.0,6.0,2.6666666666666665,3.2015621187164243,1.0,2.0,0,1,11,0.7172740121448937,HIGH
South Zone 1,ORR West 1,5.0,12.0,14,2,2,,,0.0,0.0,0.0,0.95,1.0,0.0,0.0,0.0,1.0,0.0,0,0,1.5,0.7734375,1.173126214736842,1.0,2.0,3.0,0.0,2.0,2.0,1.6666666666666667,0.816496580927726,-1.0,-2.0,0,6,16,0.10218890000413537,LOW
South Zone 1,ORR West 1,4.0,12.0,14,2,1,1.2210999999999999,723.0999999999999,0.0,0.0,0.0,0.95,1.0,0.0,0.0,0.0,0.0,0.0,0,0,2.0,1.1875,0.360962105263158,3.0,1.0,1.0,2.0,0.0,0.0,1.6666666666666667,1.0,2.0,2.0,0,6,16,0.20656933960321966,LOW
East Zone 1,ORR East 1,1.0,0.0,14,3,3,1.5375,145.0,0.0,0.0,0.0,0.7333333333333334,1.1666666666666667,0.0,0.6666666666666666,0.0,1.0,0.0,1,0,2.28125,1.4375,0.07287073684210527,3.0,2.0,1.0,2.0,1.0,0.0,2.0,0.9574271077563381,1.0,1.0,0,2,12,0.15884234388102247,LOW
West Zone 1,Tumkur Road,6.0,8.0,14,4,1,0.937575,63.7,0.25,0.0,0.0,0.625,2.375,0.0,0.0,0.0,0.0,0.0,0,0,1.1566196702050324,0.33590348603605946,1.3878536068688372,1.0,1.0,1.0,0.0,0.0,0.0,1.3333333333333333,0.5,0.0,0.0,0,8,19,0.14572237498862595,LOW
South Zone 1,ORR West 1,5.0,4.0,14,1,1,,,1.0,0.0,0.0,1.0,1.5,0.0,0.0,0.0,1.0,0.0,0,0,1.0078125,0.060546875,0.13119051981784452,1.0,1.0,1.0,0.0,0.0,0.0,1.0,0.0,0.0,0.0,0,6,16,0.26514846005735615,LOW
Central Zone 2,Non-corridor,1.0,8.0,14,3,3,,,0.3333333333333333,0.0,0.0,0.9,2.0,0.3333333333333333,0.3333333333333333,0.0,1.0,0.0,1,0,9.383125022053719,4.685188263654709,0.264490484246116,15.0,5.0,1.0,7.0,3.0,1.0,7.666666666666667,6.2182527020592095,10.0,4.0,0,1,11,0.7183114868436348,HIGH
North Zone 2,ORR North 2,2.0,4.0,14,3,3,,,0.0,0.0,0.0,0.9666666666666667,1.8333333333333333,0.0,0.0,0.0,0.0,0.0,1,0,1.25,0.375,0.48827200000000004,1.0,2.0,1.0,0.0,1.0,1.0,1.3333333333333333,0.5,-1.0,-1.0,0,5,15,0.0862494470192623,LOW
North Zone 2,ORR North 2,3.0,8.0,14,1,1,,,0.0,0.0,0.0,0.9,1.0,0.0,0.0,0.0,0.0,0.0,0,0,1.61627203412354,1.0379028636962175,0.29728868576144263,2.0,1.0,2.0,1.0,1.0,1.0,1.3333333333333333,0.5773502691896258,1.0,0.0,0,5,15,0.45753248290475035,MEDIUM
Central Zone 2,Non-corridor,1.0,4.0,14,3,3,,,0.0,0.0,0.0,0.7333333333333334,2.0,0.0,0.3333333333333333,0.0,1.0,0.0,1,0,3.0091317780315876,2.668201365508139,0.275165396247969,2.0,5.0,3.0,2.0,4.0,3.0,3.0,1.4142135623730951,-3.0,-2.0,0,1,11,0.718159128334034,HIGH
Central Zone 2,Non-corridor,4.0,12.0,14,11,2,0.7654799999999999,447.82,0.0,0.0,0.0,0.9,1.4090909090909092,0.36363636363636365,0.0,0.0,0.0,0.0,0,0,9.430864956324418,3.586734299327085,0.4660845611987379,16.0,1.0,2.0,6.0,0.0,0.0,7.666666666666667,6.849574196011505,15.0,6.0,0,1,11,0.6989980742916662,HIGH
North Zone 2,Bellary Road 1,3.0,0.0,14,2,1,0.353,72.4,0.0,0.0,0.0,1.0,2.0,0.0,0.0,0.0,0.0,0.0,0,0,1.0039226457301993,0.31176488267374225,0.31517019470750085,1.0,1.0,1.0,0.0,1.0,0.0,1.0,0.0,0.0,-1.0,0,5,2,0.5456022448802946,MEDIUM
North Zone 2,Bellary Road 1,2.0,8.0,14,1,0,0.8058,165.3,0.0,0.0,0.0,1.0,1.0,0.0,0.0,0.0,0.0,0.0,0,0,2.61103917658329,1.9448504000902176,0.26851212318303547,3.0,2.0,2.0,2.0,2.0,2.0,2.6666666666666665,0.5773502691896257,1.0,0.0,0,5,2,0.13476992032997023,LOW
Central Zone 2,Mysore Road,1.0,0.0,14,1,1,,,0.0,0.0,0.0,1.0,2.5,0.0,0.0,0.0,1.0,0.0,0,0,2.3354759216308594,2.188539505004883,0.9920318913185414,2.0,4.0,2.0,2.0,4.0,0.0,2.3333333333333335,1.2583057392117918,-2.0,-2.0,0,1,10,0.29867157191909455,LOW
Central Zone 2,Mysore Road,2.0,8.0,14,3,2,1.4909000000000001,78.8,0.3333333333333333,0.0,0.0,1.0,3.0,0.0,0.0,0.0,0.0,0.0,0,0,1.1407958064228296,0.7712472132407129,1.0259964874309169,1.0,1.0,1.0,1.0,0.0,0.0,1.0,0.0,0.0,1.0,0,1,10,0.3823356858350757,MEDIUM
North Zone 2,Bellary Road 2,2.0,0.0,14,2,1,1.028,241.0,0.0,0.0,0.0,1.0,2.0,0.0,1.0,0.0,0.0,0.0,0,0,1.1408233642578125,1.0548858642578125,1.1736864338990967,1.0,1.0,2.0,1.0,1.0,2.0,1.0,0.4999999999999999,0.0,0.0,0,5,3,0.10488841910201303,LOW
North Zone 2,Bellary Road 2,1.0,12.0,14,1,1,,,0.0,0.0,0.0,0.9,1.0,0.0,1.0,0.0,1.0,0.0,0,0,1.25,1.0,0.5411,1.0,2.0,1.0,1.0,1.0,1.0,1.3333333333333333,0.5,-1.0,0.0,0,5,3,0.16158316792942423,LOW
Central Zone 2,Mysore Road,1.0,4.0,14,1,1,,,0.0,0.0,0.0,1.0,2.5,0.0,0.0,0.0,1.0,0.0,0,0,1.13616943359375,0.80169677734375,1.5513794099449818,1.0,1.0,3.0,1.0,0.0,2.0,1.0,1.0,0.0,1.0,0,1,10,0.33741703267868733,MEDIUM
North Zone 2,Bellary Road 1,2.0,12.0,14,2,0,0.52185,107.05,0.0,0.0,0.0,1.0,1.0,0.0,0.0,0.0,0.0,0.0,0,0,1.12890625,1.0546875,0.39958207792207795,1.0,1.0,3.0,1.0,1.0,2.0,1.0,1.0,0.0,0.0,0,5,2,0.27983637577445847,LOW
North Zone 2,Bellary Road 1,2.0,16.0,14,1,1,,,0.0,0.0,0.0,1.0,2.5,0.0,0.0,0.0,0.0,0.0,0,0,1.25,1.125,0.1082,1.0,2.0,1.0,1.0,2.0,0.0,1.3333333333333333,0.5,-1.0,-1.0,0,5,2,0.08628749398315276,LOW
Central Zone 2,Non-corridor,4.0,16.0,14,1,1,2.75,536.5,0.0,0.0,0.0,0.9,1.0,1.0,0.0,0.0,0.0,0.0,0,0,2.3995361924171448,1.3516789078712463,0.7654426144326735,3.0,1.0,1.0,1.0,1.0,1.0,2.3333333333333335,1.1547005383792515,2.0,0.0,0,1,11,0.6571760690259728,HIGH
Central Zone 1,Old Madras Road,2.0,4.0,14,2,0,0.22340000000000002,46.599999999999994,0.0,0.0,0.0,1.0,1.0,0.0,0.0,0.0,0.0,0.0,0,0,1.501953125,1.2109375,0.2979926179084074,2.0,1.0,1.0,2.0,0.0,1.0,1.3333333333333333,0.5,1.0,2.0,0,0,18,0.4461687689014941,MEDIUM
Central Zone 1,Old Madras Road,2.0,8.0,14,1,1,,,1.0,0.0,0.0,1.0,3.0,0.0,0.0,0.0,0.0,0.0,0,0,1.5205078125,1.08172607421875,0.6424692119653144,2.0,1.0,1.0,2.0,0.0,1.0,1.3333333333333333,0.5,1.0,2.0,0,0,18,0.3793340343699396,MEDIUM
North Zone 2,ORR North 2,2.0,8.0,14,3,3,,,0.3333333333333333,0.0,0.0,0.7333333333333334,1.3333333333333333,0.0,0.0,0.0,0.0,0.0,1,0,1.00201416015625,1.00103759765625,0.24190755501665823,1.0,1.0,1.0,1.0,1.0,1.0,1.0,0.0,0.0,0.0,0,5,15,0.41884842400473954,MEDIUM
North Zone 2,ORR North 2,1.0,8.0,14,3,2,0.2223,30.4,0.3333333333333333,0.0,0.0,0.9333333333333332,1.3333333333333333,0.0,0.0,0.0,1.0,0.0,0,0,1.0625,1.0625,1.539,1.0,1.0,2.0,1.0,1.0,2.0,1.0,0.5,0.0,0.0,0,5,15,0.2504495730231991,LOW
Central Zone 2,Mysore Road,5.0,8.0,14,3,2,0.6417,58.5,0.0,0.0,0.0,0.7000000000000001,2.1666666666666665,0.0,0.0,0.0,1.0,0.0,0,0,2.29055180784883,2.1404081200509335,0.3813705817374851,3.0,2.0,1.0,3.0,2.0,1.0,2.0,0.9574271077563381,1.0,1.0,0,1,10,0.3667571753333842,MEDIUM
West Zone 1,Tumkur Road,5.0,12.0,14,4,3,2.244733333333333,862.2666666666665,0.0,0.0,0.0,0.975,1.125,0.0,0.0,0.0,1.0,0.0,1,0,1.5123777389526367,1.494519129395485,0.11869417947273198,2.0,1.0,1.0,2.0,1.0,1.0,1.3333333333333333,0.5,1.0,1.0,0,8,19,0.18902347464780817,LOW
North Zone 2,Bellary Road 1,2.0,0.0,14,1,1,,,0.0,0.0,0.0,1.0,1.5,0.0,0.0,0.0,0.0,0.0,0,0,3.0167892277240753,2.2472398579120636,0.41821275700616406,5.0,1.0,1.0,4.0,0.0,1.0,2.3333333333333335,2.0,4.0,4.0,0,5,2,0.0763096206987158,LOW
North Zone 2,Bellary Road 1,2.0,4.0,14,1,0,0.0746,15.3,0.0,0.0,0.0,1.0,1.0,0.0,0.0,0.0,0.0,0.0,0,0,2.501953125,1.98040771484375,0.1570391528403085,4.0,1.0,1.0,3.0,1.0,1.0,2.0,1.5,3.0,2.0,0,5,2,0.07998101723987062,LOW
North Zone 2,Bellary Road 1,1.0,8.0,14,1,0,0.9967,136.3,0.0,0.0,0.0,0.9,1.0,0.0,0.0,0.0,1.0,0.0,0,0,2.408233642578125,1.053619384765625,0.5261089025298072,3.0,2.0,1.0,1.0,1.0,0.0,2.3333333333333335,0.816496580927726,1.0,0.0,0,5,2,0.10996247723472476,LOW
North Zone 2,Bellary Road 1,1.0,12.0,14,3,2,0.5799,79.3,0.0,0.0,0.0,1.0,2.3333333333333335,0.0,0.0,0.0,1.0,0.0,0,0,1.0625,0.875,0.06566,1.0,1.0,2.0,1.0,1.0,1.0,1.0,0.5,0.0,0.0,0,5,2,0.42645629797680157,MEDIUM
Central Zone 2,Non-corridor,5.0,0.0,14,13,12,1.4545,173.15,0.0,0.0,0.0,0.9230769230769231,2.1153846153846154,0.07692307692307693,0.3076923076923077,0.0,1.0,0.0,1,0,10.261842020215749,7.259354696064436,0.5100303696343833,16.0,4.0,6.0,12.0,2.0,3.0,8.666666666666666,5.41602560309064,12.0,10.0,0,1,11,0.718159128334034,HIGH
Central Zone 2,Non-corridor,3.0,0.0,14,14,8,0.26863333333333334,52.26666666666667,0.0,0.0,0.0,0.8928571428571429,1.5714285714285714,0.14285714285714285,0.14285714285714285,0.0,0.0,0.0,1,0,3.787390645540647,2.578936035553971,0.41429704100196757,3.0,3.0,4.0,2.0,3.0,2.0,4.666666666666667,2.3804761428476136,0.0,-1.0,0,1,11,0.718159128334034,HIGH
North Zone 2,Bellary Road 1,0.0,20.0,14,1,1,,,0.0,0.0,0.0,1.0,1.0,0.0,0.0,0.0,0.0,0.0,0,0,1.0,0.0,0.4753,1.0,0.0,0.0,0.0,0.0,0.0,1.0,0.0,0.0,0.0,0,5,2,0.23618625688265257,LOW
West Zone 1,Magadi Road,3.0,0.0,14,1,1,,,0.0,0.0,0.0,1.0,1.5,0.0,0.0,0.0,0.0,0.0,0,0,1.609619140625,1.359130859375,0.6651299015888008,2.0,1.0,2.0,2.0,1.0,0.0,1.3333333333333333,0.5773502691896257,1.0,1.0,0,8,9,0.3196993503291386,MEDIUM
West Zone 1,Magadi Road,2.0,0.0,14,1,1,,,0.0,0.0,0.0,0.9,2.5,0.0,0.0,0.0,0.0,0.0,0,0,1.03125,0.96875,1.4865935980984086,1.0,1.0,1.0,1.0,1.0,0.0,1.0,0.0,0.0,0.0,0,8,9,0.05993326098086515,LOW
West Zone 1,Tumkur Road,4.0,0.0,14,1,0,0.3773,25.8,0.0,0.0,0.0,1.0,3.0,0.0,0.0,0.0,0.0,0.0,0,0,2.386947646764696,1.0089836634969345,0.6455245807921053,3.0,2.0,3.0,1.0,1.0,2.0,2.0,0.9574271077563381,1.0,0.0,0,8,19,0.4553951734187348,MEDIUM
West Zone 1,Tumkur Road,4.0,4.0,14,1,1,,,0.0,0.0,0.0,0.3,1.0,0.0,0.0,0.0,0.0,0.0,0,0,1.1308904003528824,0.18424574282516915,0.5709489288581773,1.0,1.0,1.0,0.0,0.0,0.0,1.3333333333333333,0.5,0.0,0.0,0,8,19,0.22504856136597975,LOW
Central Zone 2,Mysore Road,5.0,12.0,14,9,5,1.1929666666666667,66.71666666666667,0.0,0.0,0.0,0.9444444444444444,1.0,0.5555555555555556,0.0,0.0,1.0,0.0,1,0,1.7573421191773377,1.6803534356758973,0.8083412682801064,2.0,1.0,1.0,2.0,1.0,0.0,2.0,0.9574271077563381,1.0,1.0,0,1,10,0.4863390967665074,MEDIUM
North Zone 2,ORR North 2,0.0,20.0,14,1,0,1.1027,75.4,0.0,0.0,0.0,1.0,3.0,0.0,0.0,0.0,0.0,0.0,0,0,0.0,0.0,0.0,0.0,0.0,0.0,0.0,0.0,0.0,0.0,0.0,0.0,0.0,0,5,15,0.19092776309580167,LOW
West Zone 1,Tumkur Road,5.0,8.0,14,2,1,0.4576,14.9,1.0,0.0,0.0,0.95,2.0,0.0,0.0,0.0,1.0,0.0,0,0,1.5141691598132647,0.8606788036994135,0.5873153821420224,1.0,3.0,1.0,0.0,3.0,1.0,1.6666666666666667,1.0,-2.0,-3.0,0,8,19,0.10377801252010681,LOW
West Zone 1,Tumkur Road,4.0,12.0,14,1,1,,,0.0,0.0,0.0,0.9,2.5,0.0,0.0,0.0,0.0,0.0,0,0,1.1980438232421875,0.9123060703277588,0.11869417947273198,1.0,1.0,2.0,1.0,0.0,2.0,1.3333333333333333,0.5773502691896257,0.0,1.0,0,8,19,0.3175091916151287,MEDIUM
West Zone 1,Magadi Road,2.0,4.0,14,1,1,,,0.0,0.0,0.0,0.3,1.0,0.0,0.0,0.0,0.0,0.0,0,0,1.03155517578125,0.90545654296875,0.11025800038112873,1.0,1.0,1.0,1.0,1.0,1.0,1.0,0.0,0.0,0.0,0,8,9,0.3721281800432008,MEDIUM
North Zone 2,Bellary Road 1,0.0,0.0,14,1,0,0.177,24.2,0.0,0.0,0.0,0.9,1.5,0.0,0.0,0.0,0.0,0.0,0,0,1.78125,1.78125,0.0,2.0,2.0,1.0,2.0,2.0,1.0,1.6666666666666667,0.5773502691896257,0.0,0.0,0,5,2,0.391635403244566,MEDIUM
North Zone 2,Bellary Road 1,0.0,4.0,14,1,1,,,0.0,0.0,0.0,0.9,1.0,0.0,0.0,0.0,0.0,0.0,0,0,1.0,0.75,0.49942,1.0,1.0,1.0,1.0,1.0,0.0,1.0,0.0,0.0,0.0,0,5,2,0.1311957530562074,LOW
North Zone 2,Bellary Road 2,3.0,0.0,14,2,0,0.77665,58.75,0.0,0.0,0.0,0.6,3.0,0.0,1.0,0.0,0.0,0.0,0,0,2.332589161582291,1.191409599967301,0.593793439757927,3.0,2.0,2.0,1.0,2.0,2.0,2.0,0.816496580927726,1.0,-1.0,0,5,3,0.2520775530795492,LOW
North Zone 2,Bellary Road 2,2.0,8.0,14,1,1,,,0.0,0.0,0.0,1.0,1.0,0.0,0.0,0.0,0.0,0.0,0,0,1.3215522766113281,0.7728452682495117,0.22250724386229426,1.0,2.0,1.0,0.0,2.0,1.0,1.3333333333333333,0.5,-1.0,-2.0,0,5,3,0.091358696634472,LOW
South Zone 2,Hosur Road,6.0,0.0,14,1,1,,,0.0,0.0,0.0,1.0,1.0,0.0,0.0,0.0,0.0,0.0,0,0,1.1455708146707053,0.6187107559890954,1.370978941923668,1.0,1.0,1.0,0.0,1.0,1.0,1.3333333333333333,0.5000000000000006,0.0,-1.0,0,7,7,0.06592729379699987,LOW
Central Zone 2,Mysore Road,2.0,12.0,14,2,1,0.2023,41.5,0.0,0.0,0.0,0.6,1.75,0.0,0.0,0.0,0.0,0.0,0,0,1.27734375,1.18670654296875,1.6803650579846745,1.0,2.0,1.0,1.0,2.0,0.0,1.3333333333333333,0.5,-1.0,-1.0,0,1,10,0.24325454674816663,LOW
North Zone 2,Bellary Road 1,0.0,8.0,14,1,1,,,1.0,0.0,0.0,0.9,0.5,0.0,0.0,0.0,0.0,0.0,0,0,1.0625,0.8125,0.3051,1.0,1.0,2.0,1.0,0.0,2.0,1.0,0.5,0.0,1.0,0,5,2,0.3813576669886253,MEDIUM
Central Zone 2,Non-corridor,5.0,4.0,14,1,1,,,0.0,0.0,0.0,0.9,1.0,0.0,0.0,1.0,1.0,0.0,0,0,4.233719021593896,2.718881301736602,0.32009427565958726,6.0,2.0,6.0,4.0,1.0,4.0,3.0,2.6299556396765835,4.0,3.0,0,1,11,0.718159128334034,HIGH
West Zone 1,Magadi Road,3.0,8.0,14,3,2,0.018,3.7,0.0,0.0,0.0,0.9666666666666667,2.1666666666666665,0.0,0.0,0.0,0.0,0.0,0,0,1.9065706729888916,1.1349854469299316,0.5690631394535929,2.0,2.0,1.0,1.0,1.0,1.0,2.0,0.5,0.0,0.0,0,8,9,0.10791512507311787,LOW
West Zone 1,Magadi Road,2.0,8.0,14,1,1,,,1.0,0.0,0.0,1.0,2.5,0.0,0.0,0.0,0.0,0.0,0,0,1.041046142578125,0.27813720703125,0.531814049161023,1.0,1.0,1.0,0.0,0.0,1.0,1.0,0.0,0.0,0.0,0,8,9,0.2936989372870808,LOW
Central Zone 1,Old Madras Road,4.0,0.0,14,1,1,,,0.0,0.0,0.0,1.0,1.0,0.0,0.0,0.0,0.0,0.0,0,0,1.7871811240911484,0.9893266742583364,0.5424539778294049,2.0,1.0,1.0,1.0,0.0,1.0,2.0,0.9574271077563381,1.0,1.0,0,0,18,0.5864246980752534,MEDIUM
Central Zone 2,Non-corridor,1.0,12.0,14,2,2,,,0.0,0.0,0.0,0.95,2.5,0.0,0.0,0.0,1.0,0.0,0,0,3.9483765959739685,2.567206531763077,0.44286226213572966,3.0,8.0,3.0,1.0,7.0,2.0,4.0,2.9860788111948193,-5.0,-6.0,0,1,11,0.718159128334034,HIGH
South Zone 2,Bannerghata Road,1.0,8.0,14,2,2,,,0.0,0.0,0.0,1.0,1.75,0.0,0.0,0.0,1.0,0.0,0,0,1.0,0.6015625,0.2678901402597403,1.0,1.0,1.0,1.0,0.0,1.0,1.0,0.0,0.0,1.0,0,7,1,0.1735507877149834,LOW
South Zone 2,Bannerghata Road,1.0,12.0,14,1,0,0.2649,37.8,0.0,0.0,0.0,1.0,1.0,0.0,0.0,0.0,1.0,0.0,0,0,1.25,0.75,0.1673,1.0,2.0,0.0,0.0,2.0,0.0,1.3333333333333333,0.5773502691896257,-1.0,-2.0,0,7,1,0.12924101518646672,LOW
South Zone 1,ORR West 1,6.0,12.0,14,1,0,0.51,42.2,0.0,0.0,0.0,1.0,2.5,0.0,0.0,0.0,0.0,0.0,0,0,1.375,1.193359375,1.173126214736842,1.0,2.0,2.0,1.0,2.0,2.0,1.3333333333333333,0.5773502691896257,-1.0,-1.0,0,6,16,0.1793462405517792,LOW
Central Zone 1,Old Madras Road,4.0,4.0,14,1,1,,,0.0,0.0,0.0,0.9,1.0,0.0,0.0,0.0,0.0,0.0,0,0,2.0996170043945312,1.520355224609375,0.2559779330823361,3.0,1.0,2.0,2.0,1.0,1.0,1.6666666666666667,0.9574271077563381,2.0,1.0,0,0,18,0.6256941410713025,HIGH
West Zone 1,Tumkur Road,4.0,8.0,14,1,0,0.6977,22.9,0.0,0.0,0.0,0.9,2.5,1.0,0.0,0.0,0.0,0.0,0,0,1.5092196487830734,1.3350949881994438,0.5617421978034961,1.0,3.0,1.0,1.0,3.0,1.0,1.6666666666666667,1.0,-2.0,-2.0,0,8,19,0.0861657223381022,LOW
North Zone 1,ORR North 1,5.0,12.0,14,1,0,0.3174,46.1,0.0,0.0,0.0,1.0,1.0,0.0,1.0,0.0,1.0,0.0,0,0,1.7734375,0.354736328125,0.33399678593259774,2.0,2.0,1.0,0.0,1.0,1.0,1.6666666666666667,0.5773502691896257,0.0,-1.0,0,4,14,0.42364384455683346,MEDIUM
North Zone 1,ORR North 1,5.0,0.0,14,1,1,,,0.0,0.0,0.0,1.0,1.0,0.0,1.0,0.0,1.0,0.0,0,0,1.4238367164798547,1.1652868017845321,1.9198460214180992,1.0,2.0,1.0,1.0,1.0,1.0,1.6666666666666667,0.5773502691896258,-1.0,0.0,0,4,14,0.06733767821351837,LOW
Central Zone 2,Mysore Road,0.0,4.0,14,2,2,,,0.0,0.0,0.0,1.0,1.75,0.0,0.0,0.0,0.0,0.0,0,0,1.71875,0.46875,0.35477505263157894,2.0,1.0,2.0,0.0,1.0,1.0,1.6666666666666667,0.5,1.0,-1.0,0,1,10,0.4814070675022721,MEDIUM
South Zone 2,Hosur Road,4.0,0.0,14,1,1,,,0.0,0.0,0.0,0.9,1.0,0.0,0.0,1.0,0.0,0.0,0,0,1.1289102593436837,0.8281045013573021,0.9110827371000434,1.0,1.0,3.0,1.0,0.0,3.0,1.0,1.0,0.0,1.0,0,7,7,0.2503850797129038,LOW
Central Zone 2,Non-corridor,2.0,12.0,14,10,4,1.1197625,515.075,0.0,0.0,0.0,0.8400000000000001,1.0,0.3,0.4,0.0,0.0,0.0,1,0,3.5126827091298765,2.5953533219071687,0.25378696719400584,3.0,4.0,2.0,2.0,3.0,2.0,4.0,1.2909944487358058,-1.0,-1.0,0,1,11,0.7183114868436348,HIGH
North Zone 2,Bellary Road 2,2.0,12.0,14,2,2,,,0.0,0.0,0.0,0.95,1.0,0.0,1.0,0.0,0.0,0.0,0,0,1.265625,0.75,0.13771754855994642,1.0,2.0,1.0,0.0,2.0,1.0,1.3333333333333333,0.5,-1.0,-2.0,0,5,3,0.07021501994179465,LOW
Central Zone 2,Non-corridor,5.0,8.0,14,7,5,0.2786,29.7,0.42857142857142855,0.0,0.0,0.8714285714285713,1.9285714285714286,0.0,0.0,0.0,1.0,0.0,1,0,5.473684539419422,2.7596902093039386,0.4871259025973485,6.0,5.0,6.0,3.0,2.0,3.0,5.333333333333333,0.5773502691896256,1.0,1.0,0,1,11,0.718159128334034,HIGH
Central Zone 1,Old Madras Road,5.0,4.0,14,1,0,0.9111,35.6,1.0,0.0,0.0,0.9,2.5,0.0,0.0,0.0,1.0,0.0,0,0,1.2585907578468323,0.9884402751922607,0.8188848645598701,1.0,2.0,1.0,1.0,1.0,1.0,1.3333333333333333,0.5,-1.0,0.0,0,0,18,0.1992129444862095,LOW
Central Zone 1,Old Madras Road,5.0,8.0,14,1,1,,,1.0,0.0,0.0,0.9,1.5,0.0,0.0,0.0,1.0,0.0,0,0,1.400026399642229,0.8999713200610131,0.22864278186929723,1.0,2.0,1.0,0.0,2.0,1.0,1.6666666666666667,0.5773502691896257,-1.0,-2.0,0,0,18,0.15955105240386663,LOW
North Zone 2,ORR North 2,0.0,0.0,14,1,0,0.2028,41.6,0.0,0.0,0.0,1.0,1.0,0.0,0.0,0.0,0.0,0.0,0,0,1.25,1.25,0.0,1.0,1.0,0.0,1.0,1.0,0.0,1.3333333333333333,0.5773502691896257,0.0,0.0,0,5,15,0.2995991366386436,LOW
South Zone 2,Bannerghata Road,3.0,0.0,14,1,0,1.4533,122.3,0.0,0.0,0.0,0.9,2.5,0.0,0.0,0.0,0.0,0.0,0,0,1.1719970703125,0.914093017578125,0.47184855084183175,1.0,1.0,1.0,1.0,1.0,1.0,1.3333333333333333,0.5,0.0,0.0,0,7,1,0.17682827827011147,LOW
South Zone 2,Bannerghata Road,3.0,4.0,14,1,1,,,0.0,0.0,0.0,0.9,1.0,0.0,0.0,1.0,0.0,0.0,0,0,1.0,0.9921875,0.0958,1.0,1.0,1.0,1.0,1.0,1.0,1.0,0.0,0.0,0.0,0,7,1,0.12268337887337212,LOW
West Zone 1,Tumkur Road,2.0,12.0,14,6,0,0.53715,109.73333333333335,0.0,0.0,0.0,0.9500000000000001,1.0833333333333333,0.0,0.0,0.0,0.0,0.0,0,0,1.1875,0.8056640625,0.10310616730708218,1.0,1.0,2.0,1.0,0.0,2.0,1.3333333333333333,0.5773502691896257,0.0,1.0,0,8,19,0.16443746465699147,LOW
North Zone 1,Airport New South Road,1.0,4.0,14,1,1,,,1.0,0.0,0.0,0.9,2.5,0.0,1.0,0.0,1.0,0.0,0,0,1.5,1.5,0.0,2.0,1.0,0.0,2.0,1.0,0.0,1.3333333333333333,0.5773502691896258,1.0,1.0,0,4,0,0.18771860479666108,LOW
North Zone 1,Airport New South Road,2.0,0.0,14,1,1,,,0.0,0.0,0.0,0.9,1.0,0.0,1.0,0.0,0.0,0.0,0,0,1.0,1.0,1.9172421052631579,1.0,1.0,1.0,1.0,1.0,1.0,1.0,0.0,0.0,0.0,0,4,0,0.044625828630681603,LOW
West Zone 1,Tumkur Road,3.0,8.0,14,1,0,1.3662,112.1,0.0,0.0,0.0,1.0,2.5,0.0,0.0,0.0,0.0,0.0,0,0,1.7204601769335568,1.5686339581152424,1.4545936372486836,2.0,1.0,4.0,2.0,1.0,2.0,1.3333333333333333,1.4142135623730951,1.0,1.0,0,8,19,0.09056963277063605,LOW
North Zone 1,ORR North 1,4.0,8.0,14,1,1,,,0.0,0.0,0.0,0.3,1.5,0.0,1.0,0.0,0.0,0.0,0,0,2.5392847061157227,2.4101877212524414,1.1410945726228896,2.0,2.0,1.0,2.0,2.0,1.0,3.6666666666666665,2.7080128015453204,0.0,0.0,0,4,14,0.16771003353099678,LOW
West Zone 1,Magadi Road,4.0,12.0,14,1,0,0.8007,65.7,0.0,0.0,0.0,0.9,2.5,0.0,0.0,0.0,0.0,0.0,0,0,2.000244140625,0.99725341796875,0.812187089564237,3.0,1.0,1.0,1.0,1.0,1.0,1.6666666666666667,1.0,2.0,0.0,0,8,9,0.2143040560713167,LOW
West Zone 1,Magadi Road,5.0,0.0,14,1,1,,,0.0,0.0,0.0,1.0,1.5,0.0,0.0,0.0,1.0,0.0,0,0,1.078931838274002,1.0784129798412323,1.1264662197495503,1.0,1.0,2.0,1.0,1.0,2.0,1.0,0.5,0.0,0.0,0,8,9,0.09898988668926291,LOW
Central Zone 2,Mysore Road,3.0,0.0,14,5,4,0.5874,48.2,0.0,0.0,0.0,0.96,1.7,0.0,0.0,0.0,0.0,0.0,1,0,2.3140756084283236,1.9054604876733103,0.39259796942149716,3.0,1.0,1.0,3.0,0.0,1.0,2.3333333333333335,1.1547005383792515,2.0,3.0,0,1,10,0.3673828099213575,MEDIUM
Central Zone 2,Mysore Road,3.0,4.0,14,1,1,,,0.0,0.0,0.0,0.9,2.5,0.0,0.0,0.0,0.0,0.0,0,0,1.0176067988923023,0.3414338171987765,0.1414861547270238,1.0,1.0,1.0,0.0,1.0,1.0,1.0,0.0,0.0,-1.0,0,1,10,0.18192443318917523,LOW
North Zone 2,Bellary Road 2,3.0,4.0,14,2,1,0.0208,1.9,0.0,0.0,0.0,0.9,2.5,0.0,1.0,0.0,0.0,0.0,0,0,1.5040588676929474,1.339918166399002,0.381413192399288,1.0,3.0,1.0,1.0,3.0,1.0,1.6666666666666667,1.0,-2.0,-2.0,0,5,3,0.0474444721029085,LOW
Central Zone 2,Non-corridor,5.0,12.0,14,20,14,1.2478888888888888,469.44444444444446,0.0,0.0,0.0,0.93,1.4,0.3,0.15,0.0,1.0,0.0,1,0,2.3169716470049977,1.4300834402738558,0.4149490076383257,2.0,1.0,9.0,1.0,1.0,3.0,2.0,3.593976442141304,1.0,0.0,0,1,11,0.7033002071470335,HIGH
North Zone 1,ORR North 1,2.0,12.0,14,4,3,1.1115,91.2,0.0,0.0,0.0,0.95,1.0,0.5,0.5,0.0,0.0,0.0,1,0,1.0,0.40625,0.4725313055365687,1.0,1.0,1.0,0.0,1.0,0.0,1.0,0.0,0.0,-1.0,0,4,14,0.34017767446551667,MEDIUM
Central Zone 2,Non-corridor,5.0,20.0,14,2,2,,,0.0,0.0,0.0,0.65,1.75,0.0,0.0,0.0,1.0,0.0,0,0,1.081085205078125,0.5766589641571045,0.5715102380993584,1.0,1.0,2.0,0.0,1.0,2.0,1.0,0.5,0.0,-1.0,0,1,11,0.4093527222696716,MEDIUM
Central Zone 2,Mysore Road,5.0,4.0,14,1,0,0.1909,26.1,0.0,0.0,0.0,0.3,1.0,0.0,0.0,0.0,1.0,0.0,0,0,1.3143558586153026,0.2034622866791807,0.34335405212639436,1.0,2.0,1.0,0.0,0.0,0.0,1.3333333333333333,0.4999999999999999,-1.0,0.0,0,1,10,0.3386369643925777,MEDIUM
Central Zone 2,Mysore Road,4.0,20.0,14,2,2,,,0.0,0.0,0.0,0.65,1.75,0.0,0.0,0.0,0.0,0.0,0,0,1.0,0.0,0.3004,1.0,0.0,0.0,0.0,0.0,0.0,1.0,0.0,0.0,0.0,0,1,10,0.10875283234124598,LOW
Central Zone 1,Old Madras Road,6.0,0.0,14,5,1,0.7337199999999999,165.46,0.0,0.0,0.0,0.9800000000000001,1.3,0.0,0.0,0.0,0.0,0.0,0,0,2.2546749815664953,2.1152239518303304,0.6491590837878118,2.0,3.0,3.0,2.0,3.0,3.0,2.3333333333333335,0.5773502691896258,-1.0,-1.0,0,0,18,0.6074719806935432,HIGH
Central Zone 1,Old Madras Road,6.0,4.0,14,1,1,,,0.0,0.0,0.0,1.0,2.5,0.0,0.0,0.0,0.0,0.0,0,0,1.564647689461708,1.2471100687980652,0.8674191463704648,2.0,1.0,2.0,2.0,0.0,1.0,1.3333333333333333,0.5773502691896257,1.0,2.0,0,0,18,0.4073531511675652,MEDIUM
North Zone 1,ORR North 1,2.0,0.0,14,1,1,,,0.0,0.0,0.0,0.3,3.0,0.0,0.0,0.0,0.0,0.0,0,0,1.01763916015625,0.54693603515625,1.1577071646753248,1.0,1.0,1.0,1.0,0.0,0.0,1.0,0.0,0.0,1.0,0,4,14,0.11620091720310396,LOW
North Zone 1,ORR North 1,1.0,4.0,14,1,0,1.164,37.9,1.0,0.0,0.0,1.0,3.0,0.0,0.0,0.0,1.0,0.0,0,0,1.16015625,1.03125,0.9746858509911139,1.0,1.0,1.0,1.0,1.0,1.0,1.3333333333333333,0.5,0.0,0.0,0,4,14,0.27343345430987326,LOW
South Zone 2,Hosur Road,2.0,20.0,14,3,3,,,0.0,0.0,0.0,0.7666666666666666,2.5,0.0,0.0,0.0,0.0,0.0,1,1,1.0,0.0,0.7678,1.0,0.0,0.0,0.0,0.0,0.0,1.0,0.0,0.0,0.0,0,7,7,0.3568778689054876,MEDIUM
North Zone 2,Bellary Road 2,4.0,8.0,14,2,2,,,0.0,0.0,0.0,1.0,2.75,0.0,1.0,0.0,0.0,0.0,0,0,1.5940640158951283,1.519309419207275,0.1783311148857779,2.0,1.0,1.0,2.0,1.0,1.0,1.3333333333333333,0.5,1.0,1.0,0,5,3,0.3048218810096793,MEDIUM
North Zone 2,Bellary Road 2,3.0,12.0,14,2,1,0.2515,61.3,0.0,0.0,0.0,0.6,1.0,0.0,0.5,0.0,0.0,0.0,0,0,2.0723876953125,1.099609375,0.5158830935833891,3.0,1.0,2.0,2.0,0.0,1.0,1.6666666666666667,0.9574271077563381,2.0,2.0,0,5,3,0.3429423912234272,MEDIUM
South Zone 2,Hosur Road,4.0,12.0,14,4,1,0.5429333333333334,111.36666666666667,0.0,0.0,0.0,0.975,1.0,0.25,0.0,0.0,0.0,0.0,0,0,1.27001953125,0.7963457107543945,0.5121236946990758,1.0,2.0,1.0,1.0,1.0,0.0,1.3333333333333333,0.5,-1.0,0.0,0,7,7,0.06845832055150422,LOW
Central Zone 2,Mysore Road,0.0,0.0,14,3,2,0.2647,18.1,0.0,0.0,0.0,0.7666666666666666,2.8333333333333335,0.0,0.0,0.0,0.0,0.0,0,0,1.21875,0.515625,0.319245595567867,1.0,1.0,2.0,0.0,1.0,1.0,1.3333333333333333,0.5773502691896257,0.0,-1.0,0,1,10,0.4753355984729772,MEDIUM
North Zone 1,ORR North 1,0.0,4.0,14,1,1,,,1.0,0.0,0.0,1.0,1.0,0.0,0.0,0.0,0.0,0.0,0,0,1.5,1.0,1.2468,1.0,2.0,0.0,0.0,2.0,0.0,1.5,0.7071067811865476,-1.0,-2.0,0,4,14,0.04074114429171107,LOW
West Zone 1,Tumkur Road,2.0,4.0,14,1,0,1.0118,59.3,1.0,0.0,0.0,1.0,2.5,0.0,0.0,0.0,0.0,0.0,0,0,1.0332775264978409,0.7290017902851105,0.8589517825514231,1.0,1.0,1.0,1.0,0.0,1.0,1.0,0.0,0.0,1.0,0,8,19,0.22946261490346756,LOW
South Zone 2,Bannerghata Road,5.0,0.0,14,1,1,,,0.0,0.0,0.0,1.0,1.0,0.0,0.0,0.0,1.0,0.0,0,0,1.2513437271118164,0.9915163516998291,0.6681343528855287,1.0,2.0,1.0,1.0,1.0,1.0,1.3333333333333333,0.5,-1.0,0.0,0,7,1,0.14517736690696612,LOW
North Zone 1,Airport New South Road,6.0,12.0,14,1,1,,,0.0,0.0,0.0,1.0,3.0,0.0,1.0,0.0,0.0,0.0,0,0,1.0,0.4375,0.4393694864048338,1.0,1.0,1.0,0.0,1.0,1.0,1.0,0.0,0.0,-1.0,0,4,0,0.14147979684950368,LOW
West Zone 1,Tumkur Road,3.0,0.0,14,1,1,,,0.0,0.0,0.0,0.9,1.0,0.0,0.0,0.0,0.0,0.0,0,0,1.9375611481955275,1.7970856834435835,0.18219473914589757,2.0,2.0,4.0,2.0,2.0,4.0,1.6666666666666667,1.2583057392117916,0.0,0.0,0,8,19,0.5176447722153468,MEDIUM
Central Zone 1,Old Madras Road,5.0,12.0,14,2,1,0.4797,65.6,0.0,0.0,0.0,0.95,1.0,0.0,0.0,0.0,1.0,0.0,0,0,1.500640869140625,1.11676025390625,0.06795134824423849,2.0,1.0,1.0,2.0,0.0,1.0,1.3333333333333333,0.5,1.0,2.0,0,0,18,0.3707326674407181,MEDIUM
Central Zone 2,CBD 2,6.0,4.0,14,1,0,0.1003,4.9,1.0,0.0,0.0,0.3,3.0,0.0,0.0,0.0,0.0,0.0,0,0,1.0,0.299530029296875,0.6630159300164942,1.0,1.0,1.0,0.0,1.0,0.0,1.0,0.0,0.0,-1.0,0,1,5,0.04917241116317009,LOW
West Zone 1,Magadi Road,5.0,8.0,14,3,2,0.109,14.9,0.0,0.0,0.0,1.0,1.5,0.0,0.0,0.0,1.0,0.0,0,0,1.0332918264975888,0.2811625666945474,0.3848169229595878,1.0,1.0,1.0,0.0,0.0,1.0,1.0,0.0,0.0,0.0,0,8,9,0.243668742427921,LOW
Central Zone 2,Non-corridor,6.0,0.0,14,9,5,0.21710000000000002,50.925,0.0,0.0,0.0,0.8999999999999999,1.8333333333333333,0.2222222222222222,0.1111111111111111,0.0,0.0,0.0,1,0,9.537576323433886,6.778569822003696,0.3453258259271186,15.0,4.0,8.0,11.0,2.0,7.0,7.0,5.737304826019502,11.0,9.0,0,1,11,0.718159128334034,HIGH
West Zone 1,Magadi Road,6.0,12.0,14,1,1,,,0.0,0.0,0.0,0.9,2.5,0.0,0.0,0.0,0.0,0.0,0,0,1.0390644073486328,0.8984160423278809,0.32697569316779623,1.0,1.0,1.0,1.0,1.0,0.0,1.0,0.0,0.0,0.0,0,8,9,0.2992645806864878,LOW
Central Zone 2,Non-corridor,2.0,8.0,14,4,1,0.0974,40.73333333333333,0.5,0.0,0.0,0.975,1.5,0.0,0.5,0.0,0.0,0.0,0,1,3.4761211314797507,1.7423284936848944,0.14680915448742082,4.0,1.0,7.0,2.0,0.0,3.0,3.0,2.449489742783178,3.0,2.0,0,1,11,0.7148573769374719,HIGH
North Zone 2,Bellary Road 2,4.0,4.0,14,1,1,,,1.0,0.0,0.0,0.3,2.5,0.0,1.0,0.0,0.0,0.0,0,0,1.3047509198077023,0.7865612213499844,0.824569579435255,1.0,2.0,1.0,0.0,2.0,1.0,1.3333333333333333,0.5,-1.0,-2.0,0,5,3,0.10032640877557882,LOW
West Zone 1,Tumkur Road,1.0,8.0,14,1,1,,,1.0,0.0,0.0,1.0,3.0,0.0,0.0,0.0,1.0,0.0,0,0,1.3126220703125,0.980316162109375,1.1080532569612052,1.0,1.0,2.0,1.0,0.0,1.0,1.6666666666666667,0.9574271077563381,0.0,1.0,0,8,19,0.05633399960197715,LOW
South Zone 2,Bannerghata Road,5.0,4.0,14,1,1,,,0.0,0.0,0.0,1.0,1.0,0.0,0.0,0.0,1.0,0.0,0,0,1.125,0.62493896484375,0.9623024315316466,1.0,1.0,1.0,0.0,1.0,1.0,1.3333333333333333,0.5,0.0,-1.0,0,7,1,0.055281093271006526,LOW
South Zone 2,Bannerghata Road,6.0,4.0,14,1,0,0.326,30.0,0.0,0.0,0.0,0.3,1.0,1.0,0.0,0.0,0.0,0.0,0,0,1.015625,0.45311737060546875,0.6085995539136944,1.0,1.0,1.0,0.0,1.0,0.0,1.0,0.0,0.0,-1.0,0,7,1,0.27416174187331055,LOW
West Zone 1,Tumkur Road,2.0,0.0,14,1,1,2.34,625.2,0.0,0.0,0.0,1.0,1.0,0.0,0.0,0.0,0.0,0.0,0,0,1.5009260177612305,0.7259187698364258,0.09911692323858805,2.0,1.0,1.0,1.0,0.0,1.0,1.3333333333333333,0.5,1.0,1.0,0,8,19,0.161822197395318,LOW
Central Zone 1,Old Madras Road,6.0,8.0,14,1,1,,,1.0,0.0,0.0,1.0,1.0,0.0,0.0,0.0,0.0,0.0,0,0,1.0500032999552786,0.9874964150076266,0.22864278186929723,1.0,1.0,1.0,1.0,1.0,0.0,1.0,0.0,0.0,0.0,0,0,18,0.10741279501019253,LOW
Central Zone 2,Mysore Road,4.0,8.0,14,1,0,0.0548,4.5,0.0,0.0,0.0,0.3,2.5,0.0,0.0,0.0,0.0,0.0,0,0,2.0501024744033187,1.5558298643119217,0.9092627792664223,2.0,2.0,3.0,2.0,1.0,2.0,2.0,0.49999999999999944,0.0,1.0,0,1,10,0.2608014993229557,LOW
South Zone 2,Bannerghata Road,4.0,12.0,14,5,4,0.2058,48.7,0.0,0.0,0.0,0.82,1.0,0.0,0.0,0.0,0.0,0.0,1,0,1.1259765625,0.1982421875,0.23161114858725762,1.0,1.0,3.0,0.0,0.0,1.0,1.0,1.0,0.0,0.0,0,7,1,0.5317733899646371,MEDIUM
Central Zone 2,Non-corridor,2.0,0.0,14,2,1,0.483,64.4,0.0,0.0,0.0,1.0,2.75,0.0,0.0,0.0,0.0,0.0,0,0,5.867076858345868,3.864834080765334,0.47491172248382696,7.0,5.0,5.0,5.0,3.0,4.0,5.333333333333333,1.2583057392117887,2.0,2.0,0,1,11,0.718159128334034,HIGH
Central Zone 2,Mysore Road,4.0,4.0,14,4,3,0.5187,76.0,0.5,0.0,0.0,0.7999999999999999,1.625,0.25,0.0,0.0,0.0,0.0,1,0,1.8007984441395433,1.6907631189621082,2.645682762059424,2.0,2.0,1.0,2.0,2.0,0.0,1.6666666666666667,0.5773502691896257,0.0,0.0,0,1,10,0.4233074409013846,MEDIUM
West Zone 1,Tumkur Road,0.0,8.0,14,1,0,0.4514,92.6,0.0,0.0,0.0,0.3,1.0,0.0,0.0,0.0,0.0,0.0,0,0,1.03125,0.9609375,0.6693984,1.0,1.0,1.0,1.0,1.0,1.0,1.0,0.0,0.0,0.0,0,8,19,0.4190334034255358,MEDIUM
West Zone 1,Tumkur Road,0.0,12.0,14,1,1,,,0.0,0.0,0.0,0.9,2.5,0.0,0.0,0.0,0.0,0.0,0,0,1.0,0.125,0.32960842105263166,1.0,1.0,1.0,0.0,0.0,0.0,1.0,0.0,0.0,0.0,0,8,19,0.12878784481025723,LOW
Central Zone 2,CBD 2,3.0,4.0,14,1,1,,,0.0,0.0,0.0,1.0,2.5,0.0,0.0,0.0,0.0,0.0,0,0,1.0,0.359375,0.6221241968557759,1.0,1.0,1.0,0.0,1.0,1.0,1.0,0.0,0.0,-1.0,0,1,5,0.10260787529491257,LOW
North Zone 2,Bellary Road 2,5.0,0.0,14,2,2,,,0.0,0.0,0.0,0.95,3.0,0.0,1.0,0.0,1.0,0.0,0,0,1.0593363216907221,1.0275632144042959,0.4837368957671336,1.0,1.0,1.0,1.0,1.0,1.0,1.0,0.0,0.0,0.0,0,5,3,0.31813204618644286,MEDIUM
Central Zone 2,Mysore Road,3.0,8.0,14,1,1,,,0.0,0.0,0.0,1.0,2.5,0.0,0.0,0.0,0.0,0.0,0,0,2.2197351559940444,1.6791242216316675,0.7857859184370716,2.0,1.0,8.0,1.0,1.0,8.0,2.0,3.1091263510296048,1.0,0.0,0,1,10,0.3000967802251297,MEDIUM
Central Zone 2,Non-corridor,6.0,4.0,14,9,6,0.10273333333333334,17.2,0.1111111111111111,0.0,0.0,0.8222222222222223,2.5,0.1111111111111111,0.4444444444444444,0.0,0.0,0.0,1,0,3.0051026033764296,1.3124880197168383,0.3164856865303952,4.0,2.0,2.0,1.0,2.0,2.0,2.6666666666666665,1.0,2.0,-1.0,0,1,11,0.643237636405158,HIGH
Central Zone 2,Non-corridor,6.0,8.0,14,8,2,0.42596666666666666,77.26666666666667,0.5,0.0,0.0,0.8875,1.6875,0.125,0.375,0.0,0.0,0.0,0,0,6.152349923786678,4.347829589548311,0.44880983803194047,8.0,4.0,5.0,5.0,4.0,3.0,5.666666666666667,1.7320508075688772,4.0,1.0,0,1,11,0.718159128334034,HIGH
Central Zone 2,Non-corridor,2.0,4.0,14,3,3,,,0.0,0.0,0.0,0.9666666666666667,2.6666666666666665,0.0,0.6666666666666666,0.0,0.0,0.0,1,0,3.2520942775075703,2.083423298074117,0.3346772101083378,3.0,3.0,7.0,2.0,2.0,3.0,3.0,2.0,0.0,0.0,0,1,11,0.718159128334034,HIGH
North Zone 1,Hennur Main Road,0.0,4.0,14,1,1,,,0.0,0.0,0.0,0.9,1.0,0.0,1.0,0.0,0.0,0.0,0,0,1.0,1.0,0.0,1.0,0.0,0.0,1.0,0.0,0.0,1.0,0.0,0.0,0.0,0,4,6,0.06136845371764666,LOW
South Zone 2,Hosur Road,2.0,4.0,14,1,1,,,0.0,0.0,0.0,0.3,1.0,1.0,0.0,0.0,0.0,0.0,0,0,1.28125,1.0,0.1302038961038961,1.0,2.0,1.0,1.0,1.0,1.0,1.3333333333333333,0.5,-1.0,0.0,0,7,7,0.11328889385306345,LOW
Central Zone 2,Mysore Road,3.0,12.0,14,1,0,0.038,2.6,0.0,0.0,0.0,1.0,3.0,0.0,0.0,0.0,0.0,0.0,0,0,2.384979248046875,1.1420836448669434,0.344641267765034,2.0,4.0,1.0,0.0,4.0,0.0,2.6666666666666665,1.2583057392117918,-2.0,-4.0,0,1,10,0.380590443252986,MEDIUM
South Zone 2,Hosur Road,1.0,4.0,14,1,1,,,1.0,0.0,0.0,0.9,3.0,0.0,0.0,0.0,1.0,0.0,0,0,1.5,1.0,0.0941,2.0,1.0,0.0,1.0,1.0,0.0,1.5,0.7071067811865476,1.0,0.0,0,7,7,0.3020133455858024,MEDIUM
Central Zone 2,CBD 1,5.0,4.0,14,1,1,,,0.0,0.0,0.0,0.9,1.5,0.0,0.0,0.0,1.0,0.0,0,0,1.0,0.5,0.4576,1.0,1.0,0.0,0.0,1.0,0.0,1.0,0.0,0.0,-1.0,0,1,4,0.07926263094528681,LOW
West Zone 2,West of Chord Road,5.0,12.0,14,1,1,,,0.0,0.0,0.0,0.3,1.0,0.0,0.0,0.0,1.0,0.0,0,0,1.50390625,1.2457275390625,0.2758604158463778,1.0,2.0,1.0,1.0,2.0,1.0,2.0,0.9574271077563381,-1.0,-1.0,0,9,21,0.03774543184921391,LOW
East Zone 1,ORR East 2,1.0,0.0,14,3,3,,,0.0,0.0,0.0,0.3,1.8333333333333333,0.0,0.3333333333333333,0.0,1.0,0.0,1,0,1.0517578125,0.5126953125,1.4673403149473683,1.0,1.0,1.0,0.0,1.0,1.0,1.0,0.0,0.0,-1.0,0,2,13,0.059091441721444544,LOW
Central Zone 2,Non-corridor,0.0,4.0,14,2,2,,,0.5,0.0,0.0,0.95,1.0,0.0,0.5,0.0,0.0,0.0,0,0,3.681640625,1.95751953125,0.6535508259244321,3.0,5.0,3.0,2.0,2.0,1.0,4.0,0.9574271077563381,-2.0,0.0,0,1,11,0.6983760621335333,HIGH
East Zone 1,ORR East 1,5.0,12.0,14,1,0,0.0183,2.5,0.0,0.0,0.0,0.9,1.0,0.0,0.0,0.0,1.0,0.0,0,0,1.265625,1.1385498046875,1.3677521344216814,1.0,1.0,1.0,1.0,1.0,1.0,1.6666666666666667,1.0,0.0,0.0,0,2,12,0.10345912372491653,LOW
Central Zone 2,Non-corridor,0.0,0.0,14,4,4,,,0.0,0.0,0.0,0.7999999999999999,2.5,0.0,0.75,0.0,0.0,0.0,1,0,1.69140625,0.61328125,0.2473901052631579,1.0,2.0,1.0,1.0,0.0,0.0,2.3333333333333335,1.4142135623730951,-1.0,1.0,0,1,11,0.6303274284310996,HIGH
East Zone 1,ORR East 1,4.0,12.0,14,1,1,,,0.0,0.0,0.0,1.0,1.0,0.0,0.0,0.0,0.0,0.0,0,0,2.0625,1.55419921875,1.3677521344216814,3.0,1.0,2.0,2.0,1.0,2.0,1.6666666666666667,0.9574271077563381,2.0,1.0,0,2,12,0.11644502009912658,LOW
East Zone 1,ORR East 1,5.0,0.0,14,1,1,,,0.0,0.0,0.0,1.0,2.5,0.0,0.0,0.0,1.0,0.0,0,0,2.0001603744249223,1.9884263649710192,0.5356804769840229,3.0,1.0,1.0,3.0,1.0,1.0,1.6666666666666667,1.0,2.0,2.0,0,2,12,0.259304987486058,LOW
West Zone 2,West of Chord Road,5.0,0.0,14,1,0,1.14,155.9,0.0,0.0,0.0,0.9,1.0,0.0,0.0,0.0,1.0,0.0,0,0,1.2500612139701843,0.9337002635002136,0.8645237257577167,1.0,2.0,1.0,1.0,1.0,0.0,1.3333333333333333,0.5,-1.0,0.0,0,9,21,0.03965844677016006,LOW
West Zone 2,West of Chord Road,3.0,0.0,14,1,0,0.3515,72.1,0.0,0.0,0.0,1.0,1.0,0.0,0.0,0.0,0.0,0.0,0,0,1.031341552734375,0.054534912109375,0.254457650182254,1.0,1.0,1.0,0.0,0.0,0.0,1.0,0.0,0.0,0.0,0,9,21,0.18308097753852812,LOW
West Zone 2,West of Chord Road,6.0,12.0,14,1,1,,,0.0,0.0,0.0,0.9,2.5,0.0,0.0,0.0,0.0,0.0,0,0,1.031494140625,1.0153579711914062,0.2758604158463778,1.0,1.0,1.0,1.0,1.0,1.0,1.0,0.0,0.0,0.0,0,9,21,0.06586521791170986,LOW
West Zone 2,West of Chord Road,6.0,4.0,14,2,2,,,0.0,0.0,0.0,0.95,1.5,0.5,0.0,0.0,0.0,0.0,0,0,1.0000171661376953,0.3727472759783268,0.2314518516284779,1.0,1.0,1.0,0.0,1.0,1.0,1.0,0.0,0.0,-1.0,0,9,21,0.05128027545856561,LOW
Central Zone 2,Non-corridor,0.0,0.0,15,2,1,0.2099,91.6,0.0,0.0,0.0,0.95,2.0,0.0,0.0,0.0,0.0,0.0,0,0,2.845703125,2.306640625,0.2473901052631579,4.0,1.0,4.0,4.0,1.0,0.0,2.3333333333333335,1.4999999999999998,3.0,3.0,0,1,11,0.6630216616546011,HIGH
South Zone 1,ORR West 1,0.0,0.0,15,1,1,,,0.0,0.0,0.0,1.0,3.0,0.0,0.0,0.0,0.0,0.0,0,0,0.0,0.0,0.0,0.0,0.0,0.0,0.0,0.0,0.0,0.0,0.0,0.0,0.0,0,6,16,0.07204492293515541,LOW
Central Zone 2,Non-corridor,0.0,12.0,15,2,0,0.0718,29.9,0.0,0.0,0.0,0.65,1.0,0.0,0.5,0.0,0.0,0.0,0,0,1.6171875,0.89453125,0.13185834441087615,1.0,2.0,4.0,0.0,2.0,3.0,1.6666666666666667,1.2583057392117916,-1.0,-2.0,0,1,11,0.35375340937292177,MEDIUM
North Zone 2,Bellary Road 2,0.0,8.0,15,1,1,,,0.0,0.0,0.0,1.0,1.5,0.0,1.0,0.0,0.0,0.0,0,0,1.5,1.375,1.11678,2.0,1.0,1.0,2.0,1.0,1.0,1.3333333333333333,0.5,1.0,1.0,0,5,3,0.11509356171319142,LOW
Central Zone 2,Non-corridor,0.0,20.0,15,1,1,,,0.0,0.0,0.0,1.0,2.5,0.0,1.0,0.0,0.0,0.0,0,0,1.0,0.5,1.1634,1.0,1.0,0.0,0.0,1.0,0.0,1.0,0.0,0.0,-1.0,0,1,11,0.0668236757445149,LOW
West Zone 1,Tumkur Road,0.0,0.0,15,1,1,,,0.0,0.0,0.0,1.0,1.0,0.0,0.0,0.0,0.0,0.0,0,0,2.5,1.5,0.24430000000000002,4.0,1.0,0.0,2.0,1.0,0.0,2.5,2.1213203435596424,3.0,1.0,0,8,19,0.2922782644788911,LOW
West Zone 1,Magadi Road,0.0,0.0,15,1,1,,,0.0,0.0,0.0,0.3,3.0,0.0,0.0,0.0,0.0,0.0,0,0,1.0,1.0,1.5707,1.0,1.0,0.0,1.0,1.0,0.0,1.0,0.0,0.0,0.0,0,8,9,0.048255608969745505,LOW
West Zone 1,Magadi Road,0.0,4.0,15,1,1,,,0.0,0.0,0.0,1.0,1.0,0.0,0.0,0.0,0.0,0.0,0,0,2.0,2.0,1.593,1.0,3.0,0.0,1.0,3.0,0.0,2.0,1.4142135623730951,-2.0,-2.0,0,8,9,0.04032873718229454,LOW
West Zone 2,West of Chord Road,0.0,12.0,15,1,1,,,0.0,0.0,0.0,1.0,1.0,0.0,0.0,0.0,0.0,0.0,0,0,1.0,0.0,0.1369,1.0,0.0,0.0,0.0,0.0,0.0,1.0,0.0,0.0,0.0,0,9,21,0.03715891745544753,LOW
North Zone 2,Bellary Road 1,0.0,0.0,15,3,2,0.128,10.5,0.0,0.0,0.0,1.0,2.3333333333333335,0.0,0.0,0.0,0.0,0.0,0,0,1.390625,0.890625,0.177,1.0,2.0,1.0,0.0,2.0,1.0,1.6666666666666667,0.5773502691896257,-1.0,-2.0,0,5,2,0.080863552071553,LOW
West Zone 1,Tumkur Road,0.0,16.0,15,1,0,0.5221,35.7,0.0,0.0,0.0,1.0,3.0,0.0,0.0,0.0,0.0,0.0,0,0,0.0,0.0,0.0,0.0,0.0,0.0,0.0,0.0,0.0,0.0,0.0,0.0,0.0,0,8,19,0.18120776828623794,LOW
North Zone 2,Bellary Road 1,0.0,16.0,15,1,1,,,1.0,0.0,0.0,1.0,3.0,0.0,0.0,0.0,0.0,0.0,0,0,1.0,0.0,0.1082,1.0,0.0,0.0,0.0,0.0,0.0,1.0,0.0,0.0,0.0,0,5,2,0.1808344241716137,LOW
Central Zone 1,Old Madras Road,0.0,8.0,15,1,0,0.1815,26.6,1.0,0.0,0.0,1.0,1.0,0.0,0.0,0.0,0.0,0.0,0,0,1.0,1.0,0.0,1.0,1.0,0.0,1.0,1.0,0.0,1.0,0.0,0.0,0.0,0,0,18,0.026328956199650706,LOW
North Zone 2,Bellary Road 2,0.0,4.0,15,1,1,,,0.0,0.0,0.0,1.0,3.0,0.0,1.0,0.0,0.0,0.0,0,0,1.125,1.125,0.0,1.0,1.0,2.0,1.0,1.0,2.0,1.0,0.5,0.0,0.0,0,5,3,0.23043496709793973,LOW
North Zone 2,Bellary Road 1,0.0,8.0,15,1,0,0.8702,51.0,1.0,0.0,0.0,0.9,2.5,0.0,0.0,0.0,0.0,0.0,0,0,1.03125,0.90625,0.3051,1.0,1.0,1.0,1.0,1.0,1.0,1.0,0.0,0.0,0.0,0,5,2,0.48029929670971755,MEDIUM
Central Zone 2,Non-corridor,0.0,4.0,15,1,1,,,0.0,0.0,0.0,0.9,2.5,0.0,1.0,0.0,0.0,0.0,0,0,2.8408203125,1.978759765625,0.6535508259244321,2.0,3.0,4.0,2.0,2.0,2.0,3.3333333333333335,1.2909944487358056,-1.0,0.0,0,1,11,0.6983760621335333,HIGH
Central Zone 2,Non-corridor,0.0,8.0,15,2,1,0.1426,16.3,1.0,0.0,0.0,0.6,1.75,0.0,1.0,0.0,0.0,0.0,0,0,1.92578125,0.9921875,0.6788885697506926,2.0,2.0,1.0,1.0,1.0,1.0,2.0,0.5,0.0,0.0,0,1,11,0.5484847454065085,MEDIUM
North Zone 2,ORR North 2,0.0,0.0,15,2,2,,,0.0,0.0,0.0,0.95,1.25,0.0,0.0,0.0,0.0,0.0,0,0,1.125,0.625,0.2028,1.0,1.0,2.0,0.0,1.0,2.0,1.0,0.5,0.0,-1.0,0,5,15,0.30015355267895233,MEDIUM
Central Zone 2,Mysore Road,0.0,0.0,15,2,1,0.7312,50.0,0.0,0.0,0.0,0.65,3.0,0.0,0.0,0.0,0.0,0.0,0,0,2.109375,1.2578125,0.29742735734072023,3.0,1.0,2.0,2.0,0.0,1.0,1.6666666666666667,0.9574271077563381,2.0,2.0,0,1,10,0.2777658089007374,LOW
North Zone 1,ORR North 1,0.0,20.0,15,1,1,,,0.0,0.0,0.0,0.9,3.0,0.0,0.0,0.0,0.0,0.0,0,0,0.0,0.0,0.0,0.0,0.0,0.0,0.0,0.0,0.0,0.0,0.0,0.0,0.0,0,4,14,0.16381671978476914,LOW
North Zone 2,ORR North 2,5.0,16.0,45,1,1,,,1.0,1.0,0.0,0.7,3.0,0.0,0.0,0.0,0.0,0.0,0,0,1.125,1.0,0.5221,1.0,1.0,1.0,1.0,1.0,0.0,1.3333333333333333,0.5,0.0,0.0,0,5,15,0.37949447088623106,MEDIUM
North Zone 2,ORR North 2,5.0,0.0,45,1,0,0.1304,10.7,0.0,0.0,0.0,1.0,2.5,0.0,0.0,0.0,0.0,0.0,0,0,1.025451676105149,0.9863384949276224,0.19508899150089087,1.0,1.0,1.0,1.0,1.0,1.0,1.0,0.0,0.0,0.0,0,5,15,0.37777122742364133,MEDIUM
West Zone 2,Tumkur Road,4.0,4.0,45,2,2,,,1.0,0.0,0.0,1.0,1.0,0.0,0.0,0.0,0.0,0.0,0,0,1.5,0.5,0.7020622400000001,2.0,1.0,1.0,1.0,0.0,0.0,1.3333333333333333,0.5,1.0,1.0,0,9,19,0.03900753673331997,LOW
West Zone 2,Tumkur Road,6.0,8.0,45,1,0,0.9237,58.3,0.0,0.0,0.0,1.0,2.5,0.0,0.0,0.0,0.0,1.0,0,0,2.0,1.6015625,0.4554937443609023,3.0,1.0,1.0,3.0,0.0,1.0,1.6666666666666667,1.0,2.0,3.0,0,9,19,0.37954675499256213,MEDIUM
West Zone 1,Non-corridor,6.0,8.0,45,1,0,0.0735,17.3,1.0,0.0,0.0,1.0,1.0,0.0,0.0,0.0,0.0,1.0,0,0,1.1260986328125,0.3583717346191406,0.5612006149157629,1.0,1.0,1.0,0.0,1.0,1.0,1.3333333333333333,0.5,0.0,-1.0,0,8,11,0.08103437292647984,LOW
West Zone 1,Non-corridor,5.0,0.0,45,1,1,,,0.0,0.0,0.0,1.0,1.0,0.0,0.0,0.0,0.0,0.0,0,0,2.453380823135376,1.614774465560913,0.35889652669138056,3.0,2.0,4.0,2.0,2.0,1.0,2.0,1.2909944487358058,1.0,0.0,0,8,11,0.38753881107712984,MEDIUM
Central Zone 2,Mysore Road,4.0,0.0,45,1,1,,,0.0,0.0,0.0,1.0,1.0,0.0,0.0,0.0,0.0,0.0,0,0,2.270814526961356,1.6952201762574934,0.4336121522743807,3.0,1.0,3.0,3.0,0.0,2.0,2.0,0.9574271077563381,2.0,3.0,0,1,10,0.33575698165230955,MEDIUM
Central Zone 1,Non-corridor,4.0,0.0,45,1,0,0.6114,203.8,0.0,1.0,0.0,0.7,1.0,0.0,0.0,0.0,0.0,0.0,0,0,1.0,0.84375,0.26597894736842104,1.0,1.0,1.0,1.0,1.0,1.0,1.0,0.0,0.0,0.0,0,0,11,0.09479804942760893,LOW
Central Zone 2,Non-corridor,4.0,0.0,45,2,2,,,0.0,0.5,0.0,0.85,2.5,0.0,0.0,0.0,0.0,0.0,0,0,8.157273718688643,4.138722557767877,0.25149469590175716,5.0,15.0,8.0,5.0,2.0,5.0,8.333333333333334,4.716990566028302,-10.0,3.0,0,1,11,0.718159128334034,HIGH
North Zone 2,Bellary Road 2,6.0,8.0,45,1,0,1.0784,141.8,0.0,1.0,0.0,0.7,1.0,0.0,1.0,0.0,0.0,1.0,0,0,1.1445342904358213,0.48668578969844667,0.38544621944415797,1.0,1.0,1.0,0.0,1.0,1.0,1.3333333333333333,0.4999999999999999,0.0,-1.0,0,5,3,0.11089576730887936,LOW
Central Zone 2,Non-corridor,6.0,8.0,45,2,1,0.8076,71.0,1.0,0.0,0.5,0.75,2.75,0.5,0.0,0.0,0.0,1.0,0,0,7.076174961893339,3.1739147947741553,0.43967256948583094,8.0,8.0,5.0,2.0,5.0,4.0,6.666666666666667,2.0615528128088303,0.0,-3.0,0,1,11,0.6986506688301728,HIGH
West Zone 1,Non-corridor,5.0,12.0,45,1,1,,,0.0,0.0,0.0,1.0,1.0,1.0,0.0,0.0,0.0,0.0,0,0,1.58599853515625,0.61859130859375,0.20728403121247993,2.0,1.0,2.0,1.0,0.0,1.0,1.3333333333333333,0.5773502691896257,1.0,1.0,0,8,11,0.37534648778782476,MEDIUM
Central Zone 2,Non-corridor,4.0,4.0,45,3,2,0.5795,97.6,0.3333333333333333,0.0,0.0,1.0,2.1666666666666665,0.0,0.0,0.3333333333333333,0.0,0.0,0,0,5.313573683017254,3.3596995182530622,0.39674621470616867,5.0,5.0,3.0,3.0,3.0,2.0,6.333333333333333,2.5166114784235836,0.0,0.0,0,1,11,0.718159128334034,HIGH
Central Zone 1,Non-corridor,5.0,0.0,45,2,2,,,0.0,1.0,0.0,0.7,1.5,0.0,0.0,0.0,0.0,0.0,0,0,2.25,1.85546875,0.381246999316473,3.0,2.0,1.0,3.0,1.0,1.0,2.0,0.9574271077563381,1.0,2.0,0,0,11,0.6052925105937804,HIGH
West Zone 2,Tumkur Road,5.0,8.0,45,1,0,0.3693,30.3,0.0,0.0,0.0,1.0,2.5,0.0,0.0,0.0,0.0,0.0,0,1,1.0,0.40625,0.5129562406015038,1.0,1.0,1.0,0.0,1.0,0.0,1.0,0.0,0.0,-1.0,0,9,19,0.39817338695394355,MEDIUM
Central Zone 1,Non-corridor,6.0,4.0,45,1,1,,,0.0,1.0,0.0,0.7,1.0,0.0,0.0,0.0,0.0,1.0,0,0,1.12939453125,1.07470703125,0.2994884210526316,1.0,1.0,1.0,1.0,1.0,1.0,1.3333333333333333,0.5,0.0,0.0,0,0,11,0.34581498765867,MEDIUM
Central Zone 2,Non-corridor,6.0,4.0,45,1,0,0.5915,52.0,1.0,0.0,0.0,1.0,2.5,0.0,0.0,0.0,0.0,1.0,0,0,6.002551301688214,3.656244009858419,0.23098474525157048,9.0,4.0,2.0,6.0,1.0,1.0,5.0,3.304037933599835,5.0,5.0,0,1,11,0.6760175365298315,HIGH
Central Zone 2,Mysore Road,6.0,0.0,45,2,2,1.6287500000000001,76.25,0.0,0.5,0.0,0.85,2.5,0.5,0.0,0.0,0.0,1.0,0,0,3.025592961037592,2.2051294057136825,0.9576544869722552,4.0,2.0,3.0,3.0,1.0,2.0,2.6666666666666665,0.957427107756338,2.0,2.0,0,1,10,0.38031788995504895,MEDIUM
West Zone 2,Non-corridor,5.0,4.0,45,1,0,0.445,71.2,0.0,0.0,0.0,1.0,2.5,0.0,0.0,0.0,0.0,0.0,0,0,1.25,0.8125,0.147344,1.0,2.0,1.0,1.0,1.0,0.0,1.3333333333333333,0.5,-1.0,0.0,0,9,11,0.08826992828955935,LOW
North Zone 2,Bellary Road 1,5.0,0.0,45,1,1,,,0.0,1.0,0.0,0.7,1.5,0.0,0.0,0.0,0.0,0.0,0,0,1.8790974635709028,0.8594261702370084,0.3526611714288247,2.0,2.0,2.0,1.0,0.0,2.0,1.6666666666666667,0.5,0.0,1.0,0,5,2,0.22856833990357175,LOW
North Zone 2,Bellary Road 2,6.0,4.0,45,1,0,0.3232,20.4,0.0,0.0,1.0,0.5,2.5,0.0,1.0,0.0,0.0,1.0,0,0,1.2110119020800312,1.0204557034231811,1.118788614889093,1.0,1.0,2.0,1.0,1.0,1.0,1.3333333333333333,0.5773502691896258,0.0,0.0,0,5,3,0.12187071502151167,LOW
South Zone 1,ORR West 1,5.0,12.0,45,1,1,,,0.0,1.0,0.0,0.7,2.5,0.0,0.0,0.0,0.0,0.0,0,0,1.75,1.38671875,1.173126214736842,2.0,1.0,2.0,2.0,0.0,1.0,1.6666666666666667,0.5,1.0,2.0,0,6,16,0.10346436016456641,LOW
Central Zone 2,Non-corridor,4.0,8.0,45,1,1,,,1.0,0.0,0.0,1.0,1.0,0.0,0.0,0.0,0.0,0.0,0,0,4.559901564773965,3.230227771729446,0.329275652854751,6.0,3.0,3.0,4.0,3.0,2.0,3.6666666666666665,1.7320508075688772,3.0,1.0,0,1,11,0.6796568544146624,HIGH
North Zone 2,Bellary Road 2,5.0,12.0,45,2,2,,,0.0,0.0,1.0,0.5,1.75,0.0,1.0,0.0,0.0,0.0,0,0,2.127947360277176,2.1186766624450684,0.3369101238939324,2.0,3.0,1.0,2.0,3.0,1.0,2.3333333333333335,0.816496580927726,-1.0,-1.0,0,5,3,0.10789370988111575,LOW
Central Zone 2,CBD 2,4.0,0.0,45,1,1,,,0.0,0.0,0.0,1.0,1.0,0.0,0.0,0.0,0.0,0.0,0,0,1.125,0.870849609375,0.3023125578918364,1.0,1.0,1.0,1.0,0.0,1.0,1.3333333333333333,0.5,0.0,1.0,0,1,5,0.5179045560060064,MEDIUM
North Zone 1,Bellary Road 2,6.0,0.0,45,1,1,,,0.0,1.0,0.0,0.7,3.0,0.0,0.0,0.0,0.0,1.0,0,0,1.0625,0.4296875,0.2425661966369373,1.0,1.0,2.0,0.0,1.0,2.0,1.0,0.5,0.0,-1.0,0,4,3,0.19642900506916222,LOW
North Zone 1,Bellary Road 2,4.0,8.0,45,1,1,,,0.0,1.0,0.0,0.7,1.0,0.0,0.0,0.0,0.0,0.0,0,0,1.375,0.75,1.0963467532467532,1.0,2.0,1.0,0.0,2.0,0.0,1.6666666666666667,0.5773502691896257,-1.0,-2.0,0,4,3,0.060887265378896396,LOW
Central Zone 2,Mysore Road,4.0,4.0,45,1,0,0.258,29.4,0.0,1.0,0.0,0.7,1.5,0.0,0.0,0.0,0.0,0.0,0,0,2.9003992220697716,2.345381559481054,1.5262181504492007,4.0,2.0,1.0,3.0,2.0,1.0,2.6666666666666665,1.2583057392117916,2.0,1.0,0,1,10,0.36697545132262527,MEDIUM
West Zone 2,Mysore Road,4.0,8.0,45,1,0,0.7273,59.2,1.0,1.0,0.0,0.7,1.5,0.0,0.0,0.0,0.0,0.0,0,0,1.125,0.75,0.6569263157894737,1.0,1.0,2.0,1.0,0.0,1.0,1.0,0.5,0.0,1.0,0,9,10,0.3574142722160764,MEDIUM
West Zone 2,Mysore Road,5.0,0.0,45,1,1,,,0.0,1.0,0.0,0.7,2.5,0.0,0.0,0.0,0.0,0.0,0,0,1.6259765625,0.6943359375,0.391758442302119,2.0,1.0,1.0,1.0,0.0,1.0,1.6666666666666667,0.5773502691896257,1.0,1.0,0,9,10,0.08163950249064476,LOW
West Zone 2,Bellary Road 1,4.0,4.0,45,1,1,,,0.0,0.0,1.0,0.5,3.0,0.0,0.0,0.0,0.0,0.0,0,0,1.03125,0.87060546875,1.9647551144598336,1.0,1.0,1.0,1.0,1.0,1.0,1.0,0.0,0.0,0.0,0,9,2,0.04690797426774948,LOW
West Zone 2,Non-corridor,4.0,12.0,45,2,2,,,0.0,0.0,0.0,1.0,1.0,0.0,0.0,0.0,0.0,0.0,0,0,1.0,0.859375,0.9616984894259818,1.0,1.0,1.0,1.0,1.0,1.0,1.0,0.0,0.0,0.0,0,9,11,0.04884364603765812,LOW
North Zone 2,Bellary Road 1,4.0,8.0,45,1,0,0.8446,82.5,1.0,0.0,1.0,0.5,1.5,0.0,0.0,0.0,0.0,0.0,0,0,1.5068325069044057,0.7242407667280197,0.585128278558173,2.0,1.0,1.0,1.0,0.0,1.0,1.3333333333333333,0.5,1.0,1.0,0,5,2,0.4630557277394752,MEDIUM
Central Zone 1,Old Airport Road,4.0,4.0,45,1,1,,,0.0,0.0,0.0,1.0,1.0,0.0,0.0,0.0,0.0,0.0,0,0,1.5,1.19140625,0.23097528311688312,2.0,1.0,1.0,2.0,0.0,1.0,1.3333333333333333,0.5,1.0,2.0,0,0,17,0.4338256433244928,MEDIUM
East Zone 2,Non-corridor,5.0,8.0,45,1,1,1.7921,159.3,0.0,1.0,0.0,0.7,1.5,1.0,1.0,0.0,0.0,0.0,0,0,1.250335693359375,0.7633724212646484,0.4289519642774324,1.0,2.0,1.0,1.0,1.0,0.0,1.3333333333333333,0.5,-1.0,0.0,0,3,11,0.057389063973390934,LOW
East Zone 1,Non-corridor,4.0,4.0,45,1,1,,,1.0,0.0,0.0,1.0,1.0,0.0,1.0,0.0,0.0,0.0,0,0,1.00390625,0.925537109375,0.987211650582932,1.0,1.0,1.0,1.0,1.0,0.0,1.0,0.0,0.0,0.0,0,2,11,0.07297719803677251,LOW
South Zone 2,Bannerghata Road,5.0,8.0,45,2,2,,,0.0,0.0,0.0,1.0,2.0,0.0,0.0,0.0,0.0,0.0,0,0,2.0001220703125,1.9610109329223633,0.6838373364187879,3.0,1.0,1.0,3.0,1.0,1.0,1.6666666666666667,1.0,2.0,2.0,0,7,1,0.0984342695841103,LOW
Central Zone 1,Old Madras Road,6.0,8.0,45,2,2,,,1.0,0.5,0.0,0.85,2.0,0.0,0.0,0.0,0.0,1.0,0,0,1.0250016499776393,0.9937482075038133,0.22864278186929723,1.0,1.0,1.0,1.0,1.0,1.0,1.0,0.0,0.0,0.0,0,0,18,0.0990303867259733,LOW
West Zone 2,Bellary Road 1,6.0,0.0,45,1,0,0.7231,114.1,0.0,0.0,0.0,1.0,1.0,0.0,0.0,0.0,0.0,1.0,0,0,1.525390625,0.8704833984375,0.4384483111190641,2.0,1.0,1.0,1.0,1.0,1.0,1.3333333333333333,0.5,1.0,0.0,0,9,2,0.14860812218289554,LOW
North Zone 1,Hennur Main Road,4.0,8.0,45,1,0,0.9257,75.2,0.0,1.0,0.0,0.7,2.5,0.0,0.0,0.0,0.0,0.0,0,0,1.0626003742218018,0.12506866455078125,0.8516954910277439,1.0,1.0,2.0,0.0,0.0,1.0,1.0,0.5,0.0,0.0,0,4,6,0.18842350532532282,LOW
North Zone 2,Bellary Road 1,6.0,8.0,45,1,1,,,0.0,1.0,0.0,0.7,1.0,0.0,0.0,0.0,0.0,1.0,0,0,2.0726330312883885,1.7910073872760615,1.306487132811378,3.0,1.0,1.0,3.0,0.0,1.0,1.6666666666666667,1.0,2.0,3.0,0,5,2,0.0380033875574732,LOW
North Zone 2,Tumkur Road,4.0,4.0,45,1,1,,,0.0,1.0,0.0,0.7,3.0,0.0,0.0,0.0,0.0,0.0,0,0,1.25,1.25,0.0,1.0,1.0,2.0,1.0,1.0,2.0,1.3333333333333333,0.5773502691896257,0.0,0.0,0,5,19,0.3557427696193496,MEDIUM
North Zone 2,Bellary Road 1,6.0,12.0,45,1,1,,,0.0,0.0,0.0,1.0,1.0,0.0,0.0,0.0,0.0,1.0,0,0,1.2187915528484154,0.48484338115667924,1.03031938901698,1.0,1.0,1.0,0.0,1.0,0.0,1.3333333333333333,0.4999999999999999,0.0,-1.0,0,5,2,0.042814775299791656,LOW
West Zone 1,Non-corridor,6.0,12.0,45,3,3,,,0.0,0.3333333333333333,0.0,0.9,3.0,0.0,0.0,0.0,0.0,1.0,1,0,1.5091562271118164,0.18154048919677734,0.3156890032472861,2.0,1.0,1.0,0.0,0.0,0.0,1.3333333333333333,0.5,1.0,0.0,0,8,11,0.22901095096636828,LOW
Central Zone 1,Old Madras Road,5.0,0.0,45,1,1,,,0.0,0.0,1.0,0.5,1.5,0.0,0.0,0.0,0.0,0.0,0,0,1.2991988202556968,0.374332917141146,0.16106983621933008,1.0,2.0,1.0,0.0,1.0,1.0,1.3333333333333333,0.4999999999999999,-1.0,-1.0,0,0,18,0.1984017809985232,LOW
East Zone 1,Non-corridor,4.0,12.0,45,1,0,0.2571,45.7,0.0,0.0,0.0,1.0,2.5,0.0,1.0,0.0,0.0,0.0,0,0,1.0,0.5,0.006,1.0,1.0,0.0,0.0,1.0,0.0,1.0,0.0,0.0,-1.0,0,2,11,0.17726740456660317,LOW
East Zone 2,Non-corridor,6.0,4.0,45,1,1,,,0.0,0.0,1.0,0.5,3.0,0.0,1.0,0.0,0.0,1.0,0,0,1.000244140625,0.7417373657226562,0.4812640699567835,1.0,1.0,1.0,1.0,0.0,1.0,1.0,0.0,0.0,1.0,0,3,11,0.05264087534440144,LOW
Central Zone 2,Non-corridor,5.0,0.0,45,2,2,,,0.0,0.5,0.5,0.6,1.0,0.0,0.5,0.0,0.0,0.0,0,0,11.630921010107874,9.629677348032217,0.88781822178063,13.0,16.0,6.0,12.0,12.0,4.0,11.0,5.678908345800274,-3.0,0.0,0,1,11,0.718159128334034,HIGH
Central Zone 2,Non-corridor,4.0,12.0,45,2,1,0.1644,22.1,0.0,0.0,0.0,1.0,2.0,0.0,0.5,0.0,0.0,0.0,0,0,10.21543247816221,2.793367149663543,0.5858427367192427,11.0,16.0,6.0,2.0,6.0,3.0,9.333333333333334,6.454972243679028,-5.0,-4.0,0,1,11,0.718159128334034,HIGH
West Zone 1,Tumkur Road,4.0,12.0,45,1,1,,,0.0,0.0,0.0,1.0,2.5,0.0,0.0,0.0,0.0,0.0,0,0,1.0990219116210938,0.9561530351638794,0.11869417947273198,1.0,1.0,2.0,1.0,1.0,2.0,1.0,0.5,0.0,0.0,0,8,19,0.34642333105324113,MEDIUM
Central Zone 2,Mysore Road,5.0,8.0,45,1,0,0.8886,43.4,1.0,1.0,0.0,0.7,2.5,0.0,0.0,0.0,0.0,0.0,0,0,2.645275903924415,2.0702040600254668,0.550415658531326,3.0,3.0,1.0,2.0,3.0,0.0,2.6666666666666665,0.9574271077563381,0.0,-1.0,0,1,10,0.3766800025481749,MEDIUM
West Zone 1,Tumkur Road,5.0,8.0,45,1,1,,,1.0,0.0,0.0,1.0,2.5,0.0,0.0,0.0,0.0,0.0,0,0,1.7570845799066324,0.9303394018497068,0.5354292292852134,2.0,1.0,1.0,1.0,0.0,0.0,2.0,0.9574271077563381,1.0,1.0,0,8,19,0.365883564768785,MEDIUM
North Zone 1,ORR North 1,4.0,4.0,45,1,0,0.4585,62.7,0.0,0.0,0.0,1.0,1.5,0.0,0.0,0.0,0.0,0.0,0,0,1.0644609071314335,0.683012992143631,0.36752296097013354,1.0,1.0,2.0,1.0,0.0,0.0,1.0,0.5,0.0,1.0,0,4,14,0.46110305872079826,MEDIUM
Central Zone 2,Non-corridor,5.0,8.0,45,3,1,0.18960000000000002,40.650000000000006,0.0,0.0,0.0,1.0,1.5,0.0,0.3333333333333333,0.0,0.0,0.0,0,0,6.236842269709711,3.8798451046519693,0.40371554155840905,7.0,6.0,5.0,5.0,3.0,3.0,6.0,0.9574271077563381,1.0,2.0,0,1,11,0.718159128334034,HIGH
South Zone 2,Hosur Road,5.0,4.0,45,1,1,,,0.0,1.0,0.0,0.7,0.5,0.0,0.0,0.0,0.0,0.0,0,1,1.0323486328125,0.75,0.5684166609749189,1.0,1.0,1.0,1.0,0.0,1.0,1.0,0.0,0.0,1.0,0,7,7,0.45948150528662235,MEDIUM
Central Zone 2,Non-corridor,6.0,0.0,45,4,2,0.5213,75.9,0.0,0.25,0.25,0.8,2.5,0.0,0.25,0.0,0.0,1.0,0,0,9.268788161716943,5.889284911001848,0.2940354955562712,9.0,15.0,2.0,5.0,11.0,1.0,9.333333333333334,5.802298395176403,-6.0,-6.0,0,1,11,0.7183114868436348,HIGH
West Zone 1,Magadi Road,5.0,8.0,45,1,1,,,0.0,0.0,0.0,1.0,1.0,0.0,0.0,0.0,0.0,0.0,0,0,2.0166459132487944,1.1405812833472737,0.2744901537757527,3.0,1.0,1.0,2.0,0.0,1.0,1.6666666666666667,1.0,2.0,2.0,0,8,9,0.09679434619425897,LOW
Central Zone 1,Old Madras Road,5.0,12.0,45,2,2,,,0.0,0.0,0.0,1.0,1.0,0.0,0.0,0.0,0.0,0.0,0,0,1.7503204345703125,1.058380126953125,0.2846611649577972,2.0,2.0,1.0,1.0,2.0,0.0,1.6666666666666667,0.5773502691896257,0.0,-1.0,0,0,18,0.5266378458580484,MEDIUM
South Zone 2,Bannerghata Road,5.0,0.0,45,1,1,,,0.0,0.0,1.0,0.5,1.0,0.0,0.0,0.0,0.0,0.0,0,1,1.1256718635559082,0.9957581758499146,0.6681343528855287,1.0,1.0,1.0,1.0,1.0,1.0,1.3333333333333333,0.5,0.0,0.0,0,7,1,0.4968911689113628,MEDIUM
Central Zone 2,Mysore Road,5.0,0.0,45,1,0,0.429,35.2,0.0,0.0,0.0,1.0,2.5,0.0,0.0,0.0,0.0,0.0,0,0,2.6575368199528713,2.420091606488344,0.320742442046186,4.0,1.0,3.0,4.0,1.0,2.0,2.0,1.5000000000000002,3.0,3.0,0,1,10,0.5007078574128582,MEDIUM
Central Zone 2,Mysore Road,5.0,4.0,45,1,1,,,1.0,1.0,0.0,0.7,1.0,0.0,0.0,1.0,0.0,0.0,0,0,1.1571779293076512,0.10173114333959035,0.2823724312758366,1.0,1.0,1.0,0.0,0.0,1.0,1.3333333333333333,0.4999999999999999,0.0,0.0,0,1,10,0.28291103774758714,LOW
West Zone 1,Tumkur Road,4.0,8.0,45,2,0,0.3858,35.45,1.0,0.5,0.0,0.85,1.25,0.0,0.0,0.0,0.0,0.0,0,0,1.2546098243915367,0.6675474940997219,0.6500264849440831,1.0,1.0,1.0,0.0,1.0,0.0,1.6666666666666667,1.0,0.0,-1.0,0,8,19,0.23304457768285092,LOW
Central Zone 2,Non-corridor,5.0,4.0,45,1,1,,,1.0,0.0,0.0,1.0,3.0,0.0,1.0,0.0,0.0,0.0,0,1,2.616859510796948,1.859440650868301,0.32009427565958726,1.0,6.0,1.0,1.0,4.0,0.0,3.0,2.3804761428476167,-5.0,-3.0,0,1,11,0.6854573139756303,HIGH
North Zone 1,ORR North 1,5.0,8.0,45,1,0,0.802,91.4,0.0,1.0,0.0,0.7,1.5,0.0,1.0,0.0,0.0,0.0,0,0,1.0962052941322327,1.0881367325782776,2.264729008084527,1.0,1.0,1.0,1.0,1.0,1.0,1.0,0.0,0.0,0.0,0,4,14,0.22167698261700836,LOW
North Zone 1,ORR North 1,6.0,4.0,45,2,1,1.361,184.65,0.0,0.5,0.5,0.6,1.0,0.0,1.0,0.0,0.0,1.0,0,0,1.1411286008369643,1.0990860390011221,0.9254552904115813,1.0,1.0,1.0,1.0,1.0,1.0,1.3333333333333333,0.5,0.0,0.0,0,4,14,0.12268714491850274,LOW
South Zone 1,Non-corridor,4.0,0.0,45,1,1,,,0.0,0.0,1.0,0.5,1.0,0.0,0.0,0.0,0.0,0.0,0,0,1.001708984375,0.14892578125,0.517587607098835,1.0,1.0,1.0,0.0,0.0,0.0,1.0,0.0,0.0,0.0,0,6,11,0.326296567559558,MEDIUM
Central Zone 2,Non-corridor,5.0,20.0,45,2,2,,,0.0,0.0,0.0,1.0,3.0,0.0,0.0,0.0,0.0,0.0,0,0,1.5405426025390625,1.2883294820785522,0.5715102380993584,2.0,1.0,1.0,2.0,0.0,1.0,1.3333333333333333,0.5,1.0,2.0,0,1,11,0.5209212086400863,MEDIUM
South Zone 2,Hosur Road,5.0,0.0,45,2,1,1.2282,88.4,0.0,0.0,0.5,0.75,2.0,0.0,0.5,0.0,0.0,0.0,0,0,1.3165321389251403,0.5974883833021067,0.7028199728005899,1.0,1.0,3.0,0.0,1.0,2.0,1.3333333333333333,0.9574271077563384,0.0,-1.0,0,7,7,0.23575576318172328,LOW
North Zone 2,Bellary Road 1,6.0,4.0,45,1,1,,,0.0,1.0,0.0,0.7,1.0,0.0,0.0,0.0,0.0,1.0,0,0,1.6819916386375837,0.7157926525684948,0.44656285237240717,1.0,2.0,1.0,0.0,1.0,0.0,2.3333333333333335,1.4142135623730951,-1.0,-1.0,0,5,2,0.1661052507128315,LOW
North Zone 2,Bellary Road 1,6.0,0.0,45,2,1,1.3436,84.8,0.0,0.0,0.0,1.0,2.5,0.0,0.0,0.0,0.0,1.0,0,0,2.1278116186167684,1.814315845869372,0.371931726809465,3.0,1.0,1.0,3.0,0.0,0.0,2.0,0.9574271077563381,2.0,3.0,0,5,2,0.3175649029526485,MEDIUM
South Zone 1,Non-corridor,4.0,8.0,45,1,0,0.7754,119.3,0.0,0.0,1.0,0.5,3.0,0.0,0.0,0.0,0.0,0.0,0,0,1.03125,0.59375,0.13501410526315788,1.0,1.0,1.0,1.0,0.0,1.0,1.0,0.0,0.0,1.0,0,6,11,0.15797817681318324,LOW
East Zone 1,ORR East 1,6.0,12.0,45,1,1,,,0.0,0.0,0.0,1.0,2.5,0.0,1.0,0.0,0.0,1.0,0,0,1.033203125,0.1423187255859375,0.2765824252802434,1.0,1.0,1.0,0.0,0.0,1.0,1.0,0.0,0.0,0.0,0,2,12,0.1765733476470682,LOW
Central Zone 1,Mysore Road,5.0,0.0,45,1,1,,,0.0,0.0,1.0,0.5,1.0,1.0,0.0,0.0,0.0,0.0,0,0,1.0,0.625,0.5761421052631579,1.0,1.0,1.0,1.0,0.0,0.0,1.0,0.0,0.0,1.0,0,0,10,0.25098343535760825,LOW
South Zone 1,Bannerghata Road,4.0,12.0,45,1,1,,,0.0,0.0,1.0,0.5,1.0,0.0,0.0,0.0,0.0,0.0,0,0,0.0,0.0,0.0,0.0,0.0,0.0,0.0,0.0,0.0,0.0,0.0,0.0,0.0,0,6,1,0.0959925704038198,LOW
South Zone 1,Non-corridor,4.0,12.0,45,1,1,,,0.0,0.0,1.0,0.5,1.0,0.0,0.0,0.0,0.0,0.0,0,0,1.25,1.0,0.3246,1.0,1.0,0.0,1.0,1.0,0.0,1.3333333333333333,0.5773502691896257,0.0,0.0,0,6,11,0.24405328183049338,LOW
South Zone 2,ORR East 1,1.0,4.0,46,1,1,,,0.0,0.0,0.0,1.0,1.0,0.0,0.0,0.0,0.0,1.0,0,0,1.0,0.5,0.1628,1.0,1.0,0.0,0.0,1.0,0.0,1.0,0.0,0.0,-1.0,0,7,12,0.12112562634965966,LOW
South Zone 2,Non-corridor,3.0,0.0,46,1,1,,,0.0,0.0,0.0,1.0,3.0,0.0,0.0,0.0,0.0,0.0,0,0,1.0,0.609375,0.31808773413897273,1.0,1.0,1.0,1.0,0.0,1.0,1.0,0.0,0.0,1.0,0,7,11,0.15625520308604837,LOW
South Zone 2,Non-corridor,3.0,8.0,46,1,1,,,1.0,0.0,0.0,1.0,1.0,0.0,0.0,0.0,0.0,0.0,0,0,1.0,0.21875,0.6515203625377644,1.0,1.0,1.0,0.0,0.0,1.0,1.0,0.0,0.0,0.0,0,7,11,0.21258224185578897,LOW
North Zone 2,Bellary Road 2,0.0,4.0,46,1,1,,,1.0,0.0,0.0,1.0,1.0,0.0,1.0,0.0,0.0,1.0,0,0,1.0625,1.0625,0.0,1.0,1.0,1.0,1.0,1.0,1.0,1.0,0.0,0.0,0.0,0,5,3,0.24782864516166234,LOW
West Zone 2,West of Chord Road,2.0,8.0,46,2,2,,,1.0,0.0,0.0,1.0,2.5,0.0,0.0,0.0,0.0,0.0,0,0,1.8154296875,1.048828125,0.32828737335636476,2.0,2.0,2.0,2.0,0.0,0.0,1.6666666666666667,0.5,0.0,2.0,0,9,21,0.10698181072263979,LOW
Central Zone 2,Non-corridor,0.0,8.0,46,1,0,0.7303,64.2,1.0,0.0,0.0,1.0,2.5,0.0,0.0,0.0,0.0,1.0,0,0,1.962890625,0.99609375,0.46437314185041556,2.0,2.0,2.0,1.0,1.0,1.0,2.0,0.0,0.0,0.0,0,1,11,0.5821547308421755,MEDIUM
North Zone 2,Tumkur Road,0.0,4.0,46,2,2,,,1.0,0.0,0.0,1.0,3.0,0.0,0.0,0.0,0.0,1.0,0,0,0.0,0.0,0.0,0.0,0.0,0.0,0.0,0.0,0.0,0.0,0.0,0.0,0.0,0,5,19,0.07798859039712215,LOW
North Zone 2,Tumkur Road,1.0,0.0,46,1,1,,,0.0,0.0,0.0,1.0,2.5,1.0,0.0,0.0,0.0,1.0,0,0,0.0,0.0,0.0,0.0,0.0,0.0,0.0,0.0,0.0,0.0,0.0,0.0,0.0,0,5,19,0.07864878335386552,LOW
Central Zone 2,Mysore Road,6.0,8.0,46,1,0,0.9933,81.5,0.0,0.0,0.0,1.0,2.5,0.0,0.0,0.0,0.0,0.0,0,0,1.4703567147499261,0.6992873086523687,0.6501859078164436,1.0,2.0,3.0,0.0,2.0,2.0,1.3333333333333333,0.9574271077563384,-1.0,-2.0,0,1,10,0.29771858610589647,LOW
East Zone 1,ORR East 1,4.0,4.0,46,2,1,0.5317,77.9,0.5,0.0,0.0,1.0,1.0,0.0,1.0,0.0,0.0,0.0,0,0,1.00030517578125,0.13818359375,0.6789996950729352,1.0,1.0,1.0,0.0,0.0,0.0,1.0,0.0,0.0,0.0,0,2,12,0.2362642044072322,LOW
East Zone 1,ORR East 2,2.0,0.0,46,1,1,2.34,730.8,0.0,0.0,0.0,1.0,1.0,0.0,1.0,0.0,0.0,0.0,0,0,1.2815097942948341,1.2502556815743446,2.245416286860635,1.0,2.0,1.0,1.0,2.0,1.0,1.3333333333333333,0.5,-1.0,-1.0,0,2,13,0.041269128804006176,LOW
Central Zone 1,Mysore Road,1.0,8.0,46,1,0,0.4766,75.2,0.0,0.0,0.0,1.0,1.0,0.0,0.0,0.0,0.0,1.0,0,0,1.0,0.25,0.13622105263157896,1.0,1.0,0.0,0.0,1.0,0.0,1.0,0.0,0.0,-1.0,0,0,10,0.06319375864471863,LOW
East Zone 1,ORR East 1,5.0,4.0,46,2,1,1.0879,78.3,0.0,0.0,0.0,1.0,3.0,0.0,1.0,0.0,0.0,0.0,0,0,1.031259536743164,0.0980682373046875,0.45544645301167297,1.0,1.0,1.0,0.0,0.0,1.0,1.0,0.0,0.0,0.0,0,2,12,0.3376695840367987,MEDIUM
East Zone 1,ORR East 1,5.0,12.0,46,1,0,0.2852,23.4,0.0,0.0,0.0,1.0,2.5,0.0,1.0,0.0,0.0,0.0,0,0,1.1328125,0.56927490234375,0.49148451466734283,1.0,1.0,3.0,0.0,1.0,2.0,1.0,1.0,0.0,-1.0,0,2,12,0.3856304411426647,MEDIUM
North Zone 2,Bellary Road 1,6.0,4.0,46,1,1,,,1.0,0.0,0.0,1.0,2.5,0.0,0.0,0.0,0.0,0.0,0,0,1.3409958193187919,0.8578963262842474,0.44656285237240717,1.0,1.0,4.0,1.0,0.0,3.0,1.3333333333333333,1.4142135623730951,0.0,1.0,0,5,2,0.37753349852010665,MEDIUM
North Zone 2,Bellary Road 1,6.0,0.0,46,1,1,,,0.0,0.0,1.0,0.5,1.0,0.0,0.0,0.0,0.0,0.0,0,0,2.063905809308384,1.407157922934686,0.8833360811202728,2.0,3.0,2.0,1.0,3.0,2.0,2.0,0.816496580927726,-1.0,-2.0,0,5,2,0.07835065027962565,LOW
South Zone 2,Non-corridor,4.0,4.0,46,1,1,,,0.0,0.0,1.0,0.5,1.0,1.0,0.0,0.0,0.0,0.0,0,1,1.5,1.4921875,0.166,2.0,1.0,1.0,2.0,1.0,1.0,1.3333333333333333,0.5,1.0,1.0,0,7,11,0.4834022976890381,MEDIUM
South Zone 1,Non-corridor,6.0,0.0,46,1,1,,,0.0,0.0,0.0,1.0,1.0,0.0,0.0,0.0,0.0,0.0,0,0,1.250213623046875,0.64361572265625,0.5944138362554358,1.0,2.0,1.0,0.0,2.0,0.0,1.3333333333333333,0.5,-1.0,-2.0,0,6,11,0.04888773899410095,LOW
South Zone 1,Non-corridor,2.0,4.0,46,1,0,0.3912,62.6,0.0,0.0,0.0,1.0,2.5,0.0,0.0,0.0,0.0,0.0,0,0,27.25,26.75,0.16045,53.0,1.0,0.0,53.0,1.0,0.0,18.666666666666668,29.737742572921256,52.0,52.0,0,6,11,0.5597027567494471,MEDIUM
South Zone 1,Non-corridor,3.0,0.0,46,1,1,,,0.0,0.0,0.0,1.0,1.0,1.0,0.0,0.0,0.0,0.0,0,0,1.013671875,0.19140625,0.9151934323847897,1.0,1.0,1.0,0.0,0.0,0.0,1.0,0.0,0.0,0.0,0,6,11,0.09256477205988167,LOW
South Zone 1,Non-corridor,1.0,0.0,46,2,1,0.3461,42.6,0.0,0.5,0.0,0.85,1.0,0.5,0.0,0.0,0.0,1.0,0,0,1.75,1.5,0.9432,1.0,4.0,0.0,1.0,4.0,0.0,2.0,1.7320508075688772,-3.0,-3.0,0,6,11,0.20409432322465887,LOW
North Zone 2,Bellary Road 1,5.0,8.0,46,1,0,0.3773,32.3,0.0,0.0,0.0,1.0,2.5,0.0,1.0,0.0,0.0,0.0,0,0,2.0097923144800953,1.9325165654950314,1.6247970722592016,3.0,1.0,1.0,3.0,1.0,0.0,1.6666666666666667,1.0,2.0,2.0,0,5,2,0.20656320100518735,LOW
North Zone 2,Non-corridor,2.0,8.0,46,1,1,,,0.0,1.0,0.0,0.7,2.5,0.0,0.0,0.0,0.0,0.0,0,0,1.25,0.9375,0.2675831168831169,1.0,1.0,2.0,1.0,0.0,2.0,1.3333333333333333,0.5773502691896257,0.0,1.0,0,5,11,0.409573622466511,MEDIUM
North Zone 2,Non-corridor,2.0,12.0,46,2,1,0.1846,85.2,0.0,0.5,0.0,0.85,1.75,0.0,0.5,0.0,0.0,0.0,0,0,1.0,0.75,0.5213344,1.0,1.0,1.0,1.0,1.0,0.0,1.0,0.0,0.0,0.0,0,5,11,0.2874050267981959,LOW
South Zone 2,Bannerghata Road,4.0,8.0,46,1,1,,,0.0,0.0,0.0,1.0,1.0,0.0,0.0,0.0,0.0,0.0,0,0,1.0009765625,0.6880874633789062,0.6838373364187879,1.0,1.0,1.0,1.0,0.0,0.0,1.0,0.0,0.0,1.0,0,7,1,0.4129253753207245,MEDIUM
Central Zone 1,Old Madras Road,6.0,4.0,46,1,0,0.0442,3.1,0.0,1.0,0.0,0.7,2.5,0.0,0.0,0.0,0.0,0.0,0,0,1.282323844730854,1.1235550343990326,0.8674191463704648,1.0,2.0,1.0,1.0,2.0,1.0,1.3333333333333333,0.5,-1.0,-1.0,0,0,18,0.19244756238129138,LOW
North Zone 1,Bellary Road 1,2.0,4.0,46,1,1,,,0.0,1.0,0.0,0.7,1.0,0.0,0.0,0.0,0.0,0.0,0,0,1.0,1.0,0.0,1.0,1.0,0.0,1.0,1.0,0.0,1.0,0.0,0.0,0.0,0,4,2,0.07361401158577488,LOW
East Zone 1,Non-corridor,1.0,12.0,46,1,1,,,0.0,0.0,0.0,1.0,1.5,0.0,1.0,0.0,0.0,1.0,0,0,0.0,0.0,0.0,0.0,0.0,0.0,0.0,0.0,0.0,0.0,0.0,0.0,0.0,0,2,11,0.07240039261606422,LOW
East Zone 1,Non-corridor,2.0,4.0,46,1,1,,,1.0,1.0,0.0,0.7,3.0,0.0,1.0,0.0,0.0,0.0,0,0,1.125,0.6171875,0.32827661556096865,1.0,1.0,1.0,0.0,1.0,1.0,1.3333333333333333,0.5,0.0,-1.0,0,2,11,0.12218772312298612,LOW
North Zone 1,ORR North 1,1.0,4.0,46,1,1,7.0235,443.3,0.0,0.0,1.0,0.5,1.0,1.0,1.0,0.0,0.0,1.0,0,0,1.080078125,0.515625,1.0976171165812998,1.0,1.0,2.0,0.0,1.0,1.0,1.0,0.5,0.0,-1.0,0,4,14,0.061707038177743666,LOW
Central Zone 2,Magadi Road,3.0,8.0,46,1,1,,,1.0,1.0,0.0,0.7,1.0,0.0,0.0,0.0,0.0,0.0,0,0,2.0,1.0,1.59105,2.0,0.0,0.0,1.0,0.0,0.0,2.0,0.0,0.0,0.0,0,1,9,0.15239372955221217,LOW
South Zone 2,Hosur Road,3.0,0.0,46,1,1,,,0.0,1.0,0.0,0.7,2.5,0.0,0.0,0.0,0.0,0.0,0,0,1.5005131959915161,0.9973761737346649,1.1551489874491587,1.0,3.0,1.0,1.0,1.0,1.0,1.6666666666666667,1.0,-2.0,0.0,0,7,7,0.07671296093416813,LOW
North Zone 2,Bellary Road 2,4.0,16.0,46,1,0,0.4054,59.4,1.0,0.0,0.0,1.0,1.0,0.0,1.0,0.0,0.0,0.0,0,0,1.0,0.9375,1.6879957894736843,1.0,1.0,1.0,1.0,1.0,1.0,1.0,0.0,0.0,0.0,0,5,3,0.18928611407588658,LOW
North Zone 1,ORR North 1,0.0,4.0,46,1,1,,,0.0,0.0,0.0,1.0,3.0,0.0,0.0,0.0,0.0,1.0,0,0,1.25,1.0,1.2468,1.0,1.0,0.0,1.0,0.0,0.0,1.3333333333333333,0.5773502691896257,0.0,1.0,0,4,14,0.07663251681552585,LOW
North Zone 1,ORR North 1,1.0,0.0,46,1,1,,,0.0,0.0,0.0,1.0,1.0,0.0,1.0,0.0,0.0,1.0,0,0,1.515625,1.015625,0.0049,2.0,1.0,1.0,1.0,1.0,1.0,1.3333333333333333,0.5,1.0,0.0,0,4,14,0.31217198966621346,MEDIUM
Central Zone 2,Bellary Road 1,1.0,0.0,46,1,0,0.5863,77.1,0.0,1.0,0.0,0.7,1.0,0.0,0.0,0.0,0.0,1.0,0,0,1.0,0.75,0.4978,1.0,1.0,1.0,1.0,0.0,1.0,1.0,0.0,0.0,1.0,0,1,2,0.0999914464647958,LOW
North Zone 1,Airport New South Road,1.0,12.0,46,1,0,0.8223,51.9,0.0,0.0,0.0,1.0,2.5,0.0,1.0,0.0,0.0,1.0,0,0,0.0,0.0,0.0,0.0,0.0,0.0,0.0,0.0,0.0,0.0,0.0,0.0,0.0,0,4,0,0.1605574388287229,LOW
North Zone 1,Airport New South Road,2.0,0.0,46,1,1,,,0.0,1.0,0.0,0.7,1.0,0.0,1.0,0.0,0.0,0.0,0,0,1.0,1.0,1.9172421052631579,1.0,1.0,1.0,1.0,1.0,1.0,1.0,0.0,0.0,0.0,0,4,0,0.04139086188634885,LOW
West Zone 1,Tumkur Road,3.0,12.0,46,1,1,,,0.0,1.0,0.0,0.7,1.5,0.0,0.0,0.0,0.0,0.0,0,0,1.6748046875,1.3875885009765625,0.19161113498926372,1.0,3.0,2.0,1.0,3.0,1.0,1.6666666666666667,0.9574271077563389,-2.0,-2.0,0,8,19,0.1791779333320677,LOW
North Zone 1,ORR North 1,3.0,4.0,46,1,1,4.8774,400.2,0.0,0.0,0.0,1.0,1.0,1.0,1.0,0.0,0.0,0.0,0,0,1.0079689025878906,0.405303955078125,0.5472818875499798,1.0,1.0,1.0,0.0,1.0,0.0,1.0,0.0,0.0,-1.0,0,4,14,0.20083400268597904,LOW
North Zone 1,ORR North 1,3.0,16.0,46,1,1,,,1.0,0.0,0.0,1.0,1.0,1.0,1.0,0.0,0.0,0.0,0,1,1.0,1.0,0.0,1.0,0.0,0.0,1.0,0.0,0.0,1.0,0.0,0.0,0.0,0,4,14,0.2560675385845942,LOW
Central Zone 2,Mysore Road,3.0,0.0,46,1,1,,,0.0,0.0,0.0,1.0,3.0,0.0,0.0,0.0,0.0,0.0,0,0,3.657037804214162,2.952730243836655,0.49512535393649876,5.0,3.0,3.0,4.0,3.0,2.0,3.0,1.632993161855452,2.0,1.0,0,1,10,0.3733333504431033,MEDIUM
North Zone 2,Bellary Road 2,3.0,12.0,46,2,0,0.50185,85.9,0.0,0.0,0.0,1.0,1.25,0.0,1.0,0.0,0.0,0.0,0,0,2.03619384765625,1.0498046875,0.4101298561500335,2.0,3.0,1.0,1.0,2.0,0.0,2.0,0.9574271077563381,-1.0,-1.0,0,5,3,0.4165118038774335,MEDIUM
North Zone 2,Bellary Road 2,3.0,4.0,46,2,2,1.7076,250.2,0.5,0.0,0.5,0.75,2.0,0.0,1.0,0.0,0.0,0.0,0,0,1.7520294338464737,1.169959083199501,0.14724878175039968,2.0,1.0,1.0,1.0,1.0,0.0,2.0,0.9574271077563381,1.0,0.0,0,5,3,0.08921943285255052,LOW
Central Zone 2,Mysore Road,5.0,4.0,46,2,2,,,0.0,0.0,0.5,0.75,1.0,0.0,0.0,0.0,0.0,0.0,0,0,1.0785889646538256,0.5508655716697952,0.2823724312758366,1.0,1.0,2.0,1.0,0.0,0.0,1.0,0.4999999999999999,0.0,1.0,0,1,10,0.43967437349323435,MEDIUM
North Zone 2,Non-corridor,5.0,12.0,46,1,0,0.0566,26.4,0.0,0.0,0.0,1.0,1.0,0.0,0.0,1.0,0.0,0.0,0,0,1.1015625,0.326171875,0.1997163485623259,1.0,1.0,2.0,0.0,0.0,2.0,1.0,0.5,0.0,0.0,0,5,11,0.2529005460284148,LOW
North Zone 2,Non-corridor,6.0,0.0,46,1,1,,,0.0,1.0,0.0,0.7,1.0,0.0,0.0,0.0,0.0,0.0,0,0,1.015625,0.952880859375,0.30156198022639347,1.0,1.0,1.0,1.0,1.0,1.0,1.0,0.0,0.0,0.0,0,5,11,0.3247510457644206,MEDIUM
North Zone 2,Non-corridor,2.0,4.0,46,1,1,,,0.0,0.0,0.0,1.0,3.0,0.0,0.0,0.0,0.0,0.0,0,0,1.5625,1.34375,0.548104,1.0,3.0,2.0,1.0,3.0,1.0,1.6666666666666667,0.9574271077563381,-2.0,-2.0,0,5,11,0.2346867907255677,LOW
South Zone 2,Bannerghata Road,1.0,8.0,46,1,1,,,0.0,0.0,1.0,0.5,1.0,0.0,0.0,0.0,0.0,1.0,0,0,1.5,1.30078125,0.2678901402597403,2.0,1.0,1.0,2.0,1.0,0.0,1.3333333333333333,0.5,1.0,1.0,0,7,1,0.33339998447932656,MEDIUM
Central Zone 1,Old Madras Road,4.0,4.0,46,1,0,0.5314,43.6,0.0,0.0,0.0,1.0,2.5,0.0,0.0,0.0,0.0,0.0,0,0,1.5498085021972656,1.2601776123046875,0.2559779330823361,1.0,3.0,1.0,1.0,2.0,1.0,1.6666666666666667,1.0,-2.0,-1.0,0,0,18,0.36981061378881236,MEDIUM
East Zone 1,Non-corridor,3.0,0.0,46,1,1,,,0.0,1.0,0.0,0.7,3.0,0.0,1.0,0.0,0.0,0.0,0,0,1.015625,0.18798828125,0.5205149300013671,1.0,1.0,1.0,0.0,0.0,0.0,1.0,0.0,0.0,0.0,0,2,11,0.1613178907343761,LOW
North Zone 1,ORR North 2,6.0,4.0,46,2,1,0.0624,6.1,0.5,0.0,1.0,0.5,1.25,0.0,0.0,0.0,0.0,0.0,0,0,2.0,2.0,1.552,2.0,0.0,0.0,2.0,0.0,0.0,2.0,0.0,0.0,0.0,0,4,15,0.09876300694676288,LOW
Central Zone 2,Non-corridor,5.0,4.0,46,5,5,,,0.2,0.4,0.2,0.78,1.7,0.0,0.2,0.0,0.0,0.0,1,0,1.808429755398474,1.4297203254341504,0.32009427565958726,1.0,1.0,2.0,1.0,1.0,1.0,2.6666666666666665,2.3804761428476167,0.0,0.0,0,1,11,0.6909220277827005,HIGH
South Zone 2,Hosur Road,4.0,0.0,46,1,1,,,0.0,1.0,0.0,0.7,1.0,0.0,0.0,0.0,0.0,0.0,0,0,1.0644551296718419,0.914052250678651,0.9110827371000434,1.0,1.0,1.0,1.0,1.0,1.0,1.0,0.0,0.0,0.0,0,7,7,0.171597783046134,LOW
East Zone 1,Non-corridor,2.0,8.0,46,2,1,0.1241,13.9,0.5,0.0,0.0,1.0,2.75,0.0,1.0,0.0,0.0,0.0,0,0,1.3125,0.28125,0.2842781818181818,1.0,2.0,2.0,0.0,0.0,2.0,1.3333333333333333,0.5773502691896257,-1.0,0.0,0,2,11,0.14003311190752674,LOW
South Zone 2,Bannerghata Road,1.0,0.0,46,1,1,,,0.0,1.0,0.0,0.7,1.5,0.0,0.0,0.0,0.0,1.0,0,0,1.25,1.0625,0.2934578947368421,1.0,2.0,1.0,1.0,2.0,1.0,1.3333333333333333,0.5,-1.0,-1.0,0,7,1,0.09930173345214216,LOW
North Zone 2,Non-corridor,6.0,16.0,46,1,1,,,1.0,0.0,0.0,1.0,3.0,0.0,0.0,0.0,0.0,0.0,0,0,1.0,0.0,0.8528,1.0,0.0,0.0,0.0,0.0,0.0,1.0,0.0,0.0,0.0,0,5,11,0.14332277015927988,LOW
North Zone 1,Bellary Road 2,1.0,12.0,46,2,2,,,0.0,0.5,0.5,0.6,1.75,0.0,0.0,0.0,0.0,1.0,0,0,1.0,0.0,0.4027,1.0,0.0,0.0,0.0,0.0,0.0,1.0,0.0,0.0,0.0,0,4,3,0.12156842313476253,LOW
North Zone 1,Bellary Road 2,2.0,0.0,46,1,1,,,0.0,0.0,1.0,0.5,1.0,0.0,1.0,0.0,0.0,0.0,0,0,1.0,0.75,1.0969,1.0,1.0,0.0,1.0,1.0,0.0,1.0,0.0,0.0,0.0,0,4,3,0.049246320394259406,LOW
North Zone 1,Bellary Road 2,3.0,16.0,46,1,1,,,1.0,0.0,0.0,1.0,3.0,0.0,1.0,0.0,0.0,0.0,0,0,0.0,0.0,0.0,0.0,0.0,0.0,0.0,0.0,0.0,0.0,0.0,0.0,0.0,0,4,3,0.13873422195072854,LOW
Central Zone 2,Mysore Road,5.0,0.0,46,1,1,,,0.0,0.0,0.0,1.0,3.0,0.0,0.0,0.0,0.0,0.0,0,0,1.8287684099764356,1.210045803244172,0.39103955760061065,1.0,4.0,1.0,0.0,4.0,0.0,2.0,1.5000000000000002,-3.0,-4.0,0,1,10,0.5433259501543819,MEDIUM
North Zone 2,Non-corridor,4.0,0.0,46,2,0,0.35845,65.80000000000001,0.0,0.5,0.0,0.85,2.0,0.0,0.0,0.0,0.0,0.0,0,0,1.0,0.984375,0.1576,1.0,1.0,1.0,1.0,1.0,1.0,1.0,0.0,0.0,0.0,0,5,11,0.1809768712590335,LOW
North Zone 2,Non-corridor,1.0,8.0,46,1,0,0.1336,36.7,0.0,1.0,0.0,0.7,1.0,0.0,0.0,1.0,0.0,1.0,0,0,2.0,1.75,0.5157,2.0,2.0,0.0,2.0,2.0,0.0,2.0,0.0,0.0,0.0,0,5,11,0.49664502772878033,MEDIUM
North Zone 1,Bellary Road 1,0.0,4.0,46,1,1,,,0.0,0.0,0.0,1.0,1.5,0.0,0.0,0.0,0.0,1.0,0,0,0.0,0.0,0.0,0.0,0.0,0.0,0.0,0.0,0.0,0.0,0.0,0.0,0.0,0,4,2,0.059933815131535007,LOW
Central Zone 2,CBD 2,6.0,0.0,46,1,1,,,0.0,1.0,0.0,0.7,2.5,0.0,0.0,0.0,0.0,0.0,0,0,1.328369140625,1.0114665031433105,0.27949092742220494,1.0,2.0,2.0,1.0,1.0,1.0,1.3333333333333333,0.5773502691896257,-1.0,0.0,0,1,5,0.2303593859668232,LOW
West Zone 1,Magadi Road,5.0,8.0,46,1,0,0.4775,83.0,0.0,1.0,0.0,0.7,1.0,0.0,0.0,0.0,0.0,0.0,0,0,1.5083229566243972,1.0702906416736369,0.2744901537757527,1.0,3.0,1.0,1.0,2.0,0.0,1.6666666666666667,1.0,-2.0,-1.0,0,8,9,0.1084808311492516,LOW
Central Zone 2,Non-corridor,6.0,0.0,46,2,1,0.311,37.7,0.0,0.5,0.5,0.6,3.0,0.0,0.5,0.0,0.0,0.0,0,0,6.634394080858471,3.944642455500924,0.3849412973337627,4.0,9.0,4.0,2.0,5.0,2.0,9.333333333333334,5.228129047119374,-5.0,-3.0,0,1,11,0.718159128334034,HIGH
Central Zone 2,Non-corridor,2.0,8.0,46,4,4,,,0.25,0.5,0.25,0.725,2.125,0.0,0.0,0.0,0.0,0.0,1,0,3.7380605657398753,1.3711642468424472,0.1270454926924525,4.0,4.0,4.0,1.0,2.0,3.0,3.0,1.4999999999999996,0.0,-1.0,0,1,11,0.6614015605516429,HIGH
East Zone 2,Non-corridor,6.0,8.0,46,1,1,,,1.0,0.0,1.0,0.5,1.0,0.0,1.0,0.0,0.0,0.0,0,0,1.015645980834961,0.7352107763290405,0.7069781415691746,1.0,1.0,1.0,1.0,0.0,1.0,1.0,0.0,0.0,1.0,0,3,11,0.1059020676311518,LOW
Central Zone 1,Old Madras Road,3.0,8.0,46,2,2,,,1.0,0.5,0.0,0.85,3.0,0.0,0.0,0.0,0.0,0.0,0,0,1.016265869140625,0.5650539398193359,1.1911588213530093,1.0,1.0,1.0,1.0,0.0,0.0,1.0,0.0,0.0,1.0,0,0,18,0.09364949669657449,LOW
East Zone 2,Non-corridor,4.0,8.0,46,1,0,0.53,84.8,0.0,0.0,0.0,1.0,2.5,0.0,1.0,0.0,0.0,0.0,0,0,1.0107421875,0.42791748046875,0.09620960090611394,1.0,1.0,1.0,0.0,1.0,0.0,1.0,0.0,0.0,-1.0,0,3,11,0.31244341672512116,MEDIUM
North Zone 2,Bellary Road 1,1.0,0.0,46,1,1,,,0.0,0.0,1.0,0.5,0.5,0.0,0.0,0.0,0.0,1.0,0,0,1.7686767578125,1.6944580078125,1.1376968421052633,2.0,2.0,1.0,2.0,2.0,0.0,1.6666666666666667,0.5773502691896257,0.0,0.0,0,5,2,0.0634052180656898,LOW
North Zone 2,Bellary Road 2,3.0,0.0,46,2,1,0.0372,7.9,0.0,0.0,1.0,0.5,1.0,0.0,1.0,0.0,0.0,0.0,0,0,2.1662945807911456,0.5957047999836504,0.6669360638547561,2.0,3.0,1.0,0.0,1.0,0.0,2.3333333333333335,0.816496580927726,-1.0,-1.0,0,5,3,0.0859558536043524,LOW
North Zone 1,ORR North 2,3.0,4.0,46,2,2,1.552,347.3,0.0,0.5,0.5,0.6,2.0,0.0,0.0,0.0,0.0,0.0,0,0,0.0,0.0,0.0,0.0,0.0,0.0,0.0,0.0,0.0,0.0,0.0,0.0,0.0,0,4,15,0.02592827734095926,LOW
West Zone 1,Magadi Road,3.0,8.0,46,1,1,,,1.0,0.0,0.0,1.0,2.5,0.0,0.0,0.0,0.0,0.0,0,0,2.453285336494446,1.5674927234649658,0.3486378836721557,3.0,2.0,2.0,2.0,1.0,2.0,2.3333333333333335,0.5,1.0,1.0,0,8,9,0.08857849439543365,LOW
West Zone 1,Tumkur Road,3.0,0.0,46,1,1,,,0.0,0.0,1.0,0.5,3.0,0.0,0.0,0.0,0.0,0.0,0,0,1.4687805740977637,1.3985428417217918,0.18219473914589757,1.0,2.0,1.0,1.0,2.0,0.0,1.6666666666666667,0.5773502691896253,-1.0,-1.0,0,8,19,0.0785770384141608,LOW
North Zone 1,Airport New South Road,2.0,8.0,46,1,1,5.85,875.4,0.0,0.0,1.0,0.5,1.0,1.0,1.0,0.0,0.0,0.0,0,0,1.0,0.0,0.172912,1.0,1.0,0.0,0.0,0.0,0.0,1.0,0.0,0.0,0.0,0,4,0,0.0553208214129815,LOW
Central Zone 2,Non-corridor,1.0,12.0,46,1,1,,,0.0,0.0,0.0,1.0,3.0,0.0,0.0,0.0,0.0,1.0,0,0,2.9741882979869843,2.2836032658815384,0.44286226213572966,2.0,3.0,1.0,2.0,1.0,1.0,4.333333333333333,3.1091263510296048,-1.0,1.0,0,1,11,0.7183114868436348,HIGH
North Zone 2,Non-corridor,6.0,4.0,46,2,0,0.05375,20.05,0.0,0.5,0.0,0.85,1.75,0.0,1.0,0.0,0.0,0.0,0,0,1.002197265625,0.3763427734375,1.217933211901821,1.0,1.0,1.0,0.0,1.0,1.0,1.0,0.0,0.0,-1.0,0,5,11,0.0427990673897233,LOW
North Zone 2,ORR North 2,2.0,8.0,46,1,1,,,1.0,0.0,1.0,0.5,3.0,0.0,0.0,0.0,0.0,0.0,0,0,2.001007080078125,2.000518798828125,0.24190755501665823,3.0,1.0,1.0,3.0,1.0,1.0,1.6666666666666667,1.0,2.0,2.0,0,5,15,0.2172655896879639,LOW
East Zone 2,Non-corridor,3.0,0.0,46,1,1,,,0.0,0.0,0.0,1.0,3.0,1.0,1.0,0.0,0.0,0.0,0,0,1.150390625,0.469970703125,0.6659198867335493,1.0,1.0,2.0,0.0,1.0,0.0,1.0,0.4999999999999999,0.0,-1.0,0,3,11,0.11744409957331048,LOW
Central Zone 1,Old Madras Road,0.0,8.0,46,1,1,,,0.0,0.0,0.0,1.0,2.5,0.0,0.0,0.0,0.0,1.0,0,0,1.0,0.5,0.1815,1.0,1.0,0.0,0.0,1.0,0.0,1.0,0.0,0.0,-1.0,0,0,18,0.055108305164574496,LOW
Central Zone 2,Non-corridor,5.0,0.0,46,2,1,0.1727,32.5,0.0,0.0,0.5,0.75,2.5,0.5,0.0,0.0,0.0,0.0,0,0,6.815460505053937,5.814838674016109,0.88781822178063,2.0,13.0,4.0,2.0,12.0,2.0,10.333333333333334,6.800735254367722,-11.0,-10.0,0,1,11,0.718159128334034,HIGH
South Zone 2,Hosur Road,4.0,12.0,46,1,1,,,0.0,1.0,0.0,0.7,2.5,0.0,0.0,0.0,0.0,0.0,0,0,2.635009765625,0.8981728553771973,0.528339293980264,4.0,1.0,1.0,1.0,1.0,0.0,2.3333333333333335,1.4142135623730951,3.0,0.0,0,7,7,0.09989310881082271,LOW
Central Zone 2,Non-corridor,3.0,0.0,46,2,1,0.2205,98.9,0.0,0.5,0.5,0.6,1.75,0.0,0.5,0.0,0.0,0.0,0,0,8.893695322770323,5.2894680177769855,0.3560315579345139,14.0,3.0,8.0,8.0,2.0,4.0,6.666666666666667,5.228129047119373,11.0,6.0,0,1,11,0.718159128334034,HIGH
West Zone 1,Magadi Road,2.0,0.0,46,2,2,,,0.0,0.0,0.0,1.0,1.25,0.0,0.0,0.0,0.0,0.0,0,0,1.015625,0.984375,1.4865935980984086,1.0,1.0,1.0,1.0,1.0,1.0,1.0,0.0,0.0,0.0,0,8,9,0.07136311441280355,LOW
West Zone 1,Tumkur Road,4.0,0.0,46,2,1,0.1789,36.7,0.0,0.0,0.0,1.0,1.25,0.0,0.0,0.0,0.0,0.0,0,0,1.693473823382348,0.5044918317484672,0.5382347484752632,1.0,3.0,1.0,0.0,1.0,1.0,2.0,0.9574271077563381,-2.0,-1.0,0,8,19,0.2715673986082471,LOW
East Zone 2,ORR North 1,1.0,0.0,46,1,1,,,0.0,0.0,0.0,1.0,1.0,0.0,0.0,0.0,0.0,1.0,0,0,1.0,1.0,0.0,1.0,0.0,0.0,1.0,0.0,0.0,1.0,0.0,0.0,0.0,0,3,14,0.08095172465707276,LOW
East Zone 2,ORR North 1,2.0,0.0,46,1,1,,,0.0,0.0,0.0,1.0,2.5,0.0,0.0,0.0,0.0,0.0,0,0,1.0,1.0,0.0,1.0,1.0,1.0,1.0,1.0,1.0,1.0,0.0,0.0,0.0,0,3,14,0.15173975188775746,LOW
West Zone 1,Magadi Road,6.0,12.0,46,1,1,,,0.0,0.0,0.0,1.0,1.0,0.0,0.0,0.0,0.0,0.0,0,0,1.0195322036743164,0.9492080211639404,0.32697569316779623,1.0,1.0,1.0,1.0,1.0,1.0,1.0,0.0,0.0,0.0,0,8,9,0.36482832187082515,MEDIUM
West Zone 1,Non-corridor,0.0,0.0,46,1,0,0.0188,2.6,0.0,0.0,0.0,1.0,1.0,1.0,0.0,0.0,0.0,1.0,0,0,1.5,1.5,0.0,1.0,2.0,0.0,1.0,2.0,0.0,1.5,0.7071067811865476,-1.0,-1.0,0,8,11,0.04391658309299365,LOW
West Zone 1,Non-corridor,1.0,4.0,46,1,0,0.4639,67.3,1.0,1.0,0.0,0.7,1.5,0.0,0.0,0.0,0.0,1.0,0,0,1.0,0.5,1.2,1.0,1.0,0.0,0.0,1.0,0.0,1.0,0.0,0.0,-1.0,0,8,11,0.16239163627282413,LOW
West Zone 1,Mysore Road,4.0,0.0,46,1,0,0.5485,38.8,0.0,1.0,0.0,0.7,2.5,0.0,0.0,0.0,0.0,0.0,0,0,2.046875,0.9375,0.5789686534518114,3.0,1.0,1.0,1.0,1.0,0.0,1.6666666666666667,1.0,2.0,0.0,0,8,10,0.2737621284817336,LOW
North Zone 1,Bellary Road 2,6.0,4.0,46,1,1,,,0.0,0.0,1.0,0.5,3.0,0.0,0.0,0.0,0.0,0.0,0,0,1.0,0.96875,1.12998,1.0,1.0,1.0,1.0,1.0,1.0,1.0,0.0,0.0,0.0,0,4,3,0.05342567473276873,LOW
East Zone 1,Non-corridor,0.0,8.0,46,1,1,,,1.0,0.0,0.0,1.0,1.0,0.0,1.0,0.0,0.0,1.0,0,0,0.0,0.0,0.0,0.0,0.0,0.0,0.0,0.0,0.0,0.0,0.0,0.0,0.0,0,2,11,0.06179683621683166,LOW
East Zone 1,Non-corridor,1.0,0.0,46,3,2,0.0533,32.8,0.0,0.0,0.0,1.0,1.3333333333333333,0.0,1.0,0.0,0.0,1.0,0,0,1.0,0.0625,0.1726704,1.0,1.0,1.0,0.0,0.0,0.0,1.0,0.0,0.0,0.0,0,2,11,0.04979909977420656,LOW
North Zone 2,Non-corridor,0.0,4.0,46,1,1,,,0.0,1.0,0.0,0.7,1.0,0.0,1.0,0.0,0.0,1.0,0,0,0.0,0.0,0.0,0.0,0.0,0.0,0.0,0.0,0.0,0.0,0.0,0.0,0.0,0,5,11,0.11089164093128999,LOW
West Zone 1,Tumkur Road,1.0,0.0,46,1,1,,,0.0,0.0,0.0,1.0,3.0,0.0,0.0,0.0,0.0,1.0,0,0,1.47412109375,0.67041015625,0.20780183734935426,1.0,1.0,1.0,0.0,1.0,1.0,2.0,1.5,0.0,-1.0,0,8,19,0.18077040599181618,LOW
West Zone 1,Tumkur Road,2.0,0.0,46,1,0,0.2369,40.5,0.0,1.0,0.0,0.7,1.0,0.0,0.0,0.0,0.0,0.0,0,0,1.2504630088806152,0.8629593849182129,0.9954701539431527,1.0,2.0,1.0,1.0,1.0,1.0,1.3333333333333333,0.5,-1.0,0.0,0,8,19,0.10986189910004279,LOW
Central Zone 1,Old Madras Road,6.0,8.0,46,1,1,,,1.0,0.0,0.0,1.0,1.0,0.0,0.0,0.0,0.0,0.0,0,0,1.5125008249888197,1.4968741037519067,0.22864278186929723,2.0,1.0,1.0,2.0,1.0,1.0,1.3333333333333333,0.5,1.0,1.0,0,0,18,0.3296931272953955,MEDIUM
Central Zone 2,Bellary Road 1,0.0,0.0,46,1,1,,,0.0,1.0,0.0,0.7,1.0,0.0,0.0,0.0,0.0,1.0,0,0,1.0,1.0,0.0,1.0,0.0,0.0,1.0,0.0,0.0,1.0,0.0,0.0,0.0,0,1,2,0.03120959805122091,LOW
Central Zone 2,CBD 1,1.0,0.0,46,1,1,,,0.0,1.0,0.0,0.7,1.0,0.0,0.0,0.0,0.0,1.0,0,0,1.0,0.0,0.5497,1.0,0.0,0.0,0.0,0.0,0.0,1.0,0.0,0.0,0.0,0,1,4,0.056205454701196006,LOW
West Zone 2,Bellary Road 1,5.0,8.0,46,1,1,,,1.0,0.0,1.0,0.5,1.0,0.0,0.0,0.0,0.0,0.0,0,0,1.12890625,0.1259765625,1.0707928551908907,1.0,1.0,1.0,0.0,0.0,1.0,1.3333333333333333,0.5,0.0,0.0,0,9,2,0.041413302852549135,LOW
West Zone 2,Bellary Road 1,5.0,12.0,46,1,0,1.0004,136.8,0.0,0.0,0.0,1.0,1.5,0.0,0.0,0.0,0.0,0.0,0,0,1.890625,1.2421875,0.4105989336978811,1.0,4.0,1.0,0.0,4.0,1.0,2.3333333333333335,1.4142135623730951,-3.0,-4.0,0,9,2,0.18087538125910074,LOW
Central Zone 2,Non-corridor,1.0,8.0,46,1,0,0.116,10.2,1.0,0.0,1.0,0.5,2.5,0.0,0.0,0.0,0.0,1.0,0,0,6.191562511026859,3.8425941318273544,0.264490484246116,3.0,15.0,3.0,3.0,7.0,2.0,7.666666666666667,5.744562646538029,-12.0,-4.0,0,1,11,0.6986506688301728,HIGH
North Zone 2,ORR North 2,3.0,8.0,46,1,1,,,1.0,0.0,1.0,0.5,2.5,0.0,0.0,0.0,0.0,0.0,0,0,1.30813601706177,1.0189514318481088,0.29728868576144263,1.0,2.0,1.0,1.0,1.0,1.0,1.3333333333333333,0.5000000000000001,-1.0,0.0,0,5,15,0.08547448771672628,LOW
Central Zone 2,Non-corridor,1.0,4.0,46,1,1,3.9,662.5,0.0,0.0,0.0,1.0,1.0,1.0,0.0,0.0,0.0,1.0,0,0,3.004565889015794,2.8341006827540696,0.275165396247969,3.0,2.0,2.0,3.0,2.0,2.0,3.3333333333333335,1.4142135623730951,1.0,1.0,0,1,11,0.6989980742916662,HIGH
West Zone 1,Magadi Road,2.0,4.0,46,1,0,0.5104,34.9,0.0,0.0,1.0,0.5,3.0,0.0,0.0,0.0,0.0,0.0,0,0,1.015777587890625,0.952728271484375,0.11025800038112873,1.0,1.0,1.0,1.0,1.0,0.0,1.0,0.0,0.0,0.0,0,8,9,0.31144464156155316,MEDIUM
Central Zone 2,Mysore Road,1.0,0.0,46,1,0,0.2186,23.0,0.0,0.0,0.0,1.0,1.5,0.0,0.0,0.0,0.0,1.0,0,0,1.6677379608154297,1.5942697525024414,0.9920318913185414,1.0,2.0,1.0,1.0,2.0,1.0,2.3333333333333335,1.4142135623730951,-1.0,-1.0,0,1,10,0.3891971073855339,MEDIUM
Central Zone 2,Mysore Road,1.0,4.0,46,2,2,2.003,90.3,0.5,0.0,0.5,0.75,2.5,0.0,0.0,0.0,0.0,1.0,0,0,1.068084716796875,0.900848388671875,1.5513794099449818,1.0,1.0,1.0,1.0,1.0,1.0,1.0,0.0,0.0,0.0,0,1,10,0.24967044895538273,LOW
North Zone 2,Bellary Road 1,2.0,12.0,46,1,0,0.1031,14.1,0.0,0.0,1.0,0.5,1.5,0.0,0.0,0.0,0.0,0.0,0,0,1.564453125,0.52734375,0.4919294510927139,2.0,1.0,1.0,0.0,1.0,1.0,1.3333333333333333,0.5,1.0,-1.0,0,5,2,0.09145130495003848,LOW
West Zone 1,Tumkur Road,6.0,0.0,46,3,3,,,0.0,0.3333333333333333,0.3333333333333333,0.7333333333333334,2.1666666666666665,0.0,0.0,0.0,0.0,0.0,1,0,1.384812208878433,0.8021810076197775,0.3214656447442503,1.0,2.0,1.0,1.0,1.0,0.0,1.6666666666666667,0.5773502691896257,-1.0,0.0,0,8,19,0.0592733106271123,LOW
Central Zone 1,Old Madras Road,2.0,0.0,46,1,1,,,0.0,1.0,0.0,0.7,3.0,0.0,0.0,0.0,0.0,0.0,0,0,1.7021484375,1.5129241943359375,0.15372210388032795,2.0,1.0,4.0,2.0,1.0,3.0,1.3333333333333333,1.4142135623730951,1.0,1.0,0,0,18,0.6015240043327014,HIGH
East Zone 2,Non-corridor,5.0,4.0,46,1,0,0.105,14.0,0.0,0.0,0.0,1.0,3.0,0.0,0.0,0.0,0.0,0.0,0,0,1.0009765625,0.966949462890625,1.1780493846915678,1.0,1.0,1.0,1.0,1.0,1.0,1.0,0.0,0.0,0.0,0,3,11,0.09705384959785275,LOW
West Zone 2,Bellary Road 1,6.0,0.0,46,1,0,0.1984,40.7,0.0,0.0,1.0,0.5,1.0,0.0,0.0,0.0,0.0,0.0,0,0,1.2626953125,0.43524169921875,0.5523089866714385,1.0,2.0,1.0,0.0,1.0,0.0,1.3333333333333333,0.5,-1.0,-1.0,0,9,2,0.07104590217700645,LOW
Central Zone 1,Old Airport Road,3.0,0.0,46,1,0,0.0561,4.6,0.0,0.0,0.0,1.0,2.5,0.0,0.0,0.0,0.0,0.0,0,0,1.0,0.5,0.5133184,1.0,1.0,1.0,1.0,0.0,0.0,1.0,0.0,0.0,1.0,0,0,17,0.10692635596897897,LOW
Central Zone 1,Old Airport Road,4.0,0.0,46,1,1,,,0.0,0.0,1.0,0.5,2.5,0.0,0.0,0.0,0.0,0.0,0,0,1.0,0.25,0.2726771368421052,1.0,1.0,1.0,0.0,1.0,0.0,1.0,0.0,0.0,-1.0,0,0,17,0.30398179335706316,MEDIUM
Central Zone 1,Old Airport Road,4.0,8.0,46,1,0,0.9209,63.5,0.0,1.0,0.0,0.7,2.5,0.0,0.0,0.0,0.0,0.0,0,0,1.0,0.4168701171875,0.6096649722977674,1.0,1.0,1.0,0.0,1.0,0.0,1.0,0.0,0.0,-1.0,0,0,17,0.07844543913522585,LOW
West Zone 2,Mysore Road,1.0,4.0,46,1,0,0.5412,24.4,1.0,0.0,1.0,0.5,2.5,0.0,0.0,0.0,0.0,1.0,0,0,1.25,0.3125,0.33234673684210525,1.0,2.0,1.0,0.0,1.0,1.0,1.3333333333333333,0.5,-1.0,-1.0,0,9,10,0.0724314638671404,LOW
West Zone 2,Mysore Road,2.0,12.0,46,1,0,0.0819,5.6,0.0,0.0,0.0,1.0,3.0,0.0,0.0,0.0,0.0,0.0,0,0,1.0,0.5,1.2358,1.0,1.0,0.0,0.0,1.0,0.0,1.0,0.0,0.0,-1.0,0,9,10,0.04855968428968566,LOW
East Zone 1,ORR East 1,1.0,0.0,46,3,2,0.6464,40.8,0.0,0.0,0.3333333333333333,0.8333333333333334,1.5,0.0,1.0,0.0,0.0,1.0,0,0,2.640625,2.21875,0.6587224421052633,3.0,3.0,1.0,3.0,2.0,1.0,2.6666666666666665,0.9574271077563381,0.0,1.0,0,2,12,0.43919665970780364,MEDIUM
West Zone 2,Mysore Road,5.0,4.0,46,1,0,0.2542,14.9,1.0,0.0,0.0,1.0,2.5,0.0,0.0,0.0,0.0,0.0,0,0,1.015625,0.26953125,0.3692608119667589,1.0,1.0,1.0,0.0,1.0,0.0,1.0,0.0,0.0,-1.0,0,9,10,0.186967721803317,LOW
West Zone 2,Mysore Road,2.0,0.0,46,1,1,,,0.0,0.0,1.0,0.5,1.0,0.0,0.0,0.0,0.0,0.0,0,0,1.25,0.75,0.63016,1.0,2.0,0.0,1.0,1.0,0.0,1.3333333333333333,0.5773502691896257,-1.0,0.0,0,9,10,0.03344251972099757,LOW
West Zone 2,Bellary Road 1,0.0,12.0,46,1,1,,,0.0,0.0,0.0,1.0,1.0,0.0,0.0,0.0,0.0,1.0,0,0,0.0,0.0,0.0,0.0,0.0,0.0,0.0,0.0,0.0,0.0,0.0,0.0,0.0,0,9,2,0.04792674825870606,LOW
West Zone 2,Bellary Road 1,1.0,4.0,46,1,1,,,1.0,0.0,1.0,0.5,3.0,0.0,0.0,0.0,0.0,1.0,0,0,1.0,0.4375,1.3041357894736842,1.0,1.0,1.0,0.0,1.0,0.0,1.0,0.0,0.0,-1.0,0,9,2,0.04428209950758696,LOW
East Zone 2,Non-corridor,2.0,0.0,46,2,1,1.368,531.4,0.0,0.5,0.5,0.6,1.0,0.0,1.0,0.0,0.0,0.0,0,0,1.625,1.078125,0.676339029391661,1.0,3.0,1.0,1.0,1.0,1.0,2.0,0.9574271077563381,-2.0,0.0,0,3,11,0.09211022111991185,LOW
West Zone 2,Non-corridor,4.0,8.0,46,2,2,,,1.0,0.0,0.5,0.75,1.0,0.0,0.0,0.0,0.0,0.0,0,0,1.5625,0.96875,0.2588671223513329,2.0,1.0,1.0,1.0,1.0,0.0,1.3333333333333333,0.5,1.0,0.0,0,9,11,0.10703192963463931,LOW
West Zone 2,Non-corridor,5.0,0.0,46,1,0,0.194,77.6,0.0,0.0,1.0,0.5,1.0,0.0,0.0,0.0,0.0,0.0,0,0,1.0,0.375,0.2909052631578947,1.0,1.0,1.0,0.0,1.0,1.0,1.0,0.0,0.0,-1.0,0,9,11,0.3288079751716257,MEDIUM
East Zone 1,Varthur Road,6.0,8.0,46,1,0,0.7898,162.0,0.0,0.0,0.0,1.0,1.0,0.0,1.0,0.0,0.0,0.0,0,0,1.00390625,0.3565673828125,0.45643058637936473,1.0,1.0,1.0,0.0,1.0,1.0,1.0,0.0,0.0,-1.0,0,2,20,0.10488242307286336,LOW
East Zone 2,Airport New South Road,1.0,0.0,46,1,1,3.1447,413.5,0.0,1.0,0.0,0.7,1.0,0.0,1.0,0.0,0.0,1.0,0,0,0.0,0.0,0.0,0.0,0.0,0.0,0.0,0.0,0.0,0.0,0.0,0.0,0.0,0,3,0,0.028078603301955347,LOW
East Zone 1,Varthur Road,4.0,0.0,46,1,1,,,0.0,1.0,0.0,0.7,1.0,0.0,1.0,0.0,0.0,0.0,0,0,1.85009765625,0.965576171875,1.0150652744253932,1.0,4.0,2.0,0.0,3.0,2.0,2.0,1.4142135623730951,-3.0,-3.0,0,2,20,0.0800082236299804,LOW
East Zone 1,Varthur Road,4.0,8.0,46,1,1,,,0.0,1.0,0.0,0.7,1.0,0.0,1.0,0.0,0.0,0.0,0,0,1.125,0.41015625,0.5197281805473685,1.0,1.0,1.0,0.0,1.0,0.0,1.3333333333333333,0.5,0.0,-1.0,0,2,20,0.11569736666869421,LOW
Central Zone 2,Mysore Road,1.0,8.0,46,1,1,,,1.0,1.0,0.0,0.7,1.5,0.0,0.0,0.0,0.0,1.0,0,0,2.59698486328125,1.2286834716796875,0.8605482620713176,2.0,5.0,2.0,1.0,2.0,1.0,2.6666666666666665,1.7320508075688774,-3.0,-1.0,0,1,10,0.3438926541752877,MEDIUM
West Zone 1,Magadi Road,1.0,4.0,46,1,1,,,0.0,0.0,0.0,1.0,1.0,1.0,0.0,0.0,0.0,1.0,0,0,1.01953125,0.94921875,0.49267875324675325,1.0,1.0,1.0,1.0,1.0,1.0,1.0,0.0,0.0,0.0,0,8,9,0.4481144224453819,MEDIUM
Central Zone 2,Non-corridor,3.0,4.0,46,4,3,0.0923,41.4,0.0,0.25,0.25,0.8,1.5,0.0,0.75,0.0,0.0,0.0,1,0,2.7297804375593926,1.5352564653618794,0.9375283973425461,3.0,1.0,4.0,2.0,0.0,1.0,2.6666666666666665,1.4142135623730951,2.0,2.0,0,1,11,0.6779440956428914,HIGH
South Zone 2,IRR(Thanisandra road),2.0,8.0,46,2,1,0.574,47.1,0.0,0.5,0.0,0.85,2.5,0.0,0.0,0.0,0.0,0.0,0,0,1.0,0.0,0.348848,1.0,1.0,0.0,0.0,0.0,0.0,1.0,0.0,0.0,0.0,0,7,8,0.21704996664636436,LOW
West Zone 1,Magadi Road,0.0,12.0,46,1,1,,,0.0,0.0,0.0,1.0,1.0,0.0,0.0,0.0,0.0,1.0,0,0,1.0,1.0,0.0,1.0,0.0,0.0,1.0,0.0,0.0,1.0,0.0,0.0,0.0,0,8,9,0.12290794096391035,LOW
Central Zone 2,Non-corridor,4.0,8.0,46,2,0,0.41125,47.0,1.0,0.0,1.0,0.5,2.5,0.0,0.0,0.0,0.0,0.0,0,0,2.7799507823869827,2.115113885864723,0.329275652854751,1.0,6.0,2.0,1.0,4.0,1.0,3.3333333333333335,2.160246899469287,-5.0,-3.0,0,1,11,0.6760175365298315,HIGH
Central Zone 2,CBD 1,1.0,4.0,46,1,1,,,1.0,0.0,0.0,1.0,2.5,0.0,0.0,0.0,0.0,1.0,0,0,0.0,0.0,0.0,0.0,0.0,0.0,0.0,0.0,0.0,0.0,0.0,0.0,0.0,0,1,4,0.03395023563480661,LOW
Central Zone 2,Non-corridor,2.0,0.0,46,3,2,0.3771,53.4,0.0,0.6666666666666666,0.0,0.7999999999999999,2.5,0.0,0.0,0.0,0.0,0.0,0,0,3.933538429172934,2.432417040382667,0.4781470334902962,2.0,7.0,4.0,1.0,5.0,2.0,4.666666666666667,2.0816659994661304,-5.0,-4.0,0,1,11,0.718159128334034,HIGH
West Zone 1,Tumkur Road,0.0,4.0,46,1,1,,,0.0,0.0,0.0,1.0,3.0,0.0,0.0,0.0,0.0,1.0,0,0,1.03125,0.5625,0.46823915789473686,1.0,1.0,1.0,1.0,0.0,1.0,1.0,0.0,0.0,1.0,0,8,19,0.29676476124216644,LOW
North Zone 1,Hennur Main Road,1.0,8.0,46,1,1,,,0.0,0.0,0.0,1.0,1.0,0.0,1.0,0.0,0.0,1.0,0,0,2.15625,2.0,0.522877922077922,3.0,1.0,1.0,3.0,1.0,1.0,2.0,0.9574271077563381,2.0,2.0,0,4,6,0.08440945302837889,LOW
North Zone 1,Bellary Road 2,4.0,8.0,46,1,0,0.1047,15.6,1.0,0.0,0.0,1.0,1.0,0.0,0.0,0.0,0.0,0.0,0,0,1.1875,0.875,1.0963467532467532,1.0,1.0,2.0,1.0,0.0,2.0,1.3333333333333333,0.5773502691896257,0.0,1.0,0,4,3,0.07467339874572082,LOW
North Zone 1,Non-corridor,2.0,0.0,46,1,1,,,0.0,0.0,0.0,1.0,1.0,1.0,0.0,0.0,0.0,0.0,0,0,1.0,0.6875,0.7366194805194807,1.0,1.0,1.0,1.0,0.0,1.0,1.0,0.0,0.0,1.0,0,4,11,0.10470424620722994,LOW
North Zone 1,Non-corridor,3.0,4.0,46,1,1,,,0.0,0.0,0.0,1.0,2.5,0.0,0.0,0.0,0.0,0.0,0,0,1.5,1.5,0.0,2.0,1.0,1.0,2.0,1.0,1.0,1.3333333333333333,0.5,1.0,1.0,0,4,11,0.4293907987799404,MEDIUM
West Zone 1,Non-corridor,2.0,4.0,46,1,1,,,0.0,0.0,1.0,0.5,1.0,0.0,0.0,1.0,0.0,0.0,0,0,1.0,0.8125,0.9055599999999999,1.0,1.0,1.0,1.0,1.0,0.0,1.0,0.0,0.0,0.0,0,8,11,0.12752951715003988,LOW
Central Zone 2,CBD 2,3.0,4.0,46,1,0,0.2644,90.4,0.0,1.0,0.0,0.7,0.5,0.0,0.0,0.0,0.0,0.0,0,0,1.0,0.6796875,0.6221241968557759,1.0,1.0,1.0,1.0,0.0,0.0,1.0,0.0,0.0,1.0,0,1,5,0.12467106286586561,LOW
West Zone 1,Non-corridor,1.0,12.0,46,1,0,0.1104,13.7,0.0,0.0,0.0,1.0,2.5,0.0,0.0,0.0,0.0,1.0,0,0,1.5,1.5,0.0,1.0,3.0,0.0,1.0,3.0,0.0,1.6666666666666667,1.1547005383792517,-2.0,-2.0,0,8,11,0.0614000255217136,LOW
East Zone 1,ORR East 1,2.0,4.0,46,1,0,1.4016,115.0,0.0,0.0,1.0,0.5,2.5,0.0,1.0,0.0,0.0,0.0,0,0,1.625,1.0,0.4992578947368422,2.0,1.0,1.0,1.0,1.0,1.0,1.6666666666666667,0.5773502691896257,1.0,0.0,0,2,12,0.16301471193862974,LOW
East Zone 1,Varthur Road,1.0,8.0,46,1,0,0.7712,53.1,0.0,0.0,0.0,1.0,2.5,0.0,1.0,0.0,0.0,1.0,0,0,0.0,0.0,0.0,0.0,0.0,0.0,0.0,0.0,0.0,0.0,0.0,0.0,0.0,0,2,20,0.08887338719729482,LOW
East Zone 1,Varthur Road,2.0,0.0,46,1,1,,,0.0,0.0,1.0,0.5,1.0,0.0,1.0,0.0,0.0,0.0,0,0,1.40625,0.796875,0.31265205194805196,1.0,2.0,3.0,0.0,2.0,2.0,1.3333333333333333,0.9574271077563381,-1.0,-2.0,0,2,20,0.11048876707845148,LOW
West Zone 2,ORR West 1,5.0,0.0,46,1,0,0.8836,72.5,0.0,0.0,0.0,1.0,2.5,0.0,0.0,0.0,0.0,0.0,0,0,1.0,0.3515625,0.580802608195129,1.0,1.0,1.0,0.0,1.0,1.0,1.0,0.0,0.0,-1.0,0,9,16,0.21813129515562896,LOW
West Zone 2,Non-corridor,5.0,8.0,46,1,0,0.4712,37.4,1.0,1.0,0.0,0.7,3.0,0.0,0.0,0.0,0.0,0.0,0,0,1.390625,1.2421875,0.2588671223513329,1.0,2.0,1.0,1.0,2.0,1.0,1.6666666666666667,0.5773502691896257,-1.0,-1.0,0,9,11,0.08349907084372112,LOW
North Zone 2,Bellary Road 1,4.0,8.0,46,2,1,0.2691,36.8,0.0,0.5,0.0,0.85,1.5,0.0,0.0,0.0,0.0,0.0,0,0,1.2534162534522029,0.36212038336400987,0.6889169671349038,1.0,2.0,1.0,0.0,1.0,1.0,1.3333333333333333,0.5,-1.0,-1.0,0,5,2,0.16126221774115293,LOW
Central Zone 2,Non-corridor,3.0,8.0,46,1,0,0.2556,40.9,0.0,0.0,0.0,1.0,2.5,0.0,0.0,0.0,0.0,0.0,0,0,6.671592212792522,3.6579844878468455,0.45705349857824595,6.0,5.0,1.0,3.0,3.0,0.0,6.666666666666667,3.304037933599835,1.0,0.0,0,1,11,0.7183114868436348,HIGH
Central Zone 2,Non-corridor,4.0,4.0,46,2,1,0.066,9.1,0.0,1.0,0.0,0.7,2.0,0.0,0.5,0.0,0.0,0.0,0,0,4.156786841508627,2.6798497591265313,0.4698477288237012,3.0,5.0,9.0,2.0,3.0,7.0,4.333333333333333,2.5166114784235836,-2.0,-1.0,0,1,11,0.718159128334034,HIGH
North Zone 2,Bellary Road 1,4.0,4.0,46,1,0,0.4107,33.7,0.0,0.0,1.0,0.5,2.5,0.0,0.0,0.0,0.0,0.0,0,0,1.0644760429859161,0.9964596619829535,1.36580230046901,1.0,1.0,1.0,1.0,1.0,0.0,1.0,0.0,0.0,0.0,0,5,2,0.15689663280207541,LOW
Central Zone 1,Old Airport Road,1.0,8.0,46,1,1,,,0.0,0.0,1.0,0.5,1.5,0.0,0.0,0.0,0.0,1.0,0,0,1.0,0.5,0.8285,1.0,1.0,0.0,0.0,1.0,0.0,1.0,0.0,0.0,-1.0,0,0,17,0.0768371350284805,LOW
Central Zone 2,Mysore Road,6.0,4.0,46,1,0,0.3617,74.2,0.0,0.0,1.0,0.5,1.0,0.0,0.0,0.0,0.0,0.0,0,0,2.9410496324419744,1.9514832599574792,1.1357073710636385,4.0,1.0,4.0,3.0,0.0,3.0,2.6666666666666665,1.4142135623730951,3.0,3.0,0,1,10,0.2806025442542407,LOW
Central Zone 1,Old Airport Road,2.0,8.0,46,1,0,0.0094,1.6,0.0,1.0,0.0,0.7,1.0,0.0,1.0,0.0,0.0,0.0,0,0,1.0,0.71875,0.8057077922077923,1.0,1.0,1.0,1.0,0.0,1.0,1.0,0.0,0.0,1.0,0,0,17,0.0756397181252742,LOW
East Zone 1,ORR East 2,5.0,0.0,46,1,1,2.34,702.3,0.0,0.0,0.0,1.0,1.0,0.0,1.0,0.0,0.0,0.0,0,0,1.5937652588072533,1.3437614440954357,2.6125501407402316,1.0,3.0,2.0,1.0,2.0,2.0,1.6666666666666667,0.9574271077563381,-2.0,-1.0,0,2,13,0.07999328246270355,LOW
East Zone 1,ORR East 2,4.0,0.0,46,1,1,2.808,726.9,0.0,1.0,0.0,0.7,1.0,0.0,1.0,0.0,0.0,0.0,0,0,1.5000005960792198,1.3750001192384231,2.3897296555485106,2.0,1.0,1.0,2.0,1.0,1.0,1.3333333333333333,0.5,1.0,1.0,0,2,13,0.04936867586865507,LOW
West Zone 2,Tumkur Road,4.0,4.0,46,1,0,0.4662,15.3,0.0,0.0,0.0,1.0,2.5,1.0,0.0,0.0,0.0,0.0,0,0,1.75,1.25,0.7020622400000001,2.0,2.0,1.0,2.0,1.0,0.0,1.6666666666666667,0.5773502691896257,0.0,1.0,0,9,19,0.22933866283727128,LOW
West Zone 2,ORR West 1,1.0,0.0,46,1,1,,,0.0,0.0,1.0,0.5,2.5,0.0,0.0,0.0,0.0,1.0,0,0,1.0,0.0,0.0943,1.0,0.0,0.0,0.0,0.0,0.0,1.0,0.0,0.0,0.0,0,9,16,0.03472296139029002,LOW
East Zone 1,Varthur Road,3.0,0.0,46,1,0,0.9592,78.7,0.0,0.0,1.0,0.5,2.5,0.0,1.0,0.0,0.0,0.0,0,1,1.80078125,1.724609375,0.31265205194805196,2.0,2.0,1.0,2.0,2.0,0.0,1.6666666666666667,0.5773502691896257,0.0,0.0,0,2,20,0.47317330033866456,MEDIUM
East Zone 1,ORR East 1,2.0,8.0,46,1,0,0.1732,29.6,0.0,1.0,0.0,0.7,1.0,0.0,1.0,0.0,0.0,0.0,0,0,1.34765625,0.5224609375,1.070853713509258,1.0,2.0,2.0,0.0,1.0,1.0,1.3333333333333333,0.5773502691896257,-1.0,-1.0,0,2,12,0.10622809276141087,LOW
Central Zone 1,Non-corridor,5.0,12.0,46,2,2,,,0.0,0.0,0.5,0.75,1.75,0.0,0.0,0.0,0.0,0.0,0,0,1.0,0.625,0.03664,1.0,1.0,1.0,1.0,0.0,1.0,1.0,0.0,0.0,1.0,0,0,11,0.15001051907874896,LOW
Central Zone 2,Non-corridor,1.0,0.0,46,2,0,0.34650000000000003,54.7,0.0,0.0,0.5,0.75,2.0,0.0,0.5,0.0,0.0,1.0,0,0,5.4979771096259356,3.532634073868394,0.4200924759064606,6.0,3.0,14.0,4.0,1.0,11.0,4.666666666666667,4.830458915396479,3.0,3.0,0,1,11,0.718159128334034,HIGH
East Zone 1,Old Airport Road,1.0,4.0,46,1,1,,,0.0,0.0,0.0,1.0,1.0,0.0,1.0,0.0,0.0,1.0,0,0,0.0,0.0,0.0,0.0,0.0,0.0,0.0,0.0,0.0,0.0,0.0,0.0,0.0,0,2,17,0.059547655338643264,LOW
East Zone 1,Varthur Road,0.0,0.0,46,1,1,,,0.0,0.0,0.0,1.0,2.5,0.0,1.0,0.0,0.0,1.0,0,0,0.0,0.0,0.0,0.0,0.0,0.0,0.0,0.0,0.0,0.0,0.0,0.0,0.0,0,2,20,0.049216236775808914,LOW
West Zone 2,Tumkur Road,5.0,12.0,46,1,1,,,0.0,0.0,0.0,1.0,2.5,0.0,0.0,0.0,0.0,0.0,0,0,1.0,0.0,0.8064600000000001,1.0,1.0,0.0,0.0,0.0,0.0,1.0,0.0,0.0,0.0,0,9,19,0.03423795353290689,LOW
West Zone 1,Non-corridor,4.0,0.0,46,1,0,0.0723,27.8,0.0,1.0,0.0,0.7,1.0,0.0,0.0,0.0,0.0,0.0,0,0,1.032745361328125,0.691131591796875,0.43700458991075886,1.0,1.0,1.0,1.0,0.0,0.0,1.0,0.0,0.0,1.0,0,8,11,0.2019046984837365,LOW
West Zone 1,Non-corridor,3.0,4.0,46,1,1,,,0.0,1.0,0.0,0.7,2.5,0.0,0.0,0.0,0.0,0.0,0,0,1.25,0.431640625,0.21422659627921767,1.0,2.0,1.0,0.0,1.0,0.0,1.3333333333333333,0.5,-1.0,-1.0,0,8,11,0.05552999248041026,LOW
Central Zone 2,Non-corridor,6.0,4.0,46,1,1,,,1.0,0.0,0.0,1.0,1.0,0.0,0.0,0.0,0.0,0.0,0,0,3.501275650844107,1.8281220049292095,0.3751908471509423,1.0,9.0,2.0,0.0,6.0,2.0,4.666666666666667,3.559026084010437,-8.0,-6.0,0,1,11,0.6562989636899115,HIGH
West Zone 1,Non-corridor,5.0,0.0,46,1,0,0.2104,39.6,0.0,0.0,0.0,1.0,2.5,0.0,0.0,0.0,0.0,0.0,0,0,1.726690411567688,1.3073872327804565,0.35889652669138056,1.0,3.0,1.0,1.0,2.0,0.0,2.0,0.9574271077563382,-2.0,-1.0,0,8,11,0.33258751441519985,MEDIUM
West Zone 1,Non-corridor,4.0,12.0,46,1,0,0.5307,240.3,0.0,0.0,0.0,1.0,1.0,0.0,0.0,0.0,0.0,0.0,0,0,1.68798828125,0.94873046875,0.23095940376148125,2.0,1.0,2.0,1.0,1.0,1.0,1.6666666666666667,0.5,1.0,0.0,0,8,11,0.15020416094746444,LOW
West Zone 1,ORR West 1,1.0,8.0,46,1,0,1.1561,51.1,1.0,0.0,1.0,0.5,3.0,0.0,0.0,0.0,0.0,1.0,0,0,1.0,1.0,0.0,1.0,0.0,0.0,1.0,0.0,0.0,1.0,0.0,0.0,0.0,0,8,16,0.07486525867385496,LOW
North Zone 1,Hennur Main Road,3.0,8.0,46,1,1,,,0.0,0.0,0.0,1.0,1.0,0.0,1.0,0.0,0.0,0.0,0,0,1.0064239501953125,1.00439453125,1.3169352545645914,1.0,1.0,1.0,1.0,1.0,1.0,1.0,0.0,0.0,0.0,0,4,6,0.07792349961721871,LOW
North Zone 1,Hennur Main Road,4.0,0.0,46,1,1,,,0.0,1.0,0.0,0.7,1.0,0.0,1.0,0.0,0.0,0.0,0,0,1.03955078125,0.96051025390625,1.075045446823871,1.0,1.0,1.0,1.0,1.0,0.0,1.0,0.0,0.0,0.0,0,4,6,0.05943483537273525,LOW
North Zone 1,Hennur Main Road,4.0,4.0,46,1,0,0.1643,33.7,0.0,0.0,0.0,1.0,1.0,0.0,1.0,0.0,0.0,0.0,0,0,1.0,0.875,0.1024,1.0,1.0,1.0,1.0,1.0,1.0,1.0,0.0,0.0,0.0,0,4,6,0.17454804667771814,LOW
Central Zone 2,Non-corridor,2.0,4.0,46,2,0,0.1359,36.85,0.5,0.5,0.0,0.85,1.0,0.0,0.5,0.0,0.0,0.0,0,0,3.126047138753785,2.5417116490370586,0.3346772101083378,3.0,3.0,3.0,3.0,2.0,2.0,3.0,0.0,0.0,1.0,0,1,11,0.718159128334034,HIGH
Central Zone 2,Non-corridor,4.0,0.0,46,1,0,0.1368,54.7,0.0,0.0,0.0,1.0,1.0,0.0,0.0,0.0,0.0,0.0,0,0,5.078636859344321,3.0693612788839384,0.25149469590175716,2.0,5.0,5.0,2.0,5.0,2.0,7.333333333333333,5.678908345800274,-3.0,-3.0,0,1,11,0.718159128334034,HIGH
South Zone 2,ORR East 1,3.0,8.0,46,1,0,0.9303,89.8,0.0,0.0,0.0,1.0,2.5,0.0,0.0,0.0,0.0,0.0,0,0,1.0,0.0,0.013,1.0,0.0,0.0,0.0,0.0,0.0,1.0,0.0,0.0,0.0,0,7,12,0.14773559253432483,LOW
South Zone 2,ORR East 1,4.0,0.0,46,2,2,,,0.0,1.0,0.0,0.7,3.0,0.0,0.0,0.0,0.0,0.0,0,0,1.375,1.34375,1.2132947368421052,1.0,2.0,1.0,1.0,2.0,1.0,1.6666666666666667,0.5773502691896257,-1.0,-1.0,0,7,12,0.04649704139981305,LOW
South Zone 2,ORR East 1,6.0,4.0,46,1,1,,,0.0,0.0,0.0,1.0,2.5,0.0,0.0,0.0,0.0,0.0,0,0,1.375,0.796875,0.19816842105263158,1.0,2.0,1.0,1.0,0.0,0.0,1.6666666666666667,0.5773502691896257,-1.0,1.0,0,7,12,0.09418443692356712,LOW
West Zone 2,Tumkur Road,1.0,12.0,46,1,0,1.2149,63.9,0.0,1.0,0.0,0.7,2.5,0.0,0.0,0.0,0.0,1.0,0,0,0.0,0.0,0.0,0.0,0.0,0.0,0.0,0.0,0.0,0.0,0.0,0.0,0.0,0,9,19,0.12532413264845493,LOW
North Zone 2,ORR North 2,6.0,4.0,46,2,1,0.0502,10.3,0.0,0.5,0.5,0.6,1.0,0.0,0.0,0.0,0.0,0.0,0,0,1.015656590461731,0.7409912943840027,1.0795433834104307,1.0,1.0,1.0,1.0,0.0,1.0,1.0,0.0,0.0,1.0,0,5,15,0.0480947002903612,LOW
West Zone 2,Tumkur Road,3.0,8.0,46,1,1,,,0.0,0.0,1.0,0.5,2.5,0.0,0.0,0.0,0.0,0.0,0,0,1.0,0.625,0.4289863157894737,1.0,1.0,1.0,1.0,0.0,0.0,1.0,0.0,0.0,1.0,0,9,19,0.07352765748761542,LOW
Central Zone 1,Non-corridor,4.0,4.0,46,1,0,0.6569,105.1,0.0,0.0,0.0,1.0,2.5,0.0,0.0,0.0,0.0,0.0,0,0,1.28125,0.78125,0.0224,1.0,2.0,1.0,1.0,0.0,1.0,1.3333333333333333,0.5,-1.0,1.0,0,0,11,0.17815125263684742,LOW
Central Zone 1,Non-corridor,3.0,8.0,46,1,1,,,1.0,1.0,0.0,0.7,1.5,0.0,0.0,0.0,0.0,0.0,0,0,1.375,0.625,0.14383578947368422,1.0,2.0,2.0,0.0,2.0,1.0,1.3333333333333333,0.5773502691896257,-1.0,-2.0,0,0,11,0.1113172402520208,LOW
East Zone 1,ORR East 1,3.0,0.0,46,6,6,2.808,1417.0,0.0,0.5,0.16666666666666666,0.7666666666666666,1.4166666666666667,0.16666666666666666,1.0,0.0,0.0,0.0,1,0,1.0205966234207153,1.0205094814300537,0.6044886690747923,1.0,1.0,1.0,1.0,1.0,1.0,1.0,0.0,0.0,0.0,0,2,12,0.10555932050882116,LOW
South Zone 1,Non-corridor,6.0,8.0,46,1,1,,,0.0,0.0,0.0,1.0,2.5,1.0,0.0,0.0,0.0,0.0,0,0,1.00048828125,0.94677734375,0.5987555878116344,1.0,1.0,1.0,1.0,1.0,1.0,1.0,0.0,0.0,0.0,0,6,11,0.3424966624507823,MEDIUM
North Zone 2,Tumkur Road,2.0,12.0,46,1,1,,,0.0,0.0,1.0,0.5,2.5,0.0,0.0,0.0,0.0,0.0,0,0,1.0,1.0,0.0,1.0,0.0,0.0,1.0,0.0,0.0,1.0,0.0,0.0,0.0,0,5,19,0.07501788689663046,LOW
Central Zone 2,Non-corridor,0.0,12.0,46,1,0,0.3575,44.0,0.0,0.0,0.0,1.0,2.5,0.0,0.0,0.0,0.0,1.0,0,0,1.80859375,0.447265625,0.1078350066465257,2.0,1.0,2.0,0.0,0.0,1.0,1.6666666666666667,0.4999999999999998,1.0,0.0,0,1,11,0.545783507037141,MEDIUM
North Zone 2,ORR North 2,5.0,8.0,46,1,1,1.6863,205.9,1.0,1.0,0.0,0.7,1.0,0.0,0.0,0.0,0.0,0.0,0,0,1.0474856454239054,1.0426025571359938,0.5625928646004087,1.0,1.0,1.0,1.0,1.0,1.0,1.0,0.0,0.0,0.0,0,5,15,0.1615225728225494,LOW
East Zone 1,ORR East 2,3.0,0.0,46,1,1,2.34,730.9,0.0,0.0,0.0,1.0,1.0,0.0,1.0,0.0,0.0,0.0,0,0,1.0781292954985702,1.0156288185986568,2.7255865968949777,1.0,1.0,2.0,1.0,1.0,1.0,1.0,0.5,0.0,0.0,0,2,13,0.039350787547224764,LOW
North Zone 2,Bellary Road 2,0.0,8.0,46,2,0,0.10605,15.350000000000001,0.0,1.0,0.0,0.7,1.0,0.0,1.0,0.0,0.0,1.0,0,0,1.25,1.1875,1.11678,1.0,2.0,1.0,1.0,2.0,0.0,1.3333333333333333,0.5,-1.0,-1.0,0,5,3,0.05186989917718361,LOW
North Zone 2,Bellary Road 1,6.0,8.0,46,2,1,1.2681,185.8,0.5,0.5,0.0,0.85,1.0,0.5,0.0,0.0,0.0,0.0,0,0,1.5363165156441942,1.3955036936380307,1.306487132811378,1.0,3.0,1.0,1.0,3.0,1.0,1.6666666666666667,1.0,-2.0,-2.0,0,5,2,0.08539855906370251,LOW
Central Zone 2,Mysore Road,2.0,4.0,46,2,2,,,0.0,0.0,0.5,0.75,1.25,0.0,0.0,0.0,0.0,0.0,0,0,2.058724131435156,1.2564576230943203,0.5575661826489295,2.0,2.0,3.0,2.0,0.0,3.0,2.0,0.49999999999999994,0.0,2.0,0,1,10,0.24807169536010687,LOW
South Zone 2,Non-corridor,4.0,0.0,46,1,1,,,0.0,1.0,0.0,0.7,3.0,0.0,0.0,0.0,0.0,0.0,0,0,1.25,0.6005859375,0.28106495185780983,1.0,2.0,1.0,1.0,0.0,1.0,1.3333333333333333,0.5,-1.0,1.0,0,7,11,0.11268380657048624,LOW
Central Zone 2,Bellary Road 1,5.0,0.0,46,1,1,2.204,452.1,0.0,0.0,0.0,1.0,1.0,0.0,0.0,0.0,0.0,0.0,0,0,2.0,1.912109375,0.4560571745152354,3.0,1.0,1.0,3.0,1.0,0.0,1.6666666666666667,1.0,2.0,2.0,0,1,2,0.4052589475140164,MEDIUM
Central Zone 2,Bellary Road 1,5.0,8.0,46,1,0,1.385,94.7,0.0,1.0,0.0,0.7,2.5,0.0,0.0,0.0,0.0,0.0,0,0,1.53125,1.3359375,0.4796677945619334,2.0,1.0,1.0,2.0,1.0,0.0,1.3333333333333333,0.5,1.0,1.0,0,1,2,0.45964164852520656,MEDIUM
North Zone 2,Bellary Road 2,6.0,0.0,46,1,1,,,0.0,1.0,0.0,0.7,3.0,0.0,1.0,0.0,0.0,0.0,0,0,1.5473922540633256,1.4692517398507834,1.0045936938786546,2.0,1.0,1.0,2.0,1.0,1.0,1.3333333333333333,0.5,1.0,1.0,0,5,3,0.06332979780605333,LOW
South Zone 2,Hosur Road,2.0,4.0,46,1,1,,,0.0,1.0,0.0,0.7,1.0,0.0,0.0,0.0,0.0,0.0,0,1,1.140625,1.0,0.1302038961038961,1.0,1.0,1.0,1.0,1.0,1.0,1.3333333333333333,0.5,0.0,0.0,0,7,7,0.4282523592924061,MEDIUM
West Zone 1,Non-corridor,3.0,8.0,46,1,1,,,0.0,0.0,0.0,1.0,3.0,0.0,0.0,0.0,0.0,0.0,0,0,1.140625,0.87158203125,0.4386083358635824,1.0,1.0,2.0,1.0,1.0,0.0,1.0,0.5,0.0,0.0,0,8,11,0.34160822886487,MEDIUM
West Zone 1,Non-corridor,3.0,12.0,46,2,1,0.1496,50.3,0.0,0.5,0.0,0.85,1.0,0.0,0.0,0.0,0.0,0.0,0,0,1.50390625,0.58984375,0.49753123545706374,2.0,1.0,1.0,1.0,0.0,1.0,1.3333333333333333,0.5,1.0,1.0,0,8,11,0.3493874396295215,MEDIUM
North Zone 1,Non-corridor,1.0,0.0,46,1,1,,,0.0,0.0,0.0,1.0,1.0,0.0,0.0,0.0,0.0,1.0,0,0,1.0,0.0,0.0261,1.0,0.0,0.0,0.0,0.0,0.0,1.0,0.0,0.0,0.0,0,4,11,0.09634705859166047,LOW
North Zone 1,Non-corridor,1.0,8.0,46,1,1,,,1.0,0.0,0.0,1.0,2.5,1.0,0.0,0.0,0.0,1.0,0,0,1.25,0.375,0.35082,1.0,1.0,1.0,0.0,0.0,1.0,1.6666666666666667,1.0,0.0,0.0,0,4,11,0.23155148634674405,LOW
West Zone 1,Non-corridor,6.0,8.0,46,1,1,,,1.0,0.0,0.0,1.0,1.0,0.0,0.0,0.0,0.0,0.0,0,0,1.06304931640625,0.1791858673095703,0.3661203689494577,1.0,1.0,2.0,0.0,0.0,0.0,1.0,0.5,0.0,0.0,0,8,11,0.16060971444507752,LOW
Central Zone 2,CBD 2,1.0,0.0,46,1,1,,,0.0,1.0,0.0,0.7,1.0,0.0,0.0,0.0,0.0,1.0,0,0,1.0,0.5,1.2227,1.0,1.0,0.0,1.0,0.0,0.0,1.0,0.0,0.0,1.0,0,1,5,0.041548395119589625,LOW
Central Zone 1,Mysore Road,4.0,4.0,46,1,0,0.197,40.4,0.0,0.0,0.0,1.0,1.0,0.0,0.0,0.0,0.0,0.0,0,0,1.0,0.3125,0.5442084210526316,1.0,1.0,1.0,0.0,1.0,0.0,1.0,0.0,0.0,-1.0,0,0,10,0.12225060410180931,LOW
East Zone 1,ORR East 2,1.0,0.0,46,1,1,3.6504,746.4,0.0,1.0,0.0,0.7,1.0,0.0,1.0,0.0,0.0,1.0,0,0,2.02587890625,1.75634765625,1.4673403149473683,3.0,1.0,1.0,3.0,0.0,1.0,1.6666666666666667,1.0,2.0,3.0,0,2,13,0.08719071783286886,LOW
Central Zone 2,Mysore Road,2.0,0.0,46,1,0,0.2614,42.9,0.0,0.0,0.0,1.0,0.5,1.0,0.0,0.0,0.0,0.0,0,0,2.0362958344630897,1.0340806322637945,0.614870847441001,2.0,2.0,2.0,1.0,1.0,1.0,2.0,0.0,0.0,0.0,0,1,10,0.4667288863822181,MEDIUM
Central Zone 2,Non-corridor,3.0,12.0,46,3,3,,,0.0,0.3333333333333333,0.3333333333333333,0.7333333333333334,1.0,0.0,0.0,0.0,0.0,0.0,1,1,3.822861104819004,2.263690043741513,0.3000273186103528,2.0,2.0,26.0,1.0,0.0,21.0,2.6666666666666665,11.704699910719624,0.0,1.0,0,1,11,0.7172740121448937,HIGH
South Zone 1,Non-corridor,1.0,4.0,46,2,0,0.16045,16.1,1.0,0.0,0.0,1.0,2.5,0.0,0.0,0.0,0.0,1.0,0,0,0.0,0.0,0.0,0.0,0.0,0.0,0.0,0.0,0.0,0.0,0.0,0.0,0.0,0,6,11,0.1442991719900491,LOW
South Zone 2,IRR(Thanisandra road),4.0,4.0,46,1,1,,,0.0,0.0,0.0,1.0,2.5,0.0,0.0,0.0,0.0,0.0,0,0,1.0,0.75,0.37048400000000004,1.0,1.0,1.0,1.0,1.0,0.0,1.0,0.0,0.0,0.0,0,7,8,0.13863582522244575,LOW
South Zone 2,IRR(Thanisandra road),1.0,8.0,46,1,0,0.5244,21.3,1.0,1.0,0.0,0.7,2.5,0.0,0.0,0.0,0.0,1.0,0,0,1.0,0.0,0.1182,1.0,0.0,0.0,0.0,0.0,0.0,1.0,0.0,0.0,0.0,0,7,8,0.1437324669541374,LOW
Central Zone 1,Mysore Road,3.0,8.0,46,1,1,,,1.0,0.0,0.0,1.0,3.0,0.0,0.0,0.0,0.0,0.0,0,0,1.5,1.015625,0.8222821473684211,1.0,3.0,1.0,1.0,2.0,0.0,1.6666666666666667,1.0,-2.0,-1.0,0,0,10,0.26577947826383,LOW
North Zone 2,Tumkur Road,3.0,4.0,46,2,2,,,1.0,0.0,0.0,1.0,3.0,0.0,0.0,0.0,0.0,0.0,0,0,2.0,2.0,0.0,2.0,0.0,0.0,2.0,0.0,0.0,2.0,0.0,0.0,0.0,0,5,19,0.3924173841495983,MEDIUM
South Zone 2,Non-corridor,5.0,8.0,47,2,2,,,1.0,0.0,0.5,0.75,2.5,0.0,0.0,0.0,0.0,0.0,0,0,1.25,0.326171875,0.6776866302432818,1.0,1.0,1.0,0.0,0.0,1.0,1.6666666666666667,1.0,0.0,0.0,0,7,11,0.17659368459384164,LOW
South Zone 2,ORR East 1,6.0,4.0,47,1,1,,,0.0,0.0,0.0,1.0,1.0,0.0,0.0,1.0,0.0,0.0,0,0,1.1875,0.8984375,0.19816842105263158,1.0,1.0,2.0,1.0,1.0,2.0,1.3333333333333333,0.5773502691896257,0.0,0.0,0,7,12,0.2734432744810023,LOW
Central Zone 1,Mysore Road,0.0,8.0,47,1,1,,,1.0,0.0,0.0,1.0,1.0,0.0,0.0,0.0,0.0,0.0,0,0,1.0,0.0,0.2218,1.0,0.0,0.0,0.0,0.0,0.0,1.0,0.0,0.0,0.0,0,0,10,0.04760821613421989,LOW
East Zone 1,ORR East 1,5.0,4.0,47,1,1,,,0.0,0.0,0.0,1.0,2.5,0.0,1.0,0.0,0.0,0.0,0,0,1.515629768371582,0.5490341186523438,0.7084278718070038,2.0,1.0,1.0,1.0,0.0,0.0,1.3333333333333333,0.5,1.0,1.0,0,2,12,0.10040497217738398,LOW
North Zone 2,Bellary Road 1,3.0,12.0,47,2,2,,,0.0,0.5,0.0,0.85,1.75,0.0,0.0,0.0,0.0,0.0,0,0,1.7856597900390625,1.566619873046875,0.6245360238381177,1.0,2.0,1.0,1.0,2.0,0.0,2.6666666666666665,1.8929694486000912,-1.0,-1.0,0,5,2,0.279589690381099,LOW
West Zone 2,West of Chord Road,5.0,0.0,47,1,0,0.5302,14.5,0.0,1.0,0.0,0.7,2.5,1.0,0.0,0.0,0.0,0.0,0,0,1.1250306069850922,0.4668501317501068,1.009511238516813,1.0,1.0,1.0,0.0,1.0,1.0,1.3333333333333333,0.5,0.0,-1.0,0,9,21,0.08099362026238122,LOW
Central Zone 2,Mysore Road,1.0,8.0,47,1,1,,,1.0,1.0,0.0,0.7,1.5,0.0,0.0,0.0,0.0,0.0,0,0,1.798492431640625,1.1143417358398438,0.8605482620713176,1.0,2.0,1.0,1.0,1.0,1.0,2.6666666666666665,1.8929694486000912,-1.0,0.0,0,1,10,0.3283190782071753,MEDIUM
East Zone 1,ORR East 2,2.0,0.0,47,1,1,2.34,724.9,0.0,0.0,1.0,0.5,1.0,0.0,1.0,0.0,0.0,0.0,0,0,1.140754897147417,1.1251278407871723,2.283249772116381,1.0,1.0,1.0,1.0,1.0,1.0,1.3333333333333333,0.5,0.0,0.0,0,2,13,0.05830098730697364,LOW
West Zone 2,West of Chord Road,2.0,0.0,47,1,0,0.1373,13.0,0.0,0.0,1.0,0.5,2.5,0.0,0.0,0.0,0.0,0.0,0,0,1.01171875,0.98046875,0.3047,1.0,1.0,1.0,1.0,1.0,1.0,1.0,0.0,0.0,0.0,0,9,21,0.18416515336584469,LOW
Central Zone 1,Non-corridor,1.0,0.0,47,1,0,0.5494,87.9,0.0,0.0,1.0,0.5,2.5,0.0,0.0,0.0,0.0,0.0,0,0,1.0,1.0,0.0,1.0,0.0,0.0,1.0,0.0,0.0,1.0,0.0,0.0,0.0,0,0,11,0.05833305549874344,LOW
South Zone 1,Bannerghata Road,5.0,0.0,47,1,0,0.0616,11.8,0.0,1.0,0.0,0.7,1.0,0.0,0.0,0.0,0.0,0.0,0,0,1.0,1.0,0.0,1.0,1.0,0.0,1.0,1.0,0.0,1.0,0.0,0.0,0.0,0,6,1,0.039545282786912946,LOW
Central Zone 2,Non-corridor,0.0,4.0,47,1,1,,,0.0,1.0,0.0,0.7,1.0,0.0,0.0,0.0,0.0,0.0,0,0,1.92041015625,1.4893798828125,0.6535508259244321,1.0,2.0,5.0,1.0,2.0,2.0,2.0,1.707825127659933,-1.0,-1.0,0,1,11,0.6406881615033895,HIGH
West Zone 2,West of Chord Road,5.0,4.0,47,1,1,,,0.0,1.0,0.0,0.7,1.5,0.0,0.0,0.0,0.0,0.0,0,0,1.00054931640625,0.9279128313064575,0.08030543785822236,1.0,1.0,1.0,1.0,1.0,0.0,1.0,0.0,0.0,0.0,0,9,21,0.0768367015159535,LOW
East Zone 1,ORR East 1,2.0,8.0,47,1,1,3.1668,1319.2,1.0,0.0,1.0,0.5,1.0,0.0,1.0,0.0,0.0,0.0,0,0,1.173828125,0.26123046875,0.7117922281055548,1.0,1.0,1.0,0.0,0.0,1.0,1.3333333333333333,0.5,0.0,0.0,0,2,12,0.05301608701765023,LOW
East Zone 1,Varthur Road,3.0,0.0,47,4,3,1.1883,39.0,0.0,0.5,0.25,0.725,1.875,0.25,1.0,0.0,0.0,0.0,1,0,1.400390625,0.8623046875,0.8009813178483147,1.0,2.0,1.0,0.0,2.0,1.0,1.6666666666666667,0.5773502691896257,-1.0,-2.0,0,2,20,0.10115537389787951,LOW
West Zone 2,Tumkur Road,1.0,4.0,47,1,0,0.0307,2.1,0.0,1.0,0.0,0.7,2.5,0.0,0.0,0.0,0.0,0.0,0,0,0.0,0.0,0.0,0.0,0.0,0.0,0.0,0.0,0.0,0.0,0.0,0.0,0.0,0,9,19,0.028642142998180343,LOW
West Zone 2,Tumkur Road,0.0,0.0,47,1,0,0.3693,50.5,0.0,0.0,0.0,1.0,1.5,0.0,0.0,0.0,0.0,0.0,0,0,1.0,0.0,0.4725,1.0,0.0,0.0,0.0,0.0,0.0,1.0,0.0,0.0,0.0,0,9,19,0.14376383226820666,LOW
East Zone 1,Old Airport Road,3.0,0.0,47,1,0,1.0498,219.0,0.0,0.0,0.0,1.0,1.0,0.0,1.0,0.0,0.0,0.0,0,0,0.0,0.0,0.0,0.0,0.0,0.0,0.0,0.0,0.0,0.0,0.0,0.0,0.0,0,2,17,0.03726483424244057,LOW
Central Zone 1,Non-corridor,4.0,12.0,47,1,0,0.0058,2.7,0.0,0.0,0.0,1.0,1.0,0.0,0.0,0.0,0.0,0.0,0,0,1.0,0.5,0.0572,1.0,1.0,0.0,0.0,1.0,0.0,1.0,0.0,0.0,-1.0,0,0,11,0.059744363237812195,LOW
North Zone 2,Bellary Road 1,5.0,12.0,47,1,0,1.4113,96.5,0.0,0.0,0.0,1.0,3.0,0.0,0.0,0.0,0.0,0.0,0,1,1.0053187645971775,0.059952788054943085,0.5464308746608036,1.0,1.0,1.0,0.0,0.0,0.0,1.0,0.0,0.0,0.0,0,5,2,0.4971762315086507,MEDIUM
Central Zone 2,Mysore Road,2.0,0.0,47,1,0,0.3054,34.8,0.0,1.0,0.0,0.7,1.5,0.0,0.0,0.0,0.0,0.0,0,0,1.5181479172315449,0.5170403161318973,0.4734825084646006,1.0,2.0,2.0,0.0,1.0,1.0,1.6666666666666667,0.5,-1.0,-1.0,0,1,10,0.32087286988615027,MEDIUM
North Zone 2,Bellary Road 1,2.0,0.0,47,2,2,,,0.0,0.5,0.0,0.85,3.0,0.0,0.0,0.0,0.0,0.0,0,0,2.0083946138620377,1.6236199289560318,0.41821275700616406,1.0,5.0,1.0,1.0,4.0,1.0,2.3333333333333335,2.0,-4.0,-3.0,0,5,2,0.17237863578188917,LOW
North Zone 2,Bellary Road 1,2.0,12.0,47,1,0,0.2096,43.0,0.0,0.0,0.0,1.0,1.0,0.0,0.0,0.0,0.0,0.0,0,0,1.2822265625,0.263671875,0.3363976706556283,1.0,2.0,1.0,0.0,0.0,1.0,1.3333333333333333,0.5,-1.0,0.0,0,5,2,0.2493349650565335,LOW
Central Zone 2,Mysore Road,1.0,4.0,47,1,1,1.9476,159.8,0.0,0.0,1.0,0.5,2.5,0.0,0.0,0.0,0.0,0.0,0,0,1.5340423583984375,1.4504241943359375,1.8446395333573316,2.0,1.0,1.0,2.0,1.0,0.0,1.3333333333333333,0.5,1.0,1.0,0,1,10,0.2715506476864706,LOW
West Zone 1,Magadi Road,2.0,4.0,47,1,0,0.1109,6.5,1.0,0.0,0.0,1.0,2.5,0.0,0.0,0.0,0.0,0.0,0,0,1.0078887939453125,0.4763641357421875,0.41248005447393177,1.0,1.0,1.0,0.0,1.0,1.0,1.0,0.0,0.0,-1.0,0,8,9,0.1388850720588567,LOW
East Zone 1,Varthur Road,0.0,12.0,47,1,1,,,0.0,1.0,0.0,0.7,2.5,0.0,1.0,0.0,0.0,0.0,0,0,0.0,0.0,0.0,0.0,0.0,0.0,0.0,0.0,0.0,0.0,0.0,0.0,0.0,0,2,20,0.05652688710089396,LOW
West Zone 2,Tumkur Road,5.0,0.0,47,1,1,2.034,115.9,0.0,1.0,0.0,0.7,3.0,0.0,0.0,0.0,0.0,0.0,0,0,1.03125,0.341796875,0.3488945137511526,1.0,1.0,1.0,0.0,1.0,1.0,1.0,0.0,0.0,-1.0,0,9,19,0.10048696135135968,LOW
West Zone 2,West of Chord Road,1.0,0.0,47,1,1,,,0.0,0.0,1.0,0.5,2.5,0.0,0.0,0.0,0.0,0.0,0,0,1.75,1.75,0.0,2.0,2.0,1.0,2.0,2.0,1.0,1.6666666666666667,0.5773502691896257,0.0,0.0,0,9,21,0.1306018030238709,LOW
West Zone 2,West of Chord Road,0.0,4.0,47,1,0,0.5909,121.2,0.0,0.0,0.0,1.0,1.0,0.0,0.0,0.0,0.0,0.0,0,0,1.0,0.5,1.2179,1.0,1.0,0.0,0.0,1.0,0.0,1.0,0.0,0.0,-1.0,0,9,21,0.04312285939647795,LOW
Central Zone 2,Non-corridor,0.0,8.0,47,1,0,0.4507,111.0,1.0,1.0,0.0,0.7,1.0,0.0,0.0,0.0,0.0,0.0,0,0,1.4814453125,0.498046875,0.5707438851102493,1.0,2.0,2.0,0.0,1.0,1.0,1.6666666666666667,0.5,-1.0,-1.0,0,1,11,0.1938858383434913,LOW
Central Zone 2,Non-corridor,0.0,0.0,47,1,0,0.3855,51.4,0.0,1.0,0.0,0.7,2.5,0.0,0.0,0.0,0.0,0.0,0,0,2.4228515625,1.6533203125,0.22304588106630213,2.0,4.0,2.0,1.0,4.0,0.0,2.3333333333333335,1.2583057392117916,-2.0,-3.0,0,1,11,0.6624147942617457,HIGH
South Zone 1,ORR West 1,1.0,0.0,47,1,0,0.1014,20.8,0.0,0.0,1.0,0.5,1.0,0.0,0.0,0.0,0.0,0.0,0,0,1.5,0.625,0.45694,2.0,1.0,1.0,1.0,0.0,1.0,1.3333333333333333,0.5,1.0,1.0,0,6,16,0.14887158800395572,LOW
West Zone 2,Non-corridor,2.0,0.0,47,1,1,,,0.0,0.0,1.0,0.5,2.5,0.0,0.0,0.0,0.0,0.0,0,0,1.0,1.0,0.0,1.0,1.0,0.0,1.0,1.0,0.0,1.0,0.0,0.0,0.0,0,9,11,0.046900088201557465,LOW
East Zone 1,ORR East 1,2.0,0.0,47,1,1,,,0.0,0.0,0.0,1.0,1.0,0.0,1.0,0.0,0.0,0.0,0,0,1.54547119140625,1.5008544921875,0.6044886690747923,2.0,1.0,1.0,2.0,1.0,1.0,1.3333333333333333,0.5,1.0,1.0,0,2,12,0.3284532601304959,MEDIUM
Central Zone 1,ORR North 1,2.0,0.0,47,1,1,,,0.0,0.0,0.0,1.0,2.5,0.0,0.0,0.0,0.0,0.0,0,0,1.0,0.0,0.4241,1.0,0.0,0.0,0.0,0.0,0.0,1.0,0.0,0.0,0.0,0,0,14,0.06734577392308454,LOW
Central Zone 2,Non-corridor,3.0,12.0,47,3,3,,,0.0,0.6666666666666666,0.0,0.7999999999999999,2.0,0.0,0.3333333333333333,0.0,0.0,0.0,1,0,3.4114305524095023,2.6318450218707565,0.3000273186103528,3.0,2.0,4.0,3.0,1.0,3.0,2.3333333333333335,0.9574271077563314,1.0,2.0,0,1,11,0.7033002071470335,HIGH
South Zone 2,Non-corridor,0.0,4.0,47,1,1,,,0.0,0.0,0.0,1.0,1.0,0.0,0.0,0.0,0.0,0.0,0,0,1.0,0.0,0.166,1.0,0.0,0.0,0.0,0.0,0.0,1.0,0.0,0.0,0.0,0,7,11,0.14567548627301752,LOW
South Zone 2,Non-corridor,2.0,12.0,47,1,1,,,0.0,0.0,1.0,0.5,2.5,0.0,0.0,0.0,0.0,0.0,0,0,1.0,0.5,0.1965,1.0,1.0,1.0,0.0,1.0,1.0,1.0,0.0,0.0,-1.0,0,7,11,0.18093153972019127,LOW
South Zone 2,Non-corridor,2.0,4.0,47,1,1,,,0.0,0.0,1.0,0.5,1.5,0.0,0.0,0.0,0.0,0.0,0,0,1.0,0.875,0.166,1.0,1.0,1.0,1.0,1.0,0.0,1.0,0.0,0.0,0.0,0,7,11,0.132920043441852,LOW
West Zone 1,Magadi Road,2.0,12.0,47,1,1,,,0.0,0.0,0.0,1.0,1.0,0.0,0.0,0.0,0.0,0.0,0,0,1.25,0.1875,0.5677648,1.0,2.0,1.0,0.0,0.0,0.0,1.3333333333333333,0.5,-1.0,0.0,0,8,9,0.11741447599967723,LOW
West Zone 1,Magadi Road,3.0,8.0,47,1,0,0.5776,120.5,0.0,0.0,0.0,1.0,1.0,0.0,0.0,0.0,0.0,0.0,0,0,1.726642668247223,1.283746361732483,0.3486378836721557,1.0,3.0,2.0,1.0,2.0,1.0,2.0,0.816496580927726,-2.0,-1.0,0,8,9,0.14933247542005212,LOW
North Zone 2,Bellary Road 1,3.0,8.0,47,2,0,0.14750000000000002,15.05,1.0,0.5,0.0,0.85,1.25,0.0,0.0,0.0,0.0,0.0,0,0,1.4982435350557353,0.8112725647461048,0.5782508831788953,1.0,2.0,1.0,0.0,2.0,1.0,1.6666666666666667,0.5773502691896257,-1.0,-2.0,0,5,2,0.10985022006227177,LOW
West Zone 1,Magadi Road,0.0,8.0,47,1,0,1.0255,60.1,1.0,0.0,1.0,0.5,2.5,0.0,0.0,0.0,0.0,0.0,0,0,1.5,1.0,0.2593,1.0,2.0,0.0,0.0,2.0,0.0,1.5,0.7071067811865476,-1.0,-2.0,0,8,9,0.08828077398486205,LOW
North Zone 2,ORR North 2,5.0,8.0,47,1,0,1.091,74.6,0.0,1.0,0.0,0.7,2.5,0.0,0.0,0.0,0.0,0.0,0,0,1.0237428227119527,1.021301278567997,1.6410165577549627,1.0,1.0,1.0,1.0,1.0,1.0,1.0,0.0,0.0,0.0,0,5,15,0.21346086782695706,LOW
Central Zone 2,Non-corridor,0.0,12.0,47,1,0,0.1044,16.7,0.0,0.0,0.0,1.0,2.5,0.0,0.0,0.0,0.0,0.0,0,0,1.404296875,0.2236328125,0.2077010039879154,1.0,2.0,2.0,0.0,0.0,2.0,1.3333333333333333,0.5773502691896256,-1.0,0.0,0,1,11,0.4007836874322248,MEDIUM
South Zone 1,ORR West 1,0.0,4.0,47,1,1,,,0.0,0.0,1.0,0.5,1.0,0.0,0.0,0.0,0.0,0.0,0,0,1.0,0.0,0.4802,1.0,0.0,0.0,0.0,0.0,0.0,1.0,0.0,0.0,0.0,0,6,16,0.09521987675907793,LOW
Central Zone 2,Mysore Road,6.0,8.0,47,2,2,2.5747,150.9,1.0,0.0,1.0,0.5,2.5,0.0,0.0,0.0,0.0,0.0,0,0,1.235178357374963,0.3496436543261843,0.7874315446898661,1.0,1.0,1.0,0.0,0.0,0.0,1.3333333333333333,0.5000000000000004,0.0,0.0,0,1,10,0.1312081230200981,LOW
North Zone 2,ORR North 2,6.0,8.0,47,1,0,0.2512,36.8,1.0,0.0,1.0,0.5,1.0,0.0,0.0,0.0,0.0,0.0,0,0,1.0003709816048743,0.734707832477625,1.3186610414105473,1.0,1.0,1.0,1.0,0.0,1.0,1.0,0.0,0.0,1.0,0,5,15,0.15907680624849987,LOW
West Zone 2,Mysore Road,5.0,8.0,47,1,0,0.9111,44.5,1.0,0.0,0.0,1.0,3.0,0.0,0.0,0.0,0.0,0.0,0,0,1.0625,0.375,0.6939650969529086,1.0,1.0,1.0,0.0,1.0,1.0,1.0,0.0,0.0,-1.0,0,9,10,0.15015900284390502,LOW
West Zone 2,Mysore Road,4.0,4.0,47,1,1,,,0.0,1.0,0.0,0.7,3.0,0.0,0.0,0.0,0.0,0.0,0,0,1.0625,0.078125,0.37277282526315786,1.0,1.0,2.0,0.0,0.0,1.0,1.0,0.5,0.0,0.0,0,9,10,0.09872771143372602,LOW
Central Zone 1,Old Airport Road,2.0,8.0,47,1,1,2.1192,144.9,0.0,1.0,0.0,0.7,2.5,0.0,0.0,0.0,0.0,0.0,0,0,1.0,0.359375,0.38659842788790155,1.0,1.0,1.0,0.0,1.0,1.0,1.0,0.0,0.0,-1.0,0,0,17,0.11481916183880392,LOW
Central Zone 1,Old Airport Road,2.0,0.0,47,1,0,0.2876,59.5,0.0,0.0,0.0,1.0,1.0,0.0,0.0,0.0,0.0,0.0,0,0,1.0,0.0,1.11604,1.0,1.0,0.0,0.0,0.0,0.0,1.0,0.0,0.0,0.0,0,0,17,0.04769305859624476,LOW
North Zone 1,ORR North 1,1.0,12.0,47,1,1,,,0.0,0.0,1.0,0.5,1.0,0.0,1.0,0.0,0.0,0.0,0,0,1.0,0.25,0.7696263157894737,1.0,1.0,0.0,0.0,1.0,0.0,1.0,0.0,0.0,-1.0,0,4,14,0.10726130162091224,LOW
North Zone 2,Bellary Road 1,2.0,8.0,47,1,0,1.2531,61.2,1.0,0.0,0.0,1.0,3.0,0.0,0.0,0.0,0.0,0.0,0,0,1.805519588291645,0.9724252000451088,0.48342727390982126,1.0,3.0,3.0,0.0,2.0,2.0,2.0,0.957427107756338,-2.0,-2.0,0,5,2,0.45079810803044457,MEDIUM
Central Zone 2,Non-corridor,5.0,0.0,47,2,2,,,0.0,0.5,0.0,0.85,1.75,0.0,0.5,0.0,0.0,0.0,0,0,4.407730252526969,3.4074193370080543,0.5114402103171405,2.0,2.0,16.0,1.0,2.0,12.0,5.666666666666667,7.32006375199925,0.0,-1.0,0,1,11,0.718159128334034,HIGH
Central Zone 1,Old Airport Road,1.0,4.0,47,1,0,1.0123,69.8,0.0,1.0,0.0,0.7,2.5,0.0,0.0,0.0,0.0,0.0,0,0,1.0,0.125,0.308164,1.0,1.0,1.0,0.0,0.0,1.0,1.0,0.0,0.0,0.0,0,0,17,0.0798217359875386,LOW
East Zone 1,Varthur Road,5.0,8.0,47,1,0,0.4543,54.5,0.0,1.0,0.0,0.7,1.5,0.0,1.0,0.0,0.0,0.0,0,0,1.03125,0.8525390625,0.5197281805473685,1.0,1.0,1.0,1.0,1.0,1.0,1.0,0.0,0.0,0.0,0,2,20,0.3214194316983842,MEDIUM
Central Zone 2,Non-corridor,1.0,0.0,47,1,0,0.5677,98.2,0.0,0.0,0.0,1.0,2.5,0.0,0.0,0.0,0.0,0.0,0,1,3.7489885548129678,1.766317036934197,0.3906554855438764,2.0,6.0,5.0,0.0,4.0,4.0,3.6666666666666665,1.8257418583505514,-4.0,-4.0,0,1,11,0.718159128334034,HIGH
East Zone 2,Non-corridor,0.0,4.0,47,1,0,0.2606,41.7,0.0,0.0,0.0,1.0,2.5,0.0,1.0,0.0,0.0,0.0,0,0,0.0,0.0,0.0,0.0,0.0,0.0,0.0,0.0,0.0,0.0,0.0,0.0,0.0,0,3,11,0.11343315980695176,LOW
East Zone 2,Non-corridor,0.0,8.0,47,1,1,,,0.0,1.0,0.0,0.7,2.5,0.0,1.0,0.0,0.0,0.0,0,0,1.0,0.5,0.4815,1.0,1.0,0.0,1.0,0.0,0.0,1.0,0.0,0.0,1.0,0,3,11,0.09633762746737681,LOW
East Zone 2,Non-corridor,2.0,4.0,47,1,1,,,0.0,1.0,0.0,0.7,1.0,0.0,1.0,0.0,0.0,0.0,0,0,1.5,0.078125,0.28878093074792244,2.0,1.0,1.0,0.0,0.0,1.0,1.3333333333333333,0.5,1.0,0.0,0,3,11,0.18761881678154207,LOW
West Zone 2,Mysore Road,0.0,4.0,47,1,0,0.1389,11.4,0.0,0.0,0.0,1.0,2.5,0.0,0.0,0.0,0.0,0.0,0,0,0.0,0.0,0.0,0.0,0.0,0.0,0.0,0.0,0.0,0.0,0.0,0.0,0.0,0,9,10,0.08147622879783925,LOW
Central Zone 2,Non-corridor,1.0,4.0,47,1,1,,,0.0,0.0,0.0,1.0,1.0,0.0,0.0,0.0,0.0,0.0,0,1,2.002282944507897,1.9170503413770348,2.628954099983054,1.0,3.0,5.0,1.0,3.0,4.0,2.0,1.7078251276599332,-2.0,-2.0,0,1,11,0.7022013690458876,HIGH
North Zone 2,Bellary Road 2,1.0,0.0,47,1,1,,,0.0,0.0,0.0,1.0,2.5,0.0,1.0,0.0,0.0,0.0,0,0,1.203125,1.203125,2.6754,1.0,1.0,2.0,1.0,1.0,2.0,1.3333333333333333,0.5773502691896257,0.0,0.0,0,5,3,0.07616538817941851,LOW
North Zone 2,Bellary Road 2,0.0,16.0,47,1,1,,,1.0,1.0,0.0,0.7,3.0,0.0,1.0,0.0,0.0,0.0,0,0,1.0,0.5,1.15888,1.0,1.0,0.0,1.0,0.0,0.0,1.0,0.0,0.0,1.0,0,5,3,0.09006817942171337,LOW
Central Zone 2,Non-corridor,6.0,0.0,47,1,1,,,0.0,0.0,0.0,1.0,1.5,0.0,0.0,0.0,0.0,0.0,0,0,4.317197040429235,2.472321227750462,0.3553647784002576,2.0,4.0,15.0,1.0,2.0,11.0,5.0,5.802298395176403,-2.0,-1.0,0,1,11,0.718159128334034,HIGH
North Zone 1,ORR North 2,0.0,0.0,47,1,1,,,0.0,0.0,0.0,1.0,3.0,0.0,0.0,0.0,0.0,0.0,0,0,0.0,0.0,0.0,0.0,0.0,0.0,0.0,0.0,0.0,0.0,0.0,0.0,0.0,0,4,15,0.054479448484676785,LOW
Central Zone 2,Non-corridor,5.0,8.0,47,1,1,,,1.0,1.0,0.0,0.7,3.0,0.0,0.0,0.0,0.0,0.0,0,1,4.618421134854856,2.4399225523259847,0.31806932493504547,3.0,7.0,5.0,1.0,5.0,2.0,5.333333333333333,1.707825127659933,-4.0,-4.0,0,1,11,0.6986506688301728,HIGH
North Zone 1,ORR North 1,6.0,4.0,47,1,0,0.1774,36.7,0.0,0.0,1.0,0.5,1.0,0.0,0.0,0.0,0.0,0.0,0,0,1.5705643004184822,1.049543019500561,1.290110941440063,2.0,1.0,2.0,1.0,1.0,2.0,1.3333333333333333,0.5773502691896257,1.0,0.0,0,4,14,0.24072942635917866,LOW
North Zone 1,ORR North 1,2.0,0.0,47,2,1,0.1275,21.8,0.0,0.5,0.0,0.85,1.0,0.0,0.5,0.0,0.0,0.0,0,1,1.008819580078125,0.773468017578125,1.1577071646753248,1.0,1.0,1.0,1.0,1.0,0.0,1.0,0.0,0.0,0.0,0,4,14,0.4665169263424431,MEDIUM
West Zone 1,Non-corridor,1.0,4.0,47,1,1,,,0.0,0.0,0.0,1.0,1.0,0.0,0.0,0.0,0.0,0.0,0,0,1.0,0.25,0.9055599999999999,1.0,1.0,0.0,0.0,0.0,0.0,1.0,0.0,0.0,0.0,0,8,11,0.10849853042367785,LOW
West Zone 1,Non-corridor,0.0,4.0,47,1,0,1.2,1143.4,0.0,0.0,0.0,1.0,1.0,0.0,0.0,0.0,0.0,0.0,0,0,1.0,1.0,0.0,1.0,0.0,0.0,1.0,0.0,0.0,1.0,0.0,0.0,0.0,0,8,11,0.05336709191100351,LOW
West Zone 1,Mysore Road,1.0,8.0,47,1,0,0.7717,65.5,0.0,0.0,0.0,1.0,2.5,0.0,0.0,0.0,0.0,0.0,0,0,1.0,1.0,0.0,1.0,1.0,0.0,1.0,1.0,0.0,1.0,0.0,0.0,0.0,0,8,10,0.1371064714330873,LOW
North Zone 2,Bellary Road 2,1.0,8.0,47,1,0,0.2539,37.2,1.0,0.0,0.0,1.0,1.0,0.0,1.0,0.0,0.0,0.0,0,0,2.26953125,1.3935546875,0.5284879869486405,3.0,1.0,1.0,2.0,1.0,0.0,2.3333333333333335,1.1547005383792515,2.0,1.0,0,5,3,0.3966456833808574,MEDIUM
North Zone 1,Non-corridor,2.0,12.0,47,1,1,,,0.0,0.0,0.0,1.0,1.0,0.0,0.0,0.0,0.0,0.0,0,0,1.5,0.0,0.20031999999999997,1.0,2.0,0.0,0.0,0.0,0.0,1.5,0.7071067811865476,-1.0,0.0,0,4,11,0.14355103522430557,LOW
Central Zone 2,Magadi Road,2.0,12.0,47,1,0,0.4969,69.1,0.0,0.0,0.0,1.0,1.5,0.0,0.0,0.0,0.0,0.0,0,0,2.0,1.0,0.6874,2.0,0.0,0.0,1.0,0.0,0.0,2.0,0.0,0.0,0.0,0,1,9,0.2866110002500458,LOW
Central Zone 2,Non-corridor,3.0,8.0,47,1,1,,,1.0,0.0,0.0,1.0,2.5,0.0,0.0,0.0,0.0,0.0,0,0,3.835796106396261,1.8289922439234227,0.37647209914694757,1.0,6.0,9.0,0.0,3.0,5.0,4.0,3.304037933599835,-5.0,-3.0,0,1,11,0.6986506688301728,HIGH
North Zone 2,ORR North 2,4.0,0.0,47,1,1,,,0.0,0.0,1.0,0.5,1.0,0.0,0.0,0.0,0.0,0.0,0,0,1.5156290829181671,1.5026547014713287,0.5925626532164703,1.0,3.0,1.0,1.0,3.0,1.0,1.6666666666666667,1.0,-2.0,-2.0,0,5,15,0.13817703570491022,LOW
North Zone 2,ORR North 2,3.0,16.0,47,1,1,,,0.0,0.0,0.0,1.0,3.0,1.0,0.0,0.0,0.0,0.0,0,0,1.25,1.0,0.5221,1.0,2.0,0.0,1.0,2.0,0.0,1.3333333333333333,0.5773502691896257,-1.0,-1.0,0,5,15,0.11089123146513867,LOW
Central Zone 2,Mysore Road,6.0,4.0,47,1,1,,,0.0,0.0,0.0,1.0,3.0,0.0,0.0,0.0,0.0,0.0,0,0,1.9705248162209872,0.9757416299787396,0.8261044226381831,1.0,4.0,3.0,0.0,3.0,2.0,2.0,1.4999999999999998,-3.0,-3.0,0,1,10,0.3660670261692783,MEDIUM
East Zone 2,Non-corridor,1.0,0.0,47,3,1,0.6105,113.15,0.0,0.6666666666666666,0.3333333333333333,0.6333333333333333,2.1666666666666665,0.0,1.0,0.0,0.0,0.0,0,0,1.5,1.3125,0.798263157894737,2.0,1.0,1.0,2.0,1.0,1.0,1.3333333333333333,0.5,1.0,1.0,0,3,11,0.08226363046769423,LOW
West Zone 2,Mysore Road,1.0,12.0,47,1,1,,,0.0,1.0,0.0,0.7,2.5,0.0,0.0,0.0,0.0,0.0,0,0,1.0,1.0,0.0,1.0,0.0,0.0,1.0,0.0,0.0,1.0,0.0,0.0,0.0,0,9,10,0.052567943037429114,LOW
West Zone 1,Non-corridor,2.0,4.0,47,1,0,0.4269,75.9,0.0,0.0,1.0,0.5,2.5,0.0,0.0,0.0,0.0,0.0,0,0,1.0,0.90625,0.9055599999999999,1.0,1.0,1.0,1.0,1.0,0.0,1.0,0.0,0.0,0.0,0,8,11,0.15028703405835048,LOW
North Zone 1,Non-corridor,3.0,4.0,47,1,0,0.2,29.9,0.0,0.0,0.0,1.0,3.0,0.0,1.0,0.0,0.0,0.0,0,0,1.25,1.25,0.0,1.0,2.0,1.0,1.0,2.0,1.0,1.3333333333333333,0.5,-1.0,-1.0,0,4,11,0.08346417732327222,LOW
Central Zone 2,Mysore Road,2.0,8.0,47,2,0,0.4066,43.5,0.5,0.5,0.0,0.85,1.5,0.0,0.0,0.0,0.0,0.0,0,0,2.070397903211415,1.3856236066203564,1.270682546677803,3.0,1.0,1.0,2.0,1.0,1.0,1.6666666666666667,1.0,2.0,1.0,0,1,10,0.4515529193955486,MEDIUM
Central Zone 2,Non-corridor,3.0,0.0,47,2,2,,,0.0,0.5,0.0,0.85,1.0,0.0,0.0,0.0,0.0,0.0,0,1,5.446847661385162,3.1447340088884927,0.3018189347607083,2.0,14.0,3.0,1.0,8.0,3.0,6.333333333333333,5.686240703077326,-12.0,-7.0,0,1,11,0.718159128334034,HIGH
North Zone 2,Bellary Road 2,2.0,8.0,47,1,1,,,0.0,0.0,0.0,1.0,3.0,0.0,1.0,0.0,0.0,0.0,0,0,1.160776138305664,0.8864226341247559,0.22250724386229426,1.0,1.0,1.0,1.0,0.0,1.0,1.3333333333333333,0.5,0.0,1.0,0,5,3,0.30872717392568033,MEDIUM
North Zone 2,Bellary Road 2,2.0,4.0,47,2,2,1.9603,111.7,0.0,0.5,0.0,0.85,2.0,0.0,1.0,0.0,0.0,0.0,0,0,1.0390701293945312,1.0190505981445312,0.9835194121667805,1.0,1.0,1.0,1.0,1.0,1.0,1.0,0.0,0.0,0.0,0,5,3,0.03752766589066185,LOW
Central Zone 2,CBD 2,4.0,4.0,47,1,0,0.5698,97.4,0.0,1.0,0.0,0.7,1.0,0.0,0.0,0.0,0.0,0.0,0,0,1.0,0.79248046875,0.3684289822642731,1.0,1.0,1.0,1.0,1.0,0.0,1.0,0.0,0.0,0.0,0,1,5,0.0958546034752248,LOW
West Zone 1,Mysore Road,1.0,0.0,47,1,1,,,0.0,0.0,0.0,1.0,3.0,0.0,0.0,0.0,0.0,0.0,0,0,2.0,1.0,0.4343,2.0,0.0,0.0,1.0,0.0,0.0,2.0,0.0,0.0,0.0,0,8,10,0.1656574782295345,LOW
West Zone 2,Mysore Road,3.0,8.0,47,1,0,0.7429,152.4,0.0,0.0,1.0,0.5,1.0,0.0,0.0,0.0,0.0,0.0,0,0,1.5,1.0,0.5614,1.0,2.0,0.0,1.0,1.0,0.0,1.5,0.7071067811865476,-1.0,0.0,0,9,10,0.04848341614591584,LOW
North Zone 2,ORR North 2,2.0,4.0,47,1,0,0.1916,26.2,0.0,0.0,0.0,1.0,1.5,0.0,0.0,0.0,0.0,0.0,0,0,2.125,1.6875,0.48827200000000004,3.0,1.0,1.0,3.0,0.0,0.0,2.0,0.9574271077563381,2.0,3.0,0,5,15,0.4777959982869788,MEDIUM
Central Zone 2,Non-corridor,1.0,8.0,47,1,0,0.9257,105.8,1.0,0.0,0.0,1.0,2.5,0.0,0.0,0.0,0.0,0.0,0,1,3.5957812555134296,1.9212970659136772,0.1863375978007918,1.0,3.0,5.0,0.0,3.0,3.0,6.333333333333333,6.2182527020592095,-2.0,-3.0,0,1,11,0.6986506688301728,HIGH
North Zone 2,ORR North 2,3.0,0.0,47,1,1,,,0.0,0.0,1.0,0.5,1.5,0.0,0.0,0.0,0.0,0.0,0,1,1.125032663345337,1.0212376117706299,0.5925626532164703,1.0,1.0,1.0,1.0,1.0,0.0,1.3333333333333333,0.5,0.0,0.0,0,5,15,0.4251152517345395,MEDIUM
North Zone 2,ORR North 2,2.0,16.0,47,2,2,,,1.0,0.0,0.5,0.75,3.0,0.0,0.0,0.0,0.0,0.0,0,0,1.0,0.0,0.5221,1.0,0.0,0.0,0.0,0.0,0.0,1.0,0.0,0.0,0.0,0,5,15,0.19883692407220252,LOW
East Zone 2,Non-corridor,1.0,12.0,47,1,1,,,0.0,0.0,0.0,1.0,1.0,0.0,1.0,0.0,0.0,0.0,0,0,1.0,0.5,0.2747,1.0,1.0,0.0,1.0,0.0,0.0,1.0,0.0,0.0,1.0,0,3,11,0.09137200054087415,LOW
West Zone 2,Bellary Road 1,3.0,12.0,47,2,1,1.1091,91.0,0.0,0.5,0.0,0.85,2.5,0.0,0.0,0.0,0.0,0.0,0,1,1.125,0.9375,0.20268000000000003,1.0,1.0,1.0,1.0,1.0,0.0,1.3333333333333333,0.5,0.0,0.0,0,9,2,0.4445549716361032,MEDIUM
West Zone 1,Non-corridor,3.0,4.0,47,1,1,,,1.0,0.0,0.0,1.0,3.0,0.0,0.0,0.0,0.0,0.0,0,0,1.125,0.7158203125,0.21422659627921767,1.0,1.0,1.0,1.0,0.0,1.0,1.3333333333333333,0.5,0.0,1.0,0,8,11,0.3674200372175563,MEDIUM
West Zone 1,Non-corridor,2.0,12.0,47,1,0,0.8845,146.4,0.0,0.0,0.0,1.0,2.5,0.0,0.0,0.0,0.0,0.0,0,0,1.03125,0.71875,0.19134736842105263,1.0,1.0,1.0,1.0,0.0,0.0,1.0,0.0,0.0,1.0,0,8,11,0.16327710501507356,LOW
Central Zone 2,Non-corridor,2.0,12.0,47,1,1,,,0.0,0.0,0.0,1.0,2.5,0.0,0.0,0.0,0.0,0.0,0,0,6.756341354564938,3.2976766609535844,0.6001771803164035,10.0,3.0,5.0,4.0,2.0,5.0,5.666666666666667,3.1091263510296048,7.0,2.0,0,1,11,0.718159128334034,HIGH
South Zone 2,Hosur Road,4.0,8.0,47,1,1,2.223,865.5,0.0,0.0,0.0,1.0,1.0,0.0,1.0,0.0,0.0,0.0,0,0,1.1096611022949219,0.9953327178955078,1.0969005765123474,1.0,1.0,2.0,1.0,1.0,1.0,1.0,0.4999999999999999,0.0,0.0,0,7,7,0.041003525972858085,LOW
North Zone 1,Non-corridor,2.0,4.0,47,1,1,,,0.0,0.0,1.0,0.5,2.5,0.0,0.0,0.0,0.0,0.0,0,0,1.0,1.0,0.0,1.0,1.0,0.0,1.0,1.0,0.0,1.0,0.0,0.0,0.0,0,4,11,0.09359926711604444,LOW
West Zone 1,Non-corridor,0.0,0.0,47,3,1,0.63245,247.1,0.0,0.0,0.0,1.0,1.8333333333333333,0.0,0.0,0.0,0.0,0.0,0,0,1.25,0.75,0.0188,1.0,1.0,0.0,0.0,1.0,0.0,1.3333333333333333,0.5773502691896257,0.0,-1.0,0,8,11,0.15882828279402192,LOW
Central Zone 2,CBD 2,3.0,4.0,47,1,0,0.2703,33.0,1.0,1.0,0.0,0.7,1.0,0.0,0.0,0.0,0.0,0.0,0,0,1.0,0.33984375,0.4338483037737886,1.0,1.0,1.0,0.0,1.0,1.0,1.0,0.0,0.0,-1.0,0,1,5,0.10908752797304082,LOW
West Zone 2,Bellary Road 1,2.0,16.0,47,1,1,,,0.0,0.0,0.0,1.0,2.5,0.0,0.0,0.0,0.0,0.0,0,0,0.0,0.0,0.0,0.0,0.0,0.0,0.0,0.0,0.0,0.0,0.0,0.0,0.0,0,9,2,0.08415845787015304,LOW
West Zone 2,Bellary Road 1,5.0,8.0,47,1,1,,,0.0,1.0,0.0,0.7,2.5,0.0,0.0,0.0,0.0,0.0,0,0,1.064453125,0.56298828125,1.0707928551908907,1.0,1.0,2.0,1.0,0.0,0.0,1.0,0.5,0.0,1.0,0,9,2,0.044350672850496806,LOW
Central Zone 2,Non-corridor,1.0,12.0,47,1,0,0.2216,59.1,0.0,0.0,0.0,1.0,1.5,0.0,0.0,0.0,0.0,0.0,0,0,1.9870941489934921,1.6418016329407692,0.44286226213572966,1.0,2.0,8.0,1.0,2.0,7.0,2.0,3.1091263510296048,-1.0,-1.0,0,1,11,0.7033002071470335,HIGH
North Zone 2,ORR North 2,1.0,4.0,47,1,0,0.0942,13.8,1.0,0.0,0.0,1.0,1.0,0.0,0.0,0.0,0.0,0.0,0,0,1.0,1.0,0.0,1.0,1.0,1.0,1.0,1.0,1.0,1.0,0.0,0.0,0.0,0,5,15,0.05184072644572622,LOW
West Zone 2,Magadi Road,1.0,12.0,47,1,0,0.9713,79.7,0.0,0.0,0.0,1.0,2.5,0.0,0.0,0.0,0.0,0.0,0,0,1.0,0.0,0.3598,1.0,0.0,0.0,0.0,0.0,0.0,1.0,0.0,0.0,0.0,0,9,9,0.28947589692227893,LOW
West Zone 2,Bellary Road 1,6.0,8.0,47,1,1,,,0.0,0.0,0.0,1.0,3.0,0.0,0.0,0.0,0.0,0.0,0,0,2.01611328125,1.3907470703125,0.7536546375344683,3.0,1.0,1.0,2.0,1.0,0.0,1.6666666666666667,1.0,2.0,1.0,0,9,2,0.03983344246872145,LOW
West Zone 2,Bellary Road 1,1.0,0.0,47,1,0,0.2384,16.3,0.0,0.0,0.0,1.0,3.0,0.0,0.0,0.0,0.0,0.0,0,0,1.0,0.75,0.1965,1.0,1.0,0.0,1.0,1.0,0.0,1.0,0.0,0.0,0.0,0,9,2,0.08818704695554923,LOW
West Zone 2,Bellary Road 1,0.0,4.0,47,1,0,0.9945,68.0,0.0,0.0,0.0,1.0,3.0,0.0,0.0,0.0,0.0,0.0,0,0,1.0,1.0,0.0,1.0,0.0,0.0,1.0,0.0,0.0,1.0,0.0,0.0,0.0,0,9,2,0.0941502435789271,LOW
South Zone 2,Hosur Road,5.0,0.0,47,1,1,,,0.0,0.0,1.0,0.5,2.5,0.0,0.0,0.0,0.0,0.0,0,0,1.6582660694625702,0.7987441916510534,0.9129719836803539,2.0,1.0,2.0,1.0,0.0,1.0,1.3333333333333333,0.5773502691896263,1.0,1.0,0,7,7,0.21804072038011788,LOW
North Zone 2,Bellary Road 2,3.0,4.0,47,1,1,,,0.0,0.0,0.0,1.0,2.5,0.0,1.0,0.0,0.0,0.0,0,0,1.8760147169232368,1.5849795415997505,0.7713892690502399,2.0,2.0,3.0,2.0,1.0,3.0,1.6666666666666667,0.816496580927726,0.0,1.0,0,5,3,0.17556224958183558,LOW
South Zone 2,Hosur Road,3.0,4.0,47,1,0,0.1531,31.4,0.0,0.0,0.0,1.0,1.0,0.0,0.0,0.0,0.0,0.0,0,0,2.03515625,2.0,0.1302038961038961,3.0,1.0,1.0,3.0,1.0,1.0,1.6666666666666667,1.0,2.0,2.0,0,7,7,0.4122970892760392,MEDIUM
Central Zone 2,Mysore Road,3.0,4.0,47,1,1,,,0.0,1.0,0.0,0.7,2.5,0.0,0.0,0.0,0.0,0.0,0,0,1.0088033994461512,0.6707169085993883,0.1414861547270238,1.0,1.0,1.0,1.0,0.0,0.0,1.0,0.0,0.0,1.0,0,1,10,0.13491650118195353,LOW
Central Zone 2,Non-corridor,6.0,8.0,47,1,0,0.0637,9.7,0.0,1.0,0.0,0.7,1.0,1.0,0.0,0.0,0.0,0.0,0,0,4.53808748094667,2.086957397387078,0.5868435416914985,2.0,8.0,4.0,1.0,2.0,4.0,6.0,3.0,-6.0,-1.0,0,1,11,0.718159128334034,HIGH
West Zone 1,Non-corridor,1.0,8.0,47,3,3,,,0.6666666666666666,0.6666666666666666,0.0,0.7999999999999999,3.0,0.0,0.0,0.0,0.0,0.0,1,0,1.0,0.125,0.3247652631578948,1.0,1.0,1.0,0.0,0.0,0.0,1.0,0.0,0.0,0.0,0,8,11,0.17405989298493177,LOW
West Zone 1,Non-corridor,5.0,0.0,47,1,1,,,0.0,1.0,0.0,0.7,1.0,0.0,0.0,0.0,0.0,0.0,0,0,1.363345205783844,0.6536936163902283,0.2807404600117066,1.0,1.0,2.0,0.0,1.0,2.0,1.6666666666666667,0.9574271077563382,0.0,-1.0,0,8,11,0.21490156065909552,LOW
Central Zone 2,Non-corridor,6.0,4.0,47,2,1,0.1498,68.5,0.0,0.5,0.0,0.85,1.75,0.0,0.0,0.0,0.0,0.0,0,0,2.2506378254220536,1.4140610024646048,0.3751908471509423,1.0,1.0,4.0,1.0,0.0,1.0,3.6666666666666665,3.774917217635375,0.0,1.0,0,1,11,0.718159128334034,HIGH
South Zone 2,Bannerghata Road,1.0,0.0,47,1,1,,,0.0,1.0,0.0,0.7,2.5,0.0,0.0,0.0,0.0,0.0,0,0,1.125,1.03125,0.2934578947368421,1.0,1.0,1.0,1.0,1.0,0.0,1.3333333333333333,0.5,0.0,0.0,0,7,1,0.39257855878662506,MEDIUM
North Zone 2,Non-corridor,6.0,12.0,47,1,1,,,0.0,1.0,0.0,0.7,1.5,0.0,1.0,0.0,0.0,0.0,0,0,1.05078125,0.1630859375,0.14246980913739554,1.0,1.0,1.0,0.0,0.0,1.0,1.0,0.0,0.0,0.0,0,5,11,0.14345376595378698,LOW
Central Zone 2,Non-corridor,1.0,16.0,47,1,1,,,0.0,1.0,0.0,0.7,1.0,0.0,1.0,1.0,0.0,0.0,0,0,1.25,1.25,0.0,1.0,1.0,0.0,1.0,1.0,0.0,1.3333333333333333,0.5773502691896257,0.0,0.0,0,1,11,0.21110042158245468,LOW
West Zone 1,Tumkur Road,5.0,12.0,47,1,0,0.2333,31.9,0.0,0.0,0.0,1.0,1.5,0.0,0.0,0.0,0.0,0.0,0,0,2.7561888694763184,2.2472595646977425,2.022655307374832,4.0,2.0,1.0,3.0,2.0,1.0,2.3333333333333335,1.4142135623730951,2.0,1.0,0,8,19,0.21801348984109076,LOW
East Zone 2,Non-corridor,2.0,16.0,47,1,0,0.2315,44.1,1.0,0.0,1.0,0.5,1.5,0.0,1.0,0.0,0.0,0.0,0,0,0.0,0.0,0.0,0.0,0.0,0.0,0.0,0.0,0.0,0.0,0.0,0.0,0.0,0,3,11,0.1509127699957015,LOW
East Zone 2,Non-corridor,4.0,0.0,47,2,1,0.98105,166.25,0.0,0.0,0.0,1.0,1.0,0.5,1.0,0.0,0.0,0.0,0,0,1.564849853515625,1.2729682922363281,0.19727240770762303,1.0,3.0,2.0,1.0,2.0,2.0,1.6666666666666667,0.9574271077563381,-2.0,-1.0,0,3,11,0.09548549926344706,LOW
North Zone 1,Hennur Main Road,1.0,0.0,47,2,1,1.0701,219.5,0.0,0.0,0.5,0.75,1.0,0.0,1.0,0.0,0.0,0.0,0,0,1.0,0.125,0.362256,1.0,1.0,1.0,0.0,0.0,1.0,1.0,0.0,0.0,0.0,0,4,6,0.06588520778582689,LOW
North Zone 1,Hennur Main Road,2.0,0.0,47,2,0,0.54035,110.85,0.0,0.0,0.0,1.0,1.0,0.0,1.0,0.0,0.0,0.0,0,0,1.0625,0.9453125,0.6453936,1.0,1.0,2.0,1.0,1.0,1.0,1.0,0.5,0.0,0.0,0,4,6,0.14788448005245497,LOW
South Zone 2,Hosur Road,2.0,12.0,47,3,3,,,0.0,0.3333333333333333,0.3333333333333333,0.7333333333333334,1.6666666666666667,0.0,0.0,0.0,0.0,0.0,1,0,1.25,0.72900390625,0.3561309935259914,1.0,2.0,1.0,0.0,2.0,1.0,1.3333333333333333,0.5,-1.0,-2.0,0,7,7,0.0879223975833714,LOW
West Zone 1,Non-corridor,3.0,12.0,47,1,1,,,0.0,1.0,0.0,0.7,1.0,0.0,0.0,0.0,0.0,0.0,0,0,1.751953125,0.794921875,0.3583587412742382,2.0,2.0,1.0,1.0,1.0,0.0,1.6666666666666667,0.5773502691896257,0.0,0.0,0,8,11,0.2930309725241927,LOW
West Zone 1,Non-corridor,3.0,8.0,47,1,0,0.2948,52.4,0.0,0.0,0.0,1.0,2.5,0.0,0.0,0.0,0.0,0.0,0,0,1.0703125,0.935791015625,0.4386083358635824,1.0,1.0,1.0,1.0,1.0,0.0,1.0,0.0,0.0,0.0,0,8,11,0.4376935671902126,MEDIUM
West Zone 1,Non-corridor,5.0,4.0,47,1,1,,,1.0,1.0,0.0,0.7,3.0,0.0,0.0,0.0,0.0,0.0,0,0,1.1328125,1.10723876953125,0.21422659627921767,1.0,1.0,1.0,1.0,1.0,1.0,1.3333333333333333,0.5,0.0,0.0,0,8,11,0.3519118196303515,MEDIUM
East Zone 1,Non-corridor,0.0,8.0,47,1,1,,,1.0,0.0,0.0,1.0,1.0,0.0,1.0,0.0,0.0,0.0,0,0,1.0,1.0,0.0,1.0,0.0,0.0,1.0,0.0,0.0,1.0,0.0,0.0,0.0,0,2,11,0.06866371127694273,LOW
East Zone 1,Non-corridor,0.0,4.0,47,1,0,0.3075,41.0,0.0,0.0,0.0,1.0,3.0,0.0,1.0,0.0,0.0,0.0,0,0,1.0,1.0,0.0,1.0,1.0,0.0,1.0,1.0,0.0,1.0,0.0,0.0,0.0,0,2,11,0.08716561910828372,LOW
West Zone 1,Tumkur Road,1.0,4.0,47,1,0,0.5506,75.3,0.0,0.0,0.0,1.0,1.5,0.0,0.0,0.0,0.0,0.0,0,0,1.152374267578125,0.99566650390625,0.3142529509865298,1.0,1.0,3.0,1.0,1.0,3.0,1.0,1.0,0.0,0.0,0,8,19,0.40834569125555603,MEDIUM
North Zone 2,Bellary Road 2,5.0,0.0,47,1,1,,,0.0,1.0,0.0,0.7,1.0,0.0,1.0,0.0,0.0,0.0,0,0,1.529668160845361,1.513781607202148,0.4837368957671336,2.0,1.0,1.0,2.0,1.0,1.0,1.3333333333333333,0.5,1.0,1.0,0,5,3,0.2927284851811922,LOW
North Zone 1,Hennur Main Road,5.0,8.0,47,1,0,0.5375,50.4,0.0,0.0,1.0,0.5,2.5,0.0,1.0,0.0,0.0,0.0,0,0,1.0078250467777252,0.5156335830688477,0.6257383767699879,1.0,1.0,1.0,1.0,0.0,0.0,1.0,0.0,0.0,1.0,0,4,6,0.1881145379364851,LOW
West Zone 1,Non-corridor,6.0,4.0,47,3,2,0.0578,8.8,0.0,0.0,0.6666666666666666,0.6666666666666666,2.1666666666666665,0.0,0.0,0.0,0.0,0.0,0,0,2.254150390625,1.1283512115478516,0.6678557643957496,2.0,4.0,1.0,0.0,4.0,1.0,2.3333333333333335,1.4142135623730951,-2.0,-4.0,0,8,11,0.2559565537021957,LOW
West Zone 1,Non-corridor,5.0,12.0,47,1,1,,,0.0,0.0,0.0,1.0,2.5,0.0,0.0,0.0,0.0,0.0,0,0,1.292999267578125,0.809295654296875,0.20728403121247993,1.0,2.0,1.0,1.0,1.0,0.0,1.3333333333333333,0.5,-1.0,0.0,0,8,11,0.09182680158162858,LOW
West Zone 1,Non-corridor,6.0,12.0,47,1,0,0.0453,18.1,0.0,0.0,0.0,1.0,1.0,0.0,0.0,0.0,0.0,0.0,0,0,2.254578113555908,1.5907702445983887,0.3156890032472861,3.0,2.0,1.0,3.0,0.0,1.0,2.0,0.9574271077563381,1.0,3.0,0,8,11,0.24266278567790203,LOW
Central Zone 2,Bellary Road 1,4.0,8.0,47,1,0,0.2359,48.4,0.0,0.0,0.0,1.0,1.0,0.0,0.0,0.0,0.0,0.0,0,0,1.5,1.375,0.8056,2.0,1.0,1.0,2.0,1.0,0.0,1.3333333333333333,0.5,1.0,1.0,0,1,2,0.41160086362808435,MEDIUM
North Zone 2,Non-corridor,2.0,12.0,47,1,0,0.0822,12.9,0.0,1.0,0.0,0.7,2.5,0.0,0.0,0.0,0.0,0.0,0,0,1.5,0.875,0.3026756987012987,2.0,1.0,1.0,1.0,1.0,0.0,1.3333333333333333,0.5,1.0,0.0,0,5,11,0.22840257574416334,LOW
Central Zone 2,Mysore Road,5.0,4.0,47,1,0,0.457,37.5,0.0,0.0,0.0,1.0,2.5,0.0,0.0,0.0,0.0,0.0,0,1,1.5392944823269128,1.2754327858348975,0.2823724312758366,2.0,1.0,1.0,2.0,1.0,0.0,1.3333333333333333,0.5,1.0,1.0,0,1,10,0.5560682349154272,MEDIUM
West Zone 2,Bellary Road 1,2.0,4.0,47,1,1,5.85,1356.0,0.0,0.0,1.0,0.5,2.5,0.0,0.0,0.0,0.0,0.0,0,0,1.0,0.71875,1.3041357894736842,1.0,1.0,1.0,1.0,0.0,1.0,1.0,0.0,0.0,1.0,0,9,2,0.04008410604936757,LOW
West Zone 1,Tumkur Road,6.0,8.0,47,1,0,0.518,50.6,1.0,0.0,1.0,0.5,1.5,0.0,0.0,0.0,0.0,0.0,0,0,2.578309835102516,0.6679517430180297,1.2077421641213024,4.0,1.0,2.0,1.0,0.0,2.0,2.0,1.4142135623730951,3.0,1.0,0,8,19,0.23550872494599517,LOW
Central Zone 1,Old Madras Road,2.0,0.0,47,1,1,,,0.0,0.0,0.0,1.0,2.5,0.0,0.0,0.0,0.0,0.0,0,0,1.35107421875,1.2564620971679688,0.15372210388032795,1.0,2.0,1.0,1.0,2.0,0.0,1.3333333333333333,0.5000000000000001,-1.0,-1.0,0,0,18,0.16438285733295552,LOW
North Zone 2,Non-corridor,1.0,0.0,47,1,1,,,0.0,0.0,0.0,1.0,1.0,0.0,1.0,0.0,0.0,0.0,0,0,1.0,1.0,0.0,1.0,0.0,0.0,1.0,0.0,0.0,1.0,0.0,0.0,0.0,0,5,11,0.09270810801368641,LOW
South Zone 2,Bannerghata Road,2.0,8.0,47,1,1,,,0.0,0.0,1.0,0.5,2.5,0.0,0.0,0.0,0.0,0.0,0,0,1.0625,1.03759765625,1.2299821793384864,1.0,1.0,2.0,1.0,1.0,2.0,1.0,0.5,0.0,0.0,0,7,1,0.08619389027346554,LOW
North Zone 1,Bellary Road 2,3.0,4.0,47,1,1,,,1.0,1.0,0.0,0.7,1.0,0.0,1.0,0.0,0.0,0.0,0,0,1.0,0.875,1.12998,1.0,1.0,1.0,1.0,1.0,1.0,1.0,0.0,0.0,0.0,0,4,3,0.06426899844747873,LOW
Central Zone 2,Bellary Road 1,0.0,0.0,47,1,0,0.4978,85.1,0.0,1.0,0.0,0.7,1.0,0.0,0.0,0.0,0.0,0.0,0,0,1.0,1.0,0.0,1.0,1.0,0.0,1.0,1.0,0.0,1.0,0.0,0.0,0.0,0,1,2,0.029466306737673916,LOW
North Zone 2,Bellary Road 2,5.0,8.0,47,1,0,0.7766,53.1,0.0,1.0,0.0,0.7,2.5,0.0,1.0,0.0,0.0,0.0,0,0,1.0062268125620903,0.7324973024187784,0.5327949925031995,1.0,1.0,1.0,1.0,0.0,1.0,1.0,0.0,0.0,1.0,0,5,3,0.32853367916351506,MEDIUM
North Zone 2,Bellary Road 2,6.0,0.0,47,1,0,1.3393,99.0,0.0,0.0,0.0,1.0,3.0,0.0,1.0,0.0,0.0,0.0,0,0,1.2736961270316627,1.2346258699253916,1.0045936938786546,1.0,2.0,1.0,1.0,2.0,1.0,1.3333333333333333,0.5,-1.0,-1.0,0,5,3,0.052218299695739226,LOW
North Zone 1,Bellary Road 2,5.0,8.0,47,1,0,0.2174,44.6,0.0,0.0,1.0,0.5,1.0,0.0,1.0,0.0,0.0,0.0,0,0,1.046875,0.21875,0.7752164456596036,1.0,1.0,1.0,0.0,0.0,0.0,1.0,0.0,0.0,0.0,0,4,3,0.1445902718767174,LOW
East Zone 1,Non-corridor,0.0,0.0,47,1,0,0.1898,26.4,0.0,0.0,1.0,0.5,3.0,0.0,1.0,0.0,0.0,0.0,0,0,1.0,1.0,0.0,1.0,1.0,0.0,1.0,1.0,0.0,1.0,0.0,0.0,0.0,0,2,11,0.07341101926460256,LOW
Central Zone 2,Non-corridor,6.0,16.0,47,3,0,0.1196,55.199999999999996,0.0,0.0,0.3333333333333333,0.8333333333333334,1.0,0.0,1.0,0.0,0.0,0.0,0,0,1.1686521172814537,1.144702968216734,2.2655769464201643,1.0,1.0,1.0,1.0,1.0,1.0,1.3333333333333333,0.5,0.0,0.0,0,1,11,0.30233303526071886,MEDIUM
West Zone 1,Tumkur Road,0.0,4.0,47,1,1,,,1.0,0.0,1.0,0.5,1.0,0.0,0.0,0.0,0.0,0.0,0,0,1.015625,0.78125,0.46823915789473686,1.0,1.0,1.0,1.0,1.0,0.0,1.0,0.0,0.0,0.0,0,8,19,0.2977506704659361,LOW
Central Zone 2,Bellary Road 1,1.0,4.0,47,2,2,,,0.0,0.5,0.0,0.85,1.0,0.0,0.0,0.0,0.0,0.0,0,0,1.0,0.75,0.1326,1.0,1.0,0.0,1.0,0.0,0.0,1.0,0.0,0.0,1.0,0,1,2,0.03458133726640652,LOW
Central Zone 2,Mysore Road,4.0,12.0,47,1,0,0.0164,2.8,0.0,1.0,0.0,0.7,1.0,0.0,0.0,0.0,0.0,0.0,0,0,2.7591650187969208,2.3409590660594404,1.872296717690018,4.0,1.0,3.0,4.0,1.0,1.0,2.3333333333333335,1.2909944487358056,3.0,3.0,0,1,10,0.24040330703619756,LOW
North Zone 2,Non-corridor,3.0,4.0,47,1,1,,,0.0,0.0,1.0,0.5,3.0,0.0,0.0,0.0,0.0,0.0,0,0,1.140625,1.0859375,0.548104,1.0,1.0,3.0,1.0,1.0,3.0,1.0,1.0,0.0,0.0,0,5,11,0.44273428046358343,MEDIUM
Central Zone 1,Old Madras Road,1.0,8.0,47,1,0,0.3637,74.6,0.0,0.0,0.0,1.0,1.0,0.0,0.0,0.0,0.0,0.0,0,0,1.65625,0.615234375,0.22574167510523802,2.0,1.0,1.0,0.0,1.0,1.0,1.6666666666666667,0.5773502691896257,1.0,-1.0,0,0,18,0.4128881824449432,MEDIUM
Central Zone 1,Old Madras Road,1.0,4.0,47,1,1,,,0.0,0.0,0.0,1.0,1.0,0.0,0.0,0.0,0.0,0.0,0,0,1.03125,0.375,0.27797894736842105,1.0,1.0,1.0,0.0,1.0,1.0,1.0,0.0,0.0,-1.0,0,0,18,0.14661302622340863,LOW
Central Zone 1,Old Madras Road,1.0,0.0,47,1,1,,,0.0,0.0,0.0,1.0,2.5,0.0,0.0,0.0,0.0,0.0,0,0,2.875,2.654296875,0.420707504531722,4.0,2.0,3.0,4.0,2.0,0.0,2.3333333333333335,1.2909944487358056,2.0,2.0,0,0,18,0.6323424866211512,HIGH
East Zone 2,ORR North 1,1.0,0.0,47,1,1,,,0.0,1.0,0.0,0.7,3.0,0.0,0.0,0.0,0.0,0.0,0,0,1.0,1.0,0.0,1.0,1.0,0.0,1.0,1.0,0.0,1.0,0.0,0.0,0.0,0,3,14,0.08095172465707276,LOW
East Zone 2,Non-corridor,5.0,0.0,47,1,0,0.4571,63.6,0.0,0.0,0.0,1.0,3.0,0.0,1.0,0.0,0.0,0.0,0,0,2.0489015579223633,1.2585302591323853,0.5924627047462554,3.0,1.0,1.0,2.0,0.0,1.0,1.6666666666666667,1.0,2.0,2.0,0,3,11,0.4189071795453555,MEDIUM
East Zone 2,ORR East 2,2.0,4.0,47,1,1,2.1645,695.0,0.0,0.0,0.0,1.0,1.0,0.0,1.0,0.0,0.0,0.0,0,0,0.0,0.0,0.0,0.0,0.0,0.0,0.0,0.0,0.0,0.0,0.0,0.0,0.0,0,3,13,0.030989552246634727,LOW
Central Zone 1,Old Madras Road,3.0,0.0,47,2,2,,,0.0,1.0,0.0,0.7,2.0,0.0,0.0,0.0,0.0,0.0,0,0,1.0367355346679688,0.5352572202682495,0.10005217311644855,1.0,1.0,1.0,0.0,1.0,1.0,1.0,0.0,0.0,-1.0,0,0,18,0.09078705885508277,LOW
North Zone 2,Bellary Road 2,5.0,12.0,47,1,1,1.6445,133.6,0.0,0.0,0.0,1.0,3.0,0.0,1.0,0.0,0.0,0.0,0,0,2.063973680138588,2.059338331222534,0.3369101238939324,2.0,2.0,2.0,2.0,2.0,2.0,2.3333333333333335,0.49999999999999994,0.0,0.0,0,5,3,0.0715322915187441,LOW
South Zone 2,Hosur Road,0.0,16.0,47,1,1,1.9574,286.8,1.0,0.0,0.0,1.0,1.0,0.0,0.0,0.0,0.0,0.0,0,0,1.0,0.0,0.2979,1.0,0.0,0.0,0.0,0.0,0.0,1.0,0.0,0.0,0.0,0,7,7,0.1354239982317775,LOW
South Zone 2,Hosur Road,1.0,16.0,47,1,1,,,1.0,1.0,0.0,0.7,2.5,0.0,0.0,0.0,0.0,0.0,0,0,1.0,0.5,0.9617000000000001,1.0,1.0,0.0,1.0,0.0,0.0,1.0,0.0,0.0,1.0,0,7,7,0.08882437919088333,LOW
South Zone 2,Hosur Road,1.0,4.0,47,1,1,,,0.0,0.0,0.0,1.0,1.0,0.0,0.0,0.0,0.0,0.0,0,0,1.25,1.0,0.0941,1.0,2.0,0.0,1.0,1.0,0.0,1.3333333333333333,0.5773502691896257,-1.0,0.0,0,7,7,0.08752893894180303,LOW
Central Zone 2,Non-corridor,2.0,4.0,47,1,1,,,0.0,0.0,0.0,1.0,0.5,0.0,0.0,0.0,0.0,0.0,0,0,2.5630235693768926,1.2708558245185293,0.23005762584079156,2.0,3.0,3.0,0.0,3.0,2.0,2.6666666666666665,0.5,-1.0,-3.0,0,1,11,0.7172740121448937,HIGH
West Zone 1,Tumkur Road,1.0,0.0,47,1,1,,,0.0,1.0,0.0,0.7,2.5,0.0,0.0,0.0,0.0,0.0,0,0,1.237060546875,0.835205078125,0.20780183734935426,1.0,1.0,4.0,1.0,0.0,2.0,1.0,1.5,0.0,1.0,0,8,19,0.3622655803096001,MEDIUM
North Zone 2,Non-corridor,0.0,4.0,47,1,0,1.017,126.8,1.0,0.0,0.0,1.0,2.5,0.0,0.0,0.0,0.0,0.0,0,0,1.0,1.0,0.0,1.0,0.0,0.0,1.0,0.0,0.0,1.0,0.0,0.0,0.0,0,5,11,0.05315440108330456,LOW
North Zone 2,Bellary Road 2,6.0,12.0,47,2,2,,,0.0,0.5,0.0,0.85,2.0,0.0,1.0,0.0,0.0,0.0,0,0,1.1333122943760827,1.102026080712676,0.77832934891759,1.0,1.0,1.0,1.0,1.0,1.0,1.3333333333333333,0.5,0.0,0.0,0,5,3,0.2242999110691777,LOW
North Zone 2,Non-corridor,1.0,12.0,47,1,0,0.6468,92.4,0.0,1.0,0.0,0.7,2.5,0.0,0.0,0.0,0.0,0.0,0,0,1.0,0.0,0.7208399999999999,1.0,1.0,0.0,0.0,0.0,0.0,1.0,0.0,0.0,0.0,0,5,11,0.27929734894693775,LOW
West Zone 1,Tumkur Road,3.0,0.0,47,1,0,0.4344,29.7,0.0,0.0,0.0,1.0,3.0,0.0,0.0,0.0,0.0,0.0,0,0,1.2343902870488819,1.1992714208608959,0.18219473914589757,1.0,1.0,2.0,1.0,1.0,2.0,1.3333333333333333,0.5773502691896253,0.0,0.0,0,8,19,0.37094653018293483,MEDIUM
West Zone 1,Tumkur Road,3.0,16.0,47,1,1,,,1.0,0.0,0.0,1.0,3.0,0.0,0.0,0.0,0.0,0.0,0,0,1.0,0.078125,0.6857538623999999,1.0,1.0,1.0,0.0,0.0,1.0,1.0,0.0,0.0,0.0,0,8,19,0.18614327025231184,LOW
East Zone 2,ORR East 2,5.0,0.0,47,1,1,,,0.0,0.0,0.0,1.0,1.5,0.0,0.0,0.0,0.0,0.0,0,0,1.0,0.25,0.45804,1.0,1.0,1.0,0.0,0.0,1.0,1.0,0.0,0.0,0.0,0,3,13,0.11793348476690214,LOW
West Zone 1,Tumkur Road,4.0,0.0,47,1,1,,,0.0,0.0,0.0,1.0,2.5,0.0,0.0,0.0,0.0,0.0,0,0,1.846736911691174,0.7522459158742336,0.3945008490851579,2.0,1.0,2.0,1.0,0.0,1.0,2.0,0.816496580927726,1.0,1.0,0,8,19,0.3666909722167471,MEDIUM
North Zone 2,Bellary Road 2,6.0,8.0,47,1,1,,,0.0,0.0,0.0,1.0,3.0,0.0,1.0,0.0,0.0,0.0,0,0,1.0722671452179107,0.24334289484922333,0.6626277316664948,1.0,1.0,2.0,0.0,0.0,1.0,1.0,0.4999999999999999,0.0,0.0,0,5,3,0.1276942983593798,LOW
North Zone 2,Bellary Road 2,6.0,4.0,47,1,0,0.8285,79.2,0.0,0.0,1.0,0.5,2.5,0.0,1.0,0.0,0.0,0.0,0,0,1.1055059510400156,0.5102278517115906,0.6021726311948767,1.0,1.0,2.0,0.0,1.0,1.0,1.0,0.5,0.0,-1.0,0,5,3,0.19704338982324715,LOW
East Zone 2,ORR North 1,3.0,0.0,47,2,2,,,0.0,0.0,0.0,1.0,3.0,0.0,0.0,0.0,0.0,0.0,0,0,1.0,1.0,0.0,1.0,1.0,1.0,1.0,1.0,1.0,1.0,0.0,0.0,0.0,0,3,14,0.14405160422948132,LOW
North Zone 1,Bellary Road 2,0.0,4.0,47,1,1,1.6683,117.0,0.0,0.0,0.0,1.0,3.0,0.0,0.0,0.0,0.0,0.0,0,0,0.0,0.0,0.0,0.0,0.0,0.0,0.0,0.0,0.0,0.0,0.0,0.0,0.0,0,4,3,0.030662192771817802,LOW
North Zone 1,Bellary Road 2,0.0,0.0,47,1,0,1.0969,75.0,0.0,1.0,0.0,0.7,2.5,0.0,1.0,0.0,0.0,0.0,0,0,0.0,0.0,0.0,0.0,0.0,0.0,0.0,0.0,0.0,0.0,0.0,0.0,0.0,0,4,3,0.10501457418810721,LOW
North Zone 1,Bellary Road 1,5.0,4.0,47,1,1,,,0.0,0.0,0.0,1.0,3.0,0.0,0.0,0.0,0.0,0.0,0,0,1.125,1.125,2.34,1.0,1.0,1.0,1.0,1.0,1.0,1.3333333333333333,0.5,0.0,0.0,0,4,2,0.10127676282408893,LOW
North Zone 1,Bellary Road 1,4.0,8.0,47,2,2,,,0.0,0.5,0.0,0.85,3.0,0.0,0.0,0.0,0.0,0.0,0,0,1.5,1.5,0.0,2.0,1.0,0.0,2.0,1.0,0.0,1.3333333333333333,0.5773502691896258,1.0,1.0,0,4,2,0.2601477091185786,LOW
Central Zone 2,Non-corridor,2.0,0.0,47,2,1,0.2448,97.9,0.0,0.5,0.0,0.85,1.0,0.0,0.0,0.0,0.0,0.0,0,1,3.466769214586467,2.2162085201913335,0.43772822009417767,3.0,2.0,5.0,2.0,1.0,3.0,4.0,2.217355782608343,1.0,1.0,0,1,11,0.718159128334034,HIGH
Central Zone 1,Old Madras Road,2.0,8.0,47,1,0,0.1526,10.7,0.0,0.0,1.0,0.5,3.0,0.0,0.0,0.0,0.0,0.0,0,0,1.26025390625,1.040863037109375,0.6424692119653144,1.0,2.0,1.0,1.0,2.0,0.0,1.3333333333333333,0.5,-1.0,-1.0,0,0,18,0.20085335432449408,LOW
Central Zone 1,Old Madras Road,6.0,0.0,47,1,1,,,0.0,0.0,1.0,0.5,1.0,0.0,0.0,0.0,0.0,0.0,0,0,3.6273374907832476,1.5576119759151652,0.7040687696398821,5.0,2.0,2.0,1.0,2.0,1.0,3.3333333333333335,1.4142135623730951,3.0,-1.0,0,0,18,0.6605566532616157,HIGH
North Zone 1,Bellary Road 1,0.0,0.0,47,1,1,3.042,83.2,0.0,0.0,1.0,0.5,3.0,1.0,0.0,0.0,0.0,0.0,0,0,0.0,0.0,0.0,0.0,0.0,0.0,0.0,0.0,0.0,0.0,0.0,0.0,0.0,0,4,2,0.07266028662600307,LOW
West Zone 1,Tumkur Road,2.0,8.0,47,2,1,0.0768,7.5,1.0,0.0,0.0,1.0,1.5,0.0,0.0,0.0,0.0,0.0,0,0,1.7512211799621582,1.2811731100082397,0.6991816041806442,2.0,2.0,1.0,2.0,1.0,0.0,1.6666666666666667,0.5773502691896257,0.0,1.0,0,8,19,0.16817875005035696,LOW
East Zone 1,ORR East 2,1.0,0.0,47,1,1,,,0.0,0.0,1.0,0.5,1.0,0.0,1.0,0.0,0.0,0.0,0,0,1.512939453125,1.378173828125,2.6163190965540166,1.0,3.0,1.0,1.0,3.0,1.0,1.6666666666666667,1.0,-2.0,-2.0,0,2,13,0.057119797633148776,LOW
South Zone 2,ORR East 1,3.0,0.0,47,2,2,2.223,606.3,0.0,0.0,0.0,1.0,2.0,0.5,0.0,0.0,0.0,0.0,0,0,1.0,0.75,0.0914,1.0,1.0,0.0,1.0,0.0,0.0,1.0,0.0,0.0,1.0,0,7,12,0.03326952605805591,LOW
South Zone 2,ORR East 1,1.0,12.0,47,1,0,0.0585,4.8,0.0,0.0,1.0,0.5,1.0,1.0,0.0,0.0,0.0,0.0,0,0,0.0,0.0,0.0,0.0,0.0,0.0,0.0,0.0,0.0,0.0,0.0,0.0,0.0,0,7,12,0.05996996571999635,LOW
West Zone 2,West of Chord Road,1.0,8.0,47,1,0,0.7206,61.7,0.0,0.0,1.0,0.5,2.5,0.0,0.0,0.0,0.0,0.0,0,0,1.5234375,0.390625,0.4041204815454577,2.0,1.0,1.0,0.0,1.0,1.0,1.3333333333333333,0.5,1.0,-1.0,0,9,21,0.14515625066882418,LOW
West Zone 2,West of Chord Road,2.0,12.0,47,1,1,,,0.0,1.0,0.0,0.7,2.5,0.0,0.0,0.0,0.0,0.0,0,0,1.5,0.453125,0.3258111146446176,2.0,1.0,1.0,0.0,1.0,1.0,1.3333333333333333,0.5,1.0,-1.0,0,9,21,0.04150373655692795,LOW
East Zone 1,ORR East 2,3.0,0.0,47,1,1,2.34,728.6,0.0,0.0,0.0,1.0,1.0,0.0,1.0,0.0,0.0,0.0,0,0,1.039064647749285,1.0078144092993284,2.5713519581369866,1.0,1.0,1.0,1.0,1.0,1.0,1.0,0.0,0.0,0.0,0,2,13,0.039350787547224764,LOW
East Zone 1,ORR East 2,3.0,4.0,47,1,1,,,1.0,0.0,1.0,0.5,2.5,0.0,1.0,0.0,0.0,0.0,0,0,1.125,1.0,0.07542,1.0,1.0,3.0,1.0,1.0,2.0,1.0,1.0,0.0,0.0,0,2,13,0.1994665935454448,LOW
East Zone 1,ORR East 1,3.0,0.0,47,1,0,0.0099,2.1,0.0,0.0,0.0,1.0,1.0,0.0,1.0,0.0,0.0,0.0,0,0,3.5102983117103577,3.510254740715027,2.8036915326479632,6.0,1.0,1.0,6.0,1.0,1.0,2.6666666666666665,2.5,5.0,5.0,0,2,12,0.0926229059739448,LOW
Central Zone 1,Non-corridor,2.0,12.0,47,1,0,0.0572,22.9,0.0,0.0,0.0,1.0,1.0,0.0,0.0,0.0,0.0,0.0,0,0,1.0,1.0,0.0,1.0,0.0,0.0,1.0,0.0,0.0,1.0,0.0,0.0,0.0,0,0,11,0.039051910062449034,LOW
South Zone 1,Non-corridor,6.0,4.0,47,1,1,,,0.0,0.0,0.0,1.0,2.5,0.0,0.0,0.0,0.0,0.0,0,0,7.4453125,7.2109375,0.2911992640692641,12.0,1.0,3.0,12.0,1.0,0.0,4.666666666666667,5.251983752196232,11.0,11.0,0,6,11,0.4281431795954738,MEDIUM
Central Zone 1,Mysore Road,5.0,0.0,47,1,0,0.4643,38.1,0.0,0.0,0.0,1.0,2.5,0.0,0.0,0.0,0.0,0.0,0,0,1.0,0.8125,0.5761421052631579,1.0,1.0,1.0,1.0,1.0,1.0,1.0,0.0,0.0,0.0,0,0,10,0.11203664025101376,LOW
North Zone 2,Bellary Road 1,5.0,4.0,47,2,1,0.0302,6.2,0.0,0.5,0.0,0.85,1.0,0.0,0.0,0.0,0.0,0.0,0,0,2.3594379648857284,1.9716762301386552,0.45314817422714554,3.0,1.0,2.0,3.0,0.0,2.0,2.3333333333333335,0.9574271077563381,2.0,3.0,0,5,2,0.08556986823529718,LOW
Central Zone 2,Non-corridor,4.0,4.0,47,1,1,,,0.0,0.0,1.0,0.5,2.5,0.0,0.0,0.0,0.0,0.0,0,0,3.0783934207543133,1.8399248795632657,0.3083086372942207,2.0,3.0,5.0,1.0,2.0,3.0,3.3333333333333335,1.5000000000000002,-1.0,-1.0,0,1,11,0.718159128334034,HIGH
Central Zone 1,Mysore Road,1.0,8.0,47,1,0,1.2012,70.4,1.0,0.0,1.0,0.5,2.5,0.0,0.0,0.0,0.0,0.0,0,0,1.0,0.125,0.2723726315789474,1.0,1.0,1.0,0.0,0.0,0.0,1.0,0.0,0.0,0.0,0,0,10,0.19192295123981232,LOW
Central Zone 1,Mysore Road,2.0,4.0,47,1,0,0.1908,23.3,1.0,1.0,0.0,0.7,1.0,0.0,0.0,0.0,0.0,0.0,0,0,1.0,1.0,0.0,1.0,0.0,0.0,1.0,0.0,0.0,1.0,0.0,0.0,0.0,0,0,10,0.023899452440942055,LOW
West Zone 2,West of Chord Road,4.0,0.0,47,1,0,1.3537,106.8,0.0,1.0,0.0,0.7,2.5,0.0,0.0,0.0,0.0,0.0,0,0,1.0009794235229492,0.939204216003418,0.2932745901093524,1.0,1.0,1.0,1.0,1.0,1.0,1.0,0.0,0.0,0.0,0,9,21,0.11854653152749134,LOW
Central Zone 1,IRR(Thanisandra road),0.0,4.0,47,1,0,0.7752,74.1,0.0,0.0,0.0,1.0,1.0,1.0,0.0,0.0,0.0,0.0,0,0,0.0,0.0,0.0,0.0,0.0,0.0,0.0,0.0,0.0,0.0,0.0,0.0,0.0,0,0,8,0.03548058916728186,LOW
East Zone 1,ORR East 1,5.0,0.0,48,1,0,0.282,39.9,0.0,0.0,1.0,0.5,1.5,0.0,1.0,0.0,0.0,0.0,0,0,1.5000801872124612,1.4942131824855096,0.5356804769840229,1.0,3.0,1.0,1.0,3.0,1.0,1.6666666666666667,1.0,-2.0,-2.0,0,2,12,0.11402119382849453,LOW
South Zone 1,Non-corridor,6.0,0.0,48,1,0,0.3748,69.2,0.0,0.0,0.0,1.0,2.5,0.0,0.0,0.0,0.0,0.0,0,0,1.1251068115234375,0.821807861328125,0.5944138362554358,1.0,1.0,1.0,1.0,0.0,1.0,1.3333333333333333,0.5,0.0,1.0,0,6,11,0.49167343568866084,MEDIUM
South Zone 1,Non-corridor,1.0,0.0,48,1,1,,,0.0,0.0,0.0,1.0,1.0,0.0,0.0,0.0,0.0,0.0,0,0,1.875,1.25,0.6289368421052632,2.0,1.0,1.0,1.0,1.0,0.0,2.3333333333333335,1.4142135623730951,1.0,0.0,0,6,11,0.37933597945068553,MEDIUM
South Zone 1,Non-corridor,1.0,8.0,48,2,1,0.5213,80.2,0.0,0.5,0.5,0.6,2.0,0.0,0.0,0.0,0.0,0.0,0,0,1.0,0.0,0.0485,1.0,0.0,0.0,0.0,0.0,0.0,1.0,0.0,0.0,0.0,0,6,11,0.17281875041443404,LOW
East Zone 1,ORR East 2,4.0,0.0,48,1,1,2.34,726.1,0.0,0.0,0.0,1.0,1.0,0.0,1.0,0.0,0.0,0.0,0,0,1.2500002980396099,1.1875000596192116,2.6098719421019263,1.0,2.0,1.0,1.0,2.0,0.0,1.3333333333333333,0.5,-1.0,-1.0,0,2,13,0.041269128804006176,LOW
East Zone 1,ORR East 2,2.0,0.0,48,1,1,2.34,719.3,0.0,0.0,0.0,1.0,1.0,0.0,1.0,0.0,0.0,0.0,0,0,1.0703774485737085,1.0625639203935862,2.3059498632698285,1.0,1.0,2.0,1.0,1.0,2.0,1.0,0.5,0.0,0.0,0,2,13,0.055072644892818025,LOW
East Zone 1,ORR East 2,3.0,0.0,48,1,1,2.34,733.1,0.0,0.0,0.0,1.0,1.0,0.0,1.0,0.0,0.0,0.0,0,0,1.0195323238746425,1.0039072046496642,2.4788111748821917,1.0,1.0,1.0,1.0,1.0,1.0,1.0,0.0,0.0,0.0,0,2,13,0.041133644141241,LOW
West Zone 2,West of Chord Road,2.0,4.0,48,1,0,0.6237,53.4,0.0,0.0,0.0,1.0,2.5,0.0,0.0,0.0,0.0,0.0,0,0,1.25,0.73095703125,0.4586755867697257,1.0,2.0,1.0,1.0,0.0,1.0,1.3333333333333333,0.5,-1.0,1.0,0,9,21,0.08645744671177162,LOW
West Zone 2,West of Chord Road,1.0,4.0,48,1,1,,,0.0,1.0,0.0,0.7,2.5,0.0,0.0,0.0,0.0,0.0,0,0,1.0,0.6953125,0.2973348051948052,1.0,1.0,1.0,1.0,0.0,1.0,1.0,0.0,0.0,1.0,0,9,21,0.042863686180241015,LOW
South Zone 2,ORR East 1,1.0,4.0,48,1,0,0.2825,24.4,0.0,0.0,0.0,1.0,1.0,1.0,0.0,0.0,0.0,0.0,0,0,1.0,0.75,0.1628,1.0,1.0,0.0,1.0,0.0,0.0,1.0,0.0,0.0,1.0,0,7,12,0.1406692786741748,LOW
South Zone 2,ORR East 1,2.0,0.0,48,1,0,0.0914,37.5,0.0,0.0,1.0,0.5,0.5,0.0,0.0,0.0,0.0,0.0,0,0,1.0,1.0,0.0,1.0,0.0,0.0,1.0,0.0,0.0,1.0,0.0,0.0,0.0,0,7,12,0.0490424786019365,LOW
South Zone 2,Non-corridor,3.0,4.0,48,1,1,,,0.0,0.0,0.0,1.0,1.0,1.0,0.0,0.0,0.0,0.0,0,0,1.0,0.96875,0.166,1.0,1.0,1.0,1.0,1.0,1.0,1.0,0.0,0.0,0.0,0,7,11,0.14732313644001063,LOW
South Zone 2,Non-corridor,4.0,0.0,48,1,1,,,0.0,0.0,0.0,1.0,3.0,0.0,1.0,0.0,0.0,0.0,0,0,1.125,0.80029296875,0.28106495185780983,1.0,1.0,1.0,1.0,1.0,0.0,1.3333333333333333,0.5,0.0,0.0,0,7,11,0.26756885857237095,LOW
Central Zone 2,Non-corridor,4.0,0.0,48,1,1,,,0.0,0.0,1.0,0.5,2.5,0.0,0.0,0.0,0.0,0.0,0,0,3.0393184296721607,1.5346806394419692,0.1770176206408759,1.0,2.0,15.0,0.0,2.0,2.0,2.6666666666666665,6.3966136874651625,-1.0,-2.0,0,1,11,0.7172740121448937,HIGH
Central Zone 2,Non-corridor,4.0,4.0,48,2,1,0.2444,39.1,0.0,0.0,0.5,0.75,2.75,0.0,0.0,0.0,0.0,0.0,0,0,2.0391967103771567,1.4199624397816328,0.3083086372942207,1.0,2.0,5.0,1.0,1.0,3.0,2.0,1.7078251276599332,-1.0,0.0,0,1,11,0.7033002071470335,HIGH
East Zone 1,Non-corridor,2.0,4.0,48,1,0,0.1747,23.3,0.0,0.0,0.0,1.0,3.0,0.0,1.0,0.0,0.0,0.0,0,0,1.0625,0.80859375,0.32827661556096865,1.0,1.0,2.0,1.0,0.0,2.0,1.0,0.5,0.0,1.0,0,2,11,0.3639802604379497,MEDIUM
North Zone 1,Airport New South Road,5.0,4.0,48,1,0,0.0916,19.6,0.0,0.0,0.0,1.0,1.0,0.0,1.0,0.0,0.0,0.0,0,0,1.765625,1.140625,1.12366,2.0,2.0,1.0,1.0,2.0,1.0,1.6666666666666667,0.5773502691896257,0.0,-1.0,0,4,0,0.05818432440644007,LOW
North Zone 1,Bellary Road 1,0.0,8.0,48,1,1,,,0.0,0.0,1.0,0.5,1.0,0.0,0.0,0.0,0.0,0.0,0,0,0.0,0.0,0.0,0.0,0.0,0.0,0.0,0.0,0.0,0.0,0.0,0.0,0.0,0,4,2,0.06072364908830122,LOW
North Zone 1,Bellary Road 1,1.0,0.0,48,2,1,0.5721,32.6,0.0,0.5,0.0,0.85,2.75,0.0,0.0,0.0,0.0,0.0,0,0,1.0,1.0,3.042,1.0,0.0,0.0,1.0,0.0,0.0,1.0,0.0,0.0,0.0,0,4,2,0.10649458517359497,LOW
East Zone 2,Non-corridor,6.0,12.0,48,1,1,,,0.0,0.0,0.0,1.0,2.5,0.0,1.0,0.0,0.0,0.0,0,0,1.0,0.638671875,0.35879090920655105,1.0,1.0,1.0,1.0,0.0,0.0,1.0,0.0,0.0,1.0,0,3,11,0.09385031911079664,LOW
Central Zone 1,Old Madras Road,3.0,4.0,48,2,1,0.3995,49.6,0.5,0.5,0.0,0.85,1.25,0.5,0.0,0.0,0.0,0.0,0,0,1.5938720703125,1.32568359375,0.2710400071950211,2.0,1.0,2.0,2.0,1.0,0.0,1.3333333333333333,0.5773502691896257,1.0,1.0,0,0,18,0.4901842202293898,MEDIUM
Central Zone 2,Mysore Road,4.0,8.0,48,2,1,0.6654,54.6,0.0,0.0,1.0,0.5,1.75,0.0,0.0,0.0,0.0,0.0,0,0,1.5250512372016594,0.7779149321559609,0.4595455270209369,1.0,2.0,2.0,0.0,2.0,1.0,1.6666666666666667,0.5,-1.0,-2.0,0,1,10,0.22677508814440675,LOW
North Zone 2,Non-corridor,0.0,8.0,48,2,1,0.5157,166.8,1.0,0.0,0.5,0.75,1.0,0.0,1.0,0.0,0.0,0.0,0,0,0.0,0.0,0.0,0.0,0.0,0.0,0.0,0.0,0.0,0.0,0.0,0.0,0.0,0,5,11,0.05805802002622222,LOW
Central Zone 2,Non-corridor,2.0,0.0,48,3,3,,,0.0,0.6666666666666666,0.0,0.7999999999999999,1.3333333333333333,0.3333333333333333,0.0,0.0,0.0,0.0,1,0,2.7333846072932335,1.6081042600956668,0.3605569320565066,2.0,3.0,7.0,1.0,2.0,5.0,2.3333333333333335,2.380476142847614,-1.0,-1.0,0,1,11,0.7033002071470335,HIGH
East Zone 1,Non-corridor,4.0,0.0,48,2,1,0.8451,147.5,0.0,0.0,0.5,0.75,1.75,0.0,1.0,0.0,0.0,0.0,0,0,1.62548828125,0.4746246337890625,0.6533732932264745,2.0,1.0,3.0,0.0,1.0,1.0,1.3333333333333333,0.9574271077563381,1.0,-1.0,0,2,11,0.08140392307119983,LOW
West Zone 1,Tumkur Road,4.0,8.0,48,2,0,0.66035,38.7,1.0,0.0,0.0,1.0,2.5,0.0,0.0,0.0,0.0,0.0,0,0,1.6273049121957683,0.33377374704986096,0.5443358909664499,2.0,1.0,3.0,0.0,0.0,3.0,1.3333333333333333,0.9574271077563381,1.0,0.0,0,8,19,0.31328830657751466,MEDIUM
North Zone 2,Bellary Road 2,5.0,12.0,48,1,1,,,0.0,0.0,0.0,1.0,3.0,0.0,1.0,0.0,0.0,0.0,0,0,1.531986840069294,1.529669165611267,1.5918064032704675,1.0,2.0,3.0,1.0,2.0,3.0,1.6666666666666667,0.816496580927726,-1.0,-1.0,0,5,3,0.0908982896080464,LOW
North Zone 1,Bellary Road 1,4.0,4.0,48,1,1,,,0.0,0.0,0.0,1.0,1.0,0.0,0.0,0.0,0.0,0.0,0,0,1.5,1.5,2.34,2.0,1.0,1.0,2.0,1.0,1.0,1.3333333333333333,0.5,1.0,1.0,0,4,2,0.11700967249462944,LOW
North Zone 1,Airport New South Road,6.0,0.0,48,1,1,,,0.0,0.0,0.0,1.0,2.5,0.0,1.0,0.0,0.0,0.0,0,0,1.25,1.125,0.8339543967345346,1.0,2.0,1.0,1.0,2.0,1.0,1.3333333333333333,0.5,-1.0,-1.0,0,4,0,0.08297668280482244,LOW
West Zone 1,Tumkur Road,3.0,4.0,48,1,1,,,0.0,1.0,0.0,0.7,3.0,0.0,0.0,0.0,0.0,0.0,0,0,1.753971245168941,0.5834550816216506,0.6081808557416932,2.0,2.0,1.0,1.0,0.0,1.0,1.6666666666666667,0.5773502691896257,0.0,1.0,0,8,19,0.3466127424958734,MEDIUM
Central Zone 1,Old Madras Road,5.0,0.0,48,1,1,,,0.0,0.0,1.0,0.5,3.0,0.0,0.0,0.0,0.0,0.0,0,1,1.1495994101278484,0.687166458570573,0.16106983621933008,1.0,1.0,1.0,1.0,0.0,0.0,1.3333333333333333,0.4999999999999999,0.0,1.0,0,0,18,0.4883290559103313,MEDIUM
North Zone 1,Airport New South Road,2.0,0.0,48,1,1,,,0.0,0.0,0.0,1.0,1.5,0.0,1.0,0.0,0.0,0.0,0,0,1.0,1.0,1.9172421052631579,1.0,1.0,1.0,1.0,1.0,1.0,1.0,0.0,0.0,0.0,0,4,0,0.04352597326351669,LOW
South Zone 2,Hosur Road,1.0,0.0,48,2,2,,,0.0,0.0,0.5,0.75,2.5,0.0,0.0,0.0,0.0,0.0,0,0,1.6328125,0.044921875,0.37973273055365675,1.0,3.0,1.0,0.0,0.0,0.0,2.0,0.9574271077563381,-2.0,0.0,0,7,7,0.20580232441657179,LOW
Central Zone 2,Mysore Road,4.0,4.0,48,1,1,,,0.0,0.0,0.0,1.0,3.0,0.0,0.0,0.0,0.0,0.0,0,0,1.9501996110348858,1.172690779740527,1.0189308902695204,1.0,4.0,2.0,0.0,3.0,2.0,2.3333333333333335,1.2583057392117916,-3.0,-3.0,0,1,10,0.4129197882344415,MEDIUM
North Zone 2,Bellary Road 2,6.0,8.0,48,1,1,,,0.0,0.0,0.0,1.0,1.0,0.0,1.0,0.0,0.0,0.0,0,0,1.0361335726089553,0.6216714474246117,0.6626277316664948,1.0,1.0,1.0,1.0,0.0,1.0,1.0,0.0,0.0,1.0,0,5,3,0.16156497294349767,LOW
East Zone 2,Old Airport Road,1.0,0.0,48,1,1,,,0.0,1.0,0.0,0.7,1.0,0.0,1.0,0.0,0.0,0.0,0,0,0.0,0.0,0.0,0.0,0.0,0.0,0.0,0.0,0.0,0.0,0.0,0.0,0.0,0,3,17,0.06145817776033133,LOW
East Zone 1,Non-corridor,3.0,0.0,48,3,1,1.2,1344.85,0.0,0.0,0.6666666666666666,0.6666666666666666,1.6666666666666667,0.0,1.0,0.0,0.0,0.0,0,0,1.0078125,0.593994140625,0.5205149300013671,1.0,1.0,1.0,1.0,0.0,1.0,1.0,0.0,0.0,1.0,0,2,11,0.09027929984127324,LOW
East Zone 1,Non-corridor,3.0,8.0,48,1,1,,,0.0,0.0,0.0,1.0,2.5,0.0,1.0,0.0,0.0,0.0,0,0,1.828125,1.3203125,0.22020690909090906,2.0,2.0,2.0,2.0,1.0,0.0,1.6666666666666667,0.5,0.0,1.0,0,2,11,0.31507234652467914,MEDIUM
East Zone 1,Non-corridor,4.0,4.0,48,1,0,1.134,108.0,1.0,0.0,0.0,1.0,3.0,0.0,1.0,0.0,0.0,0.0,0,0,1.001953125,0.9627685546875,0.987211650582932,1.0,1.0,1.0,1.0,1.0,1.0,1.0,0.0,0.0,0.0,0,2,11,0.04668927202235222,LOW
East Zone 1,Non-corridor,5.0,4.0,48,1,1,,,0.0,0.0,1.0,0.5,1.0,0.0,1.0,0.0,0.0,0.0,0,0,1.0009765625,0.48138427734375,1.082528760594015,1.0,1.0,1.0,0.0,1.0,1.0,1.0,0.0,0.0,-1.0,0,2,11,0.04108375600637836,LOW
South Zone 2,Bannerghata Road,4.0,0.0,48,1,1,,,0.0,0.0,0.0,1.0,2.5,0.0,0.0,0.0,0.0,0.0,0,0,1.0214996337890625,0.8642616271972656,1.1091546866588242,1.0,1.0,1.0,1.0,1.0,1.0,1.0,0.0,0.0,0.0,0,7,1,0.08778238530181837,LOW
North Zone 2,Non-corridor,1.0,8.0,48,1,1,,,1.0,1.0,0.0,0.7,1.0,0.0,1.0,0.0,0.0,0.0,0,0,1.5,0.875,0.2675831168831169,1.0,2.0,2.0,0.0,2.0,1.0,1.6666666666666667,0.5,-1.0,-2.0,0,5,11,0.08658839834477948,LOW
North Zone 2,Non-corridor,1.0,12.0,48,1,0,0.2665,46.1,0.0,0.0,0.0,1.0,1.0,1.0,0.0,0.0,0.0,0.0,0,0,1.0,0.0,0.691224,1.0,1.0,0.0,0.0,0.0,0.0,1.0,0.0,0.0,0.0,0,5,11,0.26963814961281884,LOW
North Zone 2,Non-corridor,2.0,0.0,48,1,1,,,0.0,0.0,0.0,1.0,3.0,0.0,0.0,0.0,0.0,0.0,0,0,1.0,0.875,0.1576,1.0,1.0,1.0,1.0,1.0,1.0,1.0,0.0,0.0,0.0,0,5,11,0.15041726676962444,LOW
North Zone 1,Bellary Road 1,3.0,0.0,48,1,1,1.7506,119.7,0.0,0.0,0.0,1.0,3.0,0.0,0.0,0.0,0.0,0.0,0,0,1.125,1.0,2.0540399999999996,1.0,1.0,1.0,1.0,1.0,1.0,1.3333333333333333,0.5,0.0,0.0,0,4,2,0.06053383415089911,LOW
East Zone 1,Non-corridor,0.0,16.0,48,2,2,,,1.0,0.0,0.0,1.0,1.0,0.0,1.0,0.0,0.0,0.0,0,0,0.0,0.0,0.0,0.0,0.0,0.0,0.0,0.0,0.0,0.0,0.0,0.0,0.0,0,2,11,0.10224737146503457,LOW
East Zone 1,Non-corridor,1.0,0.0,48,1,1,,,0.0,0.0,0.0,1.0,1.0,0.0,1.0,0.0,0.0,0.0,0,0,2.0,1.03125,0.12492224,3.0,1.0,1.0,2.0,0.0,0.0,1.6666666666666667,1.0,2.0,2.0,0,2,11,0.2397367148929238,LOW
West Zone 1,Tumkur Road,1.0,8.0,48,1,1,,,1.0,0.0,1.0,0.5,2.5,0.0,0.0,0.0,0.0,0.0,0,0,1.15631103515625,0.9901580810546875,1.1080532569612052,1.0,1.0,3.0,1.0,1.0,3.0,1.0,1.0,0.0,0.0,0,8,19,0.053695269359328536,LOW
West Zone 1,Tumkur Road,1.0,12.0,48,2,1,0.093,15.9,0.0,1.0,0.0,0.7,1.75,0.0,0.0,0.0,0.0,0.0,0,0,1.5,1.4453125,0.32960842105263166,2.0,1.0,1.0,2.0,1.0,1.0,1.3333333333333333,0.5,1.0,1.0,0,8,19,0.17259117526448411,LOW
West Zone 1,Tumkur Road,2.0,0.0,48,1,0,0.6374,52.3,0.0,0.0,1.0,0.5,2.5,0.0,0.0,0.0,0.0,0.0,0,0,1.1252315044403076,0.43147969245910645,0.6920420923658916,1.0,1.0,1.0,0.0,1.0,0.0,1.3333333333333333,0.5,0.0,-1.0,0,8,19,0.18744171701228746,LOW
Central Zone 1,Old Madras Road,6.0,4.0,48,1,0,0.7186,149.9,0.0,0.0,1.0,0.5,1.0,0.0,0.0,0.0,0.0,0.0,0,0,1.141161922365427,0.5617775171995163,0.3328612591169162,1.0,1.0,1.0,0.0,1.0,0.0,1.3333333333333333,0.5,0.0,-1.0,0,0,18,0.3279547086388595,MEDIUM
East Zone 1,Non-corridor,1.0,8.0,48,1,1,,,1.0,0.0,0.0,1.0,3.0,0.0,1.0,0.0,0.0,0.0,0,0,1.5,1.25,0.6038,2.0,1.0,1.0,2.0,0.0,1.0,1.3333333333333333,0.5,1.0,2.0,0,2,11,0.31779977373555773,MEDIUM
Central Zone 2,Non-corridor,2.0,4.0,48,2,2,,,0.0,0.5,0.0,0.85,2.75,0.0,0.0,0.0,0.0,0.0,0,1,1.7815117846884463,1.1354279122592645,0.23005762584079156,1.0,2.0,3.0,1.0,0.0,2.0,2.0,0.957427107756338,-1.0,1.0,0,1,11,0.6891809462981994,HIGH
South Zone 2,Hosur Road,1.0,8.0,48,1,1,,,0.0,0.0,0.0,1.0,2.5,0.0,0.0,0.0,0.0,0.0,0,0,1.34375,0.765625,1.1754494736842107,1.0,2.0,2.0,1.0,0.0,1.0,1.3333333333333333,0.5773502691896257,-1.0,1.0,0,7,7,0.06768610159334092,LOW
East Zone 2,ORR East 2,2.0,4.0,48,2,2,,,0.0,0.0,0.5,0.75,3.0,0.0,0.0,0.0,0.0,0.0,0,0,1.0,1.0,2.1645,1.0,0.0,0.0,1.0,0.0,0.0,1.0,0.0,0.0,0.0,0,3,13,0.04698100720543925,LOW
East Zone 2,Non-corridor,4.0,8.0,48,1,0,0.0098,4.2,0.0,0.0,0.0,1.0,1.0,0.0,1.0,0.0,0.0,0.0,0,0,1.00537109375,0.213958740234375,0.26972576054366837,1.0,1.0,1.0,0.0,0.0,1.0,1.0,0.0,0.0,0.0,0,3,11,0.2092686083537858,LOW
East Zone 2,Non-corridor,5.0,0.0,48,1,0,0.9672,414.5,0.0,0.0,1.0,0.5,1.0,0.0,1.0,0.0,0.0,0.0,0,0,1.5244507789611816,0.6292651295661926,0.5383176228477533,1.0,3.0,1.0,0.0,2.0,1.0,1.6666666666666667,1.0,-2.0,-2.0,0,3,11,0.05793588385571892,LOW
West Zone 1,Tumkur Road,5.0,12.0,48,1,0,0.1119,15.3,0.0,0.0,0.0,1.0,1.5,0.0,0.0,0.0,0.0,0.0,0,0,1.8780944347381592,1.1236297823488712,1.3069131844248993,1.0,4.0,1.0,0.0,3.0,1.0,2.3333333333333335,1.4142135623730951,-3.0,-3.0,0,8,19,0.09153386481147051,LOW
West Zone 1,West of Chord Road,0.0,4.0,48,1,0,0.5401,38.2,0.0,1.0,0.0,0.7,2.5,0.0,0.0,0.0,0.0,0.0,0,0,0.0,0.0,0.0,0.0,0.0,0.0,0.0,0.0,0.0,0.0,0.0,0.0,0.0,0,8,21,0.07534627976029003,LOW
Central Zone 1,Old Madras Road,1.0,8.0,48,1,1,,,1.0,0.0,1.0,0.5,1.0,0.0,0.0,0.0,0.0,0.0,0,0,1.328125,0.3076171875,0.28092500506314283,1.0,2.0,2.0,0.0,0.0,2.0,1.3333333333333333,0.5773502691896257,-1.0,0.0,0,0,18,0.20738453865502032,LOW
Central Zone 2,Mysore Road,4.0,12.0,48,2,1,0.076,10.4,0.0,0.0,0.5,0.75,1.25,0.0,0.0,0.0,0.0,0.0,0,0,1.8795825093984604,1.1704795330297202,1.1299380306140108,1.0,4.0,2.0,0.0,4.0,0.0,2.0,1.4142135623730951,-3.0,-4.0,0,1,10,0.3808269328873337,MEDIUM
East Zone 1,Non-corridor,0.0,8.0,48,1,0,0.6038,241.5,0.0,0.0,1.0,0.5,1.0,0.0,1.0,0.0,0.0,0.0,0,0,1.0,1.0,0.0,1.0,1.0,0.0,1.0,1.0,0.0,1.0,0.0,0.0,0.0,0,2,11,0.038335784971349214,LOW
Central Zone 2,Old Madras Road,1.0,0.0,48,1,1,,,0.0,1.0,0.0,0.7,2.5,0.0,0.0,0.0,0.0,0.0,0,0,0.0,0.0,0.0,0.0,0.0,0.0,0.0,0.0,0.0,0.0,0.0,0.0,0.0,0,1,18,0.03372952474161044,LOW
Central Zone 2,Mysore Road,4.0,0.0,48,1,1,,,0.0,0.0,0.0,1.0,3.0,0.0,0.0,0.0,0.0,0.0,0,0,1.635407263480678,1.3476100881287467,0.4336121522743807,1.0,3.0,2.0,1.0,3.0,0.0,1.6666666666666667,0.9574271077563381,-2.0,-2.0,0,1,10,0.5773584830324704,MEDIUM
North Zone 2,Bellary Road 2,5.0,8.0,48,3,2,0.145,8.5,1.0,0.0,0.0,1.0,2.6666666666666665,0.0,1.0,0.0,0.0,0.0,0,0,1.0031134062810452,0.3662486512093892,0.6611134175015155,1.0,1.0,1.0,0.0,1.0,1.0,1.0,0.0,0.0,-1.0,0,5,3,0.1864842549334568,LOW
Central Zone 2,Bellary Road 1,0.0,4.0,48,1,1,,,1.0,0.0,1.0,0.5,2.5,0.0,0.0,0.0,0.0,0.0,0,0,0.0,0.0,0.0,0.0,0.0,0.0,0.0,0.0,0.0,0.0,0.0,0.0,0.0,0,1,2,0.056036386848499084,LOW
West Zone 1,Tumkur Road,1.0,4.0,48,1,0,0.0834,17.1,0.0,0.0,0.0,1.0,1.0,0.0,0.0,0.0,0.0,0.0,0,0,1.0761871337890625,0.497833251953125,0.4677250607355364,1.0,1.0,1.0,0.0,1.0,0.0,1.0,0.0,0.0,-1.0,0,8,19,0.10433545214593448,LOW
North Zone 1,Bellary Road 2,4.0,0.0,48,1,0,0.2909,61.2,0.0,0.0,0.0,1.0,1.0,0.0,0.0,0.0,0.0,0.0,0,0,1.5,1.4375,1.0969,2.0,1.0,1.0,2.0,1.0,1.0,1.3333333333333333,0.5,1.0,1.0,0,4,3,0.2835202983054401,LOW
Central Zone 2,Non-corridor,1.0,20.0,48,1,1,,,0.0,1.0,0.0,0.7,1.0,0.0,0.0,0.0,0.0,0.0,0,0,1.5,0.98046875,0.12240909507526349,2.0,1.0,1.0,1.0,1.0,1.0,1.3333333333333333,0.5,1.0,0.0,0,1,11,0.4497705330420006,MEDIUM
North Zone 2,Non-corridor,1.0,0.0,48,1,0,0.1576,29.1,0.0,0.0,0.0,1.0,2.5,0.0,0.0,0.0,0.0,0.0,0,0,1.0,1.0,0.0,1.0,1.0,0.0,1.0,1.0,0.0,1.0,0.0,0.0,0.0,0,5,11,0.13725497958386979,LOW
Central Zone 1,Old Madras Road,1.0,12.0,48,2,2,,,0.0,0.5,0.5,0.6,1.75,0.0,0.0,0.0,0.0,0.0,0,0,1.25,0.5,0.11282,1.0,1.0,0.0,0.0,0.0,0.0,1.3333333333333333,0.5773502691896257,0.0,0.0,0,0,18,0.16325035041015412,LOW
East Zone 2,Non-corridor,5.0,4.0,48,1,1,,,1.0,0.0,0.0,1.0,1.0,1.0,1.0,0.0,0.0,0.0,0,0,1.00048828125,0.4834747314453125,0.4812640699567835,1.0,1.0,1.0,0.0,1.0,1.0,1.0,0.0,0.0,-1.0,0,3,11,0.17120406958450982,LOW
East Zone 2,Non-corridor,3.0,0.0,48,1,0,0.0143,2.4,0.0,0.0,1.0,0.5,1.0,1.0,1.0,0.0,0.0,0.0,0,0,1.0751953125,0.7349853515625,0.6659198867335493,1.0,1.0,1.0,1.0,0.0,1.0,1.0,0.0,0.0,1.0,0,3,11,0.11622262712047902,LOW
West Zone 1,Tumkur Road,6.0,8.0,48,1,1,,,1.0,0.0,0.0,1.0,2.5,0.0,0.0,0.0,0.0,0.0,0,0,1.789154917551258,0.33397587150901487,0.9318452984727815,1.0,4.0,1.0,0.0,1.0,0.0,2.0,1.5000000000000002,-3.0,-1.0,0,8,19,0.0897143632516816,LOW
West Zone 2,Bellary Road 1,2.0,0.0,48,2,1,0.1311,26.9,0.0,0.5,0.5,0.6,1.0,0.0,0.0,0.0,0.0,0.0,0,0,1.0,0.6875,0.22370779220779222,1.0,1.0,1.0,1.0,0.0,1.0,1.0,0.0,0.0,1.0,0,9,2,0.1666249355894347,LOW
Central Zone 2,Mysore Road,5.0,0.0,48,1,1,,,0.0,0.0,1.0,0.5,2.5,0.0,0.0,0.0,0.0,0.0,0,1,1.4143842049882178,1.105022901622086,0.39103955760061065,1.0,1.0,1.0,1.0,0.0,1.0,2.0,1.5000000000000002,0.0,1.0,0,1,10,0.43484283302397436,MEDIUM
North Zone 2,Non-corridor,5.0,4.0,48,1,0,1.2285,212.5,0.0,0.0,1.0,0.5,1.0,1.0,0.0,0.0,0.0,0.0,0,0,1.017578125,1.0107421875,0.548104,1.0,1.0,1.0,1.0,1.0,1.0,1.0,0.0,0.0,0.0,0,5,11,0.3421836760285178,MEDIUM
Central Zone 2,Bellary Road 1,1.0,0.0,48,1,0,1.3479,110.6,0.0,0.0,1.0,0.5,2.5,0.0,0.0,0.0,0.0,0.0,0,0,1.0,0.375,0.5443789473684211,1.0,1.0,1.0,0.0,1.0,1.0,1.0,0.0,0.0,-1.0,0,1,2,0.25177130222276556,LOW
West Zone 1,Non-corridor,6.0,4.0,48,2,1,0.399,38.0,0.5,0.0,0.5,0.75,2.0,0.0,0.0,0.0,0.0,0.0,0,0,2.6270751953125,1.5641756057739258,0.4238334586374497,3.0,2.0,1.0,2.0,0.0,0.0,3.0,1.2909944487358054,1.0,2.0,0,8,11,0.5552709308969946,MEDIUM
Central Zone 2,Mysore Road,3.0,4.0,48,2,2,,,0.5,0.5,0.0,0.85,2.5,0.0,0.0,0.0,0.0,0.0,0,0,1.0044016997230756,0.8353584542996941,0.1414861547270238,1.0,1.0,1.0,1.0,1.0,1.0,1.0,0.0,0.0,0.0,0,1,10,0.16923368263837973,LOW
Central Zone 2,Mysore Road,3.0,8.0,48,1,1,,,1.0,0.0,0.0,1.0,2.5,0.0,0.0,0.0,0.0,0.0,0,0,1.6098675779970222,1.3395621108158338,0.7857859184370716,1.0,2.0,3.0,1.0,1.0,3.0,1.3333333333333333,0.9574271077563381,-1.0,0.0,0,1,10,0.31846959064706964,MEDIUM
Central Zone 2,Non-corridor,2.0,8.0,48,2,2,,,1.0,0.0,0.5,0.75,2.0,0.0,0.0,0.0,0.0,0.0,0,0,3.8690302828699377,2.6855821234212236,0.1270454926924525,4.0,4.0,1.0,4.0,1.0,0.0,4.0,1.4999999999999996,0.0,3.0,0,1,11,0.6796403415708856,HIGH
North Zone 1,Bellary Road 2,6.0,0.0,48,1,1,,,0.0,0.0,0.0,1.0,1.0,0.0,0.0,0.0,0.0,0.0,0,0,1.03125,0.71484375,0.2425661966369373,1.0,1.0,1.0,1.0,0.0,0.0,1.0,0.0,0.0,1.0,0,4,3,0.23359877380353253,LOW
West Zone 1,Tumkur Road,1.0,0.0,48,1,0,0.1047,19.7,0.0,1.0,0.0,0.7,1.0,0.0,0.0,0.0,0.0,0.0,0,0,1.1185302734375,0.9176025390625,0.20780183734935426,1.0,1.0,1.0,1.0,1.0,1.0,1.0,0.0,0.0,0.0,0,8,19,0.18786248061061586,LOW
South Zone 2,Hosur Road,5.0,0.0,48,1,1,1.8,162.6,0.0,0.0,0.0,1.0,2.5,0.0,1.0,0.0,0.0,0.0,0,0,1.329133034731285,0.8993720958255267,0.9129719836803539,1.0,2.0,1.0,1.0,1.0,1.0,1.3333333333333333,0.5000000000000006,-1.0,0.0,0,7,7,0.036457159884783104,LOW
North Zone 1,Non-corridor,1.0,8.0,48,1,1,,,1.0,0.0,0.0,1.0,1.0,0.0,1.0,1.0,0.0,0.0,0,0,1.125,0.6875,0.35082,1.0,1.0,3.0,1.0,0.0,2.0,1.0,1.0,0.0,1.0,0,4,11,0.4349742176861142,MEDIUM
West Zone 1,Non-corridor,4.0,12.0,48,1,0,0.0379,15.7,0.0,0.0,0.0,1.0,1.0,0.0,0.0,0.0,0.0,0.0,0,0,1.343994140625,0.474365234375,0.3508556422568887,1.0,2.0,2.0,0.0,1.0,1.0,1.3333333333333333,0.5773502691896257,-1.0,-1.0,0,8,11,0.04455132473409355,LOW
West Zone 1,Non-corridor,5.0,4.0,48,1,1,,,1.0,0.0,1.0,0.5,2.5,0.0,0.0,0.0,0.0,0.0,0,0,1.06640625,1.053619384765625,0.21422659627921767,1.0,1.0,2.0,1.0,1.0,2.0,1.0,0.5,0.0,0.0,0,8,11,0.3359986853816545,MEDIUM
North Zone 2,Bellary Road 2,4.0,4.0,48,1,1,,,0.0,0.0,0.0,1.0,3.0,0.0,1.0,0.0,0.0,0.0,0,0,1.1523754599038512,0.8932806106749922,0.824569579435255,1.0,1.0,1.0,1.0,0.0,1.0,1.3333333333333333,0.5,0.0,1.0,0,5,3,0.19090515663084184,LOW
South Zone 2,Hosur Road,3.0,4.0,48,1,1,,,0.0,1.0,0.0,0.7,2.5,0.0,0.0,0.0,0.0,0.0,0,0,1.517578125,1.0,0.14937344055810234,1.0,3.0,1.0,0.0,3.0,1.0,1.6666666666666667,1.0,-2.0,-3.0,0,7,7,0.09439650316950524,LOW
South Zone 2,Hosur Road,2.0,12.0,48,1,0,0.4041,36.5,0.0,0.0,0.0,1.0,2.5,0.0,1.0,0.0,0.0,0.0,0,0,2.125,1.864501953125,0.3561309935259914,3.0,1.0,1.0,3.0,0.0,1.0,2.0,0.9574271077563381,2.0,3.0,0,7,7,0.32497203369256594,MEDIUM
North Zone 2,Bellary Road 2,4.0,8.0,48,1,0,0.0914,12.5,0.0,0.0,0.0,1.0,1.5,0.0,1.0,0.0,0.0,0.0,0,0,1.7970320079475641,1.7596547096036375,0.1783311148857779,2.0,2.0,1.0,2.0,2.0,1.0,1.6666666666666667,0.5773502691896257,0.0,0.0,0,5,3,0.10298727834942997,LOW
North Zone 2,Bellary Road 2,4.0,12.0,48,1,1,,,0.0,0.0,1.0,0.5,1.0,0.0,1.0,0.0,0.0,0.0,0,0,1.094315528869629,0.7976531982421875,0.3369101238939324,1.0,1.0,2.0,1.0,0.0,2.0,1.0,0.5,0.0,1.0,0,5,3,0.24651651187002094,LOW
North Zone 2,Bellary Road 2,3.0,8.0,48,1,1,,,0.0,0.0,1.0,0.5,1.0,0.0,1.0,0.0,0.0,0.0,0,0,1.376256063580513,1.0772376768290997,0.1783311148857779,1.0,1.0,3.0,1.0,1.0,2.0,1.3333333333333333,0.9574271077563381,0.0,0.0,0,5,3,0.28107780156233453,LOW
North Zone 2,Non-corridor,2.0,12.0,48,2,2,,,0.0,0.0,0.0,1.0,2.5,0.0,0.0,0.0,0.0,0.0,0,0,1.25,0.4375,0.21448541922077918,1.0,2.0,1.0,0.0,1.0,1.0,1.3333333333333333,0.5,-1.0,-1.0,0,5,11,0.1158313475863293,LOW
West Zone 1,Tumkur Road,6.0,0.0,48,2,0,0.5575,48.35,0.0,0.0,0.0,1.0,2.0,0.0,0.0,0.0,0.0,0.0,0,0,2.1924061044392165,1.9010905038098889,0.3214656447442503,3.0,1.0,2.0,3.0,1.0,0.0,2.0,0.816496580927726,2.0,2.0,0,8,19,0.475605012977242,MEDIUM
East Zone 2,Non-corridor,4.0,4.0,48,1,1,,,0.0,0.0,0.0,1.0,1.0,0.0,1.0,0.0,0.0,0.0,0,0,1.015625,0.47119140625,0.6879931454599766,1.0,1.0,1.0,0.0,1.0,1.0,1.0,0.0,0.0,-1.0,0,3,11,0.09794979242010174,LOW
West Zone 1,Tumkur Road,6.0,4.0,48,1,1,,,0.0,0.0,0.0,1.0,1.0,0.0,0.0,0.0,0.0,0.0,0,0,2.1328144972290093,1.075915286952863,0.25269773479406626,3.0,1.0,1.0,2.0,0.0,1.0,2.0,0.9574271077563381,2.0,2.0,0,8,19,0.23797913691169195,LOW
East Zone 2,Non-corridor,1.0,20.0,48,1,1,,,0.0,0.0,0.0,1.0,3.0,0.0,1.0,0.0,0.0,0.0,0,0,1.0,1.0,0.0,1.0,0.0,0.0,1.0,0.0,0.0,1.0,0.0,0.0,0.0,0,3,11,0.12735733686565817,LOW
East Zone 2,Non-corridor,2.0,0.0,48,3,2,0.1388,22.2,0.0,0.0,0.3333333333333333,0.8333333333333334,1.5,0.0,1.0,0.0,0.0,0.0,0,0,1.8125,1.0390625,1.0403711191855236,2.0,1.0,2.0,1.0,1.0,2.0,2.0,0.816496580927726,1.0,0.0,0,3,11,0.23823812257960714,LOW
North Zone 2,ORR North 2,0.0,12.0,48,1,1,,,0.0,0.0,0.0,1.0,3.0,0.0,0.0,0.0,0.0,0.0,0,0,1.0,1.0,0.0,1.0,0.0,0.0,1.0,0.0,0.0,1.0,0.0,0.0,0.0,0,5,15,0.09106695275867692,LOW
North Zone 2,Non-corridor,4.0,0.0,48,1,0,0.2477,45.3,0.0,0.0,0.0,1.0,2.5,0.0,0.0,0.0,0.0,0.0,0,0,1.5,0.4921875,0.3374699670439891,2.0,1.0,1.0,0.0,1.0,1.0,1.3333333333333333,0.5,1.0,-1.0,0,5,11,0.47992452591324997,MEDIUM
North Zone 2,Non-corridor,4.0,8.0,48,2,0,0.0504,11.8,1.0,0.0,0.0,1.0,1.25,0.0,0.0,0.0,0.0,0.0,0,0,1.515625,1.37109375,0.28674992410187217,2.0,1.0,1.0,2.0,1.0,1.0,1.3333333333333333,0.5,1.0,1.0,0,5,11,0.22543833026553117,LOW
North Zone 2,Non-corridor,4.0,12.0,48,1,0,0.2888,52.8,0.0,0.0,0.0,1.0,2.5,0.0,0.0,0.0,0.0,0.0,0,0,1.203125,0.65234375,0.14032724760387646,1.0,1.0,2.0,0.0,1.0,2.0,1.3333333333333333,0.5773502691896257,0.0,-1.0,0,5,11,0.4482688606469059,MEDIUM
West Zone 1,Non-corridor,3.0,4.0,48,2,2,,,0.0,0.0,0.5,0.75,1.75,0.0,0.0,0.0,0.0,0.0,0,0,1.0625,0.85791015625,0.21422659627921767,1.0,1.0,2.0,1.0,1.0,1.0,1.0,0.5,0.0,0.0,0,8,11,0.33911772860240286,MEDIUM
Central Zone 2,Non-corridor,6.0,4.0,48,1,1,,,1.0,0.0,0.0,1.0,3.0,0.0,0.0,0.0,0.0,0.0,0,0,2.125318912711027,1.2070305012323024,0.2565640854925516,2.0,1.0,9.0,1.0,1.0,6.0,1.3333333333333333,3.8622100754188224,1.0,0.0,0,1,11,0.6748611184383546,HIGH
West Zone 1,Non-corridor,1.0,8.0,48,4,2,0.62285,77.8,0.25,0.25,0.5,0.675,1.75,0.0,0.0,0.0,0.0,0.0,0,1,2.0,1.5625,0.3247652631578948,3.0,1.0,1.0,3.0,0.0,1.0,1.6666666666666667,1.0,2.0,3.0,0,8,11,0.5316530656606558,MEDIUM
West Zone 1,Non-corridor,1.0,12.0,48,1,1,,,0.0,0.0,0.0,1.0,2.5,0.0,0.0,0.0,0.0,0.0,0,0,1.25,0.75,0.1104,1.0,1.0,1.0,0.0,1.0,1.0,1.6666666666666667,1.0,0.0,-1.0,0,8,11,0.2620879337099132,LOW
Central Zone 2,Non-corridor,6.0,8.0,48,2,2,,,0.5,0.0,0.5,0.75,2.0,0.0,0.0,0.0,0.0,0.0,0,0,2.769043740473335,1.043478698693539,0.37758612501489913,1.0,2.0,8.0,0.0,1.0,5.0,3.6666666666666665,3.774917217635375,-1.0,-1.0,0,1,11,0.718159128334034,HIGH
Central Zone 2,Mysore Road,3.0,0.0,48,1,0,0.3057,20.9,0.0,1.0,0.0,0.7,2.5,0.0,0.0,0.0,0.0,0.0,0,0,2.328518902107081,1.9763651219183276,0.49512535393649876,1.0,5.0,1.0,1.0,4.0,0.0,3.0,1.9148542155126762,-4.0,-3.0,0,1,10,0.5666152372178553,MEDIUM
North Zone 2,Bellary Road 2,3.0,12.0,48,1,1,,,0.0,0.0,1.0,0.5,1.5,0.0,1.0,0.0,0.0,0.0,0,0,2.018096923828125,0.52490234375,0.4468179136900201,2.0,2.0,1.0,0.0,1.0,0.0,2.3333333333333335,0.816496580927726,0.0,-1.0,0,5,3,0.08563334493294969,LOW
North Zone 2,Bellary Road 2,4.0,0.0,48,3,3,,,0.0,0.0,0.3333333333333333,0.8333333333333334,2.1666666666666665,0.0,1.0,0.0,0.0,0.0,1,0,1.3801967056497233,1.112365774999489,0.6568069897926273,1.0,1.0,2.0,1.0,1.0,1.0,1.6666666666666667,0.9574271077563381,0.0,0.0,0,5,3,0.23828110121188903,LOW
West Zone 1,West of Chord Road,5.0,8.0,48,1,1,,,1.0,0.0,0.0,1.0,2.5,0.0,0.0,0.0,0.0,0.0,0,0,1.0,0.0,0.9896,1.0,0.0,0.0,0.0,0.0,0.0,1.0,0.0,0.0,0.0,0,8,21,0.03683578994557319,LOW
West Zone 2,Bellary Road 1,0.0,8.0,48,1,0,0.0498,7.3,1.0,0.0,1.0,0.5,1.0,0.0,0.0,0.0,0.0,0.0,0,0,1.0,1.0,0.0,1.0,0.0,0.0,1.0,0.0,0.0,1.0,0.0,0.0,0.0,0,9,2,0.027876177873414877,LOW
Central Zone 1,Old Airport Road,5.0,0.0,48,1,1,,,0.0,0.0,0.0,1.0,1.0,1.0,0.0,0.0,0.0,0.0,0,0,1.5,0.3125,0.2790312753462604,2.0,1.0,1.0,0.0,1.0,1.0,1.3333333333333333,0.5,1.0,-1.0,0,0,17,0.3396912135030076,MEDIUM
West Zone 2,Bellary Road 1,1.0,12.0,48,2,1,0.3495,71.7,0.0,0.0,1.0,0.5,2.0,0.0,0.0,0.0,0.0,0.0,0,0,1.0,0.5,0.1048,1.0,1.0,0.0,0.0,1.0,0.0,1.0,0.0,0.0,-1.0,0,9,2,0.21548911032236737,LOW
East Zone 2,Non-corridor,2.0,20.0,48,1,1,,,0.0,0.0,0.0,1.0,3.0,0.0,1.0,0.0,0.0,0.0,0,0,1.0,1.0,0.0,1.0,1.0,0.0,1.0,1.0,0.0,1.0,0.0,0.0,0.0,0,3,11,0.12751290497377277,LOW
West Zone 2,Bellary Road 1,6.0,0.0,48,1,1,,,0.0,0.0,1.0,0.5,1.0,0.0,0.0,0.0,0.0,0.0,0,0,1.13134765625,0.217620849609375,0.41074539200286303,1.0,1.0,1.0,0.0,0.0,1.0,1.3333333333333333,0.5,0.0,0.0,0,9,2,0.06465123205724867,LOW
West Zone 2,Bellary Road 1,5.0,12.0,48,1,1,2.34,1019.1,0.0,0.0,1.0,0.5,1.0,0.0,0.0,0.0,0.0,0.0,0,0,1.4453125,0.62109375,0.6465193602187287,1.0,1.0,2.0,0.0,0.0,1.0,2.0,1.4142135623730951,0.0,0.0,0,9,2,0.08985999105378531,LOW
West Zone 2,Bellary Road 1,3.0,0.0,48,2,1,0.1541,31.6,0.0,0.0,1.0,0.5,2.0,0.0,0.0,0.0,0.0,0.0,0,0,1.625,0.7109375,0.502012065618592,1.0,3.0,1.0,0.0,2.0,1.0,2.0,0.9574271077563381,-2.0,-2.0,0,9,2,0.2068593636140411,LOW
Central Zone 2,CBD 2,3.0,0.0,48,1,1,,,0.0,0.0,0.0,1.0,1.0,0.0,0.0,0.0,0.0,0.0,0,0,1.0,0.93359375,0.6410690555927662,1.0,1.0,1.0,1.0,1.0,0.0,1.0,0.0,0.0,0.0,0,1,5,0.10043142848190799,LOW
Central Zone 2,CBD 2,4.0,0.0,48,1,0,0.6611,135.6,0.0,0.0,0.0,1.0,1.0,0.0,0.0,0.0,0.0,0.0,0,0,1.0625,0.9354248046875,0.3023125578918364,1.0,1.0,2.0,1.0,1.0,2.0,1.0,0.5,0.0,0.0,0,1,5,0.23294368211317862,LOW
Central Zone 2,CBD 2,1.0,4.0,48,1,0,1.1988,245.9,0.0,0.0,0.0,1.0,1.0,0.0,0.0,0.0,0.0,0.0,0,0,1.0,0.875,0.1199,1.0,1.0,1.0,1.0,1.0,1.0,1.0,0.0,0.0,0.0,0,1,5,0.05654304685323224,LOW
North Zone 1,Non-corridor,6.0,4.0,48,1,0,0.3125,50.0,0.0,0.0,0.0,1.0,2.5,0.0,0.0,0.0,0.0,0.0,0,0,1.0078125,0.1640625,0.3981962105263157,1.0,1.0,1.0,0.0,0.0,0.0,1.0,0.0,0.0,0.0,0,4,11,0.4877904079147886,MEDIUM
North Zone 1,Non-corridor,1.0,4.0,48,1,1,,,0.0,0.0,0.0,1.0,1.0,0.0,1.0,0.0,0.0,0.0,0,0,1.0,1.0,0.0,1.0,0.0,0.0,1.0,0.0,0.0,1.0,0.0,0.0,0.0,0,4,11,0.09270810801368641,LOW
South Zone 2,Hosur Road,4.0,8.0,48,1,0,0.1674,24.1,0.0,0.0,1.0,0.5,1.5,0.0,1.0,0.0,0.0,0.0,0,0,1.054830551147461,0.9976663589477539,1.9474288419864048,1.0,1.0,1.0,1.0,1.0,1.0,1.0,0.0,0.0,0.0,0,7,7,0.12205659042737435,LOW
Central Zone 2,Non-corridor,2.0,16.0,48,1,1,,,1.0,0.0,0.0,1.0,3.0,0.0,0.0,0.0,0.0,0.0,0,0,1.0078125,0.2578125,0.62344,1.0,1.0,1.0,0.0,0.0,1.0,1.0,0.0,0.0,0.0,0,1,11,0.13734316676139918,LOW
West Zone 1,Non-corridor,2.0,12.0,48,1,0,0.4473,76.0,0.0,0.0,0.0,1.0,2.5,0.0,0.0,0.0,0.0,0.0,0,0,1.015625,0.359375,0.5561645429362881,1.0,1.0,1.0,0.0,1.0,1.0,1.0,0.0,0.0,-1.0,0,8,11,0.4319553080400689,MEDIUM
West Zone 1,Non-corridor,3.0,0.0,48,1,0,0.4719,75.5,0.0,0.0,1.0,0.5,2.5,0.0,0.0,0.0,0.0,0.0,0,0,1.1309814453125,0.7645263671875,0.3982319120338242,1.0,1.0,1.0,1.0,0.0,0.0,1.3333333333333333,0.5,0.0,1.0,0,8,11,0.3904605092428516,MEDIUM
West Zone 2,Bellary Road 1,4.0,0.0,48,1,1,,,0.0,0.0,0.0,1.0,3.0,0.0,0.0,0.0,0.0,0.0,0,0,1.8125,0.85546875,0.36284723937115515,2.0,1.0,2.0,1.0,0.0,1.0,2.0,0.816496580927726,1.0,1.0,0,9,2,0.09830539214467704,LOW
Central Zone 1,Old Airport Road,3.0,8.0,48,1,1,,,0.0,1.0,0.0,0.7,1.5,0.0,0.0,0.0,0.0,0.0,0,0,1.0,0.3349609375,0.5834889950714106,1.0,1.0,1.0,0.0,1.0,1.0,1.0,0.0,0.0,-1.0,0,0,17,0.08122266882245101,LOW
East Zone 2,Non-corridor,3.0,4.0,48,1,1,,,1.0,1.0,0.0,0.7,1.0,0.0,1.0,0.0,0.0,0.0,0,0,1.125,0.76953125,0.28878093074792244,1.0,1.0,1.0,1.0,1.0,0.0,1.3333333333333333,0.5,0.0,0.0,0,3,11,0.20965923054680968,LOW
East Zone 2,Non-corridor,3.0,8.0,48,1,1,,,0.0,0.0,0.0,1.0,1.0,0.0,1.0,0.0,0.0,0.0,0,0,1.0859375,0.42333984375,0.14511626925076937,1.0,1.0,1.0,0.0,1.0,1.0,1.0,0.0,0.0,-1.0,0,3,11,0.17601910208170377,LOW
East Zone 2,Non-corridor,1.0,8.0,48,3,3,,,0.6666666666666666,0.3333333333333333,0.0,0.9,1.5,0.0,1.0,0.0,0.0,0.0,1,0,1.75,0.546875,0.4246177033492823,2.0,2.0,1.0,0.0,2.0,0.0,1.6666666666666667,0.5773502691896257,0.0,-2.0,0,3,11,0.24255645374482418,LOW
East Zone 2,Non-corridor,0.0,8.0,48,1,0,0.6719,43.0,0.0,0.0,1.0,0.5,2.5,1.0,1.0,0.0,0.0,0.0,0,0,1.0,0.75,0.4815,1.0,1.0,0.0,1.0,1.0,0.0,1.0,0.0,0.0,0.0,0,3,11,0.15170637562657294,LOW
Central Zone 2,Non-corridor,1.0,4.0,48,3,3,,,0.0,0.0,0.0,1.0,2.1666666666666665,0.0,0.0,0.0,0.0,0.0,1,0,1.5011414722539485,1.4585251706885174,2.628954099983054,1.0,1.0,2.0,1.0,1.0,2.0,1.6666666666666667,0.9574271077563384,0.0,0.0,0,1,11,0.41791913222189736,MEDIUM
Central Zone 2,Non-corridor,1.0,8.0,48,10,8,0.3411,66.6,0.4,0.3,0.0,0.9099999999999999,1.2,0.0,0.5,0.1,0.0,0.0,1,0,2.297890627756715,0.9606485329568386,0.48208255868047506,1.0,1.0,15.0,0.0,0.0,7.0,1.6666666666666667,6.733003292241386,0.0,0.0,0,1,11,0.7033002071470335,HIGH
West Zone 2,Mysore Road,3.0,12.0,48,1,1,,,0.0,1.0,0.0,0.7,2.5,0.0,0.0,0.0,0.0,0.0,0,0,1.0,0.625,0.77424,1.0,1.0,1.0,1.0,0.0,1.0,1.0,0.0,0.0,1.0,0,9,10,0.06810591101937356,LOW
West Zone 1,Mysore Road,3.0,8.0,48,1,0,0.1202,7.9,1.0,0.0,0.0,1.0,2.5,0.0,0.0,0.0,0.0,0.0,0,0,1.0,0.875,0.7717,1.0,1.0,1.0,1.0,1.0,1.0,1.0,0.0,0.0,0.0,0,8,10,0.2014420359596072,LOW
West Zone 1,Mysore Road,0.0,8.0,48,1,1,,,0.0,0.0,0.0,1.0,2.5,0.0,0.0,0.0,0.0,0.0,0,0,1.0,1.0,0.0,1.0,0.0,0.0,1.0,0.0,0.0,1.0,0.0,0.0,0.0,0,8,10,0.09521177623732363,LOW
West Zone 1,Mysore Road,1.0,0.0,48,2,1,0.3194,36.4,0.0,0.5,0.0,0.85,2.25,0.0,0.0,0.0,0.0,0.0,0,0,1.5,1.0,0.4343,1.0,2.0,0.0,1.0,1.0,0.0,1.5,0.7071067811865476,-1.0,0.0,0,8,10,0.12233831439550312,LOW
Central Zone 2,CBD 2,6.0,4.0,48,1,1,2.2827,187.3,0.0,0.0,0.0,1.0,2.5,0.0,0.0,0.0,0.0,0.0,0,0,1.0,0.1497650146484375,0.43792955800989647,1.0,1.0,1.0,0.0,0.0,0.0,1.0,0.0,0.0,0.0,0,1,5,0.10169196467169325,LOW
Central Zone 2,Magadi Road,0.0,12.0,48,2,1,0.6874,141.0,0.0,0.0,0.5,0.75,1.75,0.0,0.0,0.0,0.0,0.0,0,0,0.0,0.0,0.0,0.0,0.0,0.0,0.0,0.0,0.0,0.0,0.0,0.0,0.0,0,1,9,0.07556091656763587,LOW
West Zone 1,Non-corridor,4.0,0.0,48,2,1,0.4052,74.8,0.0,0.0,0.0,1.0,1.75,0.0,0.0,0.0,0.0,0.0,0,0,1.0163726806640625,0.3455657958984375,0.24505480574720157,1.0,1.0,1.0,0.0,1.0,1.0,1.0,0.0,0.0,-1.0,0,8,11,0.4822890434821236,MEDIUM
South Zone 2,Hosur Road,4.0,12.0,48,1,1,,,0.0,0.0,1.0,0.5,2.5,0.0,0.0,0.0,0.0,0.0,0,0,1.8175048828125,0.9490864276885986,0.528339293980264,1.0,4.0,2.0,1.0,1.0,1.0,2.0,1.4142135623730951,-3.0,0.0,0,7,7,0.2639714852918198,LOW
Central Zone 2,Non-corridor,3.0,0.0,48,5,4,0.1113,89.0,0.0,0.4,0.4,0.6799999999999999,2.5,0.0,0.4,0.0,0.0,0.0,1,1,3.723423830692581,2.5723670044442466,0.3018189347607083,2.0,2.0,3.0,2.0,1.0,2.0,6.0,5.852349955359812,0.0,1.0,0,1,11,0.718159128334034,HIGH
West Zone 2,Mysore Road,4.0,0.0,48,1,1,,,0.0,0.0,1.0,0.5,2.5,0.0,0.0,0.0,0.0,0.0,0,0,1.015625,0.109375,0.37688222337662336,1.0,1.0,1.0,0.0,0.0,1.0,1.0,0.0,0.0,0.0,0,9,10,0.10370282446404666,LOW
West Zone 2,Magadi Road,3.0,8.0,48,1,0,1.2147,72.4,1.0,0.0,1.0,0.5,2.5,0.0,0.0,0.0,0.0,0.0,0,0,1.5,0.5,1.2389000000000001,2.0,1.0,0.0,0.0,1.0,0.0,1.5,0.7071067811865476,1.0,-1.0,0,9,9,0.1386862814953933,LOW
West Zone 2,Magadi Road,3.0,12.0,48,1,1,,,0.0,0.0,1.0,0.5,2.5,0.0,0.0,0.0,0.0,0.0,0,0,1.0,0.5,0.8516,1.0,1.0,1.0,1.0,0.0,0.0,1.0,0.0,0.0,1.0,0,9,9,0.044283202877468744,LOW
West Zone 2,Magadi Road,6.0,12.0,48,1,0,0.2108,17.3,0.0,0.0,0.0,1.0,2.5,0.0,0.0,0.0,0.0,0.0,0,0,1.0,0.75,0.8516,1.0,1.0,1.0,1.0,1.0,0.0,1.0,0.0,0.0,0.0,0,9,9,0.07931663053511591,LOW
West Zone 2,Bellary Road 1,5.0,0.0,48,1,1,,,0.0,0.0,0.0,1.0,1.0,0.0,0.0,0.0,0.0,0.0,0,0,1.1015625,0.48193359375,0.20794643458469078,1.0,1.0,2.0,0.0,1.0,1.0,1.0,0.4999999999999999,0.0,-1.0,0,9,2,0.13156094473151933,LOW
West Zone 2,Mysore Road,1.0,0.0,48,1,0,0.2739,35.0,0.0,1.0,0.0,0.7,1.5,0.0,0.0,0.0,0.0,0.0,0,0,0.0,0.0,0.0,0.0,0.0,0.0,0.0,0.0,0.0,0.0,0.0,0.0,0.0,0,9,10,0.10456035476121593,LOW
West Zone 2,Non-corridor,0.0,4.0,48,1,1,,,0.0,0.0,0.0,1.0,1.0,0.0,0.0,0.0,0.0,0.0,0,0,0.0,0.0,0.0,0.0,0.0,0.0,0.0,0.0,0.0,0.0,0.0,0.0,0.0,0,9,11,0.052125930898580794,LOW
West Zone 2,Mysore Road,1.0,12.0,48,1,0,1.2358,101.4,0.0,0.0,1.0,0.5,2.5,0.0,0.0,0.0,0.0,0.0,0,0,1.0,1.0,0.0,1.0,1.0,0.0,1.0,1.0,0.0,1.0,0.0,0.0,0.0,0,9,10,0.062066604951062136,LOW
Central Zone 2,Mysore Road,6.0,0.0,48,2,0,0.2077,21.0,0.0,0.0,0.0,1.0,1.75,0.0,0.0,0.0,0.0,0.0,0,0,2.512796480518796,2.1025647028568413,1.2260926921833533,2.0,4.0,2.0,2.0,3.0,2.0,2.6666666666666665,0.9999999999999998,-2.0,-1.0,0,1,10,0.5152108363156062,MEDIUM
North Zone 2,ORR North 2,4.0,0.0,48,2,1,0.1484,33.2,0.0,0.0,0.0,1.0,2.0,0.0,0.0,0.0,0.0,0.0,0,0,1.2578145414590836,1.2513273507356644,0.5925626532164703,1.0,1.0,1.0,1.0,1.0,1.0,1.6666666666666667,1.0,0.0,0.0,0,5,15,0.4749632242031961,MEDIUM
North Zone 2,ORR North 2,3.0,8.0,48,1,1,,,0.0,0.0,0.0,1.0,2.5,1.0,0.0,0.0,0.0,0.0,0,0,1.154068008530885,1.0094757159240544,0.29728868576144263,1.0,1.0,1.0,1.0,1.0,1.0,1.3333333333333333,0.5000000000000001,0.0,0.0,0,5,15,0.3973555875971613,MEDIUM
Central Zone 2,Non-corridor,3.0,8.0,48,1,1,,,0.0,0.0,0.0,1.0,1.5,0.0,0.0,0.0,0.0,0.0,0,1,2.4178980531981304,1.4144961219617114,0.37647209914694757,1.0,1.0,5.0,1.0,0.0,3.0,2.6666666666666665,2.6299556396765835,0.0,1.0,0,1,11,0.7172740121448937,HIGH
North Zone 1,ORR North 1,1.0,4.0,48,1,1,,,0.0,1.0,0.0,0.7,1.0,0.0,1.0,0.0,0.0,0.0,0,0,1.0400390625,0.7578125,3.46797026994878,1.0,1.0,1.0,1.0,0.0,1.0,1.0,0.0,0.0,1.0,0,4,14,0.09362264992383706,LOW
Central Zone 2,Magadi Road,2.0,12.0,48,1,1,,,0.0,0.0,1.0,0.5,1.0,0.0,0.0,0.0,0.0,0.0,0,0,1.5,0.5,0.6112,1.0,2.0,0.0,0.0,1.0,0.0,1.5,0.7071067811865476,-1.0,-1.0,0,1,9,0.1616172861963913,LOW
Central Zone 2,Mysore Road,0.0,0.0,48,1,1,,,0.0,0.0,0.0,1.0,2.5,0.0,0.0,0.0,0.0,0.0,0,0,2.0546875,1.12890625,0.4709364144044321,2.0,3.0,1.0,1.0,2.0,1.0,2.0,0.9574271077563381,-1.0,-1.0,0,1,10,0.32402244444265527,MEDIUM
North Zone 1,ORR North 1,1.0,8.0,48,2,2,,,1.0,0.5,0.0,0.85,3.0,0.0,1.0,0.0,0.0,0.0,0,0,3.125,2.125,1.464325,5.0,1.0,1.0,3.0,1.0,1.0,2.6666666666666665,1.8929694486000912,4.0,2.0,0,4,14,0.1031954352720791,LOW
South Zone 2,Hosur Road,5.0,8.0,48,1,1,,,1.0,0.0,1.0,0.5,2.5,0.0,0.0,0.0,0.0,0.0,0,0,2.3127141818404198,1.4570221342146397,0.9195840010294638,3.0,1.0,2.0,2.0,1.0,1.0,2.3333333333333335,0.9574271077563381,2.0,1.0,0,7,7,0.038879530070614544,LOW
North Zone 2,Bellary Road 2,2.0,0.0,48,1,1,,,0.0,0.0,1.0,0.5,1.0,0.0,1.0,0.0,0.0,0.0,0,0,1.5704116821289062,1.0274429321289062,1.0636513629783286,2.0,1.0,1.0,1.0,1.0,1.0,1.3333333333333333,0.5,1.0,0.0,0,5,3,0.05904637649081368,LOW
Central Zone 2,Non-corridor,3.0,4.0,48,1,1,,,1.0,0.0,0.0,1.0,2.5,0.0,0.0,0.0,0.0,0.0,0,0,3.3648902187796965,2.2676282326809396,0.5994370384055276,4.0,3.0,4.0,3.0,2.0,3.0,2.6666666666666665,1.4142135623730951,1.0,1.0,0,1,11,0.6752853614475027,HIGH
Central Zone 2,CBD 2,5.0,0.0,48,1,1,,,0.0,0.0,0.0,1.0,1.0,0.0,0.0,0.0,0.0,0.0,0,0,1.5078125,1.3669281005859375,0.535291416403631,2.0,1.0,1.0,2.0,1.0,1.0,1.3333333333333333,0.5,1.0,1.0,0,1,5,0.5008493545841068,MEDIUM
Central Zone 2,Mysore Road,0.0,4.0,48,3,2,1.004,137.3,0.0,0.0,0.6666666666666666,0.6666666666666666,1.5,0.0,0.0,0.0,0.0,0.0,0,0,1.859375,1.234375,0.35477505263157894,2.0,2.0,2.0,2.0,0.0,1.0,1.6666666666666667,0.5,0.0,2.0,0,1,10,0.22078505901637172,LOW
West Zone 1,Magadi Road,3.0,4.0,48,1,0,0.3788,77.7,0.0,0.0,0.0,1.0,1.0,0.0,0.0,0.0,0.0,0.0,0,0,1.000493049621582,0.7797727584838867,0.23634881961061543,1.0,1.0,1.0,1.0,1.0,0.0,1.0,0.0,0.0,0.0,0,8,9,0.47897272668201946,MEDIUM
Central Zone 2,Non-corridor,5.0,8.0,48,16,15,0.5463,87.4,0.875,0.0,0.3125,0.84375,1.1875,0.0,0.875,0.0,0.0,0.0,1,1,2.809210567427428,1.7199612761629923,0.31806932493504547,1.0,3.0,6.0,1.0,1.0,3.0,3.6666666666666665,2.753785273643051,-2.0,0.0,0,1,11,0.718159128334034,HIGH
Central Zone 2,Non-corridor,6.0,0.0,48,2,1,0.1782,84.7,0.0,0.0,0.5,0.75,2.0,0.0,0.0,0.0,0.0,0.0,0,0,2.6585985202146176,1.736160613875231,0.3553647784002576,1.0,2.0,9.0,1.0,1.0,5.0,2.3333333333333335,3.559026084010437,-1.0,0.0,0,1,11,0.7033002071470335,HIGH
West Zone 1,Mysore Road,1.0,12.0,48,1,1,,,0.0,0.0,0.0,1.0,2.5,0.0,0.0,0.0,0.0,0.0,0,0,1.0,1.0,0.0,1.0,0.0,0.0,1.0,0.0,0.0,1.0,0.0,0.0,0.0,0,8,10,0.12290794096391035,LOW
South Zone 2,IRR(Thanisandra road),3.0,8.0,48,1,1,,,0.0,0.0,1.0,0.5,2.5,0.0,0.0,0.0,0.0,0.0,0,0,1.25,0.75,0.4389088,1.0,2.0,1.0,1.0,1.0,0.0,1.3333333333333333,0.5,-1.0,0.0,0,7,8,0.07107799379931387,LOW
South Zone 2,IRR(Thanisandra road),3.0,12.0,48,1,1,,,0.0,0.0,0.0,1.0,3.0,0.0,0.0,0.0,0.0,0.0,0,0,1.0,1.0,0.0,1.0,1.0,0.0,1.0,1.0,0.0,1.0,0.0,0.0,0.0,0,7,8,0.11662406880363457,LOW
South Zone 2,Hosur Road,6.0,4.0,48,1,1,,,0.0,0.0,0.0,1.0,2.5,0.0,0.0,0.0,0.0,0.0,0,0,1.2815027236938477,0.310546875,0.29927598362613383,1.0,2.0,1.0,0.0,1.0,0.0,1.3333333333333333,0.5,-1.0,-1.0,0,7,7,0.06515936451157191,LOW
South Zone 2,Hosur Road,6.0,12.0,48,2,1,0.0205,1.4,0.0,0.0,0.5,0.75,3.0,0.0,0.0,0.0,0.0,0.0,0,0,1.0688867568969727,0.6871022377163172,0.7863424168486842,1.0,1.0,2.0,1.0,0.0,2.0,1.0,0.5,0.0,1.0,0,7,7,0.11034253018942816,LOW
West Zone 2,Mysore Road,0.0,4.0,48,1,1,,,0.0,0.0,1.0,0.5,2.5,0.0,0.0,0.0,0.0,0.0,0,0,1.0,0.0,0.1389,1.0,0.0,0.0,0.0,0.0,0.0,1.0,0.0,0.0,0.0,0,9,10,0.04795922609608263,LOW
East Zone 1,ORR East 1,1.0,0.0,48,1,0,0.5655,100.0,0.0,1.0,0.0,0.7,1.0,0.0,1.0,0.0,0.0,0.0,0,0,2.8203125,2.109375,0.6537934652631581,3.0,3.0,2.0,2.0,3.0,1.0,3.0,0.5000000000000001,0.0,-1.0,0,2,12,0.23535106041289652,LOW
East Zone 2,Non-corridor,0.0,4.0,48,1,1,,,0.0,0.0,0.0,1.0,3.0,0.0,1.0,0.0,0.0,0.0,0,0,1.0,0.0,0.2606,1.0,0.0,0.0,0.0,0.0,0.0,1.0,0.0,0.0,0.0,0,3,11,0.08524599007558721,LOW
West Zone 2,ORR West 1,1.0,0.0,48,1,0,1.408,116.5,0.0,0.0,0.0,1.0,2.5,0.0,0.0,0.0,0.0,0.0,0,0,1.0,0.5,0.0943,1.0,1.0,0.0,1.0,0.0,0.0,1.0,0.0,0.0,1.0,0,9,16,0.037291594218723405,LOW
North Zone 2,ORR North 2,5.0,16.0,48,1,1,2.0767,426.0,0.0,0.0,0.0,1.0,1.0,0.0,0.0,0.0,0.0,0.0,0,0,1.0625,1.0,0.5221,1.0,1.0,2.0,1.0,1.0,2.0,1.0,0.5,0.0,0.0,0,5,15,0.1702654806450449,LOW
Central Zone 2,Non-corridor,1.0,0.0,48,4,4,,,0.0,0.25,0.0,0.925,2.75,0.0,0.25,0.0,0.0,0.0,1,1,2.374494277406484,0.8831585184670985,0.46147329132632586,1.0,2.0,3.0,0.0,0.0,1.0,3.0,2.1602468994692847,-1.0,0.0,0,1,11,0.718159128334034,HIGH
East Zone 1,ORR East 1,1.0,8.0,48,1,0,1.0902,66.1,1.0,0.0,0.0,1.0,2.5,0.0,1.0,0.0,0.0,0.0,0,0,1.5,0.875,0.641161052631579,2.0,1.0,1.0,1.0,1.0,1.0,1.3333333333333333,0.5,1.0,0.0,0,2,12,0.3664993588098289,MEDIUM
West Zone 2,Non-corridor,3.0,0.0,48,1,0,0.0808,32.3,0.0,0.0,0.0,1.0,1.0,0.0,0.0,0.0,0.0,0.0,0,0,1.0,1.0,0.0,1.0,1.0,1.0,1.0,1.0,1.0,1.0,0.0,0.0,0.0,0,9,11,0.05282481607318906,LOW
North Zone 2,Bellary Road 1,1.0,8.0,48,2,1,0.4163,61.0,0.5,0.0,0.5,0.75,1.0,0.0,0.0,0.5,0.0,0.0,0,1,1.7041168212890625,0.5268096923828125,0.7143453415178844,1.0,3.0,2.0,0.0,1.0,2.0,2.0,0.816496580927726,-2.0,-1.0,0,5,2,0.5493165574680108,MEDIUM
Central Zone 2,Non-corridor,5.0,0.0,48,2,2,,,0.0,0.0,0.5,0.75,2.25,0.0,0.0,0.0,0.0,0.0,0,0,3.2038651262634845,2.703709668504027,0.5114402103171405,2.0,2.0,13.0,2.0,1.0,12.0,2.0,5.5,0.0,1.0,0,1,11,0.7033002071470335,HIGH
Central Zone 2,Mysore Road,0.0,8.0,48,2,1,0.0246,3.6,0.5,0.0,0.5,0.75,1.75,0.0,0.0,0.0,0.0,0.0,0,0,2.625,1.34375,0.7084592797783933,4.0,1.0,1.0,2.0,1.0,1.0,2.3333333333333335,1.4142135623730951,3.0,1.0,0,1,10,0.16116671986966438,LOW
North Zone 2,Bellary Road 1,1.0,0.0,48,1,1,,,0.0,1.0,0.0,0.7,1.5,0.0,0.0,0.0,0.0,0.0,0,0,1.38433837890625,1.34722900390625,1.1376968421052633,1.0,2.0,1.0,1.0,2.0,1.0,1.6666666666666667,0.5773502691896257,-1.0,-1.0,0,5,2,0.06668509692175742,LOW
North Zone 2,Bellary Road 1,0.0,0.0,48,1,1,3.5198,288.8,0.0,0.0,0.0,1.0,1.0,1.0,0.0,0.0,0.0,0.0,0,0,2.1953125,1.4453125,0.15739999999999998,3.0,1.0,2.0,2.0,0.0,2.0,2.0,0.816496580927726,2.0,2.0,0,5,2,0.12654259215059338,LOW
North Zone 2,Bellary Road 2,0.0,8.0,48,1,0,0.795,190.0,0.0,0.0,0.0,1.0,1.0,0.0,1.0,0.0,0.0,0.0,0,0,1.625,0.59375,0.35338876132930513,2.0,1.0,1.0,0.0,1.0,1.0,1.6666666666666667,0.5773502691896257,1.0,-1.0,0,5,3,0.15419982094790702,LOW
North Zone 2,Bellary Road 1,6.0,8.0,48,1,0,0.0741,15.2,0.0,0.0,0.0,1.0,1.0,0.0,0.0,0.0,0.0,0.0,0,0,1.7681582578220971,1.1977518468190154,1.2862833787001264,2.0,1.0,1.0,1.0,1.0,0.0,2.0,0.9574271077563381,1.0,0.0,0,5,2,0.07634575323944216,LOW
Central Zone 2,Mysore Road,2.0,4.0,48,2,0,0.2228,12.95,0.5,0.5,0.0,0.85,2.0,0.5,0.0,0.0,0.0,0.0,0,0,2.029362065717578,1.6282288115471601,0.5575661826489295,2.0,2.0,2.0,2.0,2.0,0.0,2.0,0.0,0.0,0.0,0,1,10,0.49450004364919786,MEDIUM
South Zone 2,Non-corridor,1.0,8.0,48,1,1,,,0.0,0.0,1.0,0.5,2.5,0.0,0.0,0.0,0.0,0.0,0,0,1.0,0.0,0.3038,1.0,0.0,0.0,0.0,0.0,0.0,1.0,0.0,0.0,0.0,0,7,11,0.15949549770269963,LOW
North Zone 1,ORR North 1,3.0,4.0,48,2,1,0.3324,19.1,0.5,0.5,0.0,0.85,2.25,0.0,0.5,0.0,0.0,0.0,0,0,1.0039844512939453,0.7026519775390625,2.279329132529988,1.0,1.0,1.0,1.0,0.0,1.0,1.0,0.0,0.0,1.0,0,4,14,0.16273716733679053,LOW
North Zone 1,ORR North 1,3.0,8.0,48,1,1,,,0.0,0.0,0.0,1.0,3.0,0.0,1.0,0.0,0.0,0.0,0,1,1.6285552978515625,1.5630035400390625,0.8469736175930779,2.0,1.0,1.0,2.0,1.0,0.0,1.6666666666666667,0.5773502691896257,1.0,1.0,0,4,14,0.4242851108041923,MEDIUM
Central Zone 2,Non-corridor,5.0,12.0,48,1,1,,,0.0,0.0,1.0,0.5,3.0,0.0,0.0,0.0,0.0,0.0,0,1,11.158485823502499,7.715041720136928,0.748124960138551,20.0,2.0,3.0,14.0,1.0,3.0,7.666666666666667,9.03696114115064,18.0,13.0,0,1,11,0.718159128334034,HIGH
North Zone 1,ORR North 1,2.0,8.0,48,1,1,,,0.0,1.0,0.0,0.7,1.0,0.0,1.0,0.0,0.0,0.0,0,0,1.455078125,1.064453125,0.7419729154078549,1.0,2.0,1.0,1.0,1.0,1.0,1.6666666666666667,0.5773502691896262,-1.0,0.0,0,4,14,0.1584733278967801,LOW
West Zone 2,Non-corridor,4.0,4.0,48,1,1,,,0.0,0.0,0.0,1.0,1.0,0.0,0.0,0.0,0.0,0.0,0,0,1.5,0.625,0.147344,2.0,1.0,1.0,1.0,0.0,1.0,1.3333333333333333,0.5,1.0,1.0,0,9,11,0.11485861231336074,LOW
West Zone 2,Mysore Road,6.0,0.0,48,1,0,0.0914,7.5,0.0,0.0,1.0,0.5,2.5,0.0,0.0,0.0,0.0,0.0,0,0,1.156494140625,0.423583984375,0.632043472669425,1.0,1.0,1.0,0.0,1.0,0.0,1.3333333333333333,0.5,0.0,-1.0,0,9,10,0.03845922390294702,LOW
West Zone 2,Mysore Road,6.0,4.0,48,3,2,0.1397,19.1,0.0,0.0,0.6666666666666666,0.6666666666666666,2.3333333333333335,0.0,0.0,0.0,0.0,0.0,0,0,1.0078125,0.134765625,0.3232364871800554,1.0,1.0,1.0,0.0,0.0,0.0,1.0,0.0,0.0,0.0,0,9,10,0.1437258485256012,LOW
South Zone 1,ORR West 1,3.0,4.0,48,1,1,,,0.0,0.0,0.0,1.0,2.5,0.0,0.0,0.0,0.0,0.0,0,0,1.25,0.9375,0.3864987012987013,1.0,2.0,1.0,1.0,1.0,1.0,1.3333333333333333,0.5,-1.0,0.0,0,6,16,0.10049498531181665,LOW
Central Zone 2,Mysore Road,6.0,8.0,48,1,1,,,1.0,0.0,1.0,0.5,3.0,0.0,0.0,0.0,0.0,0.0,0,0,1.6175891786874814,1.1748218271630921,1.5023389268139198,2.0,1.0,2.0,2.0,0.0,2.0,1.3333333333333333,0.5773502691896263,1.0,2.0,0,1,10,0.20145294298161212,LOW
West Zone 2,ORR West 1,2.0,8.0,48,3,1,0.7607,86.5,0.0,0.3333333333333333,0.3333333333333333,0.7333333333333334,1.6666666666666667,0.0,0.0,0.0,0.0,0.0,0,0,1.0,1.0,1.7114,1.0,1.0,0.0,1.0,1.0,0.0,1.0,0.0,0.0,0.0,0,9,16,0.11033340813669747,LOW
Central Zone 1,ORR East 1,4.0,4.0,48,1,0,0.9726,79.8,0.0,0.0,1.0,0.5,2.5,0.0,0.0,0.0,0.0,0.0,0,0,0.0,0.0,0.0,0.0,0.0,0.0,0.0,0.0,0.0,0.0,0.0,0.0,0.0,0,0,12,0.05617853945645989,LOW
West Zone 1,Magadi Road,1.0,8.0,48,1,1,,,0.0,0.0,1.0,0.5,3.0,0.0,0.0,0.0,0.0,0.0,0,0,1.626953125,0.80078125,0.37105497529085874,2.0,1.0,1.0,1.0,1.0,0.0,1.6666666666666667,0.5773502691896257,1.0,0.0,0,8,9,0.19648795907258282,LOW
West Zone 1,Magadi Road,0.0,4.0,48,1,0,0.1302,8.9,0.0,0.0,0.0,1.0,3.0,0.0,0.0,0.0,0.0,0.0,0,0,1.5,1.5,1.593,1.0,1.0,0.0,1.0,1.0,0.0,1.6666666666666667,1.1547005383792517,0.0,0.0,0,8,9,0.15791042940901123,LOW
West Zone 1,Magadi Road,0.0,8.0,48,1,0,0.1463,30.0,0.0,0.0,1.0,0.5,1.0,0.0,0.0,0.0,0.0,0.0,0,0,1.25,0.5,0.5657800000000001,1.0,1.0,0.0,0.0,0.0,0.0,1.3333333333333333,0.5773502691896257,0.0,0.0,0,8,9,0.19570445942926382,LOW
Central Zone 2,Non-corridor,4.0,8.0,48,3,2,0.2436,69.6,0.3333333333333333,0.0,0.0,1.0,1.6666666666666667,0.0,0.3333333333333333,0.0,0.0,0.0,0,0,2.3899753911934916,1.0575569429323615,0.3724200460890926,2.0,1.0,3.0,0.0,1.0,3.0,3.0,2.160246899469287,1.0,-1.0,0,1,11,0.718159128334034,HIGH
Central Zone 2,Non-corridor,4.0,12.0,48,2,2,,,0.0,0.0,0.5,0.75,2.25,0.0,0.0,0.0,0.0,0.0,0,0,6.107716239081105,1.8966835748317714,0.4172656420315456,2.0,11.0,1.0,1.0,2.0,0.0,9.666666666666666,7.234178138070235,-9.0,-1.0,0,1,11,0.7183114868436348,HIGH
Central Zone 2,Non-corridor,5.0,4.0,48,3,2,0.0455,18.2,0.3333333333333333,0.0,0.3333333333333333,0.8333333333333334,2.1666666666666665,0.0,0.0,0.0,0.0,0.0,0,0,3.404214877699237,3.214860162717075,0.32009427565958726,5.0,1.0,6.0,5.0,1.0,4.0,2.3333333333333335,2.6299556396765835,4.0,4.0,0,1,11,0.7033002071470335,HIGH
Central Zone 2,Non-corridor,3.0,12.0,48,2,2,,,0.0,0.0,0.5,0.75,1.75,0.0,0.0,0.0,0.0,0.0,0,0,3.205715276204751,2.815922510935378,0.3000273186103528,3.0,3.0,2.0,3.0,3.0,0.0,2.6666666666666665,0.5773502691896147,0.0,0.0,0,1,11,0.6710758468363439,HIGH
North Zone 2,Bellary Road 1,6.0,4.0,48,1,0,0.1031,14.1,0.0,0.0,0.0,1.0,1.5,0.0,0.0,0.0,0.0,0.0,0,0,1.170497909659396,0.9289481631421237,0.44656285237240717,1.0,1.0,2.0,1.0,1.0,1.0,1.0,0.5000000000000001,0.0,0.0,0,5,2,0.17701271870546562,LOW
Central Zone 1,ORR North 1,3.0,0.0,48,1,0,0.3861,52.8,0.0,0.0,0.0,1.0,1.5,0.0,0.0,0.0,0.0,0.0,0,0,1.0,0.75,0.4241,1.0,1.0,0.0,1.0,1.0,0.0,1.0,0.0,0.0,0.0,0,0,14,0.06395874268695967,LOW
East Zone 1,ORR East 1,2.0,4.0,48,1,1,,,0.0,0.0,0.0,1.0,1.5,0.0,1.0,0.0,0.0,0.0,0,0,1.3125,0.5,0.8601947368421053,1.0,2.0,2.0,0.0,1.0,1.0,1.3333333333333333,0.5773502691896257,-1.0,-1.0,0,2,12,0.0741948199862811,LOW
West Zone 2,Non-corridor,2.0,8.0,48,1,0,0.1632,25.9,1.0,1.0,0.0,0.7,1.5,0.0,0.0,0.0,0.0,0.0,0,0,2.0,1.5,0.2802,2.0,2.0,0.0,2.0,1.0,0.0,2.0,0.0,0.0,1.0,0,9,11,0.38082151442430945,MEDIUM
West Zone 2,Non-corridor,2.0,12.0,48,1,1,,,0.0,1.0,0.0,0.7,1.0,0.0,0.0,0.0,0.0,0.0,0,0,1.0,0.5,0.2262,1.0,1.0,0.0,1.0,0.0,0.0,1.0,0.0,0.0,1.0,0,9,11,0.07746872571475562,LOW
West Zone 2,Tumkur Road,6.0,8.0,48,1,0,0.0839,17.2,0.0,0.0,0.0,1.0,1.0,0.0,0.0,0.0,0.0,0.0,0,0,1.5,0.80078125,0.7019180894341116,1.0,3.0,1.0,0.0,3.0,0.0,1.6666666666666667,1.0,-2.0,-3.0,0,9,19,0.03496153440212911,LOW
West Zone 2,West of Chord Road,0.0,0.0,48,1,1,,,0.0,1.0,0.0,0.7,3.0,0.0,0.0,0.0,0.0,0.0,0,0,1.0,1.0,0.0,1.0,0.0,0.0,1.0,0.0,0.0,1.0,0.0,0.0,0.0,0,9,21,0.02875402632766826,LOW
West Zone 2,Tumkur Road,2.0,0.0,48,1,1,,,0.0,1.0,0.0,0.7,1.0,0.0,0.0,0.0,0.0,0.0,0,0,1.5,0.46875,0.8725545612860014,2.0,1.0,1.0,0.0,1.0,1.0,1.3333333333333333,0.5,1.0,-1.0,0,9,19,0.027914880043391377,LOW
East Zone 1,ORR East 2,5.0,0.0,48,2,2,2.34,717.7,0.0,0.0,0.5,0.75,1.75,0.0,1.0,0.0,0.0,0.0,0,0,1.2968826294036266,1.1718807220477179,2.503530084444139,1.0,1.0,1.0,1.0,1.0,1.0,1.6666666666666667,1.0,0.0,0.0,0,2,13,0.05623731422798349,LOW
North Zone 2,Tumkur Road,3.0,8.0,48,1,1,,,0.0,0.0,0.0,1.0,1.5,0.0,0.0,0.0,0.0,0.0,0,0,1.0,1.0,0.0,1.0,1.0,0.0,1.0,1.0,0.0,1.0,0.0,0.0,0.0,0,5,19,0.07473308654384278,LOW
North Zone 2,Tumkur Road,6.0,8.0,48,2,2,,,0.5,0.0,0.0,1.0,1.0,0.0,0.0,0.0,0.0,0.0,0,0,1.0,1.0,0.0,1.0,1.0,1.0,1.0,1.0,1.0,1.0,0.0,0.0,0.0,0,5,19,0.12106304030971937,LOW
West Zone 2,West of Chord Road,0.0,4.0,48,1,0,0.1447,9.6,1.0,0.0,0.0,1.0,2.5,0.0,0.0,0.0,0.0,0.0,0,0,1.0,0.25,0.9671,1.0,1.0,0.0,0.0,0.0,0.0,1.0,0.0,0.0,0.0,0,9,21,0.06801531529848386,LOW
Central Zone 1,Non-corridor,2.0,0.0,48,1,0,0.0109,8.7,0.0,0.0,1.0,0.5,0.5,0.0,0.0,0.0,0.0,0.0,0,0,1.0,0.75,0.5494,1.0,1.0,0.0,1.0,0.0,0.0,1.0,0.0,0.0,1.0,0,0,11,0.1179783232523964,LOW
West Zone 2,Tumkur Road,5.0,8.0,48,3,3,,,1.0,0.0,0.6666666666666666,0.6666666666666666,1.5,0.0,0.0,0.0,0.0,0.0,1,0,1.0,0.203125,0.4554937443609023,1.0,1.0,1.0,0.0,0.0,1.0,1.0,0.0,0.0,0.0,0,9,19,0.07709087531011652,LOW
North Zone 2,Bellary Road 1,2.0,0.0,48,1,0,0.5367,73.4,0.0,0.0,0.0,1.0,1.5,0.0,0.0,0.0,0.0,0.0,0,0,2.004197306931019,1.811809964478016,0.41821275700616406,2.0,1.0,1.0,2.0,1.0,0.0,2.6666666666666665,1.8929694486000912,1.0,1.0,0,5,2,0.4229872954191816,MEDIUM
North Zone 2,Bellary Road 1,6.0,0.0,48,1,0,1.3782,282.7,0.0,0.0,0.0,1.0,1.0,0.0,0.0,0.0,0.0,0.0,0,0,1.531952904654192,1.203578961467343,0.8833360811202728,1.0,2.0,1.0,1.0,1.0,0.0,2.0,0.9574271077563381,-1.0,0.0,0,5,2,0.08777525421802015,LOW
North Zone 2,Bellary Road 1,5.0,8.0,48,2,1,0.0578,7.9,0.5,0.0,0.5,0.75,1.0,0.0,0.0,0.0,0.0,0.0,0,0,1.5048961572400477,0.9662582827475157,1.125798243355521,1.0,3.0,1.0,0.0,3.0,1.0,1.6666666666666667,1.0,-2.0,-3.0,0,5,2,0.054818200862721114,LOW
West Zone 2,ORR West 1,3.0,0.0,48,1,1,,,0.0,0.0,1.0,0.5,3.0,0.0,0.0,0.0,0.0,0.0,0,0,1.0,0.25,0.785721052631579,1.0,1.0,0.0,0.0,1.0,0.0,1.0,0.0,0.0,-1.0,0,9,16,0.04387984481892238,LOW
South Zone 2,ORR East 1,0.0,4.0,48,1,0,0.1628,39.3,0.0,0.0,0.0,1.0,1.0,0.0,0.0,0.0,0.0,0.0,0,0,1.0,1.0,0.0,1.0,0.0,0.0,1.0,0.0,0.0,1.0,0.0,0.0,0.0,0,7,12,0.1260588149875327,LOW
South Zone 1,Non-corridor,4.0,8.0,48,1,0,0.7888,131.7,0.0,0.0,1.0,0.5,2.5,0.0,0.0,0.0,0.0,0.0,0,0,1.015625,0.296875,0.4720593130193906,1.0,1.0,1.0,0.0,1.0,0.0,1.0,0.0,0.0,-1.0,0,6,11,0.16115951589960748,LOW
Central Zone 2,Non-corridor,0.0,4.0,48,1,0,0.7794,124.7,0.0,0.0,1.0,0.5,2.5,0.0,0.0,0.0,0.0,0.0,0,0,1.460205078125,1.24468994140625,0.6535508259244321,1.0,1.0,3.0,1.0,1.0,2.0,1.3333333333333333,0.9574271077563381,0.0,0.0,0,1,11,0.4645627366209146,MEDIUM
East Zone 1,ORR East 2,1.0,0.0,48,1,1,,,0.0,0.0,0.0,1.0,1.0,0.0,1.0,0.0,0.0,0.0,0,0,1.2564697265625,1.1890869140625,2.6163190965540166,1.0,1.0,1.0,1.0,1.0,0.0,1.6666666666666667,1.0,0.0,0.0,0,2,13,0.08769314305024013,LOW
West Zone 1,Magadi Road,1.0,0.0,48,2,2,2.2815,64.0,0.0,0.5,0.0,0.85,2.0,0.5,0.0,0.0,0.0,0.0,0,0,1.0,1.0,1.5707,1.0,1.0,1.0,1.0,1.0,1.0,1.0,0.0,0.0,0.0,0,8,9,0.0990346509398898,LOW
Central Zone 2,Mysore Road,1.0,8.0,48,2,1,0.021,4.3,0.0,0.0,0.0,1.0,1.0,0.0,0.0,0.0,0.0,0.0,0,0,1.3992462158203125,1.0571708679199219,0.8605482620713176,1.0,1.0,5.0,1.0,1.0,2.0,1.3333333333333333,1.8929694486000912,0.0,0.0,0,1,10,0.4188148785273835,MEDIUM
North Zone 2,Bellary Road 1,4.0,0.0,48,5,5,,,0.0,0.0,0.6,0.7,2.5,0.0,0.0,0.0,0.0,0.0,1,0,1.1958026966043604,1.052398322696618,0.44194658695892036,1.0,1.0,2.0,1.0,1.0,2.0,1.0,0.5000000000000003,0.0,0.0,0,5,2,0.36052268851806524,MEDIUM
South Zone 2,ORR East 1,3.0,0.0,48,2,2,,,0.0,0.0,0.5,0.75,2.0,0.0,0.0,0.0,0.0,0.0,0,0,1.5,1.375,1.2132947368421052,2.0,1.0,1.0,2.0,1.0,1.0,1.3333333333333333,0.5,1.0,1.0,0,7,12,0.11169079945743232,LOW
South Zone 1,Non-corridor,0.0,0.0,49,1,0,0.3448,56.1,0.0,0.0,0.0,1.0,2.5,0.0,0.0,0.0,0.0,0.0,0,1,0.0,0.0,0.0,0.0,0.0,0.0,0.0,0.0,0.0,0.0,0.0,0.0,0.0,0,6,11,0.2461442277683565,LOW
Central Zone 1,Mysore Road,4.0,4.0,49,1,1,,,0.0,0.0,1.0,0.5,2.5,0.0,0.0,0.0,0.0,0.0,0,0,1.0,0.15625,0.4053250526315789,1.0,1.0,1.0,0.0,0.0,0.0,1.0,0.0,0.0,0.0,0,0,10,0.2743449086529125,LOW
West Zone 1,Magadi Road,0.0,8.0,49,1,1,1.6789,82.0,1.0,0.0,0.0,1.0,3.0,0.0,0.0,0.0,0.0,0.0,0,0,1.125,0.25,0.39798800000000006,1.0,1.0,2.0,0.0,0.0,2.0,1.0,0.5,0.0,0.0,0,8,9,0.2599811939295902,LOW
North Zone 2,Bellary Road 1,4.0,8.0,49,1,1,,,1.0,0.0,1.0,0.5,1.5,0.0,0.0,0.0,0.0,0.0,0,0,1.6267081267261014,0.6810601916820049,0.5209901802809422,2.0,1.0,1.0,1.0,0.0,0.0,1.6666666666666667,0.5773502691896257,1.0,1.0,0,5,2,0.21661935137906177,LOW
Central Zone 1,Mysore Road,2.0,8.0,49,1,1,,,0.0,0.0,1.0,0.5,2.5,0.0,0.0,0.0,0.0,0.0,0,0,2.0,1.03125,0.8222821473684211,3.0,1.0,1.0,2.0,0.0,0.0,1.6666666666666667,1.0,2.0,2.0,0,0,10,0.17288655182203638,LOW
East Zone 1,ORR East 2,2.0,0.0,49,1,1,2.34,726.2,0.0,0.0,0.0,1.0,1.0,0.0,1.0,0.0,0.0,0.0,0,0,1.0351887242868543,1.031281960196793,2.319569917961897,1.0,1.0,1.0,1.0,1.0,1.0,1.0,0.0,0.0,0.0,0,2,13,0.055072644892818025,LOW
South Zone 1,Non-corridor,2.0,0.0,49,1,1,,,0.0,0.0,0.0,1.0,1.0,1.0,0.0,0.0,0.0,0.0,0,0,1.109375,0.53125,0.2534583732057416,1.0,1.0,2.0,0.0,1.0,1.0,1.0,0.5,0.0,-1.0,0,6,11,0.3276650689348604,MEDIUM
South Zone 1,Non-corridor,3.0,8.0,49,1,1,,,1.0,0.0,1.0,0.5,2.5,0.0,0.0,0.0,0.0,0.0,0,0,1.0625,0.1875,0.13501410526315788,1.0,1.0,2.0,0.0,0.0,1.0,1.0,0.5,0.0,0.0,0,6,11,0.17127379474028837,LOW
South Zone 1,ORR West 1,4.0,8.0,49,1,1,2.1724,106.1,1.0,0.0,0.0,1.0,3.0,0.0,0.0,0.0,0.0,0.0,0,0,1.203125,0.9599609375,1.0478513356117565,1.0,1.0,2.0,1.0,1.0,2.0,1.0,0.5000000000000003,0.0,0.0,0,6,16,0.04702713879849751,LOW
West Zone 2,Mysore Road,5.0,0.0,49,1,0,0.8483,58.0,0.0,0.0,0.0,1.0,3.0,0.0,0.0,0.0,0.0,0.0,0,0,1.31298828125,0.84716796875,0.391758442302119,1.0,2.0,2.0,1.0,1.0,1.0,1.3333333333333333,0.5773502691896257,-1.0,0.0,0,9,10,0.08776745559962654,LOW
West Zone 2,Non-corridor,5.0,0.0,49,1,1,,,0.0,0.0,0.0,1.0,1.0,0.0,0.0,0.0,0.0,0.0,0,0,1.0,0.1875,0.25214315789473685,1.0,1.0,1.0,0.0,0.0,0.0,1.0,0.0,0.0,0.0,0,9,11,0.0661969271477411,LOW
North Zone 1,Airport New South Road,3.0,12.0,49,1,1,,,0.0,0.0,0.0,1.0,3.0,0.0,1.0,0.0,0.0,0.0,0,0,1.0,0.5,0.8223,1.0,1.0,0.0,1.0,0.0,0.0,1.0,0.0,0.0,1.0,0,4,0,0.07472984087927412,LOW
South Zone 1,ORR West 1,4.0,0.0,49,1,1,,,0.0,0.0,0.0,1.0,3.0,0.0,0.0,0.0,0.0,0.0,0,0,1.2542877197265625,0.8157539367675781,0.3071698467520588,1.0,2.0,1.0,1.0,1.0,0.0,1.3333333333333333,0.5,-1.0,0.0,0,6,16,0.08039035685432053,LOW
South Zone 2,Non-corridor,3.0,4.0,49,2,2,,,0.0,0.0,0.5,0.75,2.0,0.0,0.0,0.0,0.0,0.0,0,0,1.0,0.984375,0.166,1.0,1.0,1.0,1.0,1.0,1.0,1.0,0.0,0.0,0.0,0,7,11,0.11472302753463785,LOW
South Zone 2,Non-corridor,3.0,0.0,49,1,0,0.3655,146.2,0.0,0.0,1.0,0.5,1.0,0.0,0.0,0.0,0.0,0.0,0,0,1.0,0.8046875,0.31808773413897273,1.0,1.0,1.0,1.0,1.0,0.0,1.0,0.0,0.0,0.0,0,7,11,0.09166707480851684,LOW
Central Zone 2,Non-corridor,2.0,4.0,49,3,3,,,0.0,0.0,0.0,1.0,2.1666666666666665,0.0,0.0,0.0,0.0,0.0,1,0,1.8907558923442231,1.5677139561296323,0.23005762584079156,2.0,1.0,3.0,2.0,1.0,3.0,1.6666666666666667,0.8164965809277259,1.0,1.0,0,1,11,0.7033002071470335,HIGH
North Zone 2,Bellary Road 2,5.0,4.0,49,4,4,2.1645,720.1,0.0,0.0,0.5,0.75,1.0,0.0,1.0,0.0,0.0,0.0,1,0,1.0095234662439907,0.618330038167187,0.2730065868422225,1.0,1.0,1.0,1.0,0.0,1.0,1.0,0.0,0.0,1.0,0,5,3,0.12011030742321466,LOW
North Zone 2,Bellary Road 2,6.0,0.0,49,1,1,,,0.0,0.0,0.0,1.0,1.0,0.0,1.0,0.0,0.0,0.0,0,0,1.1368480635158313,0.6173129349626958,1.3043378425043042,1.0,1.0,1.0,0.0,1.0,1.0,1.3333333333333333,0.5,0.0,-1.0,0,5,3,0.04582704512297585,LOW
South Zone 2,Hosur Road,0.0,0.0,49,1,0,1.3967,114.6,0.0,0.0,0.0,1.0,2.5,0.0,0.0,0.0,0.0,0.0,0,0,1.5,0.875,0.9123298701298702,2.0,1.0,1.0,1.0,1.0,0.0,1.3333333333333333,0.5,1.0,0.0,0,7,7,0.09867638407722384,LOW
West Zone 1,Tumkur Road,1.0,4.0,49,2,1,0.1657,34.0,0.5,0.0,0.5,0.75,1.0,0.0,0.0,0.0,0.0,0.0,0,0,1.0380935668945312,0.2489166259765625,0.3139950364413218,1.0,1.0,1.0,0.0,0.0,1.0,1.0,0.0,0.0,0.0,0,8,19,0.31338344012861674,MEDIUM
North Zone 1,Bellary Road 2,0.0,8.0,49,1,0,1.4331,120.6,0.0,0.0,1.0,0.5,1.0,1.0,0.0,0.0,0.0,0.0,0,0,0.0,0.0,0.0,0.0,0.0,0.0,0.0,0.0,0.0,0.0,0.0,0.0,0.0,0,4,3,0.05591041026814363,LOW
North Zone 1,Bellary Road 1,4.0,0.0,49,1,1,,,0.0,0.0,0.0,1.0,1.0,0.0,0.0,0.0,0.0,0.0,0,0,1.0625,1.0,1.857001038961039,1.0,1.0,2.0,1.0,1.0,1.0,1.0,0.5,0.0,0.0,0,4,2,0.07177625114477493,LOW
North Zone 1,Bellary Road 1,3.0,8.0,49,2,2,,,1.0,0.0,0.5,0.75,1.0,0.0,0.0,0.0,0.0,0.0,0,0,1.0,1.0,0.0,1.0,1.0,0.0,1.0,1.0,0.0,1.0,0.0,0.0,0.0,0,4,2,0.06065192077336572,LOW
North Zone 1,Bellary Road 2,0.0,12.0,49,1,0,0.4027,33.6,0.0,0.0,0.0,1.0,1.0,1.0,1.0,0.0,0.0,0.0,0,0,0.0,0.0,0.0,0.0,0.0,0.0,0.0,0.0,0.0,0.0,0.0,0.0,0.0,0,4,3,0.16845434731336076,LOW
North Zone 2,ORR North 2,4.0,20.0,49,1,1,,,0.0,0.0,1.0,0.5,3.0,0.0,0.0,0.0,0.0,0.0,0,0,1.0,0.375,1.3900983157894735,1.0,1.0,1.0,0.0,1.0,0.0,1.0,0.0,0.0,-1.0,0,5,15,0.0477736004513827,LOW
North Zone 2,ORR North 2,4.0,12.0,49,2,0,0.3026,60.2,0.0,0.0,1.0,0.5,1.25,0.0,0.0,0.0,0.0,0.0,0,0,1.0,0.46484375,0.3264558846348457,1.0,1.0,1.0,0.0,1.0,1.0,1.0,0.0,0.0,-1.0,0,5,15,0.33123488109818666,MEDIUM
North Zone 2,ORR North 2,2.0,0.0,49,1,0,1.4564,119.5,0.0,0.0,0.0,1.0,2.5,0.0,0.0,0.0,0.0,0.0,0,0,1.0167236328125,0.8736572265625,0.896676414767734,1.0,1.0,1.0,1.0,1.0,1.0,1.0,0.0,0.0,0.0,0,5,15,0.08328493269264081,LOW
Central Zone 2,Mysore Road,5.0,8.0,49,1,1,,,1.0,0.0,0.0,1.0,1.0,0.0,0.0,0.0,0.0,0.0,0,0,1.8226379519622076,1.0351020300127334,0.6856893951187956,1.0,3.0,2.0,0.0,2.0,2.0,2.3333333333333335,0.9574271077563381,-2.0,-2.0,0,1,10,0.3491464527554446,MEDIUM
Central Zone 1,Old Airport Road,5.0,8.0,49,1,1,,,0.0,0.0,0.0,1.0,2.5,0.0,0.0,0.0,0.0,0.0,0,0,1.0,0.104217529296875,0.4776153900271962,1.0,1.0,1.0,0.0,0.0,1.0,1.0,0.0,0.0,0.0,0,0,17,0.08447827208722324,LOW
West Zone 2,Bellary Road 1,4.0,4.0,49,1,0,0.8665,71.1,0.0,0.0,1.0,0.5,2.5,0.0,0.0,0.0,0.0,0.0,0,0,1.015625,0.935302734375,1.9647551144598336,1.0,1.0,1.0,1.0,1.0,0.0,1.0,0.0,0.0,0.0,0,9,2,0.1433627544035649,LOW
South Zone 1,Non-corridor,6.0,4.0,49,2,2,,,0.0,0.0,1.0,0.5,1.75,0.0,0.0,0.0,0.0,0.0,0,0,4.22265625,4.10546875,0.2911992640692641,1.0,12.0,1.0,1.0,12.0,1.0,4.666666666666667,5.4999999999999885,-11.0,-11.0,0,6,11,0.3434925309042704,MEDIUM
South Zone 1,Non-corridor,6.0,0.0,49,1,1,,,0.0,0.0,1.0,0.5,2.5,0.0,0.0,0.0,0.0,0.0,0,0,1.0625534057617188,0.4109039306640625,0.4788276066473117,1.0,1.0,2.0,0.0,1.0,2.0,1.0,0.5,0.0,-1.0,0,6,11,0.1629150975966067,LOW
Central Zone 2,Non-corridor,4.0,0.0,49,2,2,,,0.0,0.0,0.0,1.0,1.0,0.0,0.0,0.0,0.0,0.0,0,0,2.0196592148360804,1.2673403197209847,0.1770176206408759,1.0,1.0,5.0,1.0,0.0,5.0,1.3333333333333333,1.8929694486000903,0.0,1.0,0,1,11,0.6975815842682679,HIGH
Central Zone 2,Non-corridor,4.0,12.0,49,3,2,0.5077,85.5,0.0,0.0,0.0,1.0,1.6666666666666667,0.3333333333333333,0.0,0.0,0.0,0.0,0,0,4.0538581195405525,1.9483417874158857,0.4172656420315456,2.0,2.0,16.0,2.0,1.0,6.0,5.0,6.946221994724902,0.0,1.0,0,1,11,0.718159128334034,HIGH
North Zone 2,Bellary Road 1,2.0,16.0,49,1,1,,,1.0,0.0,0.0,1.0,1.0,1.0,0.0,0.0,0.0,0.0,0,0,1.125,1.0625,0.1082,1.0,1.0,1.0,1.0,1.0,1.0,1.3333333333333333,0.5,0.0,0.0,0,5,2,0.37099904605002926,MEDIUM
Central Zone 2,Mysore Road,1.0,0.0,49,1,1,,,0.0,0.0,0.0,1.0,1.0,0.0,0.0,0.0,0.0,0.0,0,0,1.3338689804077148,0.7971348762512207,0.3444834223646387,1.0,1.0,4.0,0.0,1.0,4.0,1.3333333333333333,1.4142135623730951,0.0,-1.0,0,1,10,0.5625254562373522,MEDIUM
North Zone 2,Bellary Road 1,2.0,8.0,49,1,1,2.3567,115.1,1.0,0.0,0.0,1.0,3.0,0.0,0.0,0.0,0.0,0.0,0,0,1.4027597941458225,0.4862126000225544,0.7912963643458928,1.0,1.0,2.0,0.0,0.0,2.0,1.6666666666666667,0.957427107756338,0.0,0.0,0,5,2,0.04511460114345742,LOW
Central Zone 2,Non-corridor,5.0,0.0,49,2,2,,,0.0,0.0,0.0,1.0,1.25,0.0,0.0,0.0,0.0,0.0,0,0,2.6019325631317423,2.3518548342520136,0.5114402103171405,2.0,2.0,2.0,2.0,2.0,2.0,2.0,0.0,0.0,0.0,0,1,11,0.6222155478610977,HIGH
North Zone 2,Bellary Road 1,6.0,4.0,49,1,1,,,0.0,0.0,1.0,0.5,1.0,0.0,0.0,0.0,0.0,0.0,0,0,1.085248954829698,0.46447408157106185,0.22353502615655835,1.0,1.0,1.0,0.0,1.0,0.0,1.0,0.0,0.0,-1.0,0,5,2,0.13743933362271285,LOW
Central Zone 2,Non-corridor,3.0,12.0,49,2,2,,,0.0,0.0,0.5,0.75,2.5,0.0,0.0,0.0,0.0,0.0,0,0,2.6028576381023756,2.407961255467689,0.3000273186103528,2.0,3.0,2.0,2.0,3.0,1.0,2.6666666666666665,0.5773502691896147,-1.0,-1.0,0,1,11,0.6710758468363439,HIGH
Central Zone 2,Mysore Road,2.0,0.0,49,2,2,,,0.0,0.0,1.0,0.5,1.0,0.0,0.0,0.0,0.0,0.0,0,0,1.2590739586157724,0.25852015806594864,0.40624950507876034,1.0,1.0,2.0,0.0,0.0,1.0,1.3333333333333333,0.5773502691896257,0.0,0.0,0,1,10,0.38317959076036917,MEDIUM
Central Zone 1,Non-corridor,2.0,0.0,49,1,1,,,0.0,0.0,0.0,1.0,2.5,0.0,0.0,0.0,0.0,0.0,0,0,1.0,0.375,0.26597894736842104,1.0,1.0,1.0,0.0,1.0,1.0,1.0,0.0,0.0,-1.0,0,0,11,0.18174126347032918,LOW
North Zone 2,Non-corridor,6.0,0.0,49,1,1,,,0.0,0.0,0.0,1.0,1.0,0.0,1.0,0.0,0.0,0.0,0,0,1.0078125,0.9764404296875,0.30156198022639347,1.0,1.0,1.0,1.0,1.0,1.0,1.0,0.0,0.0,0.0,0,5,11,0.256332190573954,LOW
Central Zone 2,Mysore Road,6.0,0.0,49,1,1,,,0.0,0.0,1.0,0.5,2.5,0.0,0.0,0.0,0.0,0.0,0,0,2.256398240259398,1.0512823514284206,0.8187356153100119,2.0,2.0,2.0,0.0,2.0,1.0,2.6666666666666665,0.9999999999999998,0.0,-2.0,0,1,10,0.1788012542976165,LOW
West Zone 2,Mysore Road,2.0,0.0,49,1,0,0.5623,69.2,0.0,0.0,0.0,1.0,2.5,0.0,0.0,0.0,0.0,0.0,0,0,1.125,0.875,0.63016,1.0,1.0,1.0,1.0,1.0,0.0,1.3333333333333333,0.5,0.0,0.0,0,9,10,0.35159062100688004,MEDIUM
West Zone 2,Mysore Road,6.0,8.0,49,1,0,0.7325,60.1,0.0,0.0,0.0,1.0,2.5,0.0,0.0,0.0,0.0,0.0,0,0,1.03125,0.1875,0.7808190581717452,1.0,1.0,1.0,0.0,0.0,0.0,1.0,0.0,0.0,0.0,0,9,10,0.1405453822551424,LOW
Central Zone 2,Mysore Road,4.0,0.0,49,2,1,0.7593,62.3,0.0,0.0,0.0,1.0,1.75,0.0,0.0,0.0,0.0,0.0,0,1,1.317703631740339,1.1738050440643732,0.4336121522743807,1.0,1.0,1.0,1.0,1.0,0.0,1.6666666666666667,1.0,0.0,0.0,0,1,10,0.5745621396666676,MEDIUM
Central Zone 2,Non-corridor,2.0,8.0,49,2,1,1.4234499999999999,93.95,0.5,0.0,0.5,0.75,2.5,0.5,0.0,0.0,0.0,0.0,0,0,2.934515141434969,2.342791061710612,0.1270454926924525,2.0,4.0,4.0,2.0,4.0,2.0,3.3333333333333335,1.0,-2.0,-2.0,0,1,11,0.6929014178855984,HIGH
South Zone 1,ORR West 1,3.0,8.0,49,1,0,1.17,96.0,0.0,0.0,0.0,1.0,2.5,0.0,0.0,0.0,0.0,0.0,0,0,2.625,1.6796875,0.9121305974025973,2.0,5.0,1.0,2.0,2.0,0.0,3.0,1.7320508075688774,-3.0,0.0,0,6,16,0.3220315108461443,MEDIUM
Central Zone 2,Mysore Road,3.0,8.0,49,2,0,0.5306500000000001,31.6,1.0,0.0,0.5,0.75,2.0,0.0,0.0,0.0,0.0,0.0,0,0,1.304933788998511,1.1697810554079169,0.7857859184370716,1.0,1.0,1.0,1.0,1.0,1.0,1.3333333333333333,0.4999999999999999,0.0,0.0,0,1,10,0.2579900207731837,LOW
South Zone 2,Hosur Road,3.0,0.0,49,1,0,0.2369,48.6,0.0,0.0,0.0,1.0,1.0,0.0,0.0,0.0,0.0,0.0,0,0,1.250256597995758,0.9986880868673325,1.1551489874491587,1.0,1.0,1.0,1.0,1.0,1.0,1.6666666666666667,1.0,0.0,0.0,0,7,7,0.2561514113613438,LOW
North Zone 2,Bellary Road 2,5.0,0.0,49,1,1,,,0.0,0.0,0.0,1.0,3.0,1.0,1.0,0.0,0.0,0.0,0,0,1.2648340804226805,1.256890803601074,0.4837368957671336,1.0,2.0,1.0,1.0,2.0,1.0,1.3333333333333333,0.5,-1.0,-1.0,0,5,3,0.12225557723232573,LOW
Central Zone 1,Old Madras Road,6.0,8.0,49,1,1,,,1.0,0.0,0.0,1.0,1.0,0.0,0.0,0.0,0.0,0.0,0,0,1.2562504124944098,1.2484370518759533,0.22864278186929723,1.0,2.0,1.0,1.0,2.0,1.0,1.3333333333333333,0.5,-1.0,-1.0,0,0,18,0.1124305908028273,LOW
West Zone 1,Tumkur Road,2.0,0.0,49,1,0,0.0768,6.3,0.0,0.0,0.0,1.0,2.5,0.0,0.0,0.0,0.0,0.0,0,0,1.0626157522201538,0.21573984622955322,0.670185255419535,1.0,1.0,2.0,0.0,0.0,1.0,1.0,0.5,0.0,0.0,0,8,19,0.12092058886382337,LOW
Central Zone 2,Bellary Road 1,3.0,12.0,49,1,1,,,0.0,0.0,0.0,1.0,2.5,0.0,0.0,0.0,0.0,0.0,0,0,1.25,1.25,0.0,1.0,1.0,0.0,1.0,1.0,0.0,1.3333333333333333,0.5773502691896257,0.0,0.0,0,1,2,0.2176482613967943,LOW
Central Zone 2,Bellary Road 1,2.0,0.0,49,1,1,,,0.0,0.0,1.0,0.5,2.5,0.0,0.0,0.0,0.0,0.0,0,1,1.0,0.6484375,0.4560571745152354,1.0,1.0,1.0,1.0,0.0,0.0,1.0,0.0,0.0,1.0,0,1,2,0.27547808492690695,LOW
East Zone 1,Non-corridor,3.0,0.0,49,1,1,,,0.0,0.0,0.0,1.0,1.0,0.0,1.0,0.0,0.0,0.0,0,0,2.00390625,0.7969970703125,0.878138651053279,3.0,1.0,1.0,1.0,1.0,0.0,1.6666666666666667,1.0,2.0,0.0,0,2,11,0.15348674407116833,LOW
East Zone 2,Non-corridor,2.0,0.0,49,2,0,0.3925,89.55,0.0,0.0,0.5,0.75,2.0,0.0,1.0,0.0,0.0,0.0,0,0,2.40625,1.51953125,0.6797426715113142,3.0,2.0,3.0,2.0,1.0,1.0,2.0,0.9574271077563381,1.0,1.0,0,3,11,0.3441547449005767,MEDIUM
Central Zone 1,Old Madras Road,0.0,8.0,49,1,0,0.3655,35.7,1.0,0.0,1.0,0.5,1.5,0.0,0.0,0.0,0.0,0.0,0,0,1.0,0.75,0.1815,1.0,1.0,1.0,1.0,0.0,1.0,1.0,0.0,0.0,1.0,0,0,18,0.0985107459799748,LOW
Central Zone 1,Old Madras Road,0.0,4.0,49,1,1,,,1.0,0.0,0.0,1.0,2.5,0.0,0.0,0.0,0.0,0.0,0,0,1.125,0.5,0.4334,1.0,1.0,2.0,0.0,1.0,1.0,1.0,0.5,0.0,-1.0,0,0,18,0.25877229989807193,LOW
North Zone 2,ORR North 2,2.0,8.0,49,1,1,,,0.0,0.0,1.0,0.5,1.0,0.0,0.0,0.0,0.0,0.0,0,0,1.5005035400390625,1.5002593994140625,0.24190755501665823,1.0,3.0,1.0,1.0,3.0,1.0,1.6666666666666667,1.0,-2.0,-2.0,0,5,15,0.11694670575520931,LOW
West Zone 2,Mysore Road,0.0,20.0,49,1,1,,,0.0,0.0,0.0,1.0,1.5,0.0,0.0,0.0,0.0,0.0,0,0,0.0,0.0,0.0,0.0,0.0,0.0,0.0,0.0,0.0,0.0,0.0,0.0,0.0,0,9,10,0.10048825890233087,LOW
West Zone 2,Mysore Road,0.0,8.0,49,2,1,0.5614,32.9,1.0,0.0,1.0,0.5,2.5,0.0,0.0,0.0,0.0,0.0,0,0,0.0,0.0,0.0,0.0,0.0,0.0,0.0,0.0,0.0,0.0,0.0,0.0,0.0,0,9,10,0.12024593263742166,LOW
East Zone 1,ORR East 1,3.0,8.0,49,1,1,,,1.0,0.0,1.0,0.5,2.5,0.0,1.0,0.0,0.0,0.0,0,0,1.021728515625,0.40765380859375,1.1959556858826315,1.0,1.0,1.0,0.0,1.0,0.0,1.0,0.0,0.0,-1.0,0,2,12,0.03515272566196027,LOW
South Zone 2,Non-corridor,4.0,0.0,49,1,0,0.4505,180.2,0.0,0.0,1.0,0.5,1.0,0.0,0.0,0.0,0.0,0.0,0,0,1.0625,0.900146484375,0.28106495185780983,1.0,1.0,2.0,1.0,1.0,0.0,1.0,0.5,0.0,0.0,0,7,11,0.23127995620171127,LOW
Central Zone 2,Non-corridor,5.0,4.0,49,2,1,0.1819,26.7,0.0,0.0,0.0,1.0,2.75,0.0,0.5,0.0,0.0,0.0,0,0,3.2021074388496187,2.6074300813585376,0.1126967864907147,3.0,5.0,1.0,2.0,5.0,1.0,3.0,1.9148542155126764,-2.0,-3.0,0,1,11,0.6930615946717761,HIGH
West Zone 1,Magadi Road,2.0,8.0,49,1,0,0.9163,125.3,0.0,0.0,0.0,1.0,1.5,0.0,0.0,0.0,0.0,0.0,0,0,1.0205230712890625,0.639068603515625,0.531814049161023,1.0,1.0,1.0,1.0,0.0,1.0,1.0,0.0,0.0,1.0,0,8,9,0.2320456087620949,LOW
Central Zone 2,Non-corridor,5.0,8.0,49,5,3,0.29395,44.45,0.2,0.0,0.6,0.7,2.2,0.2,0.0,0.0,0.0,0.0,1,0,9.404605283713714,8.359980638081495,0.4381907328639689,16.0,1.0,7.0,15.0,1.0,5.0,6.666666666666667,6.652067347825035,15.0,14.0,0,1,11,0.718159128334034,HIGH
South Zone 2,IRR(Thanisandra road),4.0,4.0,49,1,1,,,1.0,0.0,1.0,0.5,1.0,0.0,0.0,0.0,0.0,0.0,0,0,1.0,0.875,0.37048400000000004,1.0,1.0,1.0,1.0,1.0,0.0,1.0,0.0,0.0,0.0,0,7,8,0.14416759583295663,LOW
West Zone 2,West of Chord Road,0.0,8.0,49,1,1,,,0.0,0.0,0.0,1.0,2.5,0.0,0.0,0.0,0.0,0.0,0,0,1.375,1.25,0.7376,1.0,2.0,2.0,1.0,2.0,1.0,1.3333333333333333,0.5773502691896257,-1.0,-1.0,0,9,21,0.0249298994834905,LOW
East Zone 1,ORR East 2,4.0,0.0,49,1,1,2.34,717.2,0.0,0.0,0.0,1.0,1.0,0.0,1.0,0.0,0.0,0.0,0,0,1.125000149019805,1.093750029809606,2.5019231652611555,1.0,1.0,1.0,1.0,1.0,1.0,1.3333333333333333,0.5,0.0,0.0,0,2,13,0.055072644892818025,LOW
North Zone 1,ORR North 1,6.0,4.0,49,2,2,,,0.5,0.0,0.0,1.0,1.0,0.5,1.0,0.0,0.0,0.0,0,0,1.285282150209241,0.5247715097502805,0.8450265648640378,1.0,2.0,1.0,0.0,1.0,1.0,1.3333333333333333,0.5,-1.0,-1.0,0,4,14,0.05215163554864335,LOW
Central Zone 2,Non-corridor,5.0,16.0,49,2,2,,,1.0,0.0,0.0,1.0,2.0,1.0,0.0,0.0,0.0,0.0,0,0,1.3968677530065179,0.6304949829354882,0.7592855185403526,1.0,2.0,1.0,0.0,1.0,1.0,1.6666666666666667,0.5773502691896257,-1.0,-1.0,0,1,11,0.2692666406133353,LOW
South Zone 2,Bannerghata Road,4.0,16.0,49,1,1,7.2789,426.6,1.0,0.0,0.0,1.0,1.0,1.0,0.0,0.0,0.0,0.0,0,0,0.0,0.0,0.0,0.0,0.0,0.0,0.0,0.0,0.0,0.0,0.0,0.0,0.0,0,7,1,0.11413150220359182,LOW
South Zone 2,Bannerghata Road,4.0,12.0,49,1,1,,,0.0,0.0,0.0,1.0,2.5,0.0,0.0,0.0,0.0,0.0,0,0,3.06298828125,2.09912109375,0.22128668915235458,5.0,1.0,1.0,4.0,0.0,1.0,2.3333333333333335,2.0,4.0,4.0,0,7,1,0.0763096206987158,LOW
East Zone 2,ORR North 1,4.0,8.0,49,1,1,,,1.0,0.0,0.0,1.0,1.0,0.0,0.0,0.0,0.0,0.0,0,0,1.0,0.875,0.5631,1.0,1.0,1.0,1.0,1.0,0.0,1.0,0.0,0.0,0.0,0,3,14,0.21949080436497725,LOW
East Zone 2,ORR North 1,3.0,8.0,49,1,1,,,0.0,0.0,0.0,1.0,2.5,0.0,0.0,0.0,0.0,0.0,0,0,1.0,0.5,0.5631,1.0,1.0,0.0,1.0,0.0,0.0,1.0,0.0,0.0,1.0,0,3,14,0.10186179136730104,LOW
West Zone 1,Tumkur Road,3.0,4.0,49,1,1,,,1.0,0.0,1.0,0.5,1.5,0.0,0.0,0.0,0.0,0.0,0,0,1.3769856225844705,0.7917275408108253,0.6081808557416932,1.0,2.0,1.0,1.0,1.0,0.0,1.6666666666666667,0.5773502691896257,-1.0,0.0,0,8,19,0.0675868926218677,LOW
East Zone 1,Non-corridor,3.0,8.0,49,1,0,0.1249,39.3,1.0,0.0,1.0,0.5,1.0,0.0,1.0,0.0,0.0,0.0,0,0,1.4140625,1.16015625,0.22020690909090906,1.0,2.0,1.0,1.0,2.0,0.0,1.6666666666666667,0.5773502691896257,-1.0,-1.0,0,2,11,0.0747837519760983,LOW
East Zone 1,Non-corridor,0.0,4.0,49,1,1,,,0.0,0.0,1.0,0.5,1.0,0.0,1.0,0.0,0.0,0.0,0,0,1.0,0.5,0.3075,1.0,1.0,0.0,0.0,1.0,0.0,1.0,0.0,0.0,-1.0,0,2,11,0.09181292251685179,LOW
North Zone 1,Bellary Road 2,5.0,12.0,49,1,1,,,0.0,0.0,1.0,0.5,1.0,0.0,0.0,0.0,0.0,0.0,0,0,1.25,0.5,0.39112105263157887,1.0,2.0,0.0,0.0,2.0,0.0,1.3333333333333333,0.5773502691896257,-1.0,-2.0,0,4,3,0.0699589464852687,LOW
South Zone 2,Hosur Road,2.0,0.0,49,1,0,0.2718,22.3,0.0,0.0,0.0,1.0,2.5,0.0,0.0,0.0,0.0,0.0,0,0,1.26275634765625,0.6566009521484375,0.18617945966337823,1.0,2.0,1.0,0.0,2.0,0.0,1.3333333333333333,0.5,-1.0,-2.0,0,7,7,0.10249049028663303,LOW
West Zone 2,Bellary Road 1,4.0,12.0,49,4,4,,,0.0,0.0,0.25,0.875,2.5,0.0,0.0,0.0,0.0,0.0,1,0,1.5625,0.96875,0.7912644155844157,2.0,1.0,2.0,1.0,1.0,1.0,1.3333333333333333,0.5773502691896257,1.0,0.0,0,9,2,0.09842590765127768,LOW
West Zone 2,Bellary Road 1,4.0,8.0,49,1,0,0.3464,20.3,1.0,0.0,0.0,1.0,2.5,0.0,0.0,0.0,0.0,0.0,0,0,1.2578125,0.251953125,1.5537214253181513,1.0,2.0,1.0,0.0,0.0,1.0,1.3333333333333333,0.5,-1.0,0.0,0,9,2,0.11024404536280574,LOW
West Zone 2,Bellary Road 1,1.0,8.0,49,2,2,,,0.0,0.0,1.0,0.5,1.0,0.0,0.0,0.0,0.0,0.0,0,0,1.0,0.25,0.32880000000000004,1.0,1.0,0.0,0.0,0.0,0.0,1.0,0.0,0.0,0.0,0,9,2,0.04691940368369759,LOW
Central Zone 1,Old Madras Road,1.0,8.0,49,1,0,0.7934,46.5,1.0,0.0,0.0,1.0,2.5,0.0,0.0,0.0,0.0,0.0,0,0,1.1640625,0.65380859375,0.28092500506314283,1.0,1.0,1.0,1.0,0.0,1.0,1.3333333333333333,0.5,0.0,1.0,0,0,18,0.3178580560845899,MEDIUM
Central Zone 2,Mysore Road,5.0,4.0,49,4,4,2.34,1329.7,0.0,0.0,0.5,0.75,1.5,0.0,0.0,0.0,0.0,0.0,1,0,1.2696472411634563,0.6377163929174487,0.3957669564213973,1.0,2.0,1.0,0.0,2.0,0.0,1.3333333333333333,0.5,-1.0,-2.0,0,1,10,0.23009071280885074,LOW
North Zone 2,Non-corridor,5.0,0.0,49,1,1,,,0.0,0.0,0.0,1.0,1.0,0.0,0.0,0.0,0.0,0.0,0,0,1.0625,0.8115234375,0.30156198022639347,1.0,1.0,2.0,1.0,1.0,0.0,1.0,0.5,0.0,0.0,0,5,11,0.33214530460105063,MEDIUM
North Zone 1,ORR North 1,4.0,8.0,49,1,1,3.276,1389.0,1.0,0.0,0.0,1.0,1.0,0.0,1.0,0.0,0.0,0.0,0,0,1.7696423530578613,1.7050938606262207,1.1410945726228896,1.0,2.0,7.0,1.0,2.0,6.0,1.6666666666666667,2.7080128015453204,-1.0,-1.0,0,4,14,0.10244324191966249,LOW
Central Zone 1,Non-corridor,3.0,8.0,49,1,1,,,1.0,0.0,0.0,1.0,1.0,0.0,0.0,0.0,0.0,0.0,0,0,1.1875,0.8125,0.14383578947368422,1.0,1.0,1.0,1.0,0.0,0.0,1.3333333333333333,0.5,0.0,1.0,0,0,11,0.29898481397473825,LOW
South Zone 2,IRR(Thanisandra road),1.0,8.0,49,1,0,0.4511,41.9,0.0,0.0,0.0,1.0,2.5,0.0,0.0,0.0,0.0,0.0,0,0,1.0,0.0,0.28068,1.0,1.0,0.0,0.0,0.0,0.0,1.0,0.0,0.0,0.0,0,7,8,0.21704996664636436,LOW
North Zone 2,ORR North 2,5.0,0.0,49,1,0,0.6947,142.5,0.0,0.0,0.0,1.0,1.0,0.0,0.0,0.0,0.0,0.0,0,0,1.0127258380525745,0.4931692474638112,0.14092875079351405,1.0,1.0,1.0,0.0,1.0,1.0,1.0,0.0,0.0,-1.0,0,5,15,0.16332952007097443,LOW
East Zone 1,Varthur Road,4.0,4.0,49,2,2,1.7238,353.6,0.0,0.0,0.0,1.0,1.0,0.0,1.0,0.0,0.0,0.0,0,0,1.0,0.25,0.1276,1.0,1.0,1.0,0.0,0.0,1.0,1.0,0.0,0.0,0.0,0,2,20,0.03774170193287339,LOW
East Zone 1,Varthur Road,3.0,8.0,49,2,1,0.1894,11.1,0.5,0.0,0.0,1.0,2.0,0.0,1.0,0.0,0.0,0.0,0,0,1.0,0.28125,0.9122213759999999,1.0,1.0,1.0,0.0,1.0,0.0,1.0,0.0,0.0,-1.0,0,2,20,0.0941106302868421,LOW
East Zone 1,Varthur Road,3.0,4.0,49,1,0,0.0476,7.9,1.0,0.0,0.0,1.0,1.0,0.0,1.0,0.0,0.0,0.0,0,0,1.0,1.0,0.0,1.0,1.0,0.0,1.0,1.0,0.0,1.0,0.0,0.0,0.0,0,2,20,0.03297552115189928,LOW
North Zone 2,ORR North 2,4.0,0.0,49,2,2,,,0.0,0.0,0.5,0.75,1.25,0.0,0.0,0.0,0.0,0.0,0,0,1.6289072707295418,1.1256636753678322,0.16629898205743632,2.0,1.0,3.0,1.0,1.0,3.0,1.3333333333333333,0.9574271077563381,1.0,0.0,0,5,15,0.4608706778193331,MEDIUM
Central Zone 1,Old Madras Road,2.0,12.0,49,1,1,,,0.0,0.0,0.0,1.0,1.0,0.0,0.0,0.0,0.0,0.0,0,0,1.1640625,0.890625,0.1408260422960725,1.0,1.0,1.0,1.0,0.0,1.0,1.3333333333333333,0.5,0.0,1.0,0,0,18,0.3223271558063882,MEDIUM
East Zone 2,ORR North 1,0.0,4.0,49,1,1,,,1.0,0.0,0.0,1.0,1.5,0.0,0.0,0.0,0.0,0.0,0,0,0.0,0.0,0.0,0.0,0.0,0.0,0.0,0.0,0.0,0.0,0.0,0.0,0.0,0,3,14,0.06747317259629228,LOW
East Zone 2,ORR East 2,5.0,0.0,49,1,1,,,0.0,0.0,0.0,1.0,2.5,0.0,0.0,0.0,0.0,0.0,0,0,1.0,0.625,0.45804,1.0,1.0,1.0,1.0,0.0,1.0,1.0,0.0,0.0,1.0,0,3,13,0.12044911059731536,LOW
West Zone 1,Tumkur Road,4.0,0.0,49,1,1,,,0.0,0.0,0.0,1.0,3.0,0.0,0.0,0.0,0.0,0.0,0,0,1.423368455845587,0.8761229579371168,0.3945008490851579,1.0,2.0,3.0,1.0,1.0,1.0,1.3333333333333333,0.9574271077563381,-1.0,0.0,0,8,19,0.13553365675971688,LOW
Central Zone 2,Non-corridor,2.0,0.0,49,2,2,,,0.0,0.0,0.5,0.75,1.75,0.0,0.5,0.0,0.0,0.0,0,0,2.8666923036466168,2.3040521300478334,0.3605569320565066,3.0,2.0,2.0,3.0,1.0,1.0,2.6666666666666665,0.5773502691896132,1.0,2.0,0,1,11,0.6380428265684502,HIGH
West Zone 1,Mysore Road,1.0,4.0,49,1,1,,,0.0,0.0,1.0,0.5,0.5,0.0,0.0,0.0,0.0,0.0,0,0,0.0,0.0,0.0,0.0,0.0,0.0,0.0,0.0,0.0,0.0,0.0,0.0,0.0,0,8,10,0.12256661566399339,LOW
North Zone 1,ORR North 1,0.0,8.0,49,1,1,,,0.0,0.0,1.0,0.5,1.0,0.0,1.0,0.0,0.0,0.0,0,0,0.0,0.0,0.0,0.0,0.0,0.0,0.0,0.0,0.0,0.0,0.0,0.0,0.0,0,4,14,0.08697882156754633,LOW
Central Zone 2,Mysore Road,0.0,4.0,49,1,1,,,0.0,0.0,1.0,0.5,1.0,0.0,0.0,0.0,0.0,0.0,0,0,2.4296875,1.6171875,0.6964723933518006,3.0,2.0,1.0,2.0,2.0,1.0,2.3333333333333335,0.816496580927726,1.0,0.0,0,1,10,0.1770424444752195,LOW
West Zone 1,Magadi Road,4.0,8.0,49,1,1,,,1.0,0.0,0.0,1.0,1.0,0.0,0.0,0.0,0.0,0.0,0,0,1.5227075833827257,0.9776170738041401,1.0160271265592244,2.0,1.0,1.0,1.0,1.0,1.0,1.3333333333333333,0.5,1.0,0.0,0,8,9,0.062230431755343416,LOW
West Zone 1,West of Chord Road,3.0,4.0,49,1,1,,,0.0,0.0,1.0,0.5,2.5,0.0,0.0,0.0,0.0,0.0,0,0,1.0,0.5,0.5401,1.0,1.0,0.0,1.0,0.0,0.0,1.0,0.0,0.0,1.0,0,8,21,0.09148049248069642,LOW
West Zone 2,Non-corridor,2.0,4.0,49,1,0,0.1512,14.4,1.0,0.0,0.0,1.0,3.0,0.0,0.0,0.0,0.0,0.0,0,0,1.0,1.0,0.0,1.0,1.0,0.0,1.0,1.0,0.0,1.0,0.0,0.0,0.0,0,9,11,0.08089438837419004,LOW
Central Zone 2,Non-corridor,6.0,8.0,49,1,1,,,0.0,0.0,1.0,0.5,1.5,0.0,0.0,0.0,0.0,0.0,0,0,2.3845218702366675,1.5217393493467695,0.37758612501489913,2.0,1.0,8.0,2.0,0.0,2.0,1.6666666666666667,3.2015621187164243,1.0,2.0,0,1,11,0.7033002071470335,HIGH
West Zone 1,Non-corridor,6.0,4.0,49,1,1,2.1403,380.5,0.0,0.0,0.0,1.0,2.5,0.0,0.0,0.0,0.0,0.0,0,0,2.31353759765625,1.282087802886963,0.41390007518246985,2.0,3.0,4.0,1.0,2.0,4.0,2.3333333333333335,0.957427107756338,-1.0,-1.0,0,8,11,0.19927218640790617,LOW
Central Zone 2,Bellary Road 1,1.0,0.0,49,1,1,,,0.0,0.0,1.0,0.5,2.5,0.0,0.0,0.0,0.0,0.0,0,0,1.0,0.1875,0.8657873684210526,1.0,1.0,1.0,0.0,0.0,0.0,1.0,0.0,0.0,0.0,0,1,2,0.1742546601470629,LOW
West Zone 1,ORR West 1,0.0,0.0,49,1,1,,,0.0,0.0,0.0,1.0,1.0,0.0,0.0,0.0,0.0,0.0,0,0,0.0,0.0,0.0,0.0,0.0,0.0,0.0,0.0,0.0,0.0,0.0,0.0,0.0,0,8,16,0.07204492293515541,LOW
Central Zone 2,Bellary Road 1,5.0,0.0,49,1,0,0.3973,32.6,0.0,0.0,0.0,1.0,2.5,0.0,0.0,0.0,0.0,0.0,0,0,1.5,1.4560546875,1.7762556831895289,1.0,3.0,1.0,1.0,3.0,1.0,1.6666666666666667,1.0,-2.0,-2.0,0,1,2,0.30543124906413155,MEDIUM
Central Zone 2,Bellary Road 1,4.0,8.0,49,1,0,0.6362,52.2,0.0,0.0,0.0,1.0,2.5,0.0,0.0,0.0,0.0,0.0,0,0,1.25,0.6875,0.3753129909365558,1.0,2.0,1.0,0.0,2.0,1.0,1.3333333333333333,0.5,-1.0,-2.0,0,1,2,0.27483464391657175,LOW
Central Zone 1,Non-corridor,4.0,4.0,49,1,0,0.2142,29.8,0.0,0.0,0.0,1.0,3.0,0.0,0.0,0.0,0.0,0.0,0,0,1.140625,0.390625,0.3563473684210527,1.0,1.0,1.0,0.0,1.0,1.0,1.3333333333333333,0.5,0.0,-1.0,0,0,11,0.4643261553882488,MEDIUM
South Zone 2,Hosur Road,3.0,12.0,49,1,0,0.9275,76.1,0.0,0.0,1.0,0.5,2.5,0.0,0.0,0.0,0.0,0.0,0,0,1.3203125,0.7415313720703125,0.4143105553340867,1.0,2.0,1.0,1.0,0.0,0.0,1.3333333333333333,0.4999999999999999,-1.0,1.0,0,7,7,0.20544438229511894,LOW
West Zone 2,Bellary Road 1,2.0,8.0,49,1,1,3.276,1080.1,1.0,0.0,0.0,1.0,1.0,0.0,0.0,0.0,0.0,0.0,0,0,1.0625,1.015625,0.32880000000000004,1.0,1.0,2.0,1.0,1.0,2.0,1.0,0.5,0.0,0.0,0,9,2,0.132920935335838,LOW
West Zone 1,West of Chord Road,3.0,0.0,49,1,1,,,0.0,0.0,1.0,0.5,2.5,0.0,0.0,0.0,0.0,0.0,0,0,1.0,1.0,0.0,1.0,1.0,0.0,1.0,1.0,0.0,1.0,0.0,0.0,0.0,0,8,21,0.058829762258929975,LOW
East Zone 1,Non-corridor,5.0,12.0,49,1,0,0.2437,32.5,0.0,0.0,0.0,1.0,3.0,0.0,1.0,0.0,0.0,0.0,0,0,1.0,0.125,0.203624,1.0,1.0,1.0,0.0,0.0,1.0,1.0,0.0,0.0,0.0,0,2,11,0.1614203883188685,LOW
East Zone 2,Non-corridor,2.0,8.0,49,1,0,0.0779,34.3,0.0,0.0,0.0,1.0,1.0,0.0,1.0,0.0,0.0,0.0,0,0,1.171875,0.8466796875,0.21980101286273535,1.0,1.0,3.0,1.0,0.0,3.0,1.0,1.0,0.0,1.0,0,3,11,0.25426965884412445,LOW
East Zone 2,Non-corridor,4.0,4.0,49,1,1,1.6191,154.2,1.0,0.0,0.0,1.0,3.0,0.0,1.0,0.0,0.0,0.0,0,0,1.0078125,0.735595703125,0.6879931454599766,1.0,1.0,1.0,1.0,0.0,1.0,1.0,0.0,0.0,1.0,0,3,11,0.07561752376624771,LOW
Central Zone 2,Non-corridor,6.0,0.0,49,1,1,,,0.0,0.0,0.0,1.0,1.0,0.0,0.0,0.0,0.0,0.0,0,0,2.329299260107309,1.3680803069376155,0.26212015818959566,2.0,1.0,4.0,1.0,1.0,2.0,1.6666666666666667,1.2583057392117913,1.0,0.0,0,1,11,0.7033002071470335,HIGH
Central Zone 2,Magadi Road,1.0,4.0,49,1,0,0.0207,1.7,0.0,0.0,0.0,1.0,2.5,0.0,0.0,0.0,0.0,0.0,0,0,2.0,1.0,0.0609,2.0,0.0,0.0,1.0,0.0,0.0,2.0,0.0,0.0,0.0,0,1,9,0.19956415385343867,LOW
Central Zone 2,Magadi Road,0.0,0.0,49,1,0,0.3739,31.2,0.0,0.0,0.0,1.0,2.5,0.0,0.0,0.0,0.0,0.0,0,0,0.0,0.0,0.0,0.0,0.0,0.0,0.0,0.0,0.0,0.0,0.0,0.0,0.0,0,1,9,0.03970766016684251,LOW
South Zone 1,ORR West 1,1.0,0.0,49,1,1,,,0.0,0.0,0.0,1.0,1.0,0.0,0.0,0.0,0.0,0.0,0,0,1.25,0.3125,0.314724,1.0,2.0,1.0,0.0,1.0,0.0,1.3333333333333333,0.5,-1.0,-1.0,0,6,16,0.058952004882655756,LOW
North Zone 2,Bellary Road 2,3.0,4.0,49,1,1,,,0.0,0.0,1.0,0.5,1.0,0.0,1.0,0.0,0.0,0.0,0,0,1.4380073584616184,1.2924897707998753,0.7713892690502399,1.0,2.0,1.0,1.0,2.0,1.0,1.6666666666666667,0.5773502691896257,-1.0,-1.0,0,5,3,0.07919988687493029,LOW
East Zone 2,Non-corridor,6.0,12.0,49,1,1,,,0.0,0.0,0.0,1.0,1.5,0.0,1.0,0.0,0.0,0.0,0,0,1.0,0.8193359375,0.35879090920655105,1.0,1.0,1.0,1.0,1.0,1.0,1.0,0.0,0.0,0.0,0,3,11,0.10659742343789572,LOW
Central Zone 1,Old Madras Road,3.0,0.0,49,2,2,,,0.0,0.0,0.0,1.0,1.0,0.0,0.0,0.0,0.0,0.0,0,0,1.5183677673339844,1.2676286101341248,0.10005217311644855,2.0,1.0,1.0,2.0,0.0,1.0,1.3333333333333333,0.5,1.0,2.0,0,0,18,0.351414207587991,MEDIUM
Central Zone 2,Mysore Road,4.0,8.0,49,1,1,,,1.0,0.0,1.0,0.5,2.5,1.0,0.0,0.0,0.0,0.0,0,0,1.7625256186008298,0.8889574660779804,0.5418873162125621,2.0,1.0,2.0,1.0,0.0,1.0,1.6666666666666667,0.5,1.0,1.0,0,1,10,0.2257619852701485,LOW
South Zone 2,Bannerghata Road,6.0,4.0,49,1,0,0.1747,25.6,1.0,0.0,1.0,0.5,1.0,0.0,0.0,0.0,0.0,0.0,0,0,1.0078125,0.22655868530273438,0.4955597323482166,1.0,1.0,1.0,0.0,0.0,1.0,1.0,0.0,0.0,0.0,0,7,1,0.23988124313758047,LOW
East Zone 2,Non-corridor,0.0,8.0,49,1,0,0.7,80.0,1.0,0.0,0.0,1.0,1.0,1.0,1.0,0.0,0.0,0.0,0,0,1.0,0.375,0.6051363636363637,1.0,1.0,1.0,0.0,1.0,0.0,1.0,0.0,0.0,-1.0,0,3,11,0.23398003045268614,LOW
East Zone 2,Non-corridor,0.0,4.0,49,1,0,1.0042,422.8,0.0,0.0,1.0,0.5,1.0,0.0,1.0,0.0,0.0,0.0,0,0,1.0,0.5,0.2606,1.0,1.0,0.0,1.0,0.0,0.0,1.0,0.0,0.0,1.0,0,3,11,0.05776554007119668,LOW
West Zone 1,Tumkur Road,4.0,8.0,49,2,0,0.4144,39.85,0.0,0.0,0.0,1.0,2.25,0.0,0.0,0.0,0.0,0.0,0,0,1.8136524560978842,0.16688687352493048,0.5907415345798699,2.0,2.0,1.0,0.0,0.0,1.0,1.6666666666666667,0.5773502691896257,0.0,0.0,0,8,19,0.4043005214360773,MEDIUM
East Zone 1,Non-corridor,4.0,0.0,49,1,1,,,0.0,0.0,0.0,1.0,2.5,1.0,1.0,0.0,0.0,0.0,0,0,1.812744140625,0.7373123168945312,0.7300639759358847,2.0,2.0,1.0,1.0,0.0,1.0,1.6666666666666667,0.5773502691896257,0.0,1.0,0,2,11,0.26084139374581033,LOW
North Zone 2,Tumkur Road,3.0,8.0,49,1,1,,,1.0,0.0,1.0,0.5,3.0,0.0,0.0,0.0,0.0,0.0,0,0,1.0,1.0,0.0,1.0,1.0,1.0,1.0,1.0,1.0,1.0,0.0,0.0,0.0,0,5,19,0.09417434751031199,LOW
North Zone 2,Tumkur Road,3.0,4.0,49,1,1,,,1.0,0.0,0.0,1.0,2.5,0.0,0.0,0.0,0.0,0.0,0,0,2.0,2.0,0.0,2.0,2.0,0.0,2.0,2.0,0.0,2.0,0.0,0.0,0.0,0,5,19,0.36678013281196586,MEDIUM
East Zone 1,ORR East 2,5.0,0.0,49,1,1,2.34,727.6,0.0,0.0,1.0,0.5,1.0,0.0,1.0,0.0,0.0,0.0,0,0,1.6484413147018133,1.585940361023859,2.4381180506664832,2.0,1.0,3.0,2.0,1.0,2.0,1.3333333333333333,0.9574271077563381,1.0,1.0,0,2,13,0.06655425135911097,LOW
West Zone 2,Tumkur Road,3.0,4.0,49,1,0,1.0006,82.1,0.0,0.0,0.0,1.0,2.5,0.0,0.0,0.0,0.0,0.0,0,0,1.0,0.0,0.138884,1.0,1.0,0.0,0.0,0.0,0.0,1.0,0.0,0.0,0.0,0,9,19,0.11500333006583542,LOW
West Zone 1,Mysore Road,0.0,0.0,49,2,1,0.4343,99.9,0.0,0.0,0.5,0.75,2.0,0.0,0.0,0.0,0.0,0.0,0,0,0.0,0.0,0.0,0.0,0.0,0.0,0.0,0.0,0.0,0.0,0.0,0.0,0.0,0,8,10,0.057402634217284185,LOW
West Zone 1,Mysore Road,3.0,8.0,49,1,0,1.3747,112.8,0.0,0.0,1.0,0.5,2.5,0.0,0.0,0.0,0.0,0.0,0,0,1.0,0.4375,0.348648051948052,1.0,1.0,1.0,0.0,1.0,0.0,1.0,0.0,0.0,-1.0,0,8,10,0.1723861366811555,LOW
North Zone 2,Bellary Road 2,0.0,4.0,49,1,1,,,0.0,0.0,0.0,1.0,1.0,0.0,1.0,0.0,0.0,0.0,0,0,1.03125,1.03125,0.0,1.0,1.0,1.0,1.0,1.0,1.0,1.0,0.0,0.0,0.0,0,5,3,0.2827247853342343,LOW
South Zone 2,Hosur Road,6.0,4.0,49,1,1,,,0.0,0.0,0.0,1.0,2.5,0.0,0.0,0.0,0.0,0.0,0,0,1.1407513618469238,0.6552734375,0.29927598362613383,1.0,1.0,1.0,1.0,0.0,0.0,1.3333333333333333,0.5,0.0,1.0,0,7,7,0.3256128259026578,MEDIUM
North Zone 1,Non-corridor,4.0,4.0,49,1,1,,,0.0,0.0,1.0,0.5,2.5,0.0,1.0,0.0,0.0,0.0,0,0,1.0625,0.3125,0.21872,1.0,1.0,2.0,0.0,0.0,2.0,1.0,0.5,0.0,0.0,0,4,11,0.10999332075901067,LOW
Central Zone 2,CBD 2,4.0,4.0,49,1,0,0.1438,11.8,0.0,0.0,0.0,1.0,2.5,0.0,0.0,0.0,0.0,0.0,0,0,1.0,0.396240234375,0.49918938339136854,1.0,1.0,1.0,0.0,1.0,0.0,1.0,0.0,0.0,-1.0,0,1,5,0.14231363066167804,LOW
West Zone 1,Non-corridor,5.0,0.0,49,1,1,,,0.0,0.0,1.0,0.5,2.5,1.0,0.0,0.0,0.0,0.0,0,0,1.181672602891922,0.8268468081951141,0.2807404600117066,1.0,1.0,3.0,1.0,0.0,2.0,1.0,1.0,0.0,1.0,0,8,11,0.3526193674575202,MEDIUM
West Zone 1,ORR West 1,1.0,8.0,49,1,1,,,0.0,0.0,1.0,0.5,1.0,0.0,0.0,0.0,0.0,0.0,0,0,1.0,0.5,1.1561,1.0,1.0,0.0,0.0,1.0,0.0,1.0,0.0,0.0,-1.0,0,8,16,0.04528406337359303,LOW
West Zone 1,ORR West 1,0.0,8.0,49,1,1,,,0.0,0.0,0.0,1.0,2.5,0.0,0.0,0.0,0.0,0.0,0,0,0.0,0.0,0.0,0.0,0.0,0.0,0.0,0.0,0.0,0.0,0.0,0.0,0.0,0,8,16,0.07797630902602867,LOW
Central Zone 1,Non-corridor,6.0,4.0,49,1,0,0.2113,29.4,0.0,0.0,0.0,1.0,3.0,0.0,0.0,0.0,0.0,0.0,0,0,1.064697265625,1.037353515625,0.2994884210526316,1.0,1.0,2.0,1.0,1.0,2.0,1.0,0.5,0.0,0.0,0,0,11,0.17901712444283768,LOW
North Zone 2,Tumkur Road,1.0,12.0,49,1,1,,,0.0,0.0,0.0,1.0,1.5,0.0,0.0,0.0,0.0,0.0,0,0,0.0,0.0,0.0,0.0,0.0,0.0,0.0,0.0,0.0,0.0,0.0,0.0,0.0,0,5,19,0.09113084584095925,LOW
North Zone 2,Bellary Road 2,2.0,12.0,49,1,1,,,0.0,0.0,0.0,1.0,2.5,0.0,1.0,0.0,0.0,0.0,0,0,1.6328125,1.375,0.13771754855994642,2.0,1.0,1.0,2.0,0.0,1.0,1.6666666666666667,0.5773502691896257,1.0,2.0,0,5,3,0.26681564039245736,LOW
West Zone 1,Non-corridor,6.0,8.0,49,1,1,,,0.0,0.0,0.0,1.0,1.0,1.0,0.0,0.0,0.0,0.0,0,0,1.031524658203125,0.5895929336547852,0.3661203689494577,1.0,1.0,1.0,1.0,0.0,1.0,1.0,0.0,0.0,1.0,0,8,11,0.31151751945279094,MEDIUM
East Zone 2,Non-corridor,4.0,0.0,49,1,1,,,0.0,0.0,0.0,1.0,1.0,1.0,1.0,0.0,0.0,0.0,0,0,1.7824249267578125,1.136484146118164,0.6097869299667689,2.0,1.0,1.0,1.0,1.0,1.0,2.0,0.9574271077563381,1.0,0.0,0,3,11,0.4337243737014343,MEDIUM
West Zone 2,Mysore Road,2.0,12.0,49,1,1,,,0.0,0.0,0.0,1.0,2.5,0.0,0.0,0.0,0.0,0.0,0,0,1.0,0.25,0.77424,1.0,1.0,1.0,0.0,0.0,1.0,1.0,0.0,0.0,0.0,0,9,10,0.07208211680378374,LOW
West Zone 2,Magadi Road,2.0,8.0,49,2,0,0.44465,44.15,1.0,0.0,0.0,1.0,1.5,0.0,0.0,0.0,0.0,0.0,0,0,1.0,1.0,1.7684,1.0,0.0,0.0,1.0,0.0,0.0,1.0,0.0,0.0,0.0,0,9,9,0.1243941995059059,LOW
West Zone 2,Magadi Road,2.0,0.0,49,1,0,0.4266,35.6,0.0,0.0,0.0,1.0,2.5,0.0,0.0,0.0,0.0,0.0,0,0,1.0,1.0,0.0,1.0,0.0,0.0,1.0,0.0,0.0,1.0,0.0,0.0,0.0,0,9,9,0.12230037223142046,LOW
North Zone 2,ORR North 2,2.0,4.0,49,1,0,0.4305,88.3,0.0,0.0,0.0,1.0,1.0,0.0,0.0,0.0,0.0,0.0,0,0,1.5625,0.84375,0.33212884210526317,1.0,3.0,2.0,0.0,3.0,1.0,1.6666666666666667,0.9574271077563381,-2.0,-3.0,0,5,15,0.30069845709896376,MEDIUM
Central Zone 2,Non-corridor,1.0,8.0,49,2,0,0.4082,85.8,0.5,0.0,0.0,1.0,1.25,0.0,0.0,0.0,0.0,0.0,0,0,6.148945313878357,4.480324266478419,0.425689535208285,10.0,1.0,3.0,8.0,0.0,3.0,4.0,4.272001872658765,9.0,8.0,0,1,11,0.718159128334034,HIGH
Central Zone 2,Non-corridor,3.0,4.0,49,1,1,,,0.0,0.0,1.0,0.5,2.5,0.0,0.0,0.0,0.0,0.0,0,1,2.1824451093898483,1.6338141163404698,0.5994370384055276,1.0,4.0,1.0,1.0,3.0,0.0,2.6666666666666665,1.4999999999999998,-3.0,-2.0,0,1,11,0.712126643913096,HIGH
South Zone 2,Hosur Road,5.0,8.0,49,2,2,,,0.0,0.0,0.0,1.0,1.75,0.0,0.0,0.0,0.0,0.0,0,1,1.6563570909202099,1.2285110671073198,0.9195840010294638,1.0,3.0,3.0,1.0,2.0,1.0,1.6666666666666667,1.1547005383792515,-2.0,-1.0,0,7,7,0.39909006532439656,MEDIUM
East Zone 2,Non-corridor,5.0,0.0,49,1,1,,,0.0,0.0,1.0,0.5,1.0,1.0,1.0,0.0,0.0,0.0,0,0,1.2622253894805908,0.3146325647830963,0.7098705737086519,1.0,1.0,1.0,0.0,0.0,0.0,1.6666666666666667,1.0,0.0,0.0,0,3,11,0.09539925510858462,LOW
Central Zone 1,Old Madras Road,3.0,8.0,49,1,1,,,1.0,0.0,0.0,1.0,2.5,0.0,0.0,0.0,0.0,0.0,0,1,1.5081329345703125,1.282526969909668,1.1911588213530093,2.0,1.0,1.0,2.0,1.0,0.0,1.3333333333333333,0.5,1.0,1.0,0,0,18,0.4223825237702681,MEDIUM
East Zone 2,Non-corridor,6.0,8.0,49,1,0,0.0262,7.3,0.0,0.0,0.0,1.0,1.5,0.0,1.0,0.0,0.0,0.0,0,0,1.0078229904174805,0.8676053881645203,0.7069781415691746,1.0,1.0,1.0,1.0,1.0,1.0,1.0,0.0,0.0,0.0,0,3,11,0.09631927636806474,LOW
East Zone 2,Non-corridor,4.0,8.0,49,1,0,0.5725,91.6,0.0,0.0,0.0,1.0,1.0,1.0,1.0,0.0,0.0,0.0,0,0,1.002685546875,0.1069793701171875,0.16575545632620103,1.0,1.0,1.0,0.0,0.0,1.0,1.0,0.0,0.0,0.0,0,3,11,0.3380857767860707,MEDIUM
North Zone 1,Non-corridor,1.0,0.0,49,1,1,,,0.0,0.0,1.0,0.5,1.0,0.0,1.0,0.0,0.0,0.0,0,0,1.0,0.5,0.0261,1.0,1.0,0.0,1.0,0.0,0.0,1.0,0.0,0.0,1.0,0,4,11,0.0736645775753851,LOW
West Zone 1,Non-corridor,3.0,8.0,49,1,1,,,0.0,0.0,1.0,0.5,2.5,0.0,0.0,0.0,0.0,0.0,0,0,1.03515625,0.4678955078125,0.329991767990786,1.0,1.0,1.0,0.0,1.0,1.0,1.0,0.0,0.0,-1.0,0,8,11,0.19297153675343845,LOW
West Zone 1,Non-corridor,5.0,4.0,49,1,0,1.1642,203.2,0.0,0.0,1.0,0.5,1.0,1.0,0.0,0.0,0.0,0.0,0,1,1.033203125,1.0268096923828125,0.21422659627921767,1.0,1.0,1.0,1.0,1.0,1.0,1.0,0.0,0.0,0.0,0,8,11,0.3614067326679482,MEDIUM
North Zone 2,Bellary Road 2,3.0,0.0,49,2,1,0.1418,30.1,0.0,0.0,0.0,1.0,1.0,0.0,1.0,0.0,0.0,0.0,0,0,2.083147290395573,0.7978523999918252,0.4150416383128537,2.0,2.0,2.0,1.0,0.0,2.0,2.3333333333333335,0.49999999999999994,0.0,1.0,0,5,3,0.3398514145791717,MEDIUM
Central Zone 2,Mysore Road,3.0,0.0,49,1,0,0.3086,63.3,0.0,0.0,0.0,1.0,1.0,0.0,0.0,0.0,0.0,0.0,0,0,1.6642594510535405,0.9881825609591638,0.39542779923307836,1.0,1.0,3.0,0.0,1.0,3.0,2.3333333333333335,1.9148542155126762,0.0,-1.0,0,1,10,0.5018666246773489,MEDIUM
Central Zone 1,Non-corridor,5.0,0.0,49,1,0,0.3393,98.7,0.0,0.0,0.0,1.0,1.5,0.0,0.0,0.0,0.0,0.0,0,0,2.125,1.927734375,0.381246999316473,2.0,3.0,1.0,2.0,3.0,0.0,2.3333333333333335,0.816496580927726,-1.0,-1.0,0,0,11,0.6195531793601164,HIGH
Central Zone 2,Non-corridor,0.0,8.0,49,1,0,0.5551,91.1,0.0,0.0,0.0,1.0,2.5,0.0,0.0,0.0,0.0,0.0,0,0,1.24072265625,0.2490234375,0.5227263310661496,1.0,1.0,2.0,0.0,0.0,1.0,1.3333333333333333,0.5773502691896257,0.0,0.0,0,1,11,0.5282046691121784,MEDIUM
South Zone 1,Bannerghata Road,2.0,0.0,49,1,1,,,0.0,0.0,1.0,0.5,1.0,0.0,0.0,0.0,0.0,0.0,0,0,0.0,0.0,0.0,0.0,0.0,0.0,0.0,0.0,0.0,0.0,0.0,0.0,0.0,0,6,1,0.0884248499551641,LOW
Central Zone 2,Non-corridor,0.0,0.0,49,2,2,,,0.0,0.0,0.0,1.0,3.0,0.0,0.0,0.0,0.0,0.0,0,0,1.71142578125,0.82666015625,0.2880275286397813,1.0,2.0,1.0,0.0,1.0,1.0,2.3333333333333335,1.4142135623730951,-1.0,-1.0,0,1,11,0.6105618855994214,HIGH
West Zone 1,Mysore Road,2.0,12.0,49,1,0,0.3583,24.5,0.0,0.0,0.0,1.0,3.0,0.0,0.0,0.0,0.0,0.0,0,0,1.0,1.0,0.0,1.0,1.0,0.0,1.0,1.0,0.0,1.0,0.0,0.0,0.0,0,8,10,0.165260790374337,LOW
South Zone 2,Bannerghata Road,2.0,4.0,49,1,1,,,0.0,0.0,0.0,1.0,2.5,0.0,0.0,0.0,0.0,0.0,0,0,1.0,0.96875,0.0958,1.0,1.0,1.0,1.0,1.0,1.0,1.0,0.0,0.0,0.0,0,7,1,0.12940350070304454,LOW
West Zone 2,Non-corridor,6.0,8.0,49,1,0,0.0413,16.8,0.0,0.0,1.0,0.5,1.0,0.0,0.0,0.0,0.0,0.0,0,0,1.048828125,0.4052734375,0.35209002784099375,1.0,1.0,1.0,0.0,1.0,1.0,1.0,0.0,0.0,-1.0,0,9,11,0.050390019834313585,LOW
West Zone 2,Non-corridor,5.0,8.0,49,1,1,,,1.0,0.0,0.0,1.0,1.0,0.0,0.0,0.0,0.0,0.0,0,0,1.1953125,0.62109375,0.39674561433098693,1.0,1.0,2.0,0.0,1.0,1.0,1.3333333333333333,0.5773502691896257,0.0,-1.0,0,9,11,0.058955255461407015,LOW
West Zone 2,Tumkur Road,0.0,8.0,49,1,0,0.7857,96.7,0.0,0.0,1.0,0.5,2.5,0.0,0.0,0.0,0.0,0.0,0,0,0.0,0.0,0.0,0.0,0.0,0.0,0.0,0.0,0.0,0.0,0.0,0.0,0.0,0,9,19,0.11045220111801787,LOW
West Zone 2,Tumkur Road,0.0,0.0,49,1,1,,,0.0,0.0,1.0,0.5,1.5,0.0,0.0,0.0,0.0,0.0,0,0,1.0,0.0,0.43122,1.0,1.0,0.0,0.0,0.0,0.0,1.0,0.0,0.0,0.0,0,9,19,0.04475932201650436,LOW
East Zone 1,Varthur Road,0.0,4.0,49,1,1,,,0.0,0.0,0.0,1.0,3.0,1.0,1.0,0.0,0.0,0.0,0,0,0.0,0.0,0.0,0.0,0.0,0.0,0.0,0.0,0.0,0.0,0.0,0.0,0.0,0,2,20,0.05384897921454912,LOW
West Zone 2,ORR West 1,3.0,0.0,49,1,1,,,0.0,0.0,0.0,1.0,3.0,0.0,0.0,0.0,0.0,0.0,0,0,1.0,0.625,0.785721052631579,1.0,1.0,1.0,1.0,0.0,0.0,1.0,0.0,0.0,1.0,0,9,16,0.03967089945328879,LOW
North Zone 1,Non-corridor,3.0,8.0,49,1,1,,,0.0,0.0,0.0,1.0,1.5,0.0,0.0,0.0,0.0,0.0,0,0,1.2578125,1.23046875,0.35082,1.0,2.0,1.0,1.0,2.0,1.0,1.3333333333333333,0.5,-1.0,-1.0,0,4,11,0.10507658768113218,LOW
Central Zone 2,Mysore Road,2.0,8.0,49,2,1,0.6581,54.0,0.0,0.0,0.5,0.75,2.75,0.0,0.0,0.0,0.0,0.0,0,0,2.0351989516057074,0.6928118033101782,0.9250495280066817,2.0,3.0,1.0,0.0,2.0,0.0,2.0,0.9574271077563381,-1.0,-2.0,0,1,10,0.5645746919581245,MEDIUM
Central Zone 2,Non-corridor,2.0,12.0,49,1,0,0.3484,22.3,0.0,0.0,1.0,0.5,2.5,1.0,0.0,0.0,0.0,0.0,0,0,3.878170677282469,2.148838330476792,0.6001771803164035,1.0,10.0,4.0,1.0,4.0,3.0,4.666666666666667,3.872983346207417,-9.0,-3.0,0,1,11,0.718159128334034,HIGH
North Zone 2,Non-corridor,2.0,12.0,49,2,2,,,0.0,0.0,1.0,0.5,2.0,0.0,0.5,0.0,0.0,0.0,0,0,1.625,1.21875,0.21448541922077918,2.0,1.0,1.0,2.0,0.0,1.0,1.6666666666666667,0.5773502691896257,1.0,2.0,0,5,11,0.32152197681891537,MEDIUM
North Zone 2,Bellary Road 2,6.0,12.0,49,1,1,,,0.0,0.0,0.0,1.0,2.5,0.0,1.0,0.0,0.0,0.0,0,0,1.5666561471880414,1.551013040356338,0.77832934891759,2.0,1.0,2.0,2.0,1.0,2.0,1.3333333333333333,0.5773502691896257,1.0,1.0,0,5,3,0.28623354385306804,LOW
North Zone 2,Non-corridor,2.0,0.0,49,1,1,,,0.0,0.0,0.0,1.0,1.0,0.0,0.0,0.0,0.0,0.0,0,0,1.0,0.9375,0.1576,1.0,1.0,1.0,1.0,1.0,0.0,1.0,0.0,0.0,0.0,0,5,11,0.1377139413507509,LOW
South Zone 2,Bannerghata Road,4.0,0.0,49,1,1,,,0.0,0.0,1.0,0.5,1.0,0.0,0.0,0.0,0.0,0.0,0,0,1.0107498168945312,0.9321308135986328,1.1091546866588242,1.0,1.0,1.0,1.0,1.0,0.0,1.0,0.0,0.0,0.0,0,7,1,0.07242180223942457,LOW
East Zone 1,Non-corridor,4.0,12.0,49,1,0,0.3494,55.9,0.0,0.0,1.0,0.5,2.5,0.0,1.0,0.0,0.0,0.0,0,0,1.0,0.25,0.10644,1.0,1.0,0.0,0.0,0.0,0.0,1.0,0.0,0.0,0.0,0,2,11,0.1463598901602827,LOW
North Zone 1,Non-corridor,3.0,0.0,49,1,1,,,0.0,0.0,0.0,1.0,1.0,0.0,0.0,0.0,0.0,0.0,0,0,1.0,0.4609375,0.4101697218189665,1.0,1.0,1.0,0.0,1.0,1.0,1.0,0.0,0.0,-1.0,0,4,11,0.1626435019933063,LOW
Central Zone 2,Non-corridor,3.0,0.0,49,4,4,,,0.0,0.0,0.0,1.0,2.5,0.0,0.5,0.0,0.0,0.0,1,0,4.361711915346291,3.2861835022221233,0.2015458112024408,5.0,2.0,14.0,4.0,2.0,8.0,3.0,5.678908345800273,3.0,2.0,0,1,11,0.718159128334034,HIGH
North Zone 2,Bellary Road 2,2.0,4.0,49,1,0,0.1872,38.4,0.0,0.0,0.0,1.0,1.0,0.0,1.0,0.0,0.0,0.0,0,0,1.5195350646972656,1.5095252990722656,1.8582691863403902,2.0,1.0,1.0,2.0,1.0,1.0,1.3333333333333333,0.5,1.0,1.0,0,5,3,0.22664077786251396,LOW
West Zone 1,Non-corridor,4.0,8.0,49,2,0,0.48825,82.30000000000001,1.0,0.0,0.5,0.75,2.0,0.0,0.0,0.0,0.0,0.0,0,0,1.0087890625,0.866973876953125,0.329991767990786,1.0,1.0,1.0,1.0,1.0,1.0,1.0,0.0,0.0,0.0,0,8,11,0.4293281328289079,MEDIUM
West Zone 1,Non-corridor,4.0,0.0,49,1,1,,,0.0,0.0,0.0,1.0,3.0,0.0,0.0,0.0,0.0,0.0,0,0,1.5081863403320312,0.6727828979492188,0.30911288344832094,2.0,1.0,1.0,1.0,0.0,0.0,1.3333333333333333,0.5,1.0,1.0,0,8,11,0.2692623309430936,LOW
North Zone 1,Non-corridor,5.0,4.0,49,1,0,0.6334,120.4,0.0,0.0,0.0,1.0,1.0,1.0,1.0,0.0,0.0,0.0,0,0,1.015625,0.328125,0.2413936842105263,1.0,1.0,1.0,0.0,1.0,0.0,1.0,0.0,0.0,-1.0,0,4,11,0.24923529829304686,LOW
North Zone 1,Non-corridor,4.0,12.0,49,1,0,0.2531,67.5,0.0,0.0,0.0,1.0,1.5,0.0,0.0,0.0,0.0,0.0,0,0,1.03125,0.6875,0.36076155844155844,1.0,1.0,1.0,1.0,0.0,1.0,1.0,0.0,0.0,1.0,0,4,11,0.48875256699074415,MEDIUM
West Zone 1,Mysore Road,5.0,0.0,49,1,0,0.1657,34.0,0.0,0.0,0.0,1.0,1.0,0.0,0.0,0.0,0.0,0.0,0,0,1.26171875,0.234375,0.4897887152426521,1.0,1.0,1.0,0.0,0.0,1.0,1.6666666666666667,1.0,0.0,0.0,0,8,10,0.3762215473393602,MEDIUM
West Zone 1,Mysore Road,4.0,4.0,49,1,0,0.3374,30.2,0.0,0.0,1.0,0.5,1.0,1.0,0.0,0.0,0.0,0.0,0,0,1.0,1.0,0.0,1.0,1.0,0.0,1.0,1.0,0.0,1.0,0.0,0.0,0.0,0,8,10,0.11961455120789327,LOW
West Zone 2,West of Chord Road,2.0,4.0,49,2,2,,,0.0,0.0,1.0,0.5,2.5,0.0,0.0,0.0,0.0,0.0,0,0,1.125,0.365478515625,0.545530541101449,1.0,1.0,1.0,0.0,1.0,1.0,1.3333333333333333,0.5,0.0,-1.0,0,9,21,0.05494467733676202,LOW
West Zone 2,West of Chord Road,5.0,0.0,49,1,0,0.3193,65.5,0.0,0.0,0.0,1.0,1.0,0.0,0.0,0.0,0.0,0.0,0,0,1.062515303492546,0.2334250658750534,0.8177867431100878,1.0,1.0,2.0,0.0,0.0,1.0,1.0,0.5,0.0,0.0,0,9,21,0.09066511555471131,LOW
West Zone 2,West of Chord Road,4.0,12.0,49,2,2,,,0.0,0.0,1.0,0.5,1.75,0.0,0.0,0.0,0.0,0.0,0,0,2.015625,0.98291015625,0.2758604158463778,3.0,1.0,1.0,1.0,1.0,1.0,1.6666666666666667,1.0,2.0,0.0,0,9,21,0.12372633892496272,LOW
West Zone 1,Tumkur Road,2.0,8.0,49,1,0,0.8886,43.4,1.0,0.0,0.0,1.0,3.0,0.0,0.0,0.0,0.0,0.0,0,0,1.875610589981079,1.1405865550041199,0.37161233882241046,2.0,2.0,1.0,1.0,2.0,0.0,2.0,0.5,0.0,-1.0,0,8,19,0.422247033325831,MEDIUM
North Zone 1,Airport New South Road,3.0,4.0,49,2,2,1.7216,100.9,1.0,0.0,0.0,1.0,2.5,0.0,1.0,0.0,0.0,0.0,0,0,1.0625,0.5625,1.4801,1.0,1.0,2.0,0.0,1.0,2.0,1.0,0.5,0.0,-1.0,0,4,0,0.03612529374598755,LOW
Central Zone 1,Old Airport Road,2.0,0.0,49,1,0,0.1063,21.8,0.0,0.0,1.0,0.5,1.0,0.0,0.0,0.0,0.0,0.0,0,0,1.0,0.0,0.7846639999999999,1.0,1.0,0.0,0.0,0.0,0.0,1.0,0.0,0.0,0.0,0,0,17,0.08218293078858929,LOW
Central Zone 2,Non-corridor,1.0,0.0,49,3,3,,,0.0,0.0,0.0,1.0,2.5,0.0,0.0,0.0,0.0,0.0,1,0,3.187247138703242,2.4415792592335492,0.46147329132632586,4.0,1.0,6.0,4.0,0.0,4.0,2.3333333333333335,2.217355782608343,3.0,4.0,0,1,11,0.7033002071470335,HIGH
Central Zone 2,Non-corridor,1.0,12.0,49,3,2,0.0453,18.1,0.0,0.0,0.3333333333333333,0.8333333333333334,1.6666666666666667,0.0,0.0,0.0,0.0,0.0,0,0,1.493547074496746,0.8209008164703846,0.2991854685411,1.0,1.0,3.0,0.0,1.0,1.0,1.3333333333333333,0.9574271077563381,0.0,-1.0,0,1,11,0.5697074611671731,MEDIUM
North Zone 2,Bellary Road 1,3.0,0.0,49,1,1,,,0.0,0.0,0.0,1.0,1.0,0.0,0.0,0.0,0.0,0.0,0,0,1.5019613228650996,0.6558824413368711,0.3303021168245005,2.0,1.0,1.0,1.0,0.0,0.0,1.3333333333333333,0.5,1.0,1.0,0,5,2,0.37303498846943645,MEDIUM
Central Zone 2,Non-corridor,4.0,8.0,49,1,0,0.0928,10.3,1.0,0.0,0.0,1.0,3.0,0.0,1.0,0.0,0.0,0.0,0,0,2.694987695596746,1.5287784714661807,0.3208920276534556,3.0,2.0,6.0,2.0,0.0,4.0,2.0,2.160246899469287,1.0,2.0,0,1,11,0.6810436045906684,HIGH
East Zone 1,ORR East 1,4.0,0.0,49,1,0,0.1626,13.8,0.0,0.0,1.0,0.5,2.5,0.0,1.0,0.0,0.0,0.0,0,0,1.0821117055602372,0.07429886516183615,0.6454757523511916,1.0,1.0,2.0,0.0,0.0,0.0,1.0,0.5,0.0,0.0,0,2,12,0.1629053342696595,LOW
Central Zone 2,Non-corridor,4.0,4.0,49,2,2,,,0.0,0.0,1.0,0.5,2.5,0.0,0.5,0.0,0.0,0.0,0,0,2.0195983551885783,1.2099812198908164,0.2746725124025256,2.0,1.0,3.0,1.0,1.0,2.0,1.6666666666666667,0.8164965809277264,1.0,0.0,0,1,11,0.7033002071470335,HIGH
East Zone 2,Non-corridor,3.0,0.0,49,2,2,,,0.0,0.0,0.5,0.75,1.25,0.0,1.0,0.0,0.0,0.0,0,0,1.03759765625,0.36749267578125,0.3229620516106286,1.0,1.0,1.0,0.0,1.0,1.0,1.0,0.0,0.0,-1.0,0,3,11,0.13973439111991218,LOW
Central Zone 1,Old Airport Road,3.0,12.0,49,1,1,2.3205,774.0,0.0,0.0,0.0,1.0,1.0,0.0,0.0,0.0,0.0,0.0,0,0,1.0,1.0,0.0,1.0,1.0,0.0,1.0,1.0,0.0,1.0,0.0,0.0,0.0,0,0,17,0.029368548226389252,LOW
West Zone 2,Magadi Road,2.0,12.0,49,1,1,,,0.0,0.0,0.0,1.0,1.0,0.0,0.0,0.0,0.0,0.0,0,0,1.0,0.0,0.8516,1.0,1.0,0.0,0.0,0.0,0.0,1.0,0.0,0.0,0.0,0,9,9,0.05307533656933505,LOW
West Zone 2,Bellary Road 1,5.0,0.0,49,2,1,0.6459,53.0,0.0,0.0,0.0,1.0,1.75,0.0,0.0,0.0,0.0,0.0,0,0,1.05078125,0.740966796875,0.20794643458469078,1.0,1.0,1.0,1.0,0.0,1.0,1.0,0.0,0.0,1.0,0,9,2,0.37508789287782013,MEDIUM
East Zone 1,ORR East 2,3.0,0.0,49,1,1,2.34,698.5,0.0,0.0,0.0,1.0,1.0,0.0,1.0,0.0,0.0,0.0,0,0,1.0097661619373213,1.001953602324832,2.423286704929315,1.0,1.0,1.0,1.0,1.0,1.0,1.0,0.0,0.0,0.0,0,2,13,0.03565633019541327,LOW
East Zone 1,ORR East 2,3.0,0.0,50,1,1,2.34,728.4,0.0,0.0,0.0,1.0,1.0,0.0,1.0,0.0,0.0,0.0,0,0,1.0048830809686606,1.000976801162416,2.389972022957589,1.0,1.0,1.0,1.0,1.0,1.0,1.0,0.0,0.0,0.0,0,2,13,0.03565633019541327,LOW
West Zone 2,Bellary Road 1,5.0,12.0,50,1,0,0.5484,75.0,0.0,0.0,0.0,1.0,1.5,0.0,0.0,0.0,0.0,0.0,0,0,1.22265625,0.810546875,1.3239116161312372,1.0,1.0,4.0,1.0,0.0,4.0,1.0,1.5000000000000002,0.0,1.0,0,9,2,0.21914216226723898,LOW
West Zone 2,Bellary Road 1,4.0,0.0,50,1,1,,,0.0,0.0,0.0,1.0,1.0,0.0,0.0,0.0,0.0,0.0,0,0,1.40625,0.927734375,0.36284723937115515,1.0,2.0,3.0,1.0,1.0,2.0,1.3333333333333333,0.9574271077563381,-1.0,0.0,0,9,2,0.07300245066143086,LOW
East Zone 2,Non-corridor,3.0,0.0,50,1,1,,,0.0,0.0,0.0,1.0,3.0,0.0,1.0,0.0,0.0,0.0,0,0,1.518798828125,1.183746337890625,0.3229620516106286,2.0,1.0,1.0,2.0,0.0,0.0,1.3333333333333333,0.5,1.0,2.0,0,3,11,0.2956659569674489,LOW
Central Zone 2,Mysore Road,1.0,8.0,50,1,0,0.3217,22.0,0.0,0.0,0.0,1.0,3.0,0.0,0.0,0.0,0.0,0.0,0,0,1.6996231079101562,1.028585433959961,0.3153870529340984,2.0,1.0,2.0,1.0,1.0,1.0,1.3333333333333333,0.5773502691896261,1.0,0.0,0,1,10,0.5199394986572932,MEDIUM
East Zone 1,ORR East 1,4.0,0.0,50,1,1,,,0.0,0.0,0.0,1.0,2.5,0.0,1.0,0.0,0.0,0.0,0,0,1.0410558527801186,0.037149432580918074,0.45232545141071495,1.0,1.0,1.0,0.0,0.0,0.0,1.0,0.0,0.0,0.0,0,2,12,0.2505304821709938,LOW
Central Zone 2,Non-corridor,4.0,8.0,50,1,0,0.3062,49.0,0.0,0.0,0.0,1.0,2.5,0.0,0.0,0.0,0.0,0.0,0,0,1.847493847798373,0.7643892357330904,0.22965521659207333,1.0,3.0,1.0,0.0,2.0,1.0,2.0,0.9574271077563381,-2.0,-2.0,0,1,11,0.6809099743127179,HIGH
North Zone 2,ORR North 2,1.0,4.0,50,2,1,0.1065,15.6,0.5,0.0,0.0,1.0,1.25,0.0,0.0,0.0,0.0,0.0,0,0,1.0,0.5,0.0942,1.0,1.0,1.0,0.0,1.0,1.0,1.0,0.0,0.0,-1.0,0,5,15,0.06569827602708107,LOW
North Zone 2,Bellary Road 2,6.0,8.0,50,2,1,0.215,10.5,1.0,0.0,0.0,1.0,2.0,0.0,1.0,0.0,0.0,0.0,0,0,1.0180667863044777,0.8108357237123058,0.6626277316664948,1.0,1.0,1.0,1.0,1.0,0.0,1.0,0.0,0.0,0.0,0,5,3,0.29371035171185694,LOW
West Zone 1,Tumkur Road,2.0,8.0,50,1,1,,,0.0,0.0,1.0,0.5,3.0,0.0,0.0,0.0,0.0,0.0,0,0,1.4378052949905396,0.5702932775020599,0.5784074032934463,1.0,2.0,2.0,0.0,1.0,1.0,1.6666666666666667,0.5,-1.0,-1.0,0,8,19,0.05046782815956343,LOW
West Zone 1,Tumkur Road,2.0,12.0,50,2,2,,,0.0,0.0,0.5,0.75,2.5,0.0,0.0,0.0,0.0,0.0,0,0,3.59375,0.40283203125,0.33155028977703893,6.0,1.0,2.0,0.0,1.0,1.0,2.6666666666666665,2.380476142847617,5.0,-1.0,0,8,19,0.2483430642374434,LOW
Central Zone 1,Hosur Road,3.0,0.0,50,1,1,,,0.0,0.0,0.0,1.0,1.0,0.0,0.0,0.0,0.0,0.0,0,0,1.5,1.5,2.106,1.0,2.0,0.0,1.0,2.0,0.0,1.5,0.7071067811865476,-1.0,-1.0,0,0,7,0.18456276151972628,LOW
East Zone 1,ORR East 1,4.0,8.0,50,2,1,0.9031,78.0,0.0,0.0,0.0,1.0,1.75,0.5,1.0,0.0,0.0,0.0,0,0,1.0006790161132812,0.6064891815185547,0.35724730014673545,1.0,1.0,1.0,1.0,0.0,1.0,1.0,0.0,0.0,1.0,0,2,12,0.3265479820216431,MEDIUM
East Zone 1,ORR East 2,1.0,0.0,50,1,1,2.34,722.4,0.0,0.0,1.0,0.5,1.0,0.0,1.0,0.0,0.0,0.0,0,0,1.12823486328125,1.09454345703125,2.6163190965540166,1.0,1.0,3.0,1.0,1.0,3.0,1.0,1.0,0.0,0.0,0,2,13,0.050628120373227364,LOW
North Zone 2,Bellary Road 1,3.0,12.0,50,1,1,,,0.0,0.0,1.0,0.5,1.5,0.0,0.0,0.0,0.0,0.0,0,0,1.8928298950195312,1.7833099365234375,0.6245360238381177,2.0,1.0,5.0,2.0,1.0,4.0,1.6666666666666667,1.7320508075688774,1.0,1.0,0,5,2,0.16584247750203246,LOW
Central Zone 2,Non-corridor,6.0,4.0,50,1,0,0.0537,8.6,0.0,0.0,1.0,0.5,2.5,0.0,0.0,0.0,0.0,0.0,0,0,1.5626594563555134,1.1035152506161512,0.2565640854925516,1.0,2.0,1.0,1.0,1.0,0.0,1.3333333333333333,0.49999999999999917,-1.0,0.0,0,1,11,0.382821285617112,MEDIUM
West Zone 1,Non-corridor,5.0,0.0,50,1,1,,,0.0,0.0,0.0,1.0,3.0,0.0,0.0,0.0,0.0,0.0,0,0,1.090836301445961,0.9134234040975571,0.2807404600117066,1.0,1.0,1.0,1.0,1.0,1.0,1.0,0.0,0.0,0.0,0,8,11,0.40747092400648005,MEDIUM
Central Zone 2,Non-corridor,1.0,4.0,50,3,1,0.51305,196.1,0.0,0.0,0.3333333333333333,0.8333333333333334,1.6666666666666667,0.0,0.3333333333333333,0.0,0.0,0.0,0,0,2.2505707361269742,2.2292625853442587,2.628954099983054,3.0,1.0,3.0,3.0,1.0,3.0,1.6666666666666667,1.1547005383792517,2.0,2.0,0,1,11,0.6629398693025659,HIGH
West Zone 1,Mysore Road,5.0,0.0,50,1,1,,,0.0,0.0,0.0,1.0,2.5,0.0,0.0,0.0,0.0,0.0,0,1,1.130859375,0.1171875,0.3601532291455913,1.0,1.0,3.0,0.0,0.0,1.0,1.0,1.0,0.0,0.0,0,8,10,0.5462589103123802,MEDIUM
North Zone 1,Non-corridor,4.0,4.0,50,1,0,0.2618,45.7,0.0,0.0,0.0,1.0,2.5,0.0,0.0,0.0,0.0,0.0,0,0,1.03125,0.65625,0.21872,1.0,1.0,1.0,1.0,0.0,1.0,1.0,0.0,0.0,1.0,0,4,11,0.49342243530638735,MEDIUM
North Zone 1,Non-corridor,5.0,0.0,50,1,0,0.141,25.3,0.0,0.0,1.0,0.5,2.5,0.0,0.0,0.0,0.0,0.0,0,0,1.0,0.71630859375,0.32837120115729995,1.0,1.0,1.0,1.0,0.0,1.0,1.0,0.0,0.0,1.0,0,4,11,0.1803120660367339,LOW
North Zone 1,Non-corridor,1.0,12.0,50,1,0,0.0361,6.6,0.0,0.0,1.0,0.5,1.0,1.0,0.0,0.0,0.0,0.0,0,0,2.0,0.0,0.30979999999999996,2.0,0.0,0.0,0.0,0.0,0.0,2.0,0.0,0.0,0.0,0,4,11,0.21828666551972817,LOW
West Zone 1,Non-corridor,1.0,12.0,50,1,0,0.2642,81.3,0.0,0.0,0.0,1.0,1.5,0.0,0.0,0.0,0.0,0.0,0,0,1.125,0.875,0.1104,1.0,1.0,3.0,1.0,0.0,3.0,1.0,1.0,0.0,1.0,0,8,11,0.43934609748297127,MEDIUM
West Zone 1,Non-corridor,2.0,0.0,50,1,0,0.3819,115.3,0.0,0.0,0.0,1.0,1.5,0.0,0.0,0.0,0.0,0.0,0,0,1.095703125,0.232421875,0.3882530238227147,1.0,1.0,2.0,0.0,0.0,1.0,1.0,0.5,0.0,0.0,0,8,11,0.21335399310320988,LOW
West Zone 1,Non-corridor,4.0,0.0,50,4,1,0.9518,276.5,0.0,0.0,0.25,0.875,2.375,0.0,0.0,0.0,0.0,0.0,0,0,1.2540931701660156,0.8363914489746094,0.30911288344832094,1.0,2.0,1.0,1.0,1.0,1.0,1.3333333333333333,0.5,-1.0,0.0,0,8,11,0.042857912880105396,LOW
North Zone 1,Non-corridor,3.0,0.0,50,1,1,,,0.0,0.0,0.0,1.0,2.5,0.0,0.0,0.0,0.0,0.0,0,0,1.0,0.73046875,0.4101697218189665,1.0,1.0,1.0,1.0,0.0,1.0,1.0,0.0,0.0,1.0,0,4,11,0.11669076848033712,LOW
West Zone 1,Non-corridor,3.0,4.0,50,1,1,,,0.0,0.0,1.0,0.5,2.5,0.0,0.0,0.0,0.0,0.0,0,0,1.53125,1.428955078125,0.21422659627921767,2.0,1.0,1.0,2.0,1.0,0.0,1.3333333333333333,0.5,1.0,1.0,0,8,11,0.2929399106340852,LOW
Central Zone 2,CBD 2,1.0,12.0,50,1,1,,,0.0,0.0,1.0,0.5,1.0,0.0,0.0,0.0,0.0,0.0,0,0,0.0,0.0,0.0,0.0,0.0,0.0,0.0,0.0,0.0,0.0,0.0,0.0,0.0,0,1,5,0.06602359174924353,LOW
East Zone 2,Non-corridor,5.0,8.0,50,1,1,,,1.0,0.0,1.0,0.5,1.0,0.0,1.0,0.0,0.0,0.0,0,0,1.1251678466796875,0.8816862106323242,1.1463982988682575,1.0,1.0,1.0,1.0,1.0,0.0,1.3333333333333333,0.5,0.0,0.0,0,3,11,0.08205362864850188,LOW
East Zone 1,Non-corridor,4.0,8.0,50,1,1,,,0.0,0.0,1.0,0.5,1.0,0.0,1.0,0.0,0.0,0.0,0,0,1.52587890625,1.072509765625,0.3651869500826447,2.0,1.0,1.0,2.0,0.0,0.0,1.3333333333333333,0.5,1.0,2.0,0,2,11,0.21184555726407614,LOW
South Zone 2,Bannerghata Road,5.0,0.0,50,4,4,,,0.0,0.0,0.0,1.0,1.0,0.0,0.0,0.0,0.0,0.0,1,0,1.062835931777954,0.9978790879249573,0.6681343528855287,1.0,1.0,2.0,1.0,1.0,1.0,1.0,0.5,0.0,0.0,0,7,1,0.4481218288052507,MEDIUM
North Zone 2,Non-corridor,2.0,0.0,50,1,1,,,0.0,0.0,1.0,0.5,1.5,0.0,0.0,0.0,0.0,0.0,0,0,1.0,0.96875,0.1576,1.0,1.0,1.0,1.0,1.0,1.0,1.0,0.0,0.0,0.0,0,5,11,0.1166784696435648,LOW
North Zone 2,Non-corridor,0.0,0.0,50,1,1,,,0.0,0.0,0.0,1.0,1.0,0.0,0.0,0.0,0.0,0.0,0,0,0.0,0.0,0.0,0.0,0.0,0.0,0.0,0.0,0.0,0.0,0.0,0.0,0.0,0,5,11,0.1388601949246026,LOW
Central Zone 2,Non-corridor,2.0,12.0,50,2,1,0.4401,60.7,0.0,0.0,0.0,1.0,2.0,0.0,0.0,0.0,0.0,0.0,0,0,2.4390853386412346,1.074419165238396,0.46766287488671743,1.0,1.0,3.0,0.0,1.0,2.0,4.0,4.272001872658765,0.0,-1.0,0,1,11,0.718159128334034,HIGH
Central Zone 2,Non-corridor,3.0,0.0,50,4,1,0.4251333333333333,76.66666666666667,0.0,0.0,0.25,0.875,2.25,0.0,0.75,0.0,0.0,0.0,0,0,4.180855957673145,3.6430917511110614,0.2015458112024408,4.0,5.0,2.0,4.0,4.0,1.0,3.6666666666666665,1.4999999999999971,-1.0,0.0,0,1,11,0.7183114868436348,HIGH
West Zone 2,ORR West 1,3.0,0.0,50,1,0,0.6055,50.1,0.0,0.0,0.0,1.0,2.5,0.0,0.0,0.0,0.0,0.0,0,0,1.0,0.8125,0.785721052631579,1.0,1.0,1.0,1.0,1.0,1.0,1.0,0.0,0.0,0.0,0,9,16,0.18376731612096678,LOW
East Zone 1,Varthur Road,2.0,8.0,50,1,1,1.5061,139.9,0.0,0.0,1.0,0.5,2.5,0.0,1.0,0.0,0.0,0.0,0,0,1.0,0.0,0.7712,1.0,0.0,0.0,0.0,0.0,0.0,1.0,0.0,0.0,0.0,0,2,20,0.04814749823388549,LOW
West Zone 2,ORR West 1,5.0,0.0,50,1,0,0.5572,76.2,0.0,0.0,1.0,0.5,1.5,0.0,0.0,0.0,0.0,0.0,0,0,1.0,0.17578125,0.7019215649170774,1.0,1.0,1.0,0.0,0.0,0.0,1.0,0.0,0.0,0.0,0,9,16,0.1545071742287045,LOW
West Zone 2,Non-corridor,6.0,8.0,50,2,2,,,0.5,0.0,0.0,1.0,1.0,0.0,0.0,0.0,0.0,0.0,0,0,1.0244140625,0.20263671875,0.22777401670459624,1.0,1.0,1.0,0.0,0.0,0.0,1.0,0.0,0.0,0.0,0,9,11,0.06464804018065402,LOW
North Zone 1,Non-corridor,3.0,8.0,50,1,1,,,0.0,0.0,0.0,1.0,1.0,0.0,0.0,0.0,0.0,0.0,0,1,1.12890625,1.115234375,0.35082,1.0,1.0,1.0,1.0,1.0,1.0,1.3333333333333333,0.5,0.0,0.0,0,4,11,0.4555368890193175,MEDIUM
North Zone 2,Non-corridor,3.0,4.0,50,1,1,,,1.0,0.0,0.0,1.0,1.5,0.0,0.0,0.0,0.0,0.0,0,0,1.0703125,1.04296875,0.548104,1.0,1.0,1.0,1.0,1.0,1.0,1.0,0.0,0.0,0.0,0,5,11,0.4190825473595336,MEDIUM
Central Zone 2,CBD 2,5.0,4.0,50,1,0,0.9384,77.0,0.0,0.0,1.0,0.5,2.5,0.0,0.0,0.0,0.0,0.0,0,0,1.0,0.59906005859375,0.35703363003482114,1.0,1.0,1.0,1.0,0.0,1.0,1.0,0.0,0.0,1.0,0,1,5,0.2492477787390231,LOW
Central Zone 2,CBD 2,5.0,8.0,50,1,0,0.8263,169.5,0.0,0.0,0.0,1.0,1.0,0.0,0.0,0.0,0.0,0.0,0,0,1.001007080078125,0.688446044921875,0.7221035195809972,1.0,1.0,1.0,1.0,0.0,0.0,1.0,0.0,0.0,1.0,0,1,5,0.13704556417056302,LOW
West Zone 1,Non-corridor,1.0,0.0,50,1,1,,,0.0,0.0,1.0,0.5,3.0,0.0,0.0,0.0,0.0,0.0,0,0,1.765625,0.859375,0.21617915789473682,2.0,1.0,3.0,1.0,1.0,1.0,1.6666666666666667,0.816496580927726,1.0,0.0,0,8,11,0.41811194213655856,MEDIUM
West Zone 1,Non-corridor,1.0,4.0,50,1,1,,,0.0,0.0,1.0,0.5,1.5,0.0,0.0,0.0,0.0,0.0,0,0,1.0,0.625,0.9055599999999999,1.0,1.0,1.0,1.0,0.0,1.0,1.0,0.0,0.0,1.0,0,8,11,0.07999635098954727,LOW
Central Zone 2,Non-corridor,0.0,0.0,50,1,0,0.0583,23.3,0.0,0.0,1.0,0.5,1.0,0.0,0.0,0.0,0.0,0.0,0,0,1.855712890625,1.413330078125,0.2880275286397813,2.0,1.0,4.0,2.0,0.0,4.0,1.6666666666666667,1.2583057392117916,1.0,2.0,0,1,11,0.6440008295550124,HIGH
Central Zone 2,Non-corridor,0.0,8.0,50,4,2,0.0677,25.35,0.75,0.0,0.5,0.75,2.0,0.0,0.0,0.0,0.0,0.0,0,0,1.120361328125,0.12451171875,0.5356757986396898,1.0,1.0,2.0,0.0,0.0,1.0,1.0,0.5,0.0,0.0,0,1,11,0.3425836199652406,MEDIUM
Central Zone 1,Non-corridor,4.0,4.0,50,1,1,,,1.0,0.0,0.0,1.0,0.5,1.0,0.0,0.0,0.0,0.0,0,0,1.0703125,0.1953125,0.2994884210526316,1.0,1.0,2.0,0.0,0.0,0.0,1.0,0.5,0.0,0.0,0,0,11,0.10499248046172807,LOW
Central Zone 1,Non-corridor,4.0,8.0,50,1,1,,,1.0,0.0,0.0,1.0,1.0,1.0,0.0,0.0,0.0,0.0,0,0,1.09375,0.90625,0.14383578947368422,1.0,1.0,2.0,1.0,1.0,2.0,1.0,0.5,0.0,0.0,0,0,11,0.29587459784731607,LOW
South Zone 2,Hosur Road,5.0,4.0,50,3,3,,,0.0,0.0,0.6666666666666666,0.6666666666666666,1.0,0.0,0.0,0.0,0.0,0.0,1,0,1.01617431640625,0.875,0.5684166609749189,1.0,1.0,1.0,1.0,1.0,1.0,1.0,0.0,0.0,0.0,0,7,7,0.47951486284303685,MEDIUM
East Zone 2,Non-corridor,4.0,8.0,50,2,1,0.5797,37.1,0.0,0.0,0.0,1.0,1.75,0.5,1.0,0.0,0.0,0.0,0,0,1.0013427734375,0.05348968505859375,0.32845327379572065,1.0,1.0,1.0,0.0,0.0,0.0,1.0,0.0,0.0,0.0,0,3,11,0.36846986734767867,MEDIUM
Central Zone 1,Old Madras Road,3.0,8.0,50,4,4,,,0.0,0.0,0.25,0.875,2.5,0.0,0.0,0.0,0.0,0.0,1,0,1.2540664672851562,1.141263484954834,1.1911588213530093,1.0,2.0,1.0,1.0,2.0,0.0,1.3333333333333333,0.5,-1.0,-1.0,0,0,18,0.23088370928403384,LOW
North Zone 2,Non-corridor,1.0,0.0,50,1,1,,,0.0,0.0,0.0,1.0,3.0,0.0,1.0,0.0,0.0,0.0,0,0,1.0,0.5,0.1576,1.0,1.0,0.0,0.0,1.0,0.0,1.0,0.0,0.0,-1.0,0,5,11,0.13990625764152287,LOW
North Zone 2,Non-corridor,1.0,4.0,50,3,3,,,0.0,0.0,0.6666666666666666,0.6666666666666666,1.0,0.0,1.0,1.0,0.0,0.0,1,0,1.25,0.375,0.548104,1.0,2.0,1.0,0.0,1.0,1.0,1.3333333333333333,0.5,-1.0,-1.0,0,5,11,0.06304485357928502,LOW
East Zone 2,Non-corridor,5.0,0.0,50,1,0,0.243,64.8,0.0,0.0,1.0,0.5,1.5,0.0,1.0,0.0,0.0,0.0,0,0,1.1311126947402954,0.6573162823915482,0.7098705737086519,1.0,1.0,3.0,1.0,0.0,2.0,1.0,1.0,0.0,1.0,0,3,11,0.1586987789537621,LOW
West Zone 1,Tumkur Road,5.0,4.0,50,2,1,0.2017,19.7,1.0,0.0,0.0,1.0,2.25,0.0,0.0,0.0,0.0,0.0,0,0,1.0002556453131892,0.7171567299664554,0.29624825742850625,1.0,1.0,1.0,1.0,0.0,1.0,1.0,0.0,0.0,1.0,0,8,19,0.1965427991977351,LOW
South Zone 2,Hosur Road,5.0,0.0,50,2,2,,,0.0,0.0,0.0,1.0,1.0,0.0,0.0,0.0,0.0,0.0,0,0,1.1645665173656425,0.9496860479127633,1.3798288343749048,1.0,1.0,1.0,1.0,1.0,0.0,1.3333333333333333,0.5000000000000006,0.0,0.0,0,7,7,0.07421135041167906,LOW
South Zone 2,Hosur Road,5.0,8.0,50,3,3,,,0.3333333333333333,0.0,0.3333333333333333,0.8333333333333334,1.1666666666666667,0.0,0.0,0.0,0.0,0.0,1,0,1.828178545460105,1.61425553355366,0.9195840010294638,2.0,1.0,1.0,2.0,1.0,1.0,2.0,0.9574271077563382,1.0,1.0,0,7,7,0.14168336680270296,LOW
North Zone 2,Bellary Road 2,2.0,0.0,50,1,1,,,0.0,0.0,1.0,0.5,1.5,0.0,1.0,0.0,0.0,0.0,0,0,1.2852058410644531,1.0137214660644531,1.0636513629783286,1.0,2.0,1.0,1.0,1.0,1.0,1.3333333333333333,0.5,-1.0,0.0,0,5,3,0.04391397696725116,LOW
Central Zone 2,Non-corridor,1.0,8.0,50,1,1,,,0.0,0.0,0.0,1.0,2.5,0.0,0.0,0.0,0.0,0.0,0,0,4.074472656939179,2.2401621332392097,0.41869372112497105,2.0,10.0,1.0,0.0,8.0,0.0,4.333333333333333,4.358898943540673,-8.0,-8.0,0,1,11,0.7183114868436348,HIGH
West Zone 2,Magadi Road,1.0,12.0,50,1,0,1.2224,100.3,0.0,0.0,0.0,1.0,2.5,0.0,0.0,0.0,0.0,0.0,0,0,1.0,0.0,0.6044,1.0,1.0,0.0,0.0,0.0,0.0,1.0,0.0,0.0,0.0,0,9,9,0.10071601272770336,LOW
West Zone 2,Magadi Road,2.0,4.0,50,1,0,0.3115,21.3,0.0,0.0,1.0,0.5,3.0,0.0,0.0,0.0,0.0,0.0,0,0,0.0,0.0,0.0,0.0,0.0,0.0,0.0,0.0,0.0,0.0,0.0,0.0,0.0,0,9,9,0.10785628372598431,LOW
West Zone 1,Tumkur Road,6.0,0.0,50,1,0,0.195,40.0,0.0,0.0,0.0,1.0,1.0,0.0,0.0,0.0,0.0,0.0,0,0,2.0962030522196082,0.9505452519049444,0.47473470659863326,2.0,3.0,2.0,0.0,3.0,1.0,2.0,0.816496580927726,-1.0,-3.0,0,8,19,0.41170256965915447,MEDIUM
East Zone 1,Non-corridor,5.0,12.0,50,1,1,,,0.0,0.0,1.0,0.5,2.5,0.0,1.0,0.0,0.0,0.0,0,0,1.0,0.0625,0.2196544,1.0,1.0,1.0,0.0,0.0,0.0,1.0,0.0,0.0,0.0,0,2,11,0.09905503385346034,LOW
East Zone 2,Non-corridor,3.0,12.0,50,1,1,,,0.0,0.0,0.0,1.0,3.0,0.0,1.0,0.0,0.0,0.0,0,0,1.0,0.109375,0.34355858610271894,1.0,1.0,1.0,0.0,0.0,1.0,1.0,0.0,0.0,0.0,0,3,11,0.12495293188508834,LOW
North Zone 1,Hennur Main Road,4.0,12.0,50,1,1,,,0.0,0.0,1.0,0.5,3.0,0.0,1.0,0.0,0.0,0.0,0,0,1.0,0.0,0.3432,1.0,0.0,0.0,0.0,0.0,0.0,1.0,0.0,0.0,0.0,0,4,6,0.0960309810865063,LOW
North Zone 2,Bellary Road 2,2.0,12.0,50,1,0,0.232,47.6,0.0,0.0,0.0,1.0,1.0,0.0,1.0,0.0,0.0,0.0,0,0,1.31640625,1.1875,0.13771754855994642,1.0,2.0,2.0,1.0,2.0,2.0,1.3333333333333333,0.5773502691896257,-1.0,-1.0,0,5,3,0.1314181637661189,LOW
Central Zone 2,Non-corridor,2.0,16.0,50,1,1,,,1.0,0.0,0.0,1.0,3.0,0.0,1.0,0.0,0.0,0.0,0,0,1.00390625,0.62890625,0.62344,1.0,1.0,1.0,1.0,0.0,1.0,1.0,0.0,0.0,1.0,0,1,11,0.10247860732432729,LOW
West Zone 1,Non-corridor,3.0,0.0,50,1,1,,,0.0,0.0,1.0,0.5,2.5,0.0,0.0,0.0,0.0,0.0,0,0,1.06549072265625,0.38226318359375,0.43700458991075886,1.0,1.0,2.0,0.0,1.0,2.0,1.0,0.5,0.0,-1.0,0,8,11,0.2232263229234913,LOW
Central Zone 2,Mysore Road,6.0,8.0,50,1,1,,,0.0,0.0,0.0,1.0,2.5,0.0,0.0,0.0,0.0,0.0,0,0,1.3087945893437407,1.0874109135815462,1.5023389268139198,1.0,2.0,1.0,1.0,2.0,0.0,1.3333333333333333,0.5000000000000006,-1.0,-1.0,0,1,10,0.24228188471887618,LOW
Central Zone 2,Mysore Road,6.0,12.0,50,1,0,0.1889,6.2,0.0,0.0,1.0,0.5,2.5,1.0,0.0,0.0,0.0,0.0,0,0,1.0249166838265182,0.8763288153040545,1.0402958587600906,1.0,1.0,1.0,1.0,1.0,1.0,1.0,0.0,0.0,0.0,0,1,10,0.1708082976950488,LOW
Central Zone 2,Non-corridor,0.0,12.0,50,1,1,,,0.0,0.0,0.0,1.0,1.5,0.0,1.0,0.0,0.0,0.0,0,0,1.2021484375,0.11181640625,0.16638060239274927,1.0,1.0,1.0,0.0,0.0,0.0,1.3333333333333333,0.4999999999999998,0.0,0.0,0,1,11,0.40304899127008864,MEDIUM
West Zone 2,ORR West 1,1.0,8.0,50,1,1,,,1.0,0.0,0.0,1.0,2.5,0.0,0.0,0.0,0.0,0.0,0,0,1.0,1.0,0.0,1.0,0.0,0.0,1.0,0.0,0.0,1.0,0.0,0.0,0.0,0,9,16,0.03660861453855919,LOW
West Zone 2,Non-corridor,3.0,4.0,50,2,1,0.044,17.6,0.0,0.0,0.0,1.0,1.0,0.0,0.0,0.0,0.0,0.0,0,0,1.0,0.25,0.21624000000000002,1.0,1.0,1.0,0.0,0.0,1.0,1.0,0.0,0.0,0.0,0,9,11,0.05834047504640335,LOW
East Zone 2,Non-corridor,4.0,0.0,50,1,1,,,0.0,0.0,0.0,1.0,1.0,0.0,1.0,0.0,0.0,0.0,0,0,1.3912124633789062,1.068242073059082,0.6097869299667689,1.0,2.0,3.0,1.0,1.0,2.0,1.3333333333333333,0.9574271077563381,-1.0,0.0,0,3,11,0.1483144462675508,LOW
North Zone 1,Non-corridor,4.0,0.0,50,1,0,0.2842,127.5,0.0,0.0,1.0,0.5,1.0,0.0,1.0,0.0,0.0,0.0,0,0,1.0,0.865234375,0.4101697218189665,1.0,1.0,1.0,1.0,1.0,1.0,1.0,0.0,0.0,0.0,0,4,11,0.07454087301390618,LOW
South Zone 2,IRR(Thanisandra road),1.0,12.0,50,1,1,,,0.0,0.0,1.0,0.5,2.5,0.0,0.0,0.0,0.0,0.0,0,0,0.0,0.0,0.0,0.0,0.0,0.0,0.0,0.0,0.0,0.0,0.0,0.0,0.0,0,7,8,0.1398093627315515,LOW
North Zone 2,Bellary Road 2,0.0,0.0,50,1,1,,,0.0,0.0,0.0,1.0,3.0,0.0,1.0,0.0,0.0,0.0,0,0,1.0,1.0,0.0,1.0,1.0,0.0,1.0,1.0,0.0,1.0,0.0,0.0,0.0,0,5,3,0.06749095467150479,LOW
West Zone 2,Tumkur Road,1.0,4.0,50,1,0,0.2218,18.2,0.0,0.0,0.0,1.0,1.0,1.0,0.0,0.0,0.0,0.0,0,0,1.0,0.0,0.0307,1.0,0.0,0.0,0.0,0.0,0.0,1.0,0.0,0.0,0.0,0,9,19,0.06277572185930634,LOW
East Zone 1,ORR East 2,5.0,0.0,50,2,1,1.47285,386.90000000000003,0.0,0.0,0.0,1.0,1.75,0.0,1.0,0.0,0.0,0.0,0,0,1.3242206573509065,1.2929701805119294,2.39887083039989,1.0,2.0,1.0,1.0,2.0,1.0,1.3333333333333333,0.4999999999999999,-1.0,-1.0,0,2,13,0.030733840217624642,LOW
North Zone 2,Bellary Road 2,3.0,0.0,50,3,2,1.1834,97.1,0.0,0.0,0.6666666666666666,0.6666666666666666,2.8333333333333335,0.0,1.0,0.0,0.0,0.0,0,0,2.0415736451977864,0.8989261999959126,0.3057449829877122,2.0,2.0,3.0,1.0,1.0,1.0,2.0,0.49999999999999994,0.0,0.0,0,5,3,0.17846714376731945,LOW
West Zone 2,Mysore Road,0.0,4.0,50,1,0,0.0634,5.2,0.0,0.0,1.0,0.5,2.5,0.0,0.0,0.0,0.0,0.0,0,0,1.0,0.5,0.1389,1.0,1.0,0.0,1.0,0.0,0.0,1.0,0.0,0.0,1.0,0,9,10,0.04120101163991131,LOW
East Zone 1,ORR East 1,0.0,0.0,50,1,1,,,0.0,0.0,1.0,0.5,3.0,0.0,1.0,0.0,0.0,0.0,0,0,0.0,0.0,0.0,0.0,0.0,0.0,0.0,0.0,0.0,0.0,0.0,0.0,0.0,0,2,12,0.05509677047552939,LOW
Central Zone 2,Mysore Road,4.0,8.0,50,3,1,0.46094999999999997,55.7,0.3333333333333333,0.0,0.6666666666666666,0.6666666666666666,1.5,0.0,0.0,0.0,0.0,0.0,0,0,1.381262809300415,0.9444787330389902,0.5418873162125621,1.0,2.0,2.0,1.0,1.0,2.0,1.3333333333333333,0.5773502691896257,-1.0,0.0,0,1,10,0.2254768061123251,LOW
East Zone 2,Non-corridor,6.0,12.0,50,2,1,0.0793,31.7,0.0,0.0,0.0,1.0,1.25,0.0,1.0,0.0,0.0,0.0,0,0,1.0,0.90966796875,0.35879090920655105,1.0,1.0,1.0,1.0,1.0,0.0,1.0,0.0,0.0,0.0,0,3,11,0.0792254709820115,LOW
East Zone 2,ORR East 2,0.0,0.0,50,1,1,,,0.0,0.0,1.0,0.5,3.0,0.0,0.0,0.0,0.0,0.0,0,0,0.0,0.0,0.0,0.0,0.0,0.0,0.0,0.0,0.0,0.0,0.0,0.0,0.0,0,3,13,0.061330015838168044,LOW
North Zone 1,Non-corridor,1.0,8.0,50,1,1,,,0.0,0.0,0.0,1.0,2.5,0.0,0.0,0.0,0.0,0.0,0,0,1.0625,0.84375,0.35082,1.0,1.0,1.0,1.0,1.0,0.0,1.0,0.0,0.0,0.0,0,4,11,0.2849565140914311,LOW
West Zone 1,Mysore Road,5.0,12.0,50,1,1,,,0.0,0.0,0.0,1.0,1.5,0.0,0.0,0.0,0.0,0.0,0,0,2.0,1.875,0.3583,3.0,1.0,1.0,3.0,1.0,1.0,1.6666666666666667,1.0,2.0,2.0,0,8,10,0.12259380573217964,LOW
Central Zone 2,Non-corridor,6.0,0.0,50,2,2,,,0.0,0.0,0.5,0.75,2.75,0.0,0.0,0.0,0.0,0.0,0,0,1.6646496300536544,1.1840401534688079,0.26212015818959566,1.0,2.0,2.0,1.0,1.0,1.0,1.3333333333333333,0.5773502691896247,-1.0,0.0,0,1,11,0.42268815885936184,MEDIUM
East Zone 2,Non-corridor,4.0,4.0,50,1,1,,,0.0,0.0,0.0,1.0,2.5,0.0,1.0,0.0,0.0,0.0,0,0,1.00390625,0.8677978515625,1.1780493846915678,1.0,1.0,1.0,1.0,1.0,1.0,1.0,0.0,0.0,0.0,0,3,11,0.09572897296464661,LOW
East Zone 2,Non-corridor,2.0,4.0,50,1,1,,,0.0,0.0,0.0,1.0,1.0,0.0,1.0,0.0,0.0,0.0,0,0,1.25,0.5390625,0.28878093074792244,1.0,2.0,1.0,1.0,0.0,0.0,1.3333333333333333,0.5,-1.0,1.0,0,3,11,0.10645010689014224,LOW
Central Zone 1,Old Madras Road,1.0,0.0,50,1,1,,,0.0,0.0,1.0,0.5,1.0,0.0,0.0,0.0,0.0,0.0,0,0,1.9375,1.8271484375,0.420707504531722,1.0,4.0,1.0,1.0,4.0,1.0,2.3333333333333335,1.4142135623730951,-3.0,-3.0,0,0,18,0.6505806643298657,HIGH
West Zone 1,Tumkur Road,6.0,8.0,50,3,2,0.05,4.1,0.6666666666666666,0.0,0.6666666666666666,0.6666666666666666,1.5,0.0,0.0,0.0,0.0,0.0,0,0,1.394577458775629,0.6669879357545074,0.9318452984727815,1.0,1.0,1.0,1.0,0.0,0.0,2.0,1.5000000000000002,0.0,1.0,0,8,19,0.035255688528753576,LOW
West Zone 2,Bellary Road 1,2.0,0.0,50,3,2,0.1331,9.1,0.0,0.0,0.6666666666666666,0.6666666666666666,2.3333333333333335,0.0,0.0,0.0,0.0,0.0,0,0,1.5,0.84375,0.17496684894053316,2.0,1.0,1.0,1.0,1.0,1.0,1.3333333333333333,0.5,1.0,0.0,0,9,2,0.21744204096623543,LOW
North Zone 2,Bellary Road 2,4.0,8.0,50,1,0,0.6498,133.3,0.0,0.0,1.0,0.5,1.0,0.0,1.0,0.0,0.0,0.0,0,0,1.398516003973782,0.8798273548018187,0.10048049616732084,1.0,2.0,1.0,0.0,2.0,1.0,1.6666666666666667,0.5773502691896257,-1.0,-2.0,0,5,3,0.03244546857875217,LOW
Central Zone 2,CBD 2,0.0,0.0,50,1,1,,,0.0,0.0,1.0,0.5,1.5,0.0,0.0,0.0,0.0,0.0,0,0,1.0,0.0,1.2227,1.0,0.0,0.0,0.0,0.0,0.0,1.0,0.0,0.0,0.0,0,1,5,0.07309368568269088,LOW
West Zone 1,Tumkur Road,0.0,4.0,50,4,2,0.38695,28.25,0.0,0.0,0.75,0.625,2.875,0.0,0.0,0.0,0.0,0.0,0,0,1.0078125,0.890625,0.46823915789473686,1.0,1.0,1.0,1.0,1.0,0.0,1.0,0.0,0.0,0.0,0,8,19,0.396859082877756,MEDIUM
Central Zone 2,Bellary Road 1,5.0,0.0,50,2,1,0.5255,107.8,0.0,0.0,1.0,0.5,1.0,0.0,0.0,0.0,0.0,0.0,0,0,1.25,0.72802734375,1.2246734099137173,1.0,1.0,1.0,0.0,1.0,1.0,1.6666666666666667,1.0,0.0,-1.0,0,1,2,0.2017781374929854,LOW
West Zone 1,Non-corridor,6.0,4.0,50,2,1,0.6169,70.5,1.0,0.0,0.0,1.0,2.5,0.5,0.0,0.0,0.0,0.0,0,0,1.656768798828125,1.1410439014434814,1.104460045109482,1.0,2.0,2.0,1.0,1.0,0.0,2.0,0.8164965809277259,-1.0,0.0,0,8,11,0.22027803599808765,LOW
Central Zone 2,Non-corridor,6.0,8.0,50,2,2,,,0.0,0.0,0.0,1.0,3.0,0.0,0.0,0.0,0.0,0.0,0,1,1.6922609351183338,1.2608696746733847,0.37758612501489913,1.0,2.0,2.0,1.0,2.0,1.0,1.3333333333333333,0.5773502691896262,-1.0,-1.0,0,1,11,0.6558882592257299,HIGH
West Zone 2,Non-corridor,2.0,4.0,50,1,0,0.3138,50.2,0.0,0.0,1.0,0.5,2.5,0.0,0.0,0.0,0.0,0.0,0,0,1.0,0.5,0.1512,1.0,1.0,0.0,0.0,1.0,0.0,1.0,0.0,0.0,-1.0,0,9,11,0.2176815118287846,LOW
West Zone 1,West of Chord Road,4.0,4.0,50,1,1,,,1.0,0.0,1.0,0.5,1.0,0.0,0.0,0.0,0.0,0.0,0,0,1.0,0.75,0.5401,1.0,1.0,0.0,1.0,1.0,0.0,1.0,0.0,0.0,0.0,0,8,21,0.07189070625897134,LOW
North Zone 1,ORR North 1,5.0,0.0,50,2,0,0.28,53.150000000000006,0.0,0.0,0.0,1.0,1.25,0.0,0.0,0.0,0.0,0.0,0,0,1.2119183582399273,1.082643400892266,1.9198460214180992,1.0,1.0,2.0,1.0,1.0,2.0,1.3333333333333333,0.5773502691896258,0.0,0.0,0,4,14,0.26010006752420706,LOW
West Zone 1,Magadi Road,3.0,0.0,50,2,2,,,0.0,0.0,0.0,1.0,2.25,0.0,0.0,0.0,0.0,0.0,0,0,1.3048095703125,1.1795654296875,0.6651299015888008,1.0,2.0,1.0,1.0,2.0,0.0,1.3333333333333333,0.5,-1.0,-1.0,0,8,9,0.07505447655948767,LOW
North Zone 1,ORR North 1,1.0,4.0,50,2,1,0.0427,3.5,0.0,0.0,1.0,0.5,2.75,0.0,0.5,0.0,0.0,0.0,0,0,1.02001953125,0.87890625,3.46797026994878,1.0,1.0,1.0,1.0,1.0,1.0,1.0,0.0,0.0,0.0,0,4,14,0.06643592485866802,LOW
Central Zone 2,Mysore Road,0.0,0.0,50,2,2,,,0.0,0.0,0.0,1.0,2.5,0.0,0.0,0.0,0.0,0.0,0,0,1.52734375,1.064453125,0.4709364144044321,1.0,2.0,1.0,1.0,1.0,0.0,2.0,0.9574271077563381,-1.0,0.0,0,1,10,0.27646451997099974,LOW
North Zone 1,ORR North 1,1.0,8.0,50,2,2,,,0.5,0.0,0.0,1.0,3.0,0.0,1.0,0.0,0.0,0.0,0,0,2.5625,2.0625,1.464325,2.0,5.0,2.0,2.0,3.0,2.0,2.6666666666666665,1.7320508075688774,-3.0,-1.0,0,4,14,0.10590314506198775,LOW
North Zone 1,ORR North 1,0.0,4.0,50,2,2,2.34,571.2,0.0,0.0,0.0,1.0,1.0,0.0,1.0,0.0,0.0,0.0,0,0,1.125,1.0,1.2468,1.0,1.0,2.0,1.0,1.0,2.0,1.0,0.5,0.0,0.0,0,4,14,0.0519012931281595,LOW
North Zone 1,ORR North 1,1.0,0.0,50,1,1,,,0.0,0.0,1.0,0.5,1.0,0.0,1.0,0.0,0.0,0.0,0,0,1.2578125,1.0078125,0.0049,1.0,2.0,1.0,1.0,1.0,1.0,1.3333333333333333,0.5,-1.0,0.0,0,4,14,0.06910117906654517,LOW
South Zone 2,Non-corridor,0.0,8.0,50,1,0,0.3038,86.8,1.0,0.0,1.0,0.5,1.0,0.0,0.0,0.0,0.0,0.0,0,0,0.0,0.0,0.0,0.0,0.0,0.0,0.0,0.0,0.0,0.0,0.0,0.0,0.0,0,7,11,0.211507158034503,LOW
Central Zone 2,Mysore Road,2.0,0.0,50,2,1,0.2047,14.0,0.0,0.0,0.5,0.75,3.0,0.0,0.0,0.0,0.0,0.0,0,0,1.6295369793078862,1.1292600790329743,0.40624950507876034,2.0,1.0,2.0,2.0,0.0,1.0,1.3333333333333333,0.5773502691896257,1.0,2.0,0,1,10,0.3811902796345502,MEDIUM
Central Zone 2,Mysore Road,2.0,4.0,50,1,0,0.1075,6.3,1.0,0.0,0.0,1.0,2.5,0.0,0.0,0.0,0.0,0.0,0,0,2.014681032858789,0.8141144057735801,0.3401855445652091,2.0,2.0,2.0,0.0,2.0,0.0,2.0,0.0,0.0,-2.0,0,1,10,0.40686491908258615,MEDIUM
Central Zone 2,Non-corridor,2.0,0.0,50,2,1,0.8308,111.7,0.0,0.0,1.0,0.5,2.75,0.0,0.5,0.0,0.0,0.0,0,1,2.4333461518233084,2.1520260650239167,0.3605569320565066,2.0,3.0,3.0,2.0,3.0,2.0,2.3333333333333335,0.5773502691896132,-1.0,-1.0,0,1,11,0.7033002071470335,HIGH
West Zone 1,Tumkur Road,4.0,0.0,50,1,0,1.4618,104.3,0.0,0.0,0.0,1.0,3.0,0.0,0.0,0.0,0.0,0.0,0,0,1.2116842279227935,0.9380614789685584,0.3945008490851579,1.0,1.0,1.0,1.0,1.0,0.0,1.3333333333333333,0.4999999999999999,0.0,0.0,0,8,19,0.13428813736126807,LOW
East Zone 2,ORR East 2,5.0,0.0,50,1,0,0.898,61.4,0.0,0.0,1.0,0.5,3.0,0.0,0.0,0.0,0.0,0.0,0,0,1.0,0.8125,0.45804,1.0,1.0,1.0,1.0,1.0,0.0,1.0,0.0,0.0,0.0,0,3,13,0.17833108407085602,LOW
North Zone 2,ORR North 2,4.0,0.0,50,1,0,0.221,52.3,0.0,0.0,0.0,1.0,1.0,0.0,0.0,0.0,0.0,0.0,0,0,1.814453635364771,1.562831837683916,0.16629898205743632,2.0,2.0,1.0,2.0,1.0,1.0,1.6666666666666667,0.5773502691896257,0.0,1.0,0,5,15,0.42456906163255825,MEDIUM
East Zone 2,Non-corridor,0.0,0.0,50,1,0,1.1387,168.7,0.0,0.0,0.0,1.0,3.0,0.0,1.0,0.0,0.0,0.0,0,0,1.0,0.5,0.42,1.0,1.0,0.0,1.0,0.0,0.0,1.0,0.0,0.0,1.0,0,3,11,0.052981328332125474,LOW
Central Zone 2,Non-corridor,2.0,8.0,50,3,2,0.2231,35.7,0.0,0.0,0.3333333333333333,0.8333333333333334,2.8333333333333335,0.0,0.0,0.0,0.0,0.0,0,0,2.4672575707174844,1.671395530855306,0.9688666013337172,2.0,2.0,4.0,1.0,2.0,1.0,2.6666666666666665,1.1547005383792515,0.0,-1.0,0,1,11,0.6956474887742276,HIGH
South Zone 2,Non-corridor,1.0,8.0,50,1,1,,,0.0,0.0,1.0,0.5,2.5,0.0,0.0,0.0,0.0,0.0,0,0,1.0,0.5,0.3038,1.0,1.0,0.0,1.0,0.0,0.0,1.0,0.0,0.0,1.0,0,7,11,0.14119239724488095,LOW
South Zone 2,Non-corridor,2.0,8.0,50,1,1,,,1.0,0.0,0.0,1.0,2.5,0.0,0.0,0.0,0.0,0.0,0,0,1.0,0.75,0.3038,1.0,1.0,0.0,1.0,1.0,0.0,1.0,0.0,0.0,0.0,0,7,11,0.14450276096787096,LOW
North Zone 1,ORR North 1,4.0,0.0,50,1,1,,,0.0,0.0,0.0,1.0,3.0,0.0,1.0,0.0,0.0,0.0,0,0,2.562774927355349,2.2891776571050286,0.9514613579309538,4.0,1.0,1.0,4.0,0.0,1.0,2.0,1.5,3.0,4.0,0,4,14,0.10548861505755008,LOW
North Zone 2,Non-corridor,5.0,0.0,50,1,1,,,0.0,0.0,0.0,1.0,2.5,0.0,1.0,0.0,0.0,0.0,0,0,1.03125,0.90576171875,0.30156198022639347,1.0,1.0,1.0,1.0,1.0,0.0,1.0,0.0,0.0,0.0,0,5,11,0.34946852544246126,MEDIUM
Central Zone 2,Mysore Road,5.0,4.0,50,1,0,0.1731,14.2,0.0,0.0,0.0,1.0,2.5,0.0,0.0,0.0,0.0,0.0,0,0,2.634823620581728,2.3188581964587245,1.1734601738528383,4.0,1.0,1.0,4.0,0.0,1.0,2.3333333333333335,1.4142135623730951,3.0,4.0,0,1,10,0.32525729577882506,MEDIUM
North Zone 2,Non-corridor,5.0,4.0,50,1,1,,,0.0,0.0,0.0,1.0,2.5,0.0,1.0,0.0,0.0,0.0,0,0,1.0087890625,0.50537109375,1.2010812251260663,1.0,1.0,1.0,0.0,1.0,1.0,1.0,0.0,0.0,-1.0,0,5,11,0.044679349242219765,LOW
West Zone 2,Mysore Road,4.0,0.0,50,2,1,1.0277,210.8,0.0,0.0,0.5,0.75,2.0,0.0,0.0,0.0,0.0,0.0,0,0,1.0078125,0.5546875,0.37688222337662336,1.0,1.0,1.0,1.0,0.0,0.0,1.0,0.0,0.0,1.0,0,9,10,0.14901445371387742,LOW
Central Zone 2,Mysore Road,3.0,8.0,50,4,2,0.3569,27.7,0.5,0.0,0.75,0.625,1.75,0.25,0.0,0.0,0.0,0.0,0,0,1.6524668944992555,0.5848905277039584,0.6201132441272849,2.0,1.0,2.0,0.0,1.0,1.0,1.3333333333333333,0.5773502691896257,1.0,-1.0,0,1,10,0.19485958243601773,LOW
North Zone 1,Bellary Road 2,6.0,8.0,50,1,0,0.5587,33.3,1.0,0.0,0.0,1.0,2.5,0.0,1.0,0.0,0.0,0.0,0,0,1.01171875,0.5546875,0.5520898673957622,1.0,1.0,1.0,1.0,0.0,0.0,1.0,0.0,0.0,1.0,0,4,3,0.30751907654577026,MEDIUM
North Zone 1,Airport New South Road,3.0,0.0,50,1,1,,,0.0,0.0,1.0,0.5,1.0,0.0,1.0,0.0,0.0,0.0,0,0,1.0,1.0,1.9172421052631579,1.0,1.0,1.0,1.0,1.0,1.0,1.0,0.0,0.0,0.0,0,4,0,0.04345731607941079,LOW
East Zone 2,ORR North 1,3.0,0.0,50,1,1,,,0.0,0.0,0.0,1.0,3.0,0.0,0.0,0.0,0.0,0.0,0,0,1.5,1.5,0.0,2.0,1.0,1.0,2.0,1.0,1.0,1.3333333333333333,0.5,1.0,1.0,0,3,14,0.4293907987799404,MEDIUM
East Zone 2,ORR North 1,4.0,12.0,50,1,1,,,0.0,0.0,0.0,1.0,1.5,0.0,0.0,0.0,0.0,0.0,0,0,0.0,0.0,0.0,0.0,0.0,0.0,0.0,0.0,0.0,0.0,0.0,0.0,0.0,0,3,14,0.08737752016654686,LOW
North Zone 2,Bellary Road 2,6.0,4.0,50,1,0,0.0375,7.7,0.0,0.0,1.0,0.5,1.0,0.0,1.0,0.0,0.0,0.0,0,0,1.0527529755200078,0.2551139258557953,0.692703578716926,1.0,1.0,1.0,0.0,0.0,1.0,1.0,0.0,0.0,0.0,0,5,3,0.04035706050350186,LOW
North Zone 2,Non-corridor,0.0,8.0,50,2,2,,,1.0,0.0,0.0,1.0,1.0,0.5,1.0,0.0,0.0,0.0,0,0,2.0,1.0,0.5157,2.0,0.0,0.0,1.0,0.0,0.0,2.0,0.0,0.0,0.0,0,5,11,0.37674994083541574,MEDIUM
East Zone 1,ORR East 2,4.0,0.0,50,1,1,2.34,738.5,0.0,0.0,0.0,1.0,1.0,0.0,1.0,0.0,0.0,0.0,0,0,1.0625000745099025,1.046875014904803,2.4371538991566934,1.0,1.0,2.0,1.0,1.0,2.0,1.0,0.5,0.0,0.0,0,2,13,0.055072644892818025,LOW
West Zone 2,Tumkur Road,4.0,4.0,50,1,0,0.1419,29.1,0.0,0.0,0.0,1.0,1.0,0.0,0.0,0.0,0.0,0.0,0,0,1.375,0.625,0.5779242189473685,1.0,2.0,1.0,0.0,2.0,0.0,1.6666666666666667,0.5773502691896257,-1.0,-2.0,0,9,19,0.0700159132452813,LOW
South Zone 2,Non-corridor,2.0,12.0,50,1,0,0.0873,14.7,0.0,0.0,1.0,0.5,2.5,0.0,0.0,0.0,0.0,0.0,0,0,1.0,0.75,0.1965,1.0,1.0,1.0,1.0,0.0,1.0,1.0,0.0,0.0,1.0,0,7,11,0.08815130508015123,LOW
South Zone 2,Non-corridor,0.0,0.0,50,1,1,,,0.0,0.0,1.0,0.5,1.0,0.0,0.0,0.0,0.0,0.0,0,0,1.0,0.5,0.081,1.0,1.0,0.0,1.0,0.0,0.0,1.0,0.0,0.0,1.0,0,7,11,0.12692953165625812,LOW
Central Zone 2,Non-corridor,5.0,8.0,50,3,2,0.075,12.0,0.3333333333333333,0.0,0.0,1.0,1.6666666666666667,0.0,0.0,0.0,0.0,0.0,0,0,7.202302641856857,5.679990319040748,0.38049443971838137,5.0,16.0,3.0,3.0,15.0,1.0,7.333333333333333,6.701989754294367,-11.0,-12.0,0,1,11,0.718159128334034,HIGH
North Zone 1,ORR North 2,0.0,0.0,50,1,1,2.145,720.4,0.0,0.0,0.0,1.0,1.0,0.0,0.0,0.0,0.0,0.0,0,0,1.0,1.0,0.0,1.0,0.0,0.0,1.0,0.0,0.0,1.0,0.0,0.0,0.0,0,4,15,0.025972970951546104,LOW
North Zone 1,ORR North 2,2.0,0.0,50,1,1,,,0.0,0.0,0.0,1.0,1.0,0.0,0.0,0.0,0.0,0.0,0,0,1.0,1.0,2.145,1.0,1.0,0.0,1.0,1.0,0.0,1.0,0.0,0.0,0.0,0,4,15,0.04050603555914149,LOW
West Zone 1,Magadi Road,3.0,4.0,50,1,0,0.616,43.2,0.0,0.0,0.0,1.0,3.0,0.0,0.0,0.0,0.0,0.0,0,0,1.000246524810791,0.38988637924194336,0.3288495860972288,1.0,1.0,1.0,0.0,1.0,0.0,1.0,0.0,0.0,-1.0,0,8,9,0.3160588535927235,MEDIUM
West Zone 1,Magadi Road,2.0,8.0,50,2,2,1.5595,91.4,0.5,0.0,0.5,0.75,1.25,0.5,0.0,0.0,0.0,0.0,0,0,1.0102615356445312,0.3195343017578125,0.7341750759183793,1.0,1.0,1.0,0.0,1.0,0.0,1.0,0.0,0.0,-1.0,0,8,9,0.16526316674267758,LOW
West Zone 1,Magadi Road,2.0,12.0,50,1,0,1.0486,71.7,0.0,0.0,1.0,0.5,3.0,0.0,0.0,0.0,0.0,0.0,0,0,1.125,0.59375,0.5677648,1.0,1.0,1.0,1.0,0.0,1.0,1.3333333333333333,0.5,0.0,1.0,0,8,9,0.3060699521212939,MEDIUM
Central Zone 1,Non-corridor,4.0,0.0,50,2,1,0.2177,87.1,0.0,0.0,0.5,0.75,1.0,0.5,0.0,0.0,0.0,0.0,0,1,1.0,0.421875,0.4902783321941217,1.0,1.0,1.0,0.0,1.0,0.0,1.0,0.0,0.0,-1.0,0,0,11,0.4167884144539045,MEDIUM
East Zone 1,ORR East 1,3.0,0.0,50,1,1,,,0.0,0.0,0.0,1.0,1.0,0.0,1.0,0.0,0.0,0.0,0,0,2.255149155855179,1.7551273703575134,1.6861749195887779,1.0,6.0,1.0,0.0,6.0,1.0,2.6666666666666665,2.5,-5.0,-6.0,0,2,12,0.11387784195447503,LOW
East Zone 1,ORR East 1,3.0,8.0,50,1,1,,,0.0,0.0,0.0,1.0,2.5,0.0,1.0,0.0,0.0,0.0,0,0,1.0108642578125,0.703826904296875,1.1959556858826315,1.0,1.0,1.0,1.0,0.0,1.0,1.0,0.0,0.0,1.0,0,2,12,0.07082793938727168,LOW
West Zone 2,Bellary Road 1,6.0,0.0,50,1,0,0.1077,22.1,0.0,0.0,1.0,0.5,1.0,0.0,0.0,0.0,0.0,0.0,0,0,1.065673828125,0.6088104248046875,0.41074539200286303,1.0,1.0,2.0,1.0,0.0,1.0,1.0,0.5,0.0,1.0,0,9,2,0.0776007259913892,LOW
West Zone 2,Bellary Road 1,1.0,8.0,50,1,1,,,0.0,0.0,0.0,1.0,2.5,0.0,0.0,0.0,0.0,0.0,0,0,1.5,1.125,0.32880000000000004,2.0,1.0,1.0,2.0,0.0,1.0,1.3333333333333333,0.5,1.0,2.0,0,9,2,0.11972290531146133,LOW
Central Zone 1,Old Madras Road,0.0,12.0,50,1,0,0.1279,26.9,0.0,0.0,0.0,1.0,1.0,0.0,0.0,0.0,0.0,0.0,0,0,2.0,2.0,0.0,2.0,0.0,0.0,2.0,0.0,0.0,2.0,0.0,0.0,0.0,0,0,18,0.5981627979459213,MEDIUM
Central Zone 2,Bellary Road 1,0.0,12.0,50,1,1,,,0.0,0.0,0.0,1.0,2.5,0.0,0.0,0.0,0.0,0.0,0,0,2.0,2.0,0.0,2.0,0.0,0.0,2.0,0.0,0.0,2.0,0.0,0.0,0.0,0,1,2,0.24162929511838346,LOW
East Zone 1,Non-corridor,0.0,4.0,50,1,1,,,0.0,0.0,1.0,0.5,1.0,0.0,1.0,0.0,0.0,0.0,0,0,1.0,0.75,0.3075,1.0,1.0,1.0,1.0,0.0,1.0,1.0,0.0,0.0,1.0,0,2,11,0.10076139014166213,LOW
Central Zone 2,Old Madras Road,1.0,0.0,50,2,1,0.5587,38.2,0.0,0.0,0.5,0.75,2.0,0.0,0.0,0.0,0.0,0.0,0,0,1.0,1.0,0.0,1.0,0.0,0.0,1.0,0.0,0.0,1.0,0.0,0.0,0.0,0,1,18,0.05723642574604249,LOW
North Zone 1,Bellary Road 2,4.0,0.0,50,1,1,,,0.0,0.0,0.0,1.0,1.5,1.0,1.0,0.0,0.0,0.0,0,0,1.25,0.71875,0.42208419290020094,1.0,2.0,1.0,0.0,2.0,1.0,1.3333333333333333,0.5,-1.0,-2.0,0,4,3,0.0743960864767693,LOW
West Zone 2,Non-corridor,3.0,8.0,50,1,1,,,1.0,0.0,0.0,1.0,3.0,0.0,0.0,0.0,0.0,0.0,0,0,1.5,0.75,0.21862105263157897,1.0,2.0,0.0,0.0,2.0,0.0,1.6666666666666667,0.5773502691896258,-1.0,-2.0,0,9,11,0.03449479510519145,LOW
West Zone 1,Tumkur Road,1.0,4.0,50,1,0,0.1111,15.2,0.0,0.0,0.0,1.0,1.5,0.0,0.0,0.0,0.0,0.0,0,0,1.5190467834472656,0.6244583129882812,0.2546770218647931,2.0,1.0,1.0,1.0,0.0,1.0,1.3333333333333333,0.5,1.0,1.0,0,8,19,0.11601448439909179,LOW
West Zone 1,Tumkur Road,2.0,0.0,50,1,0,0.5302,43.5,0.0,0.0,0.0,1.0,2.5,0.0,0.0,0.0,0.0,0.0,0,0,1.031307876110077,0.10786992311477661,0.43283115325172095,1.0,1.0,1.0,0.0,0.0,1.0,1.0,0.0,0.0,0.0,0,8,19,0.3330114251564633,MEDIUM
Central Zone 2,Mysore Road,3.0,4.0,50,1,1,,,1.0,0.0,1.0,0.5,2.5,0.0,0.0,0.0,0.0,0.0,0,0,1.5022008498615378,1.417679227149847,0.1414861547270238,2.0,1.0,1.0,2.0,1.0,0.0,1.3333333333333333,0.5,1.0,1.0,0,1,10,0.30322004928420465,MEDIUM
North Zone 2,ORR North 2,4.0,8.0,50,1,0,0.1341,13.1,1.0,0.0,0.0,1.0,1.5,0.0,0.0,0.0,0.0,0.0,0,0,1.6253009140791619,1.6250185072576642,2.566528234199168,2.0,1.0,1.0,2.0,1.0,1.0,1.6666666666666667,0.5773502691896257,1.0,1.0,0,5,15,0.2445512999773456,LOW
South Zone 2,Hosur Road,2.0,0.0,50,1,1,,,0.0,0.0,0.0,1.0,3.0,0.0,0.0,0.0,0.0,0.0,0,0,1.131378173828125,0.32830047607421875,0.22042767579802694,1.0,1.0,1.0,0.0,0.0,1.0,1.3333333333333333,0.5,0.0,0.0,0,7,7,0.43664113575431945,MEDIUM
North Zone 2,Bellary Road 2,5.0,4.0,50,1,1,2.1255,1378.1,0.0,0.0,1.0,0.5,1.0,0.0,1.0,0.0,0.0,0.0,0,0,2.5047617331219953,2.3091650190835935,1.2685294358726316,4.0,1.0,1.0,4.0,1.0,0.0,2.0,1.5,3.0,3.0,0,5,3,0.03436524215421431,LOW
North Zone 2,Bellary Road 2,5.0,8.0,50,2,2,,,1.0,0.0,0.5,0.75,1.0,0.5,1.0,0.0,0.0,0.0,0,0,2.0015567031405226,1.1831243256046946,0.4546680505009093,3.0,1.0,1.0,2.0,0.0,0.0,1.6666666666666667,1.0,2.0,2.0,0,5,3,0.05892380467361972,LOW
West Zone 2,Mysore Road,6.0,8.0,50,1,0,0.3339,27.4,0.0,0.0,0.0,1.0,2.5,0.0,0.0,0.0,0.0,0.0,0,0,1.015625,0.09375,0.7614914349030472,1.0,1.0,1.0,0.0,0.0,1.0,1.0,0.0,0.0,0.0,0,9,10,0.15978552514829591,LOW
Central Zone 2,Mysore Road,4.0,4.0,50,1,1,,,0.0,0.0,1.0,0.5,1.0,0.0,0.0,0.0,0.0,0.0,0,0,1.475099805517443,1.0863453898702635,1.0189308902695204,1.0,1.0,2.0,1.0,0.0,2.0,2.0,1.4142135623730951,0.0,1.0,0,1,10,0.2512769055646714,LOW
East Zone 2,Old Airport Road,1.0,0.0,50,1,1,,,0.0,0.0,0.0,1.0,1.0,0.0,1.0,0.0,0.0,0.0,0,0,1.0,1.0,0.0,1.0,0.0,0.0,1.0,0.0,0.0,1.0,0.0,0.0,0.0,0,3,17,0.08077491500332522,LOW
Central Zone 1,Old Madras Road,4.0,4.0,50,1,1,,,1.0,0.0,0.0,1.0,2.5,0.0,0.0,0.0,0.0,0.0,0,0,1.2749042510986328,0.6300888061523438,0.40093691567058026,1.0,1.0,1.0,0.0,1.0,1.0,1.6666666666666667,1.0,0.0,-1.0,0,0,18,0.25925768098188007,LOW
Central Zone 1,Old Madras Road,4.0,8.0,50,2,2,,,0.0,0.0,0.0,1.0,2.5,0.0,0.0,0.0,0.0,0.0,0,0,1.2033791542053223,1.1963289678096771,1.1911588213530093,1.0,1.0,4.0,1.0,1.0,4.0,1.0,1.5000000000000002,0.0,0.0,0,0,18,0.3703500505589263,MEDIUM
North Zone 1,Airport New South Road,1.0,0.0,50,1,1,2.0431,419.1,0.0,0.0,1.0,0.5,1.0,0.0,1.0,0.0,0.0,0.0,0,0,1.0,1.0,1.7774,1.0,1.0,0.0,1.0,1.0,0.0,1.0,0.0,0.0,0.0,0,4,0,0.034882595846482976,LOW
North Zone 2,Non-corridor,6.0,0.0,50,1,1,,,0.0,0.0,1.0,0.5,1.5,0.0,0.0,0.0,0.0,0.0,0,0,1.00390625,0.98822021484375,0.30156198022639347,1.0,1.0,1.0,1.0,1.0,1.0,1.0,0.0,0.0,0.0,0,5,11,0.2679945277831548,LOW
North Zone 2,Tumkur Road,3.0,0.0,50,2,2,,,0.0,0.0,0.0,1.0,2.5,0.0,0.0,0.0,0.0,0.0,0,0,1.0,1.0,0.0,1.0,1.0,1.0,1.0,1.0,1.0,1.0,0.0,0.0,0.0,0,5,19,0.12112569877375198,LOW
Central Zone 1,Non-corridor,2.0,4.0,50,2,0,0.0224,2.65,1.0,0.0,0.5,0.75,1.0,1.0,0.0,0.0,0.0,0.0,0,0,1.125,1.125,0.0,1.0,1.0,1.0,1.0,1.0,1.0,1.3333333333333333,0.5,0.0,0.0,0,0,11,0.2221626267082664,LOW
Central Zone 2,Non-corridor,3.0,8.0,50,4,3,0.7297,46.7,0.25,0.0,0.0,1.0,1.75,0.25,0.0,0.0,0.0,0.0,1,1,1.7089490265990652,1.2072480609808558,0.37647209914694757,1.0,1.0,6.0,1.0,1.0,3.0,1.0,2.5,0.0,0.0,0,1,11,0.6781046750397581,HIGH
North Zone 2,Bellary Road 1,2.0,4.0,50,1,1,,,0.0,0.0,0.0,1.0,3.0,0.0,0.0,0.0,0.0,0.0,0,0,1.7509765625,0.990203857421875,0.12406349170418511,1.0,4.0,1.0,0.0,3.0,1.0,2.0,1.5,-3.0,-3.0,0,5,2,0.2748289489013874,LOW
Central Zone 2,Non-corridor,5.0,0.0,50,3,2,0.0768,12.6,0.0,0.0,0.3333333333333333,0.8333333333333334,2.8333333333333335,0.3333333333333333,0.3333333333333333,0.0,0.0,0.0,0,0,2.300966281565871,2.175927417126007,0.5114402103171405,2.0,2.0,2.0,2.0,2.0,1.0,2.0,0.0,0.0,0.0,0,1,11,0.671274625468872,HIGH
Central Zone 2,Mysore Road,1.0,4.0,50,1,0,0.0799,11.7,1.0,0.0,1.0,0.5,1.0,0.0,0.0,0.0,0.0,0.0,0,0,1.2670211791992188,1.2252120971679688,1.885823720014399,1.0,2.0,1.0,1.0,2.0,1.0,1.3333333333333333,0.5,-1.0,-1.0,0,1,10,0.12583780276107512,LOW
Central Zone 2,Non-corridor,4.0,12.0,50,1,1,,,0.0,0.0,0.0,1.0,2.5,0.0,0.0,0.0,0.0,0.0,0,0,3.5269290597702763,1.9741708937079427,0.46486267254125846,3.0,2.0,11.0,2.0,2.0,2.0,2.3333333333333335,4.358898943540674,1.0,0.0,0,1,11,0.7033002071470335,HIGH
South Zone 2,Non-corridor,3.0,8.0,50,3,2,1.0122,135.55,0.6666666666666666,0.0,0.6666666666666666,0.6666666666666666,2.0,0.3333333333333333,0.0,0.0,0.0,0.0,0,0,1.0,0.609375,0.6515203625377644,1.0,1.0,1.0,1.0,0.0,1.0,1.0,0.0,0.0,1.0,0,7,11,0.09541385333549403,LOW
South Zone 2,Non-corridor,4.0,4.0,50,3,3,,,0.0,0.0,0.6666666666666666,0.6666666666666666,1.0,0.0,0.0,0.0,0.0,0.0,1,0,1.25,1.24609375,0.166,1.0,2.0,1.0,1.0,2.0,1.0,1.3333333333333333,0.5,-1.0,-1.0,0,7,11,0.08050738938421549,LOW
West Zone 2,Bellary Road 1,0.0,0.0,50,1,0,0.1965,40.3,0.0,0.0,0.0,1.0,1.0,0.0,0.0,0.0,0.0,0.0,0,0,0.0,0.0,0.0,0.0,0.0,0.0,0.0,0.0,0.0,0.0,0.0,0.0,0.0,0,9,2,0.09382410931309446,LOW
West Zone 2,Bellary Road 1,0.0,4.0,50,1,1,,,0.0,0.0,0.0,1.0,3.0,0.0,0.0,0.0,0.0,0.0,0,0,1.0,0.5,0.9945,1.0,1.0,0.0,0.0,1.0,0.0,1.0,0.0,0.0,-1.0,0,9,2,0.04025564144588432,LOW
South Zone 1,ORR West 1,5.0,8.0,50,1,0,0.3676,75.4,0.0,0.0,0.0,1.0,1.0,0.0,0.0,0.0,0.0,0.0,0,0,1.50079345703125,1.2810935974121094,1.2499191977458333,2.0,1.0,1.0,2.0,1.0,0.0,1.3333333333333333,0.5,1.0,1.0,0,6,16,0.25373787086643773,LOW
North Zone 2,ORR North 2,1.0,20.0,50,1,1,,,0.0,0.0,0.0,1.0,1.0,0.0,0.0,0.0,0.0,0.0,0,0,1.0,0.0,1.07462,1.0,1.0,0.0,0.0,0.0,0.0,1.0,0.0,0.0,0.0,0,5,15,0.07026001594393316,LOW
North Zone 2,ORR North 2,2.0,0.0,50,1,1,,,0.0,0.0,0.0,1.0,1.5,0.0,0.0,0.0,0.0,0.0,0,0,1.00836181640625,0.43682861328125,1.2601332882951795,1.0,1.0,1.0,0.0,1.0,0.0,1.0,0.0,0.0,-1.0,0,5,15,0.05694789630221521,LOW
North Zone 1,Bellary Road 1,3.0,4.0,50,1,1,,,0.0,0.0,0.0,1.0,3.0,0.0,0.0,0.0,0.0,0.0,0,0,1.0,1.0,0.0,1.0,1.0,0.0,1.0,1.0,0.0,1.0,0.0,0.0,0.0,0,4,2,0.06955963774806664,LOW
South Zone 2,Hosur Road,0.0,8.0,50,1,1,,,0.0,0.0,0.0,1.0,1.0,0.0,0.0,0.0,0.0,0.0,0,0,1.0,0.0,1.1863,1.0,0.0,0.0,0.0,0.0,0.0,1.0,0.0,0.0,0.0,0,7,7,0.07333704766430232,LOW
North Zone 1,Airport New South Road,6.0,0.0,50,1,1,2.34,901.7,0.0,0.0,0.0,1.0,1.0,0.0,1.0,0.0,0.0,0.0,0,0,1.125,1.0625,0.8339543967345346,1.0,1.0,1.0,1.0,1.0,0.0,1.3333333333333333,0.5,0.0,0.0,0,4,0,0.07077880530308946,LOW
North Zone 2,Bellary Road 2,6.0,0.0,50,1,0,0.2575,25.1,0.0,0.0,1.0,0.5,2.5,0.0,1.0,0.0,0.0,0.0,0,0,1.0684240317579157,0.8086564674813479,1.3043378425043042,1.0,1.0,2.0,1.0,0.0,2.0,1.0,0.5,0.0,1.0,0,5,3,0.16505131220464575,LOW
North Zone 2,ORR North 2,5.0,0.0,50,1,0,0.6886,56.5,0.0,0.0,1.0,0.5,2.5,0.0,0.0,0.0,0.0,0.0,0,0,1.0063629190262873,0.2465846237319056,0.3624372504761084,1.0,1.0,1.0,0.0,0.0,1.0,1.0,0.0,0.0,0.0,0,5,15,0.3627047730270352,MEDIUM
North Zone 1,Airport New South Road,3.0,8.0,50,1,1,,,1.0,0.0,0.0,1.0,1.0,0.0,1.0,0.0,0.0,0.0,0,0,1.0,0.5,2.4437472,1.0,1.0,1.0,1.0,0.0,0.0,1.0,0.0,0.0,1.0,0,4,0,0.05025554226914026,LOW
North Zone 1,Airport New South Road,5.0,0.0,50,1,1,,,0.0,0.0,0.0,1.0,1.0,0.0,1.0,0.0,0.0,0.0,0,0,1.0,1.0,2.3296106869836732,1.0,1.0,1.0,1.0,1.0,1.0,1.0,0.0,0.0,0.0,0,4,0,0.04105529143035233,LOW
Central Zone 1,Old Madras Road,6.0,4.0,50,1,1,,,0.0,0.0,0.0,1.0,2.5,0.0,0.0,0.0,0.0,0.0,0,0,1.0705809611827135,0.28088875859975815,0.48715675547014975,1.0,1.0,2.0,0.0,0.0,2.0,1.0,0.5,0.0,0.0,0,0,18,0.10711465809530753,LOW
North Zone 1,Bellary Road 1,1.0,4.0,50,1,1,,,0.0,0.0,0.0,1.0,3.0,0.0,0.0,0.0,0.0,0.0,0,0,1.0,1.0,0.0,1.0,0.0,0.0,1.0,0.0,0.0,1.0,0.0,0.0,0.0,0,4,2,0.06823738167891005,LOW
North Zone 1,Bellary Road 1,1.0,8.0,50,1,1,,,0.0,0.0,1.0,0.5,2.5,0.0,0.0,0.0,0.0,0.0,0,0,1.0,1.0,0.0,1.0,0.0,0.0,1.0,0.0,0.0,1.0,0.0,0.0,0.0,0,4,2,0.06619371290156896,LOW
East Zone 1,Non-corridor,1.0,8.0,50,2,0,0.24785000000000001,28.45,0.5,0.0,1.0,0.5,2.75,0.0,1.0,0.0,0.0,0.0,0,0,1.25,1.125,0.6038,1.0,2.0,1.0,1.0,2.0,1.0,1.3333333333333333,0.5,-1.0,-1.0,0,2,11,0.07153764379004947,LOW
East Zone 1,Non-corridor,1.0,16.0,50,1,1,,,1.0,0.0,0.0,1.0,1.0,0.0,1.0,0.0,0.0,0.0,0,0,2.0,2.0,0.0,2.0,0.0,0.0,2.0,0.0,0.0,2.0,0.0,0.0,0.0,0,2,11,0.316664770075834,MEDIUM
West Zone 2,Non-corridor,4.0,0.0,50,1,0,0.48,64.0,0.0,0.0,0.0,1.0,3.0,0.0,0.0,0.0,0.0,0.0,0,0,1.0,0.75,0.0808,1.0,1.0,1.0,1.0,0.0,1.0,1.0,0.0,0.0,1.0,0,9,11,0.12578812847686796,LOW
West Zone 2,Mysore Road,4.0,12.0,50,1,1,,,0.0,0.0,0.0,1.0,2.5,0.0,0.0,0.0,0.0,0.0,0,0,1.0,0.90625,1.7909672727272727,1.0,1.0,1.0,1.0,1.0,0.0,1.0,0.0,0.0,0.0,0,9,10,0.04046770898154268,LOW
West Zone 2,West of Chord Road,5.0,8.0,50,1,0,0.0532,11.2,0.0,0.0,0.0,1.0,1.0,0.0,0.0,0.0,0.0,0.0,0,0,1.1391830444335938,1.1019439697265625,1.3568116291996508,1.0,1.0,1.0,1.0,1.0,1.0,1.3333333333333333,0.5,0.0,0.0,0,9,21,0.04317541664016095,LOW
West Zone 2,West of Chord Road,2.0,0.0,50,1,1,,,0.0,0.0,0.0,1.0,3.0,0.0,0.0,0.0,0.0,0.0,0,0,1.005859375,0.490234375,0.16454594775619558,1.0,1.0,1.0,0.0,1.0,1.0,1.0,0.0,0.0,-1.0,0,9,21,0.05538175654883074,LOW
Central Zone 1,Mysore Road,2.0,4.0,50,1,0,0.7849,64.4,0.0,0.0,0.0,1.0,2.5,0.0,0.0,0.0,0.0,0.0,0,0,1.0,0.5,0.1908,1.0,1.0,0.0,0.0,1.0,0.0,1.0,0.0,0.0,-1.0,0,0,10,0.07287938721437168,LOW
Central Zone 1,Mysore Road,3.0,8.0,50,1,0,1.2654,123.6,1.0,0.0,0.0,1.0,1.5,0.0,0.0,0.0,0.0,0.0,0,0,1.25,1.0078125,0.8222821473684211,1.0,1.0,1.0,1.0,1.0,0.0,1.6666666666666667,1.0,0.0,0.0,0,0,10,0.20109538593624082,LOW
South Zone 2,Non-corridor,5.0,8.0,50,1,0,0.2027,95.4,0.0,0.0,0.0,1.0,1.0,0.0,0.0,0.0,0.0,0.0,0,0,1.625,1.1630859375,0.6776866302432818,2.0,1.0,3.0,2.0,0.0,2.0,1.3333333333333333,0.9574271077563381,1.0,2.0,0,7,11,0.383192065528713,MEDIUM
North Zone 2,Bellary Road 1,5.0,0.0,50,2,2,,,0.0,0.0,0.5,0.75,3.0,0.0,0.0,0.0,0.0,0.0,0,0,1.4395487317854514,0.9297130851185043,0.3526611714288247,1.0,2.0,1.0,1.0,1.0,1.0,1.6666666666666667,0.5773502691896257,-1.0,0.0,0,5,2,0.11657710218339631,LOW
West Zone 2,West of Chord Road,6.0,4.0,50,1,1,,,0.0,0.0,0.0,1.0,2.5,0.0,0.0,0.0,0.0,0.0,0,0,1.5000085830688477,1.1863736379891634,0.2314518516284779,2.0,1.0,1.0,2.0,0.0,0.0,1.3333333333333333,0.5,1.0,2.0,0,9,21,0.05299120597600085,LOW
West Zone 2,West of Chord Road,5.0,0.0,50,1,1,,,0.0,0.0,0.0,1.0,2.5,0.0,0.0,0.0,0.0,0.0,0,0,1.031257651746273,0.1167125329375267,0.6183920458660527,1.0,1.0,1.0,0.0,0.0,1.0,1.0,0.0,0.0,0.0,0,9,21,0.061654007447256964,LOW
Central Zone 2,Non-corridor,3.0,12.0,50,2,2,,,0.0,0.0,0.5,0.75,1.75,0.0,1.0,0.0,0.0,0.0,0,0,2.301428819051188,2.2039806277338445,0.3000273186103528,2.0,2.0,3.0,2.0,2.0,3.0,2.3333333333333335,0.5773502691896147,0.0,0.0,0,1,11,0.6680692674534409,HIGH
North Zone 2,Bellary Road 1,3.0,4.0,50,1,1,,,1.0,0.0,0.0,1.0,1.0,0.0,0.0,0.0,0.0,0.0,0,1,1.1264667510986328,0.7734183669090271,0.5595629929062211,1.0,1.0,3.0,1.0,0.0,2.0,1.0,1.0,0.0,1.0,0,5,2,0.5427757772927758,MEDIUM
South Zone 2,ORR East 1,3.0,0.0,50,1,1,,,0.0,0.0,0.0,1.0,3.0,0.0,0.0,0.0,0.0,0.0,0,0,1.75,1.6875,1.2132947368421052,2.0,2.0,1.0,2.0,2.0,0.0,1.6666666666666667,0.5773502691896257,0.0,0.0,0,7,12,0.10276052694473964,LOW
Central Zone 2,Non-corridor,4.0,4.0,50,1,1,,,0.0,0.0,0.0,1.0,3.0,0.0,1.0,0.0,0.0,0.0,0,0,2.009799177594289,1.6049906099454083,0.2746725124025256,2.0,2.0,2.0,2.0,1.0,1.0,1.6666666666666667,0.5000000000000006,0.0,1.0,0,1,11,0.6858216615563381,HIGH
South Zone 1,Non-corridor,5.0,4.0,50,12,12,,,0.0,0.0,0.25,0.875,1.0,0.0,0.0,0.0,0.0,0.0,1,0,2.890625,2.421875,0.2911992640692641,1.0,1.0,1.0,1.0,1.0,0.0,1.6666666666666667,0.9999999999999367,0.0,0.0,0,6,11,0.3317268998526911,MEDIUM
South Zone 1,Non-corridor,5.0,0.0,50,2,2,,,0.0,0.0,1.0,0.5,1.75,0.0,0.0,0.0,0.0,0.0,0,0,1.0008544921875,0.574462890625,0.517587607098835,1.0,1.0,1.0,1.0,0.0,1.0,1.0,0.0,0.0,1.0,0,6,11,0.3191584230854801,MEDIUM
South Zone 2,ORR East 1,5.0,4.0,50,2,2,,,1.0,0.0,0.0,1.0,1.0,0.0,0.0,0.0,0.0,0.0,0,0,1.0,0.375,0.22579999999999997,1.0,1.0,1.0,0.0,1.0,1.0,1.0,0.0,0.0,-1.0,0,7,12,0.18545704293664836,LOW
Central Zone 2,Non-corridor,0.0,4.0,50,2,1,0.2993,45.6,0.0,0.0,0.5,0.75,3.0,0.0,0.5,0.0,0.0,0.0,0,0,1.2301025390625,0.622344970703125,0.7486030722050725,1.0,1.0,2.0,0.0,1.0,2.0,1.0,0.4999999999999999,0.0,-1.0,0,1,11,0.2740676401647039,LOW
Central Zone 1,Hosur Road,1.0,8.0,50,1,0,1.435,84.1,1.0,0.0,0.0,1.0,2.5,0.0,0.0,0.0,0.0,0.0,0,0,0.0,0.0,0.0,0.0,0.0,0.0,0.0,0.0,0.0,0.0,0.0,0.0,0.0,0,0,7,0.03533652276272179,LOW
Central Zone 1,Mysore Road,6.0,8.0,50,1,1,,,0.0,0.0,0.0,1.0,1.0,0.0,0.0,0.0,0.0,0.0,0,0,1.015625,0.31298828125,0.5850249194028132,1.0,1.0,1.0,0.0,1.0,0.0,1.0,0.0,0.0,-1.0,0,0,10,0.08434662553370828,LOW
South Zone 2,Non-corridor,5.0,0.0,50,2,2,,,0.0,0.0,0.0,1.0,1.0,0.0,0.0,0.0,0.0,0.0,0,0,1.015625,0.72503662109375,0.4090370425996453,1.0,1.0,1.0,1.0,0.0,1.0,1.0,0.0,0.0,1.0,0,7,11,0.43555364935883906,MEDIUM
Central Zone 2,Non-corridor,0.0,4.0,51,2,1,0.2406,27.5,1.0,0.0,0.0,1.0,2.5,0.0,0.0,0.0,0.0,0.0,0,0,1.61505126953125,0.8111724853515625,0.5688818433230435,2.0,1.0,1.0,1.0,0.0,1.0,1.3333333333333333,0.5,1.0,1.0,0,1,11,0.5130649954372859,MEDIUM
West Zone 2,West of Chord Road,1.0,8.0,51,2,0,0.024650000000000002,4.050000000000001,1.0,0.0,1.0,0.5,1.0,0.0,0.0,0.0,0.0,0.0,0,0,1.26171875,0.1953125,0.5307122889272746,1.0,2.0,1.0,0.0,0.0,0.0,1.3333333333333333,0.5,-1.0,0.0,0,9,21,0.024063205795636863,LOW
West Zone 2,West of Chord Road,2.0,4.0,51,1,1,,,0.0,0.0,1.0,0.5,3.0,0.0,0.0,0.0,0.0,0.0,0,0,1.5625,1.1827392578125,0.545530541101449,2.0,1.0,2.0,2.0,0.0,0.0,1.3333333333333333,0.5773502691896257,1.0,2.0,0,9,21,0.0848857068577055,LOW
East Zone 1,ORR East 2,2.0,0.0,51,1,1,2.34,723.5,0.0,0.0,0.0,1.0,1.0,0.0,1.0,0.0,0.0,0.0,0,0,1.0175943621434271,1.0156409800983965,2.3277419507771384,1.0,1.0,1.0,1.0,1.0,1.0,1.0,0.0,0.0,0.0,0,2,13,0.041133644141241,LOW
East Zone 1,ORR East 1,4.0,0.0,51,1,0,0.6107,43.2,0.0,0.0,1.0,0.5,3.0,0.0,1.0,0.0,0.0,0.0,0,0,1.0205279263900593,0.518574716290459,0.45232545141071495,1.0,1.0,1.0,1.0,0.0,0.0,1.0,0.0,0.0,1.0,0,2,12,0.2340599821202445,LOW
South Zone 2,Non-corridor,4.0,4.0,51,1,0,0.4644,74.3,0.0,0.0,0.0,1.0,2.5,0.0,0.0,0.0,0.0,0.0,0,0,2.125,2.123046875,0.166,3.0,1.0,1.0,3.0,1.0,1.0,2.0,0.9574271077563381,2.0,2.0,0,7,11,0.5132606502801392,MEDIUM
Central Zone 2,Non-corridor,4.0,4.0,51,3,1,0.0337,11.75,0.0,0.0,0.6666666666666666,0.6666666666666666,1.6666666666666667,0.0,0.0,0.0,0.0,0.0,0,0,1.5048995887971446,1.3024953049727042,0.2746725124025256,1.0,2.0,1.0,1.0,2.0,1.0,1.6666666666666667,0.5773502691896263,-1.0,-1.0,0,1,11,0.2604246794969117,LOW
South Zone 2,Bannerghata Road,1.0,4.0,51,1,1,,,0.0,0.0,0.0,1.0,1.0,0.0,0.0,0.0,0.0,0.0,0,0,1.0,0.75,0.0958,1.0,1.0,0.0,1.0,1.0,0.0,1.0,0.0,0.0,0.0,0,7,1,0.06908910955999693,LOW
East Zone 1,ORR East 1,4.0,8.0,51,1,1,,,0.0,0.0,0.0,1.0,3.0,0.0,1.0,0.0,0.0,0.0,0,0,1.5003395080566406,0.8032445907592773,0.6445381948063483,2.0,1.0,1.0,1.0,1.0,0.0,1.3333333333333333,0.5,1.0,0.0,0,2,12,0.22916027901521385,LOW
Central Zone 1,IRR(Thanisandra road),5.0,8.0,51,1,1,,,1.0,0.0,0.0,1.0,3.0,0.0,0.0,0.0,0.0,0.0,0,0,0.0,0.0,0.0,0.0,0.0,0.0,0.0,0.0,0.0,0.0,0.0,0.0,0.0,0,0,8,0.03877856659770439,LOW
Central Zone 1,Hosur Road,3.0,0.0,51,1,1,,,0.0,0.0,1.0,0.5,3.0,0.0,0.0,0.0,0.0,0.0,0,0,1.25,1.25,2.106,1.0,1.0,0.0,1.0,1.0,0.0,1.3333333333333333,0.5773502691896257,0.0,0.0,0,0,7,0.15802788689139408,LOW
Central Zone 1,Mysore Road,4.0,0.0,51,1,1,,,0.0,0.0,1.0,0.5,1.0,0.0,0.0,0.0,0.0,0.0,0,0,1.0,0.25,0.5761421052631579,1.0,1.0,0.0,0.0,1.0,0.0,1.0,0.0,0.0,-1.0,0,0,10,0.12342562973398645,LOW
South Zone 2,Bannerghata Road,5.0,8.0,51,1,1,,,0.0,0.0,0.0,1.0,2.5,0.0,0.0,0.0,0.0,0.0,0,0,2.00006103515625,1.9805054664611816,0.6838373364187879,2.0,3.0,1.0,2.0,3.0,1.0,2.0,0.9574271077563381,-1.0,-1.0,0,7,1,0.18629857520784243,LOW
Central Zone 2,Non-corridor,2.0,4.0,51,1,1,,,0.0,0.0,0.0,1.0,1.5,0.0,0.0,0.0,0.0,0.0,0,0,2.4453779461721115,2.283856978064816,0.23005762584079156,3.0,2.0,2.0,3.0,2.0,0.0,2.0,0.8164965809277259,1.0,1.0,0,1,11,0.624894767856913,HIGH
Central Zone 1,Old Airport Road,1.0,8.0,51,1,1,,,0.0,0.0,1.0,0.5,2.5,0.0,0.0,0.0,0.0,0.0,0,0,1.0,0.75,0.8285,1.0,1.0,0.0,1.0,0.0,0.0,1.0,0.0,0.0,1.0,0,0,17,0.08201739622652005,LOW
West Zone 2,Non-corridor,3.0,0.0,51,1,1,,,0.0,0.0,1.0,0.5,2.5,1.0,0.0,0.0,0.0,0.0,0,0,1.0,0.5,0.0808,1.0,1.0,1.0,0.0,1.0,1.0,1.0,0.0,0.0,-1.0,0,9,11,0.08880185470441565,LOW
Central Zone 2,Non-corridor,1.0,0.0,51,2,2,,,0.0,0.0,0.5,0.75,2.0,0.0,0.5,0.0,0.0,0.0,0,0,3.093623569351621,2.7207896296167746,0.46147329132632586,3.0,4.0,2.0,3.0,4.0,0.0,2.6666666666666665,1.2909944487358016,-1.0,-1.0,0,1,11,0.6710758468363439,HIGH
South Zone 1,ORR West 1,3.0,0.0,51,1,1,,,0.0,0.0,1.0,0.5,1.0,0.0,0.0,0.0,0.0,0.0,0,0,1.548828125,1.41650390625,0.7699891452631579,2.0,1.0,1.0,2.0,1.0,0.0,1.3333333333333333,0.5,1.0,1.0,0,6,16,0.322097540149999,MEDIUM
West Zone 2,Non-corridor,5.0,0.0,51,1,1,,,0.0,0.0,0.0,1.0,2.5,0.0,0.0,0.0,0.0,0.0,0,0,1.0,0.59375,0.25214315789473685,1.0,1.0,1.0,1.0,0.0,1.0,1.0,0.0,0.0,1.0,0,9,11,0.0661969271477411,LOW
South Zone 2,Hosur Road,1.0,0.0,51,1,1,,,0.0,0.0,1.0,0.5,1.0,0.0,0.0,0.0,0.0,0.0,0,0,1.81640625,1.0224609375,0.37973273055365675,2.0,1.0,2.0,2.0,0.0,0.0,2.0,0.816496580927726,1.0,2.0,0,7,7,0.22429913235798665,LOW
East Zone 1,Non-corridor,1.0,4.0,51,1,1,,,0.0,0.0,0.0,1.0,3.0,0.0,1.0,0.0,0.0,0.0,0,0,1.5,1.46875,0.3075,2.0,1.0,1.0,2.0,1.0,1.0,1.3333333333333333,0.5,1.0,1.0,0,2,11,0.35754951887756387,MEDIUM
North Zone 1,Bellary Road 1,1.0,0.0,51,1,1,,,0.0,0.0,1.0,0.5,3.0,0.0,0.0,0.0,0.0,0.0,0,0,1.5,1.0,2.0540399999999996,2.0,1.0,0.0,1.0,1.0,0.0,1.5,0.7071067811865476,1.0,0.0,0,4,2,0.06618820618502867,LOW
East Zone 1,Non-corridor,2.0,0.0,51,1,0,0.4547,216.1,0.0,0.0,0.0,1.0,1.0,0.0,1.0,1.0,0.0,0.0,0,0,1.0625,0.751953125,0.0540636425974026,1.0,1.0,1.0,1.0,0.0,1.0,1.0,0.0,0.0,1.0,0,2,11,0.08736687605080842,LOW
North Zone 2,Bellary Road 2,6.0,0.0,51,1,1,,,0.0,0.0,1.0,0.5,3.0,0.0,1.0,0.0,0.0,0.0,0,0,1.0342120158789578,0.40432823374067395,0.753370556975723,1.0,1.0,1.0,0.0,1.0,1.0,1.0,0.0,0.0,-1.0,0,5,3,0.051641965382056745,LOW
North Zone 1,Airport New South Road,6.0,0.0,51,1,1,,,0.0,0.0,0.0,1.0,1.0,0.0,1.0,0.0,0.0,0.0,0,0,1.0625,1.03125,1.9714510759380581,1.0,1.0,2.0,1.0,1.0,2.0,1.0,0.5,0.0,0.0,0,4,0,0.0691145996963295,LOW
North Zone 1,Bellary Road 1,5.0,8.0,51,1,0,0.1952,28.6,1.0,0.0,1.0,0.5,1.0,0.0,0.0,0.0,0.0,0.0,0,0,1.4375,1.4375,0.0,1.0,2.0,2.0,1.0,2.0,2.0,1.6666666666666667,0.5,-1.0,-1.0,0,4,2,0.12584421672329435,LOW
North Zone 1,Bellary Road 1,5.0,4.0,51,1,1,,,0.0,0.0,1.0,0.5,1.0,0.0,0.0,0.0,0.0,0.0,0,0,1.0625,1.0625,2.34,1.0,1.0,2.0,1.0,1.0,2.0,1.0,0.5,0.0,0.0,0,4,2,0.0926865101689861,LOW
West Zone 1,Tumkur Road,2.0,4.0,51,2,1,0.9324,90.9,0.0,0.0,0.0,1.0,2.0,0.0,0.0,0.0,0.0,0.0,0,0,1.0166387632489204,0.36450089514255524,0.9393982127875163,1.0,1.0,1.0,0.0,1.0,1.0,1.0,0.0,0.0,-1.0,0,8,19,0.13414603975423614,LOW
West Zone 1,Tumkur Road,2.0,0.0,51,1,0,0.0463,9.5,0.0,0.0,1.0,0.5,1.0,0.0,0.0,0.0,0.0,0.0,0,0,1.0156539380550385,0.053934961557388306,0.4717786919510326,1.0,1.0,1.0,0.0,0.0,0.0,1.0,0.0,0.0,0.0,0,8,19,0.14332465117676563,LOW
North Zone 1,Bellary Road 1,4.0,4.0,51,1,1,,,1.0,0.0,1.0,0.5,1.0,0.0,0.0,0.0,0.0,0.0,0,0,1.25,1.25,2.34,1.0,2.0,1.0,1.0,2.0,1.0,1.3333333333333333,0.5,-1.0,-1.0,0,4,2,0.0433621817677723,LOW
South Zone 2,Hosur Road,0.0,12.0,51,1,0,0.7599,64.5,0.0,0.0,0.0,1.0,2.5,0.0,0.0,0.0,0.0,0.0,0,0,1.0,0.5,0.9945,1.0,1.0,0.0,1.0,0.0,0.0,1.0,0.0,0.0,1.0,0,7,7,0.18285416532856225,LOW
South Zone 2,Hosur Road,0.0,0.0,51,1,1,,,0.0,0.0,0.0,1.0,1.0,0.0,0.0,0.0,0.0,0.0,0,0,1.25,0.4375,1.1060779220779222,1.0,2.0,1.0,0.0,1.0,1.0,1.3333333333333333,0.5,-1.0,-1.0,0,7,7,0.05675527996124815,LOW
South Zone 2,Hosur Road,1.0,4.0,51,2,1,0.1497,33.5,0.0,0.0,0.0,1.0,2.0,0.0,0.0,0.0,0.0,0.0,0,0,1.125,1.0,0.0941,1.0,1.0,1.0,1.0,1.0,1.0,1.3333333333333333,0.5,0.0,0.0,0,7,7,0.3980316671733415,MEDIUM
East Zone 1,Non-corridor,1.0,0.0,51,1,1,,,0.0,0.0,0.0,1.0,3.0,0.0,1.0,0.0,0.0,0.0,0,0,1.5,1.015625,0.12492224,1.0,3.0,1.0,1.0,2.0,0.0,1.6666666666666667,1.0,-2.0,-1.0,0,2,11,0.08300738609213647,LOW
North Zone 1,Bellary Road 2,1.0,8.0,51,2,2,,,0.5,0.0,0.0,1.0,1.25,0.0,0.5,0.0,0.0,0.0,0,0,1.5,1.0,1.4331,2.0,1.0,0.0,2.0,0.0,0.0,1.5,0.7071067811865476,1.0,2.0,0,4,3,0.06455865408310078,LOW
Central Zone 2,Bannerghata Road,1.0,4.0,51,3,3,,,0.0,0.0,0.6666666666666666,0.6666666666666666,2.5,0.0,0.0,0.0,0.0,0.0,1,0,0.0,0.0,0.0,0.0,0.0,0.0,0.0,0.0,0.0,0.0,0.0,0.0,0.0,0,1,1,0.06237865360098465,LOW
West Zone 1,Tumkur Road,4.0,0.0,51,1,1,2.1133,173.4,0.0,0.0,0.0,1.0,2.5,0.0,0.0,0.0,0.0,0.0,0,0,1.1058421139613968,0.4690307394842792,1.0875522457831073,1.0,1.0,2.0,0.0,1.0,1.0,1.0,0.4999999999999999,0.0,-1.0,0,8,19,0.04285158156040947,LOW
Central Zone 2,Mysore Road,4.0,4.0,51,1,1,,,0.0,0.0,0.0,1.0,2.5,0.0,0.0,0.0,0.0,0.0,0,0,1.2375499027587216,1.0431726949351319,1.0189308902695204,1.0,1.0,4.0,1.0,1.0,3.0,1.0,1.5,0.0,0.0,0,1,10,0.3506608912931081,MEDIUM
Central Zone 2,Mysore Road,4.0,0.0,51,5,4,0.5258,71.9,0.0,0.0,0.2,0.9,2.3,0.0,0.0,0.0,0.0,0.0,1,0,1.6588518158701695,1.0869025220321866,0.679599952671374,2.0,1.0,3.0,1.0,1.0,3.0,1.3333333333333333,0.9574271077563381,1.0,0.0,0,1,10,0.4091338331170404,MEDIUM
North Zone 2,ORR North 2,3.0,12.0,51,1,1,,,0.0,0.0,0.0,1.0,1.0,0.0,0.0,0.0,0.0,0.0,0,0,1.0,0.71875,0.6845223376623377,1.0,1.0,1.0,1.0,0.0,1.0,1.0,0.0,0.0,1.0,0,5,15,0.17837985445277596,LOW
East Zone 2,Non-corridor,1.0,4.0,51,1,0,0.7122,81.4,1.0,0.0,0.0,1.0,2.5,0.0,1.0,0.0,0.0,0.0,0,0,1.0,0.625,0.6519684210526316,1.0,1.0,1.0,1.0,0.0,0.0,1.0,0.0,0.0,1.0,0,3,11,0.15404482759303925,LOW
East Zone 2,Non-corridor,0.0,8.0,51,2,2,,,1.0,0.0,0.0,1.0,3.0,0.0,1.0,0.0,0.0,0.0,0,0,1.0,0.1875,0.6430818181818182,1.0,1.0,1.0,0.0,0.0,1.0,1.0,0.0,0.0,0.0,0,3,11,0.1412001723961571,LOW
Central Zone 2,Mysore Road,3.0,12.0,51,1,0,0.1828,6.0,0.0,0.0,0.0,1.0,2.5,1.0,0.0,0.0,0.0,0.0,0,0,1.6924896240234375,0.5710418224334717,0.2219847606590204,1.0,2.0,2.0,0.0,0.0,1.0,2.3333333333333335,1.2583057392117918,-1.0,0.0,0,1,10,0.4201215797540108,MEDIUM
Central Zone 2,Mysore Road,3.0,8.0,51,2,1,0.5826,47.8,0.0,0.0,0.5,0.75,1.75,0.0,0.0,0.0,0.0,0.0,0,0,2.8262334472496278,1.2924452638519792,0.514827946476371,4.0,2.0,1.0,2.0,0.0,1.0,2.3333333333333335,1.4142135623730951,2.0,2.0,0,1,10,0.22900184617165378,LOW
North Zone 2,Bellary Road 2,5.0,4.0,51,1,1,2.1255,1369.9,0.0,0.0,0.0,1.0,1.0,0.0,1.0,0.0,0.0,0.0,0,0,1.7523808665609977,1.6545825095417968,1.6113176615235791,1.0,4.0,1.0,1.0,4.0,0.0,2.0,1.5,-3.0,-3.0,0,5,3,0.06857253155294533,LOW
North Zone 2,Bellary Road 2,5.0,0.0,51,1,1,,,0.0,0.0,0.0,1.0,3.0,0.0,1.0,0.0,0.0,0.0,0,0,1.1324170402113403,1.128445401800537,0.4837368957671336,1.0,1.0,1.0,1.0,1.0,1.0,1.3333333333333333,0.5,0.0,0.0,0,5,3,0.3898465638852892,MEDIUM
South Zone 2,Hosur Road,2.0,0.0,51,1,1,,,0.0,0.0,1.0,0.5,1.0,0.0,0.0,0.0,0.0,0.0,0,0,1.0656890869140625,0.6641502380371094,0.22042767579802694,1.0,1.0,2.0,1.0,0.0,2.0,1.0,0.5,0.0,1.0,0,7,7,0.32051052329657265,MEDIUM
North Zone 2,Bellary Road 2,5.0,8.0,51,1,1,,,0.0,0.0,0.0,1.0,3.0,0.0,1.0,0.0,0.0,0.0,0,0,2.0007783515702613,1.5915621628023473,0.4546680505009093,2.0,3.0,1.0,2.0,2.0,1.0,2.0,0.9574271077563381,-1.0,0.0,0,5,3,0.20346294595424913,LOW
West Zone 1,Tumkur Road,1.0,4.0,51,1,1,,,0.0,0.0,0.0,1.0,2.5,0.0,0.0,0.0,0.0,0.0,0,0,1.2595233917236328,0.3122291564941406,0.19724621311887586,1.0,2.0,1.0,0.0,1.0,0.0,1.3333333333333333,0.5,-1.0,-1.0,0,8,19,0.05099835710922659,LOW
Central Zone 2,Old Madras Road,2.0,12.0,51,1,1,,,0.0,0.0,0.0,1.0,1.5,0.0,0.0,0.0,0.0,0.0,0,0,1.0,0.5,0.3742,1.0,1.0,0.0,1.0,0.0,0.0,1.0,0.0,0.0,1.0,0,1,18,0.06330879855780558,LOW
Central Zone 2,Bellary Road 1,4.0,0.0,51,3,3,,,0.0,0.0,0.6666666666666666,0.6666666666666666,1.0,0.0,0.0,0.0,0.0,0.0,1,0,1.0,0.82421875,0.4560571745152354,1.0,1.0,1.0,1.0,1.0,1.0,1.0,0.0,0.0,0.0,0,1,2,0.243841274817436,LOW
Central Zone 2,Bellary Road 1,3.0,4.0,51,1,0,0.5289,31.0,1.0,0.0,0.0,1.0,2.5,0.0,0.0,0.0,0.0,0.0,0,0,1.25,0.6875,0.17344415584415587,1.0,2.0,1.0,0.0,2.0,0.0,1.3333333333333333,0.5,-1.0,-2.0,0,1,2,0.16788309873401294,LOW
East Zone 1,Non-corridor,0.0,4.0,51,1,1,,,0.0,0.0,0.0,1.0,1.0,0.0,1.0,0.0,0.0,0.0,0,0,1.0,0.875,0.3075,1.0,1.0,1.0,1.0,1.0,1.0,1.0,0.0,0.0,0.0,0,2,11,0.1492846227759456,LOW
Central Zone 2,Non-corridor,2.0,0.0,51,3,3,,,0.0,0.0,0.6666666666666666,0.6666666666666666,2.6666666666666665,0.0,0.0,0.0,0.0,0.0,1,0,2.216673075911654,1.5760130325119583,0.6659095735782555,2.0,2.0,2.0,1.0,2.0,1.0,2.3333333333333335,0.4999999999999848,0.0,-1.0,0,1,11,0.6350901144104871,HIGH
West Zone 1,Tumkur Road,3.0,12.0,51,1,0,0.2277,46.7,0.0,0.0,1.0,0.5,1.0,0.0,0.0,0.0,0.0,0.0,0,0,1.33740234375,1.1937942504882812,0.19161113498926372,1.0,1.0,1.0,1.0,1.0,0.0,1.6666666666666667,1.0000000000000007,0.0,0.0,0,8,19,0.3315684425965309,MEDIUM
North Zone 1,Airport New South Road,5.0,8.0,51,1,0,0.0478,7.0,1.0,0.0,0.0,1.0,1.0,0.0,1.0,0.0,0.0,0.0,0,0,1.0,0.6875,1.1647223578947368,1.0,1.0,1.0,1.0,0.0,1.0,1.0,0.0,0.0,1.0,0,4,0,0.05836474451756435,LOW
East Zone 1,Non-corridor,0.0,0.0,51,1,0,0.0324,14.4,0.0,0.0,0.0,1.0,1.0,0.0,1.0,0.0,0.0,0.0,0,0,1.0,0.5,0.1898,1.0,1.0,0.0,0.0,1.0,0.0,1.0,0.0,0.0,-1.0,0,2,11,0.04747759213166829,LOW
West Zone 1,Tumkur Road,0.0,20.0,51,1,1,,,0.0,0.0,1.0,0.5,3.0,0.0,0.0,0.0,0.0,0.0,0,0,1.0,1.0,0.0,1.0,0.0,0.0,1.0,0.0,0.0,1.0,0.0,0.0,0.0,0,8,19,0.1180698465439822,LOW
West Zone 1,Tumkur Road,0.0,8.0,51,1,1,,,0.0,0.0,0.0,1.0,1.0,0.0,0.0,0.0,0.0,0.0,0,0,1.015625,0.48046875,0.4868813202947087,1.0,1.0,1.0,0.0,1.0,1.0,1.0,0.0,0.0,-1.0,0,8,19,0.20342118142688262,LOW
North Zone 2,Bellary Road 2,4.0,8.0,51,1,1,2.4748,402.9,1.0,0.0,1.0,0.5,1.0,0.0,1.0,0.0,0.0,0.0,0,0,1.199258001986891,0.43991367740090936,0.32020829770039255,1.0,1.0,2.0,0.0,0.0,2.0,1.3333333333333333,0.5773502691896257,0.0,0.0,0,5,3,0.08841142908124289,LOW
East Zone 2,Airport New South Road,4.0,0.0,51,1,1,,,0.0,0.0,0.0,1.0,2.5,0.0,1.0,0.0,0.0,0.0,0,0,1.0,1.0,3.1447,1.0,0.0,0.0,1.0,0.0,0.0,1.0,0.0,0.0,0.0,0,3,0,0.039973711849864896,LOW
Central Zone 2,Mysore Road,6.0,0.0,51,2,2,,,0.0,0.0,0.0,1.0,2.5,0.0,0.0,0.0,0.0,0.0,0,0,1.628199120129699,1.0256411757142103,0.8187356153100119,1.0,2.0,4.0,1.0,0.0,3.0,1.6666666666666667,1.2583057392117916,-1.0,1.0,0,1,10,0.29872039120189303,LOW
North Zone 2,Non-corridor,0.0,4.0,51,2,1,0.4101,180.6,0.5,0.0,1.0,0.5,2.0,0.0,0.5,0.0,0.0,0.0,0,0,1.0,0.5,1.017,1.0,1.0,0.0,0.0,1.0,0.0,1.0,0.0,0.0,-1.0,0,5,11,0.0883980512859904,LOW
West Zone 1,Tumkur Road,5.0,8.0,51,1,1,,,1.0,0.0,0.0,1.0,2.5,0.0,0.0,0.0,0.0,0.0,0,0,1.3785422899533162,0.9651697009248534,0.5354292292852134,1.0,2.0,3.0,1.0,1.0,3.0,1.3333333333333333,0.9574271077563381,-1.0,0.0,0,8,19,0.11772795393421526,LOW
East Zone 2,ORR East 2,4.0,0.0,51,1,0,0.4563,31.2,0.0,0.0,1.0,0.5,3.0,0.0,0.0,0.0,0.0,0.0,0,0,1.0,0.5,0.4592,1.0,1.0,0.0,0.0,1.0,0.0,1.0,0.0,0.0,-1.0,0,3,13,0.1793414311081457,LOW
West Zone 1,Tumkur Road,4.0,8.0,51,1,1,,,0.0,0.0,1.0,0.5,1.5,0.0,0.0,0.0,0.0,0.0,0,0,1.906826228048942,0.08344343676246524,0.520204920747922,2.0,2.0,1.0,0.0,0.0,0.0,2.0,0.4999999999999999,0.0,0.0,0,8,19,0.37921479227093596,MEDIUM
East Zone 1,Non-corridor,3.0,8.0,51,1,0,1.0458,99.6,1.0,0.0,1.0,0.5,3.0,0.0,1.0,0.0,0.0,0.0,0,0,1.20703125,0.580078125,0.158319305785124,1.0,1.0,2.0,0.0,1.0,1.0,1.3333333333333333,0.5773502691896257,0.0,-1.0,0,2,11,0.07787598577269918,LOW
West Zone 2,Non-corridor,2.0,12.0,51,1,1,,,0.0,0.0,0.0,1.0,2.5,1.0,0.0,0.0,0.0,0.0,0,0,1.0,0.75,0.2262,1.0,1.0,0.0,1.0,1.0,0.0,1.0,0.0,0.0,0.0,0,9,11,0.07602442639003366,LOW
West Zone 2,Non-corridor,1.0,8.0,51,2,1,0.2802,45.6,0.0,0.0,0.5,0.75,2.5,0.0,0.0,0.0,0.0,0.0,0,0,0.0,0.0,0.0,0.0,0.0,0.0,0.0,0.0,0.0,0.0,0.0,0.0,0.0,0,9,11,0.12326265679555141,LOW
East Zone 1,Varthur Road,1.0,12.0,51,1,1,1.5624,128.2,0.0,0.0,1.0,0.5,2.5,0.0,1.0,0.0,0.0,0.0,0,0,1.0,1.0,0.0,1.0,1.0,0.0,1.0,1.0,0.0,1.0,0.0,0.0,0.0,0,2,20,0.028932154154690734,LOW
East Zone 1,ORR East 1,2.0,0.0,51,2,2,,,0.0,0.0,1.0,0.5,2.0,0.0,1.0,0.5,0.0,0.0,0,0,1.272735595703125,1.25042724609375,0.6044886690747923,1.0,2.0,1.0,1.0,2.0,1.0,1.3333333333333333,0.5,-1.0,-1.0,0,2,12,0.061085815618419685,LOW
Central Zone 2,Non-corridor,6.0,8.0,51,3,3,,,0.6666666666666666,0.0,0.6666666666666666,0.6666666666666666,1.6666666666666667,0.0,0.3333333333333333,0.3333333333333333,0.0,0.0,1,0,1.846130467559167,1.6304348373366924,0.37758612501489913,2.0,1.0,1.0,2.0,1.0,0.0,1.6666666666666667,0.5773502691896262,1.0,1.0,0,1,11,0.6192979081112344,HIGH
North Zone 1,Hennur Main Road,4.0,12.0,51,2,2,,,0.0,0.0,1.0,0.5,2.5,0.0,1.0,0.0,0.0,0.0,0,0,1.0,0.5,0.3432,1.0,1.0,0.0,1.0,0.0,0.0,1.0,0.0,0.0,1.0,0,4,6,0.08928836467138378,LOW
West Zone 1,Non-corridor,5.0,12.0,51,1,0,0.3538,56.6,0.0,0.0,0.0,1.0,2.5,0.0,0.0,0.0,0.0,0.0,0,0,1.1464996337890625,0.9046478271484375,0.20728403121247993,1.0,1.0,1.0,1.0,1.0,0.0,1.3333333333333333,0.5,0.0,0.0,0,8,11,0.398584226917976,MEDIUM
Central Zone 2,Bellary Road 1,1.0,0.0,51,1,0,0.0873,17.9,0.0,0.0,1.0,0.5,1.0,0.0,0.0,0.0,0.0,0.0,0,0,1.0,0.59375,0.8657873684210526,1.0,1.0,1.0,1.0,0.0,1.0,1.0,0.0,0.0,1.0,0,1,2,0.17453491777857671,LOW
Central Zone 2,Bellary Road 1,5.0,0.0,51,2,1,0.6986,143.3,0.0,0.0,0.5,0.75,1.0,0.0,0.0,0.0,0.0,0.0,0,0,1.625,0.864013671875,0.9450040459482303,2.0,1.0,3.0,1.0,0.0,3.0,1.3333333333333333,0.9574271077563381,1.0,1.0,0,1,2,0.27516914804972686,LOW
North Zone 1,Hennur Main Road,0.0,4.0,51,1,1,,,0.0,0.0,0.0,1.0,2.5,0.0,1.0,0.0,0.0,0.0,0,0,1.0,1.0,0.0,1.0,1.0,0.0,1.0,1.0,0.0,1.0,0.0,0.0,0.0,0,4,6,0.06749095467150479,LOW
West Zone 1,Non-corridor,4.0,12.0,51,2,1,0.1797,50.9,0.0,0.0,0.5,0.75,2.25,0.0,0.0,0.0,0.0,0.0,0,0,1.1719970703125,0.2371826171875,0.22567338535413323,1.0,1.0,1.0,0.0,0.0,1.0,1.3333333333333333,0.5,0.0,0.0,0,8,11,0.360423832061804,MEDIUM
Central Zone 2,CBD 2,1.0,0.0,51,1,1,,,0.0,0.0,0.0,1.0,2.5,0.0,0.0,0.0,0.0,0.0,0,0,1.0,0.75,1.2227,1.0,1.0,0.0,1.0,1.0,0.0,1.0,0.0,0.0,0.0,0,1,5,0.041955060702419604,LOW
Central Zone 2,CBD 2,0.0,4.0,51,1,0,0.1199,24.6,0.0,0.0,0.0,1.0,1.0,0.0,0.0,0.0,0.0,0.0,0,0,1.0,1.0,0.0,1.0,0.0,0.0,1.0,0.0,0.0,1.0,0.0,0.0,0.0,0,1,5,0.031992742365145786,LOW
North Zone 2,Bellary Road 2,3.0,0.0,51,1,1,,,0.0,0.0,0.0,1.0,1.0,0.0,1.0,0.0,0.0,0.0,0,0,2.520786822598893,1.4494630999979563,0.6568069897926273,3.0,2.0,2.0,2.0,1.0,0.0,2.3333333333333335,0.5,1.0,1.0,0,5,3,0.09778937814784394,LOW
East Zone 2,Non-corridor,6.0,12.0,51,1,1,,,0.0,0.0,0.0,1.0,1.0,0.0,1.0,0.0,0.0,0.0,0,0,1.5,0.954833984375,0.14769505633151248,2.0,1.0,1.0,1.0,1.0,1.0,1.3333333333333333,0.5,1.0,0.0,0,3,11,0.30356964619908655,MEDIUM
Central Zone 1,Old Madras Road,2.0,12.0,51,1,0,0.2329,19.6,0.0,0.0,0.0,1.0,2.5,0.0,0.0,0.0,0.0,0.0,0,0,1.08203125,0.9453125,0.1408260422960725,1.0,1.0,2.0,1.0,1.0,2.0,1.0,0.5,0.0,0.0,0,0,18,0.3253397388962421,MEDIUM
East Zone 2,Non-corridor,0.0,4.0,51,1,1,,,0.0,0.0,1.0,0.5,2.5,1.0,1.0,0.0,0.0,0.0,0,0,1.0,0.25,0.6519684210526316,1.0,1.0,0.0,0.0,1.0,0.0,1.0,0.0,0.0,-1.0,0,3,11,0.06274025412664469,LOW
East Zone 1,Non-corridor,6.0,8.0,51,1,1,,,0.0,0.0,0.0,1.0,2.5,0.0,1.0,0.0,0.0,0.0,0,0,1.56573486328125,0.759063720703125,0.24354011157582917,1.0,3.0,2.0,0.0,2.0,2.0,1.6666666666666667,0.9574271077563381,-2.0,-2.0,0,2,11,0.11437676872641893,LOW
North Zone 2,ORR North 2,4.0,4.0,51,1,0,0.0536,11.0,0.0,0.0,0.0,1.0,1.0,0.0,0.0,0.0,0.0,0.0,0,0,1.0323486328125,0.77508544921875,0.31111468309530094,1.0,1.0,1.0,1.0,0.0,1.0,1.0,0.0,0.0,1.0,0,5,15,0.23055132288131316,LOW
Central Zone 2,Mysore Road,3.0,0.0,51,2,2,,,0.0,0.0,0.5,0.75,2.75,0.0,0.0,0.0,0.0,0.0,0,0,1.3321297255267703,0.4940912804795819,0.36069667953984696,1.0,1.0,5.0,0.0,0.0,4.0,1.0,2.0,0.0,0.0,0,1,10,0.49836711887312557,MEDIUM
North Zone 1,Hennur Main Road,1.0,8.0,51,1,1,,,0.0,0.0,0.0,1.0,1.0,0.0,1.0,1.0,0.0,0.0,0,0,1.578125,1.5,0.522877922077922,1.0,3.0,2.0,1.0,3.0,1.0,1.6666666666666667,0.9574271077563381,-2.0,-2.0,0,4,6,0.254555344706782,LOW
North Zone 1,Hennur Main Road,3.0,4.0,51,1,1,,,0.0,0.0,0.0,1.0,3.0,0.0,1.0,0.0,0.0,0.0,0,0,1.0,0.5,0.1024,1.0,1.0,1.0,0.0,1.0,1.0,1.0,0.0,0.0,-1.0,0,4,6,0.13892825462289762,LOW
West Zone 1,ORR West 1,3.0,4.0,51,1,1,,,0.0,0.0,0.0,1.0,3.0,0.0,0.0,0.0,0.0,0.0,0,0,1.0,0.0,1.0781,1.0,0.0,0.0,0.0,0.0,0.0,1.0,0.0,0.0,0.0,0,8,16,0.038233750187102955,LOW
Central Zone 1,ORR East 1,3.0,0.0,51,1,0,0.5938,81.2,0.0,0.0,0.0,1.0,1.5,0.0,0.0,0.0,0.0,0.0,0,0,2.0,2.0,0.0,2.0,0.0,0.0,2.0,0.0,0.0,2.0,0.0,0.0,0.0,0,0,12,0.6240196926970435,HIGH
Central Zone 1,Non-corridor,6.0,0.0,51,1,1,,,0.0,0.0,0.0,1.0,1.0,1.0,0.0,0.0,0.0,0.0,0,0,1.140625,0.240966796875,0.4590431277059236,1.0,1.0,2.0,0.0,0.0,2.0,1.0,0.4999999999999999,0.0,0.0,0,0,11,0.383669534781512,MEDIUM
North Zone 2,ORR North 2,5.0,8.0,51,1,1,,,1.0,0.0,0.0,1.0,1.5,0.0,0.0,0.0,0.0,0.0,0,0,1.0118714113559764,0.5106506392839985,1.4210099346529774,1.0,1.0,1.0,0.0,1.0,1.0,1.0,0.0,0.0,-1.0,0,5,15,0.05689343346224089,LOW
Central Zone 2,Non-corridor,0.0,12.0,51,2,2,,,0.0,0.0,0.0,1.0,2.5,0.0,0.0,0.0,0.0,0.0,0,0,1.10107421875,0.555908203125,0.16638060239274927,1.0,1.0,2.0,1.0,0.0,0.0,1.0,0.4999999999999998,0.0,1.0,0,1,11,0.4786431062859133,MEDIUM
North Zone 2,Tumkur Road,1.0,8.0,51,1,1,,,1.0,0.0,0.0,1.0,2.5,0.0,0.0,0.0,0.0,0.0,0,0,0.0,0.0,0.0,0.0,0.0,0.0,0.0,0.0,0.0,0.0,0.0,0.0,0.0,0,5,19,0.0843648247695771,LOW
Central Zone 2,Non-corridor,2.0,8.0,51,2,1,0.9161,104.7,0.5,0.0,1.0,0.5,2.5,0.0,0.0,0.0,0.0,0.0,0,0,2.733628785358742,1.835697765427653,0.6705599608002303,3.0,2.0,4.0,2.0,1.0,4.0,2.3333333333333335,0.9574271077563381,1.0,1.0,0,1,11,0.6629398693025659,HIGH
South Zone 2,Hosur Road,4.0,0.0,51,2,2,,,0.0,0.0,0.5,0.75,2.5,0.0,0.0,0.0,0.0,0.0,0,0,1.032227564835921,0.9570261253393255,0.9110827371000434,1.0,1.0,1.0,1.0,1.0,0.0,1.0,0.0,0.0,0.0,0,7,7,0.16912872134421697,LOW
South Zone 2,Hosur Road,5.0,0.0,51,1,1,,,0.0,0.0,0.0,1.0,3.0,0.0,1.0,0.0,0.0,0.0,0,0,1.5822832586828213,1.4748430239563817,1.3798288343749048,2.0,1.0,2.0,2.0,1.0,1.0,1.3333333333333333,0.5773502691896263,1.0,1.0,0,7,7,0.08929807953358601,LOW
Central Zone 1,Old Madras Road,1.0,12.0,51,1,1,,,0.0,0.0,0.0,1.0,1.0,0.0,0.0,0.0,0.0,0.0,0,0,1.625,1.25,0.11282,2.0,1.0,2.0,2.0,0.0,2.0,1.3333333333333333,0.5773502691896257,1.0,2.0,0,0,18,0.4156138645851798,MEDIUM
West Zone 1,Tumkur Road,5.0,4.0,51,1,0,0.1843,18.0,1.0,0.0,0.0,1.0,1.5,0.0,0.0,0.0,0.0,0.0,0,0,1.5001278226565946,0.8585783649832277,0.24648601667666084,2.0,1.0,1.0,1.0,1.0,1.0,1.3333333333333333,0.5,1.0,0.0,0,8,19,0.3228788361294928,MEDIUM
Central Zone 1,Old Madras Road,3.0,4.0,51,1,1,,,0.0,0.0,1.0,0.5,1.5,0.0,0.0,0.0,0.0,0.0,0,0,1.79693603515625,1.162841796875,0.3544555869385139,2.0,2.0,1.0,1.0,2.0,0.0,1.6666666666666667,0.5773502691896257,0.0,-1.0,0,0,18,0.5016562851747213,MEDIUM
East Zone 2,ORR North 1,1.0,8.0,51,1,0,0.5631,27.5,1.0,0.0,0.0,1.0,3.0,0.0,0.0,0.0,0.0,0.0,0,0,0.0,0.0,0.0,0.0,0.0,0.0,0.0,0.0,0.0,0.0,0.0,0.0,0.0,0,3,14,0.11408556717195545,LOW
East Zone 2,ORR North 1,1.0,4.0,51,1,1,,,0.0,0.0,1.0,0.5,2.5,0.0,1.0,0.0,0.0,0.0,0,0,1.0,1.0,0.0,1.0,1.0,0.0,1.0,1.0,0.0,1.0,0.0,0.0,0.0,0,3,14,0.07817686224217336,LOW
East Zone 2,ORR North 1,1.0,0.0,51,1,1,,,0.0,0.0,0.0,1.0,1.0,0.0,0.0,0.0,0.0,0.0,0,0,1.0,1.0,0.0,1.0,1.0,0.0,1.0,1.0,0.0,1.0,0.0,0.0,0.0,0,3,14,0.08095172465707276,LOW
North Zone 1,Non-corridor,1.0,0.0,51,1,0,1.1203,72.3,0.0,0.0,1.0,0.5,2.5,1.0,0.0,0.0,0.0,0.0,0,0,1.0,0.75,0.0261,1.0,1.0,0.0,1.0,1.0,0.0,1.0,0.0,0.0,0.0,0,4,11,0.12877056505987897,LOW
West Zone 1,Non-corridor,5.0,0.0,51,1,1,,,0.0,0.0,1.0,0.5,3.0,0.0,0.0,0.0,0.0,0.0,0,0,1.0454181507229805,0.9567117020487785,0.2807404600117066,1.0,1.0,1.0,1.0,1.0,0.0,1.0,0.0,0.0,0.0,0,8,11,0.36097369020239095,MEDIUM
West Zone 2,Tumkur Road,1.0,0.0,51,1,1,,,0.0,0.0,0.0,1.0,1.0,0.0,0.0,0.0,0.0,0.0,0,0,1.0,0.75,0.43122,1.0,1.0,1.0,1.0,1.0,0.0,1.0,0.0,0.0,0.0,0,9,19,0.060758441729110865,LOW
West Zone 2,ORR West 1,4.0,0.0,51,1,0,0.5017,44.5,0.0,0.0,0.0,1.0,2.5,0.0,0.0,0.0,0.0,0.0,0,0,1.0,0.703125,0.6686943950786056,1.0,1.0,1.0,1.0,0.0,1.0,1.0,0.0,0.0,1.0,0,9,16,0.18868679293469148,LOW
North Zone 1,Non-corridor,3.0,4.0,51,1,0,0.2468,44.7,0.0,0.0,1.0,0.5,2.5,0.0,0.0,0.0,0.0,0.0,0,0,1.125,0.625,0.2,1.0,1.0,1.0,0.0,1.0,1.0,1.3333333333333333,0.5,0.0,-1.0,0,4,11,0.33942500801464814,MEDIUM
Central Zone 2,Non-corridor,3.0,0.0,51,1,1,,,0.0,0.0,1.0,0.5,2.5,0.0,0.0,0.0,0.0,0.0,0,0,4.090427978836573,2.3215458755555307,0.31922345442922634,4.0,4.0,2.0,1.0,4.0,2.0,4.333333333333333,1.2583057392117887,0.0,-3.0,0,1,11,0.7183114868436348,HIGH
North Zone 2,Bellary Road 2,2.0,8.0,51,1,0,0.1754,39.6,0.0,0.0,1.0,0.5,1.0,0.0,1.0,0.0,0.0,0.0,0,0,1.080388069152832,0.9432113170623779,0.22250724386229426,1.0,1.0,2.0,1.0,1.0,2.0,1.0,0.5,0.0,0.0,0,5,3,0.2961880468306854,LOW
West Zone 1,Non-corridor,2.0,8.0,51,1,1,,,0.0,0.0,0.0,1.0,1.0,0.0,0.0,0.0,0.0,0.0,0,0,1.5625,0.486328125,0.4386083358635824,1.0,2.0,4.0,0.0,0.0,4.0,1.3333333333333333,1.4142135623730951,-1.0,0.0,0,8,11,0.23437522595135565,LOW
West Zone 1,Non-corridor,4.0,8.0,51,1,1,,,1.0,0.0,1.0,0.5,1.0,0.0,0.0,0.0,0.0,0.0,0,0,1.50439453125,0.4334869384765625,0.43275685371105493,2.0,1.0,1.0,0.0,1.0,0.0,1.3333333333333333,0.5,1.0,-1.0,0,8,11,0.10906735819538659,LOW
West Zone 1,Non-corridor,1.0,8.0,51,4,4,,,0.0,0.0,0.25,0.875,2.0,0.0,0.0,0.0,0.0,0.0,1,0,3.0,1.78125,0.4816519667590028,4.0,3.0,1.0,2.0,3.0,0.0,2.6666666666666665,1.5,1.0,-1.0,0,8,11,0.262319305563334,LOW
Central Zone 2,CBD 2,2.0,4.0,51,1,0,0.4436,91.0,0.0,0.0,0.0,1.0,1.0,0.0,0.0,0.0,0.0,0.0,0,0,1.0,0.71875,0.8204844155844156,1.0,1.0,1.0,1.0,0.0,1.0,1.0,0.0,0.0,1.0,0,1,5,0.07213476506831934,LOW
North Zone 1,Non-corridor,0.0,8.0,51,3,2,0.1273,58.2,0.0,0.0,0.0,1.0,1.0,0.3333333333333333,0.3333333333333333,0.0,0.0,0.0,0,0,1.0,1.0,0.0,1.0,0.0,0.0,1.0,0.0,0.0,1.0,0.0,0.0,0.0,0,4,11,0.21512236269180382,LOW
North Zone 1,Non-corridor,2.0,4.0,51,2,2,,,0.0,0.0,0.0,1.0,1.75,0.0,0.0,0.0,0.0,0.0,0,0,1.0,1.0,0.0,1.0,1.0,1.0,1.0,1.0,1.0,1.0,0.0,0.0,0.0,0,4,11,0.13454349011655165,LOW
West Zone 1,Mysore Road,4.0,0.0,51,1,0,0.3743,33.5,0.0,0.0,0.0,1.0,1.0,1.0,0.0,0.0,0.0,0.0,0,0,1.5234375,0.46875,0.5667811920710868,1.0,3.0,1.0,0.0,1.0,1.0,1.6666666666666667,1.0,-2.0,-1.0,0,8,10,0.12777277642788654,LOW
Central Zone 2,Non-corridor,1.0,4.0,51,2,2,,,0.5,0.0,0.5,0.75,3.0,0.0,0.0,0.0,0.0,0.0,0,0,2.625285368063487,1.6146312926721293,1.2549903986953566,3.0,3.0,1.0,1.0,3.0,1.0,2.3333333333333335,1.1547005383792517,0.0,-2.0,0,1,11,0.6752307643271999,HIGH
Central Zone 1,Old Madras Road,1.0,0.0,51,1,1,,,0.0,0.0,1.0,0.5,3.0,0.0,0.0,0.0,0.0,0.0,0,1,1.46875,1.41357421875,0.420707504531722,1.0,1.0,2.0,1.0,1.0,2.0,2.0,1.4142135623730951,0.0,0.0,0,0,18,0.5331461131334222,MEDIUM
North Zone 2,Bellary Road 2,6.0,8.0,51,1,1,,,1.0,0.0,1.0,0.5,3.0,0.0,1.0,0.0,0.0,0.0,0,0,1.5090333931522388,0.9054178618561529,0.3719603734414981,2.0,1.0,1.0,1.0,1.0,0.0,1.3333333333333333,0.5,1.0,0.0,0,5,3,0.17083119932139532,LOW
West Zone 1,Non-corridor,0.0,0.0,51,2,0,0.041499999999999995,17.95,0.0,0.0,0.0,1.0,1.0,0.0,0.0,0.0,0.0,0.0,0,0,2.125,0.875,0.26426,3.0,1.0,2.0,1.0,0.0,2.0,1.6666666666666667,0.9574271077563381,2.0,1.0,0,8,11,0.25373924354403654,LOW
West Zone 1,Non-corridor,2.0,4.0,51,1,1,,,0.0,0.0,0.0,1.0,2.5,0.0,0.0,0.0,0.0,0.0,0,0,1.0,0.453125,0.5440343202416918,1.0,1.0,1.0,0.0,1.0,1.0,1.0,0.0,0.0,-1.0,0,8,11,0.17430243417840294,LOW
Central Zone 1,Non-corridor,5.0,4.0,51,1,1,,,0.0,0.0,1.0,0.5,1.0,1.0,0.0,0.0,0.0,0.0,0,0,1.517578125,1.298828125,0.2994884210526316,2.0,1.0,1.0,2.0,1.0,0.0,1.3333333333333333,0.5,1.0,1.0,0,0,11,0.3905099276175321,MEDIUM
Central Zone 1,Non-corridor,5.0,0.0,51,1,0,1.16,661.1,0.0,0.0,0.0,1.0,1.0,0.0,0.0,0.0,0.0,0.0,0,0,1.5625,0.9638671875,0.35400868807201,1.0,2.0,2.0,0.0,2.0,1.0,2.0,0.816496580927726,-1.0,-2.0,0,0,11,0.4195988567911304,MEDIUM
Central Zone 1,Non-corridor,4.0,4.0,51,2,2,,,0.0,0.0,0.5,0.75,2.0,0.5,0.0,0.0,0.0,0.0,0,0,1.03515625,0.59765625,0.2994884210526316,1.0,1.0,1.0,1.0,0.0,1.0,1.0,0.0,0.0,1.0,0,0,11,0.41658527992178396,MEDIUM
Central Zone 2,Non-corridor,0.0,0.0,51,2,2,,,0.0,0.0,0.5,0.75,3.0,0.0,0.5,0.0,0.0,0.0,0,0,1.4278564453125,0.7066650390625,0.16711830303989642,1.0,2.0,2.0,0.0,2.0,1.0,1.3333333333333333,0.5773502691896253,-1.0,-2.0,0,1,11,0.2452747098251445,LOW
North Zone 1,Non-corridor,2.0,8.0,51,2,2,,,0.5,0.0,0.5,0.75,1.0,0.0,0.5,0.0,0.0,0.0,0,0,1.03125,0.921875,0.35082,1.0,1.0,1.0,1.0,1.0,0.0,1.0,0.0,0.0,0.0,0,4,11,0.34126414107656755,MEDIUM
West Zone 1,Mysore Road,2.0,4.0,51,1,1,,,1.0,0.0,0.0,1.0,3.0,0.0,0.0,0.0,0.0,0.0,0,0,1.0,1.0,0.0,1.0,0.0,0.0,1.0,0.0,0.0,1.0,0.0,0.0,0.0,0,8,10,0.09451493001189433,LOW
West Zone 1,Mysore Road,2.0,0.0,51,1,1,,,0.0,0.0,1.0,0.5,3.0,1.0,0.0,0.0,0.0,0.0,0,0,1.375,0.5,0.5490957894736843,1.0,2.0,2.0,0.0,1.0,1.0,1.3333333333333333,0.5773502691896257,-1.0,-1.0,0,8,10,0.062387954261267774,LOW
Central Zone 2,CBD 2,5.0,0.0,51,2,1,0.0692,14.2,0.0,0.0,0.5,0.75,1.75,0.0,0.0,0.0,0.0,0.0,0,0,1.25390625,1.1834640502929688,0.535291416403631,1.0,2.0,1.0,1.0,2.0,0.0,1.3333333333333333,0.5,-1.0,-1.0,0,1,5,0.19255842484311667,LOW
Central Zone 2,CBD 2,4.0,8.0,51,1,0,0.1926,15.8,0.0,0.0,1.0,0.5,2.5,0.0,0.0,0.0,0.0,0.0,0,0,1.01611328125,1.01513671875,2.8439678097789685,1.0,1.0,1.0,1.0,1.0,1.0,1.0,0.0,0.0,0.0,0,1,5,0.19493545484691846,LOW
East Zone 2,Non-corridor,4.0,0.0,51,1,0,0.6574,112.7,0.0,0.0,0.0,1.0,1.0,1.0,1.0,0.0,0.0,0.0,0,0,1.1956062316894531,1.034121036529541,0.6097869299667689,1.0,1.0,1.0,1.0,1.0,1.0,1.3333333333333333,0.4999999999999999,0.0,0.0,0,3,11,0.2227275633468955,LOW
Central Zone 2,Non-corridor,1.0,8.0,51,5,1,0.1783,37.5,0.4,0.0,0.8,0.6,2.3,0.0,0.2,0.0,0.0,0.0,0,1,2.5372363284695894,1.6200810666196048,0.41869372112497105,1.0,2.0,1.0,1.0,0.0,0.0,4.333333333333333,4.358898943540673,-1.0,1.0,0,1,11,0.7143010818692955,HIGH
North Zone 2,ORR North 2,2.0,8.0,51,1,0,0.0361,7.4,0.0,0.0,0.0,1.0,1.0,0.0,0.0,0.0,0.0,0.0,0,0,1.2502517700195312,1.2501296997070312,0.24190755501665823,1.0,1.0,1.0,1.0,1.0,1.0,1.6666666666666667,1.0,0.0,0.0,0,5,15,0.23165086025827467,LOW
North Zone 2,Bellary Road 2,1.0,8.0,51,1,1,,,0.0,0.0,1.0,0.5,1.0,0.0,1.0,0.0,0.0,0.0,0,0,1.634765625,0.69677734375,0.4186527921691843,1.0,3.0,3.0,0.0,2.0,1.0,1.6666666666666667,1.1547005383792515,-2.0,-2.0,0,5,3,0.22099137979508884,LOW
North Zone 2,Bellary Road 2,1.0,4.0,51,2,2,,,0.0,0.0,0.5,0.75,2.0,0.0,1.0,0.0,0.0,0.0,0,0,1.0009765625,0.4384765625,0.8089298701298702,1.0,1.0,1.0,0.0,1.0,0.0,1.0,0.0,0.0,-1.0,0,5,3,0.06557463801702623,LOW
North Zone 2,Bellary Road 2,1.0,0.0,51,1,1,,,0.0,0.0,1.0,0.5,3.0,0.0,1.0,0.0,0.0,0.0,0,0,1.1015625,1.1015625,2.6754,1.0,1.0,2.0,1.0,1.0,2.0,1.0,0.5,0.0,0.0,0,5,3,0.06460072219413203,LOW
North Zone 2,Bellary Road 2,2.0,0.0,51,2,1,0.0331,6.8,0.0,0.0,0.0,1.0,2.0,0.0,1.0,0.0,0.0,0.0,0,0,1.1426029205322266,1.0068607330322266,1.0636513629783286,1.0,1.0,1.0,1.0,1.0,1.0,1.3333333333333333,0.5,0.0,0.0,0,5,3,0.05589747161850357,LOW
East Zone 1,ORR East 2,5.0,0.0,51,1,1,2.34,726.3,0.0,0.0,0.0,1.0,1.0,0.0,1.0,0.0,0.0,0.0,0,0,1.6621103286754533,1.1464850902559647,2.028462498239934,2.0,1.0,1.0,1.0,1.0,1.0,1.6666666666666667,0.5773502691896257,1.0,0.0,0,2,13,0.07276360424685507,LOW
West Zone 2,Tumkur Road,4.0,0.0,51,1,0,0.1877,38.5,0.0,0.0,0.0,1.0,1.0,0.0,0.0,0.0,0.0,0.0,0,0,1.0625,0.68359375,0.5279995290302112,1.0,1.0,2.0,1.0,0.0,0.0,1.0,0.5,0.0,1.0,0,9,19,0.30908175912107944,MEDIUM
West Zone 2,Tumkur Road,1.0,4.0,51,1,0,0.1865,25.5,0.0,0.0,1.0,0.5,1.5,0.0,0.0,0.0,0.0,0.0,0,0,1.0,0.0,0.10714000000000001,1.0,1.0,0.0,0.0,0.0,0.0,1.0,0.0,0.0,0.0,0,9,19,0.08844680346816323,LOW
Central Zone 1,Non-corridor,1.0,8.0,51,2,1,0.0522,20.9,0.0,0.0,0.5,0.75,1.0,0.5,0.0,0.0,0.0,0.0,0,0,0.0,0.0,0.0,0.0,0.0,0.0,0.0,0.0,0.0,0.0,0.0,0.0,0.0,0,0,11,0.07176813582604813,LOW
Central Zone 1,Non-corridor,1.0,4.0,51,1,1,,,0.0,0.0,1.0,0.5,1.5,0.0,0.0,0.0,0.0,0.0,0,0,1.5,1.5,0.0,2.0,1.0,0.0,2.0,1.0,0.0,1.5,0.7071067811865476,1.0,1.0,0,0,11,0.3575097576406796,MEDIUM
West Zone 1,Mysore Road,0.0,12.0,51,1,1,,,0.0,0.0,0.0,1.0,2.5,0.0,0.0,0.0,0.0,0.0,0,0,0.0,0.0,0.0,0.0,0.0,0.0,0.0,0.0,0.0,0.0,0.0,0.0,0.0,0,8,10,0.1629776560487259,LOW
North Zone 1,ORR North 1,2.0,4.0,51,1,1,,,0.0,0.0,0.0,1.0,2.5,1.0,1.0,0.0,0.0,0.0,0,0,1.063751220703125,0.242431640625,0.9044705681980905,1.0,1.0,2.0,0.0,0.0,1.0,1.0,0.5,0.0,0.0,0,4,14,0.07697498634795368,LOW
North Zone 2,Bellary Road 2,0.0,8.0,51,1,0,0.2389,50.7,0.0,0.0,0.0,1.0,1.0,0.0,1.0,0.0,0.0,0.0,0,0,1.3125,0.296875,0.5300332567975832,1.0,2.0,2.0,0.0,0.0,2.0,1.3333333333333333,0.5773502691896257,-1.0,0.0,0,5,3,0.1730935607839046,LOW
Central Zone 2,Non-corridor,3.0,4.0,51,4,4,,,0.25,0.0,0.25,0.875,1.375,0.25,0.0,0.0,0.0,0.0,1,0,1.5912225546949241,1.316907058170235,0.5994370384055276,1.0,1.0,3.0,1.0,1.0,2.0,2.0,1.4999999999999998,0.0,0.0,0,1,11,0.572355783507873,MEDIUM
Central Zone 2,Non-corridor,6.0,0.0,51,1,0,0.6547,261.9,0.0,0.0,0.0,1.0,1.0,0.0,0.0,0.0,0.0,0.0,0,0,1.8323248150268272,1.592020076734404,0.26212015818959566,2.0,1.0,1.0,2.0,1.0,1.0,1.6666666666666667,0.5773502691896247,1.0,1.0,0,1,11,0.6600027599812618,HIGH
West Zone 2,Bellary Road 1,1.0,20.0,51,1,1,,,0.0,0.0,0.0,1.0,3.0,0.0,0.0,0.0,0.0,0.0,0,0,0.0,0.0,0.0,0.0,0.0,0.0,0.0,0.0,0.0,0.0,0.0,0.0,0.0,0,9,2,0.07807658991010664,LOW
West Zone 1,West of Chord Road,0.0,0.0,51,1,1,,,0.0,0.0,0.0,1.0,2.5,0.0,0.0,0.0,0.0,0.0,0,0,0.0,0.0,0.0,0.0,0.0,0.0,0.0,0.0,0.0,0.0,0.0,0.0,0.0,0,8,21,0.05968285084210519,LOW
West Zone 1,Tumkur Road,6.0,0.0,51,1,0,0.1631,22.3,0.0,0.0,0.0,1.0,1.5,0.0,0.0,0.0,0.0,0.0,0,0,1.5481015261098041,0.4752726259524722,0.36284082395917994,1.0,2.0,1.0,0.0,0.0,1.0,2.0,0.9574271077563381,-1.0,0.0,0,8,19,0.10994107568858019,LOW
East Zone 2,Non-corridor,4.0,4.0,51,1,1,,,0.0,0.0,0.0,1.0,3.0,0.0,1.0,0.0,0.0,0.0,0,0,1.001953125,0.93389892578125,1.1780493846915678,1.0,1.0,1.0,1.0,1.0,0.0,1.0,0.0,0.0,0.0,0,3,11,0.09572897296464661,LOW
West Zone 1,Mysore Road,6.0,0.0,51,2,2,,,0.0,0.0,0.0,1.0,3.0,0.0,0.0,0.0,0.0,0.0,0,0,2.03271484375,1.779296875,0.3601532291455913,3.0,1.0,1.0,3.0,1.0,0.0,1.6666666666666667,1.0,2.0,2.0,0,8,10,0.09251055721312736,LOW
West Zone 1,Mysore Road,5.0,12.0,51,1,1,,,0.0,0.0,0.0,1.0,1.5,1.0,0.0,0.0,0.0,0.0,0,0,1.5,1.4375,0.3583,1.0,3.0,1.0,1.0,3.0,0.0,1.6666666666666667,1.0,-2.0,-2.0,0,8,10,0.10587203485833056,LOW
South Zone 2,Non-corridor,1.0,4.0,51,1,1,,,0.0,0.0,1.0,0.5,1.0,0.0,0.0,0.0,0.0,0.0,0,0,1.0,0.75,0.166,1.0,1.0,0.0,1.0,1.0,0.0,1.0,0.0,0.0,0.0,0,7,11,0.10372486312121419,LOW
Central Zone 2,Mysore Road,2.0,0.0,51,2,2,,,0.0,0.0,0.0,1.0,2.0,0.0,0.0,0.0,0.0,0.0,0,0,1.814768489653943,1.0646300395164872,0.30017081819520225,2.0,2.0,1.0,1.0,2.0,0.0,1.6666666666666667,0.5773502691896257,0.0,-1.0,0,1,10,0.388620210466174,MEDIUM
North Zone 2,Bellary Road 1,6.0,8.0,51,3,2,0.1243,25.5,0.6666666666666666,0.0,0.6666666666666666,0.6666666666666666,2.3333333333333335,0.0,0.0,0.0,0.0,0.0,0,0,1.3840791289110486,0.5988759234095077,0.8014100272200758,1.0,2.0,3.0,0.0,1.0,3.0,1.3333333333333333,0.9574271077563381,-1.0,-1.0,0,5,2,0.11979309050519778,LOW
Central Zone 2,CBD 2,5.0,8.0,51,1,1,,,0.0,0.0,1.0,0.5,2.5,0.0,0.0,0.0,0.0,0.0,0,0,1.0005035400390625,0.3442230224609375,0.7769437724331039,1.0,1.0,1.0,0.0,1.0,1.0,1.0,0.0,0.0,-1.0,0,1,5,0.20922921306858214,LOW
North Zone 1,ORR North 1,5.0,0.0,51,1,0,0.3567,25.9,0.0,0.0,0.0,1.0,3.0,0.0,1.0,0.0,0.0,0.0,0,0,1.6059591791199637,0.541321700446133,0.8550109425751777,2.0,1.0,2.0,0.0,1.0,1.0,1.3333333333333333,0.5773502691896258,1.0,-1.0,0,4,14,0.22475155362833762,LOW
Central Zone 2,Mysore Road,0.0,0.0,51,2,1,0.3681,30.2,0.0,0.0,0.5,0.75,2.5,0.0,0.0,0.0,0.0,0.0,0,0,1.763671875,1.5322265625,0.4709364144044321,2.0,1.0,3.0,2.0,1.0,2.0,1.6666666666666667,0.816496580927726,1.0,1.0,0,1,10,0.39098199939681394,MEDIUM
North Zone 1,ORR North 1,3.0,0.0,51,3,3,,,0.0,0.0,0.0,1.0,1.5,0.0,1.0,0.0,0.0,0.0,1,0,1.00879767537117,0.25368502736091614,0.23035443796476207,1.0,1.0,1.0,0.0,0.0,1.0,1.0,0.0,0.0,0.0,0,4,14,0.2817391930775229,LOW
Central Zone 2,Non-corridor,5.0,12.0,51,3,3,,,0.0,0.0,0.0,1.0,2.1666666666666665,0.0,0.0,0.0,0.0,0.0,1,1,6.079242911751249,4.357520860068464,0.748124960138551,1.0,20.0,1.0,1.0,14.0,1.0,7.666666666666667,9.345230512584124,-19.0,-13.0,0,1,11,0.7183114868436348,HIGH
West Zone 2,Mysore Road,4.0,0.0,51,1,0,0.5362,44.0,0.0,0.0,1.0,0.5,2.5,0.0,0.0,0.0,0.0,0.0,0,0,1.50390625,0.77734375,0.7194178952836638,2.0,1.0,1.0,1.0,1.0,0.0,1.3333333333333333,0.5,1.0,0.0,0,9,10,0.3254178527997252,MEDIUM
West Zone 2,Mysore Road,3.0,4.0,51,1,0,0.3081,63.2,0.0,0.0,0.0,1.0,1.0,0.0,0.0,0.0,0.0,0.0,0,0,1.125,0.15625,0.41588804210526314,1.0,1.0,1.0,0.0,0.0,0.0,1.3333333333333333,0.5,0.0,0.0,0,9,10,0.3379986878777005,MEDIUM
North Zone 2,Non-corridor,2.0,8.0,51,1,0,0.2971,49.6,0.0,0.0,1.0,0.5,2.5,0.0,1.0,0.0,0.0,0.0,0,0,1.125,0.96875,0.2675831168831169,1.0,1.0,2.0,1.0,1.0,2.0,1.0,0.5,0.0,0.0,0,5,11,0.2695805739575514,LOW
North Zone 2,Non-corridor,5.0,8.0,51,1,1,,,1.0,0.0,1.0,0.5,1.5,0.0,1.0,0.0,0.0,0.0,0,0,1.7578125,0.685546875,0.13327594741234478,2.0,2.0,1.0,0.0,2.0,0.0,1.6666666666666667,0.5773502691896257,0.0,-2.0,0,5,11,0.18120397762716578,LOW
North Zone 2,Non-corridor,5.0,4.0,51,1,0,1.2331,197.3,0.0,0.0,0.0,1.0,2.5,0.0,1.0,0.0,0.0,0.0,0,0,1.00439453125,0.752685546875,1.2010812251260663,1.0,1.0,1.0,1.0,0.0,1.0,1.0,0.0,0.0,1.0,0,5,11,0.07093592803707262,LOW
Central Zone 2,Mysore Road,5.0,0.0,51,3,3,,,0.0,0.0,1.0,0.5,1.0,0.0,0.0,0.0,0.0,0.0,1,0,1.2071921024941088,1.0525114508110431,0.39103955760061065,1.0,1.0,4.0,1.0,1.0,4.0,1.0,1.5000000000000002,0.0,0.0,0,1,10,0.4826673085662521,MEDIUM
West Zone 1,Magadi Road,4.0,0.0,51,1,1,,,0.0,0.0,1.0,0.5,1.0,1.0,0.0,0.0,0.0,0.0,0,0,1.5258188247680664,1.5092153549194336,1.1264662197495503,2.0,1.0,1.0,2.0,1.0,1.0,1.3333333333333333,0.5,1.0,1.0,0,8,9,0.09807926651876542,LOW
West Zone 1,Magadi Road,4.0,12.0,51,1,1,,,0.0,0.0,1.0,0.5,1.5,0.0,0.0,0.0,0.0,0.0,0,0,1.5001220703125,0.498626708984375,0.8075922537385423,1.0,3.0,1.0,0.0,1.0,1.0,1.6666666666666667,1.0,-2.0,-1.0,0,8,9,0.10366828673291642,LOW
Central Zone 2,Non-corridor,5.0,8.0,51,1,1,,,1.0,0.0,0.0,1.0,3.0,0.0,0.0,0.0,0.0,0.0,0,0,5.1011513209284285,3.839995159520374,0.2582966638310288,3.0,5.0,1.0,2.0,3.0,1.0,8.0,6.701989754294367,-2.0,-1.0,0,1,11,0.6760175365298315,HIGH
South Zone 2,Non-corridor,1.0,12.0,51,1,1,,,0.0,0.0,0.0,1.0,1.0,0.0,0.0,0.0,0.0,0.0,0,0,1.0,1.0,0.0,1.0,1.0,0.0,1.0,1.0,0.0,1.0,0.0,0.0,0.0,0,7,11,0.12158656192872971,LOW
South Zone 2,Non-corridor,2.0,4.0,51,1,1,,,0.0,0.0,0.0,1.0,1.0,0.0,0.0,1.0,0.0,0.0,0,0,1.0,0.9375,0.166,1.0,1.0,1.0,1.0,1.0,1.0,1.0,0.0,0.0,0.0,0,7,11,0.14312438466734048,LOW
Central Zone 2,Non-corridor,5.0,4.0,51,1,0,0.7418,133.1,0.0,0.0,0.0,1.0,2.5,0.0,1.0,0.0,0.0,0.0,0,0,2.6010537194248093,1.8037150406792688,0.1403780718944288,2.0,3.0,1.0,1.0,2.0,1.0,3.3333333333333335,1.7078251276599332,-1.0,-1.0,0,1,11,0.6930615946717761,HIGH
West Zone 1,Magadi Road,2.0,8.0,51,1,1,,,0.0,0.0,1.0,0.5,1.5,0.0,0.0,0.0,0.0,0.0,0,0,1.5051307678222656,1.1597671508789062,1.0643050455510277,2.0,1.0,1.0,2.0,0.0,0.0,1.3333333333333333,0.5,1.0,2.0,0,8,9,0.07311848501055672,LOW
North Zone 1,ORR North 2,3.0,8.0,51,1,1,,,1.0,0.0,0.0,1.0,3.0,0.0,0.0,0.0,0.0,0.0,0,0,1.0,1.0,0.0,1.0,0.0,0.0,1.0,0.0,0.0,1.0,0.0,0.0,0.0,0,4,15,0.0780162904299133,LOW
North Zone 1,ORR North 2,3.0,0.0,51,1,1,,,0.0,0.0,1.0,0.5,1.0,0.0,0.0,0.0,0.0,0.0,0,0,1.0,1.0,2.145,1.0,1.0,0.0,1.0,1.0,0.0,1.0,0.0,0.0,0.0,0,4,15,0.042530274377599,LOW
West Zone 2,Tumkur Road,4.0,4.0,51,1,0,0.098,20.1,0.0,0.0,0.0,1.0,1.0,0.0,0.0,0.0,0.0,0.0,0,0,1.1875,0.3125,0.4035145313684211,1.0,1.0,2.0,0.0,0.0,1.0,1.3333333333333333,0.5773502691896257,0.0,0.0,0,9,19,0.0817893821345688,LOW
East Zone 1,ORR East 2,3.0,0.0,51,1,1,2.34,724.8,0.0,0.0,1.0,0.5,1.0,0.0,1.0,0.0,0.0,0.0,0,0,1.0024415404843303,1.000488400581208,2.369983213774553,1.0,1.0,1.0,1.0,1.0,1.0,1.0,0.0,0.0,0.0,0,2,13,0.04010397711666996,LOW
East Zone 1,ORR East 1,3.0,8.0,51,1,0,0.101,14.8,1.0,0.0,0.0,1.0,1.0,0.0,1.0,0.0,0.0,0.0,0,0,1.00543212890625,0.8519134521484375,1.1959556858826315,1.0,1.0,1.0,1.0,1.0,1.0,1.0,0.0,0.0,0.0,0,2,12,0.06031780494218584,LOW
Central Zone 2,Mysore Road,5.0,4.0,51,2,2,,,1.0,0.0,0.0,1.0,3.0,0.0,0.0,0.0,0.0,0.0,0,0,1.817411810290864,1.1594290982293622,0.773316104311703,1.0,4.0,2.0,0.0,4.0,2.0,2.0,1.4142135623730951,-3.0,-4.0,0,1,10,0.43777393581316915,MEDIUM
East Zone 2,Non-corridor,1.0,12.0,51,1,1,,,0.0,0.0,1.0,0.5,3.0,0.0,1.0,0.0,0.0,0.0,0,0,1.0,0.75,0.2747,1.0,1.0,0.0,1.0,1.0,0.0,1.0,0.0,0.0,0.0,0,3,11,0.07380017041177517,LOW
East Zone 2,Non-corridor,1.0,8.0,51,1,1,,,1.0,0.0,0.0,1.0,1.0,0.0,1.0,1.0,0.0,0.0,0,0,2.375,1.7734375,0.4246177033492823,3.0,2.0,1.0,3.0,0.0,0.0,2.3333333333333335,0.816496580927726,1.0,3.0,0,3,11,0.22288033622487924,LOW
West Zone 2,Bellary Road 1,6.0,0.0,51,1,1,,,0.0,0.0,0.0,1.0,3.0,0.0,0.0,0.0,0.0,0.0,0,0,1.0328369140625,0.30440521240234375,0.25124781726451406,1.0,1.0,1.0,0.0,1.0,0.0,1.0,0.0,0.0,-1.0,0,9,2,0.09149927186395106,LOW
West Zone 2,Mysore Road,1.0,0.0,51,2,1,1.16455,95.55,0.0,0.0,0.0,1.0,2.5,0.0,0.0,0.0,0.0,0.0,0,0,1.0,0.0,0.2739,1.0,0.0,0.0,0.0,0.0,0.0,1.0,0.0,0.0,0.0,0,9,10,0.18509535067703825,LOW
East Zone 1,ORR East 1,3.0,0.0,51,1,1,,,0.0,0.0,1.0,0.5,1.0,0.0,1.0,0.0,0.0,0.0,0,0,1.6275745779275894,1.3775636851787567,1.6861749195887779,1.0,1.0,1.0,1.0,0.0,1.0,2.6666666666666665,2.5,0.0,1.0,0,2,12,0.13705550766640767,LOW
Central Zone 1,Non-corridor,4.0,0.0,51,3,3,,,0.0,0.0,0.3333333333333333,0.8333333333333334,1.5,0.0,0.0,0.0,0.0,0.0,1,0,1.5,0.7109375,0.381246999316473,2.0,1.0,1.0,1.0,0.0,1.0,1.3333333333333333,0.5,1.0,1.0,0,0,11,0.4770909315826561,MEDIUM
Central Zone 2,Non-corridor,5.0,0.0,51,1,0,0.0556,8.9,0.0,0.0,0.0,1.0,2.5,0.0,0.0,0.0,0.0,0.0,0,0,2.6504831407829355,2.087963708563003,0.1831621058480011,3.0,2.0,2.0,2.0,2.0,2.0,2.3333333333333335,0.5,1.0,0.0,0,1,11,0.6222155478610977,HIGH
North Zone 2,Bellary Road 1,1.0,0.0,51,2,2,,,0.0,0.0,0.5,0.75,3.0,0.0,0.0,0.0,0.0,0.0,0,0,1.192169189453125,1.173614501953125,1.1376968421052633,1.0,1.0,2.0,1.0,1.0,2.0,1.3333333333333333,0.5773502691896257,0.0,0.0,0,5,2,0.1486699582887435,LOW
North Zone 2,Bellary Road 1,2.0,0.0,51,1,1,,,0.0,0.0,0.0,1.0,1.0,0.0,0.0,0.0,0.0,0.0,0,0,1.5020986534655094,0.905904982239008,0.4951525251839796,1.0,2.0,5.0,0.0,2.0,4.0,1.3333333333333333,1.8929694486000912,-1.0,-2.0,0,5,2,0.14001139682210312,LOW
Central Zone 2,Non-corridor,3.0,8.0,51,6,4,0.22749999999999998,35.75,0.16666666666666666,0.0,0.5,0.75,1.6666666666666667,0.0,0.16666666666666666,0.0,0.0,0.0,1,0,2.8544745132995324,2.103624030490428,0.6058408659346439,4.0,1.0,1.0,3.0,1.0,0.0,2.0,1.5,3.0,2.0,0,1,11,0.6007187007176111,HIGH
North Zone 2,Bellary Road 1,6.0,0.0,51,1,1,,,0.0,0.0,0.0,1.0,1.0,0.0,0.0,0.0,0.0,0.0,0,0,1.265976452327096,0.6017894807336714,1.1437907752674978,1.0,1.0,3.0,0.0,1.0,3.0,1.3333333333333333,0.9574271077563381,0.0,-1.0,0,5,2,0.09047339004173269,LOW
Central Zone 1,Non-corridor,2.0,8.0,51,2,2,,,0.5,0.0,0.5,0.75,1.0,1.0,0.0,0.0,0.0,0.0,0,0,1.5,0.5,0.12732,1.0,2.0,0.0,0.0,1.0,0.0,1.5,0.7071067811865476,-1.0,-1.0,0,0,11,0.12403284733305076,LOW
South Zone 1,Non-corridor,3.0,4.0,51,3,0,0.26256666666666667,44.9,0.0,0.0,0.6666666666666666,0.6666666666666666,2.8333333333333335,0.0,0.0,0.0,0.0,0.0,0,0,14.125,13.375,0.31028766233766236,1.0,53.0,2.0,0.0,53.0,0.0,18.333333333333332,25.83763405061178,-52.0,-53.0,0,6,11,0.4902108524563698,MEDIUM
Central Zone 2,Mysore Road,5.0,12.0,51,1,1,,,0.0,0.0,1.0,0.5,2.5,1.0,0.0,0.0,0.0,0.0,0,0,5.378671059588669,3.3401767178379487,1.098843835037327,9.0,2.0,3.0,5.0,2.0,3.0,4.0,3.593976442141304,7.0,3.0,0,1,10,0.2263382778126888,LOW
Central Zone 1,Old Madras Road,0.0,0.0,51,1,1,,,0.0,0.0,0.0,1.0,3.0,1.0,0.0,0.0,0.0,0.0,0,0,1.0,0.875,1.2896400000000001,1.0,1.0,1.0,1.0,1.0,1.0,1.0,0.0,0.0,0.0,0,0,18,0.06943846071626182,LOW
Central Zone 1,Old Airport Road,5.0,8.0,51,1,1,,,1.0,0.0,0.0,1.0,2.5,0.0,0.0,0.0,0.0,0.0,0,0,1.0,0.5521087646484375,0.4776153900271962,1.0,1.0,1.0,1.0,0.0,0.0,1.0,0.0,0.0,1.0,0,0,17,0.07001617759173424,LOW
West Zone 1,West of Chord Road,4.0,8.0,51,1,0,0.9896,81.2,0.0,0.0,0.0,1.0,2.5,0.0,0.0,0.0,0.0,0.0,0,0,0.0,0.0,0.0,0.0,0.0,0.0,0.0,0.0,0.0,0.0,0.0,0.0,0.0,0,8,21,0.08646325222651284,LOW
North Zone 2,Non-corridor,4.0,0.0,51,1,1,,,0.0,0.0,0.0,1.0,2.5,0.0,1.0,0.0,0.0,0.0,0,0,1.25,0.24609375,0.30156198022639347,1.0,2.0,1.0,0.0,0.0,1.0,1.3333333333333333,0.5,-1.0,0.0,0,5,11,0.13166879309391363,LOW
South Zone 2,Bannerghata Road,1.0,12.0,51,1,1,,,0.0,0.0,0.0,1.0,1.5,0.0,0.0,0.0,0.0,0.0,0,0,1.125,0.375,0.20634000000000002,1.0,1.0,1.0,0.0,0.0,1.0,1.3333333333333333,0.5,0.0,0.0,0,7,1,0.389711848977565,MEDIUM
South Zone 2,Bannerghata Road,1.0,8.0,51,1,1,1.5417,132.0,0.0,0.0,1.0,0.5,2.5,0.0,0.0,0.0,0.0,0.0,0,0,1.25,1.150390625,0.2678901402597403,1.0,2.0,1.0,1.0,2.0,0.0,1.3333333333333333,0.5,-1.0,-1.0,0,7,1,0.047400644418568484,LOW
South Zone 1,Non-corridor,3.0,0.0,51,1,0,0.3705,58.7,0.0,0.0,1.0,0.5,3.0,0.0,0.0,0.0,0.0,0.0,0,0,1.0068359375,0.595703125,0.9151934323847897,1.0,1.0,1.0,1.0,0.0,1.0,1.0,0.0,0.0,1.0,0,6,11,0.16715865938256563,LOW
Central Zone 2,Mysore Road,1.0,12.0,51,1,1,,,0.0,0.0,0.0,1.0,2.5,0.0,0.0,0.0,0.0,0.0,0,0,2.75,0.94921875,0.5035289077238552,3.0,4.0,1.0,1.0,1.0,1.0,2.6666666666666665,1.5,-1.0,0.0,0,1,10,0.380590443252986,MEDIUM
South Zone 2,Non-corridor,4.0,0.0,51,1,1,,,0.0,0.0,1.0,0.5,2.5,0.0,0.0,0.0,0.0,0.0,0,0,1.03125,0.4500732421875,0.4090370425996453,1.0,1.0,1.0,0.0,1.0,1.0,1.0,0.0,0.0,-1.0,0,7,11,0.217080695865364,LOW
Central Zone 2,Non-corridor,4.0,0.0,51,1,1,,,0.0,0.0,0.0,1.0,3.0,0.0,0.0,0.0,0.0,0.0,0,0,2.00982960741804,1.6336701598604924,0.1770176206408759,2.0,1.0,2.0,2.0,1.0,2.0,1.3333333333333333,0.577350269189623,1.0,1.0,0,1,11,0.6899732547361288,HIGH
South Zone 2,ORR East 1,2.0,0.0,51,1,1,,,0.0,0.0,1.0,0.5,2.5,0.0,0.0,0.0,0.0,0.0,0,0,1.0,0.5,0.0914,1.0,1.0,0.0,0.0,1.0,0.0,1.0,0.0,0.0,-1.0,0,7,12,0.12828552382185276,LOW
South Zone 2,ORR East 1,1.0,8.0,51,1,0,0.013,1.1,0.0,0.0,1.0,0.5,1.0,1.0,0.0,0.0,0.0,0.0,0,0,0.0,0.0,0.0,0.0,0.0,0.0,0.0,0.0,0.0,0.0,0.0,0.0,0.0,0,7,12,0.11175752858527524,LOW
West Zone 1,Magadi Road,1.0,0.0,51,1,0,0.3372,46.9,0.0,0.0,0.0,1.0,1.5,0.0,0.0,0.0,0.0,0.0,0,0,1.5,1.5,2.252855996830681,2.0,1.0,1.0,2.0,1.0,1.0,1.3333333333333333,0.5,1.0,1.0,0,8,9,0.20945382176351438,LOW
North Zone 2,Bellary Road 1,4.0,4.0,51,1,1,,,0.0,0.0,0.0,1.0,3.0,0.0,0.0,0.0,0.0,0.0,0,0,1.032238021492958,0.4982298309914768,0.7456060014631594,1.0,1.0,1.0,0.0,1.0,1.0,1.0,0.0,0.0,-1.0,0,5,2,0.15976438431564036,LOW
West Zone 2,Bellary Road 1,4.0,4.0,51,1,0,0.1843,12.6,0.0,0.0,1.0,0.5,3.0,0.0,0.0,0.0,0.0,0.0,0,0,1.0078125,0.4676513671875,1.1352572938708352,1.0,1.0,1.0,0.0,1.0,1.0,1.0,0.0,0.0,-1.0,0,9,2,0.11259373511724248,LOW
North Zone 2,Bellary Road 1,3.0,8.0,51,2,1,1.0008,83.7,0.5,0.0,0.0,1.0,2.0,0.0,0.0,0.0,0.0,0.0,0,0,1.7491217675278676,0.4056362823730524,0.40595052990733715,2.0,1.0,2.0,0.0,0.0,1.0,1.6666666666666667,0.5,1.0,0.0,0,5,2,0.40754848123579157,MEDIUM
West Zone 1,Magadi Road,0.0,12.0,51,1,1,,,0.0,0.0,1.0,0.5,2.5,0.0,0.0,0.0,0.0,0.0,0,0,1.0,1.0,0.0,1.0,1.0,0.0,1.0,1.0,0.0,1.0,0.0,0.0,0.0,0,8,9,0.09341992671647216,LOW
West Zone 1,Magadi Road,1.0,8.0,51,2,2,,,0.0,0.0,0.5,0.75,1.5,0.0,0.0,0.0,0.0,0.0,0,0,1.3134765625,0.900390625,0.37105497529085874,1.0,2.0,2.0,1.0,1.0,0.0,1.3333333333333333,0.5773502691896257,-1.0,0.0,0,8,9,0.07193288688485454,LOW
South Zone 1,Non-corridor,5.0,8.0,51,1,1,,,1.0,0.0,1.0,0.5,3.0,0.0,0.0,0.0,0.0,0.0,0,0,1.001953125,0.787109375,0.5987555878116344,1.0,1.0,1.0,1.0,1.0,0.0,1.0,0.0,0.0,0.0,0,6,11,0.34381922659536207,MEDIUM
Central Zone 1,Hosur Road,1.0,8.0,51,2,1,0.4076,86.5,0.5,0.0,0.5,0.75,1.0,0.0,0.0,0.0,0.0,0.0,0,0,1.0,0.0,1.435,1.0,0.0,0.0,0.0,0.0,0.0,1.0,0.0,0.0,0.0,0,0,7,0.08479329880835361,LOW
East Zone 1,ORR East 2,1.0,0.0,51,2,2,2.34,723.1,0.0,0.0,0.0,1.0,1.0,0.0,1.0,0.0,0.0,0.0,0,0,1.064117431640625,1.047271728515625,2.436891111778681,1.0,1.0,1.0,1.0,1.0,1.0,1.0,0.0,0.0,0.0,0,2,13,0.055072644892818025,LOW
West Zone 2,West of Chord Road,5.0,0.0,51,1,1,1.6908,119.6,0.0,0.0,0.0,1.0,3.0,0.0,0.0,0.0,0.0,0.0,0,0,1.0156288258731365,0.5583562664687634,0.6183920458660527,1.0,1.0,1.0,1.0,0.0,0.0,1.0,0.0,0.0,1.0,0,9,21,0.06572894036071879,LOW
North Zone 2,Bellary Road 1,5.0,4.0,51,1,1,,,1.0,0.0,0.0,1.0,1.0,0.0,0.0,0.0,0.0,0.0,0,0,2.179718982442864,1.4858381150693276,0.2305438720023321,2.0,3.0,3.0,1.0,3.0,2.0,2.0,0.9574271077563381,-1.0,-2.0,0,5,2,0.26676227759626514,LOW
Central Zone 1,Non-corridor,0.0,12.0,51,1,1,,,0.0,0.0,0.0,1.0,1.0,0.0,0.0,1.0,0.0,0.0,0,0,0.0,0.0,0.0,0.0,0.0,0.0,0.0,0.0,0.0,0.0,0.0,0.0,0.0,0,0,11,0.04841495543269926,LOW
West Zone 2,West of Chord Road,5.0,8.0,52,1,1,,,0.0,0.0,0.0,1.0,1.0,0.0,0.0,0.0,0.0,0.0,0,0,1.0695915222167969,0.5509719848632812,0.2653752350271367,1.0,1.0,2.0,0.0,1.0,2.0,1.0,0.5,0.0,-1.0,0,9,21,0.06410602879372199,LOW
Central Zone 1,Mysore Road,1.0,0.0,52,1,0,0.3973,32.6,0.0,0.0,0.0,1.0,1.0,1.0,0.0,0.0,0.0,0.0,0,0,0.0,0.0,0.0,0.0,0.0,0.0,0.0,0.0,0.0,0.0,0.0,0.0,0.0,0,0,10,0.04283762844070311,LOW
Central Zone 2,Non-corridor,0.0,4.0,52,1,1,,,0.0,0.0,1.0,0.5,2.5,0.0,0.0,0.0,0.0,1.0,0,1,1.807525634765625,0.9055862426757812,0.4375691059938261,2.0,2.0,1.0,1.0,1.0,1.0,1.6666666666666667,0.5773502691896257,0.0,0.0,0,1,11,0.6022368674658998,HIGH
South Zone 1,Non-corridor,4.0,12.0,52,1,0,1.15,835.9,0.0,0.0,0.0,1.0,1.0,0.0,0.0,0.0,0.0,0.0,0,0,1.125,1.0,0.3246,1.0,1.0,2.0,1.0,1.0,1.0,1.0,0.5,0.0,0.0,0,6,11,0.21422981788149442,LOW
Central Zone 1,Mysore Road,5.0,4.0,52,1,1,,,0.0,0.0,0.0,1.0,1.0,0.0,0.0,0.0,0.0,0.0,0,0,1.0,0.7890625,0.4053250526315789,1.0,1.0,1.0,1.0,1.0,0.0,1.0,0.0,0.0,0.0,0,0,10,0.09878349461244933,LOW
Central Zone 1,Non-corridor,1.0,0.0,52,1,1,,,0.0,0.0,1.0,0.5,1.0,0.0,0.0,0.0,0.0,0.0,0,0,1.0,0.5,0.5494,1.0,1.0,0.0,0.0,1.0,0.0,1.0,0.0,0.0,-1.0,0,0,11,0.12966597042726377,LOW
Central Zone 1,Mysore Road,3.0,0.0,52,1,0,0.7371,50.4,0.0,0.0,0.0,1.0,3.0,0.0,0.0,0.0,0.0,0.0,0,0,1.0,0.5,0.3973,1.0,1.0,0.0,1.0,0.0,0.0,1.0,0.0,0.0,1.0,0,0,10,0.06106009765784947,LOW
Central Zone 1,Hosur Road,3.0,0.0,52,2,2,,,0.0,0.0,0.5,0.75,1.0,0.0,0.0,0.0,0.0,0.0,0,0,1.125,1.125,2.106,1.0,1.0,2.0,1.0,1.0,2.0,1.0,0.5,0.0,0.0,0,0,7,0.25993302179042665,LOW
Central Zone 1,Hosur Road,3.0,12.0,52,1,1,,,0.0,0.0,1.0,0.5,1.0,0.0,0.0,0.0,0.0,0.0,0,0,0.0,0.0,0.0,0.0,0.0,0.0,0.0,0.0,0.0,0.0,0.0,0.0,0.0,0,0,7,0.07505892149852204,LOW
East Zone 1,ORR East 2,2.0,0.0,52,1,1,2.34,712.4,0.0,0.0,1.0,0.5,1.0,0.0,1.0,0.0,0.0,0.0,0,0,1.0087971810717136,1.0078204900491983,2.332645170466283,1.0,1.0,1.0,1.0,1.0,1.0,1.0,0.0,0.0,0.0,0,2,13,0.040283563741359704,LOW
South Zone 1,ORR West 1,5.0,8.0,52,2,2,,,0.5,0.0,0.5,0.75,2.0,0.0,0.0,0.0,0.0,0.0,0,0,1.250396728515625,0.6405467987060547,0.7855406726164474,1.0,2.0,1.0,0.0,2.0,0.0,1.3333333333333333,0.5,-1.0,-2.0,0,6,16,0.06006541743880921,LOW
North Zone 2,ORR North 2,0.0,12.0,52,1,1,,,0.0,0.0,1.0,0.5,1.5,0.0,0.0,0.0,0.0,1.0,0,0,1.0,1.0,0.0,1.0,1.0,0.0,1.0,1.0,0.0,1.0,0.0,0.0,0.0,0,5,15,0.0645306143462787,LOW
North Zone 2,ORR North 2,1.0,0.0,52,2,1,0.0653,13.4,0.0,0.0,0.0,1.0,1.25,0.0,0.0,0.0,0.0,0.0,0,0,1.0703125,0.9140625,0.8126947368421052,1.0,1.0,2.0,1.0,1.0,2.0,1.0,0.5,0.0,0.0,0,5,15,0.11596294971079155,LOW
West Zone 2,Bellary Road 1,2.0,8.0,52,2,0,0.5617,82.3,1.0,0.0,1.0,0.5,1.0,0.0,0.0,0.0,0.0,0.0,0,0,1.03125,1.0078125,2.7963150703281983,1.0,1.0,1.0,1.0,1.0,1.0,1.0,0.0,0.0,0.0,0,9,2,0.14758892794109935,LOW
West Zone 2,Bellary Road 1,3.0,4.0,52,1,0,1.4381,118.0,0.0,0.0,0.0,1.0,2.5,0.0,0.0,0.0,0.0,0.0,0,0,1.25,0.96484375,2.3158585240997227,1.0,2.0,1.0,1.0,1.0,1.0,1.3333333333333333,0.5,-1.0,0.0,0,9,2,0.03847991230284575,LOW
West Zone 2,Bellary Road 1,4.0,0.0,52,1,0,0.1243,8.5,0.0,0.0,0.0,1.0,3.0,0.0,0.0,0.0,0.0,0.0,0,0,1.203125,0.9638671875,0.36284723937115515,1.0,1.0,1.0,1.0,1.0,0.0,1.3333333333333333,0.4999999999999999,0.0,0.0,0,9,2,0.22576278697977037,LOW
West Zone 2,Bellary Road 1,1.0,12.0,52,1,1,,,0.0,0.0,1.0,0.5,2.5,0.0,0.0,0.0,0.0,0.0,0,0,1.5,0.75,0.20268000000000003,2.0,1.0,0.0,1.0,0.0,0.0,1.3333333333333333,0.5773502691896258,1.0,1.0,0,9,2,0.07721953554192021,LOW
East Zone 2,Non-corridor,3.0,0.0,52,3,2,0.1294,34.5,0.0,0.0,0.3333333333333333,0.8333333333333334,1.3333333333333333,0.0,1.0,0.0,0.0,0.0,0,0,1.2593994140625,1.0918731689453125,0.3229620516106286,1.0,2.0,1.0,1.0,2.0,1.0,1.3333333333333333,0.5,-1.0,-1.0,0,3,11,0.08666816877161099,LOW
East Zone 2,Non-corridor,3.0,4.0,52,1,1,,,0.0,0.0,1.0,0.5,1.0,0.0,1.0,0.0,0.0,0.0,0,0,1.0625,0.884765625,0.28878093074792244,1.0,1.0,2.0,1.0,1.0,0.0,1.0,0.5,0.0,0.0,0,3,11,0.24103162749744356,LOW
East Zone 2,Non-corridor,1.0,8.0,52,1,0,0.1092,31.2,1.0,0.0,0.0,1.0,1.0,0.0,1.0,0.0,0.0,0.0,0,0,1.6875,1.38671875,0.4246177033492823,1.0,3.0,2.0,1.0,3.0,2.0,2.0,0.816496580927726,-2.0,-2.0,0,3,11,0.15987961959029168,LOW
East Zone 2,Non-corridor,1.0,12.0,52,1,0,0.761,109.7,0.0,0.0,0.0,1.0,3.0,0.0,1.0,0.0,0.0,0.0,0,0,1.0,0.875,0.2747,1.0,1.0,1.0,1.0,1.0,0.0,1.0,0.0,0.0,0.0,0,3,11,0.07301414930916622,LOW
Central Zone 2,Non-corridor,1.0,16.0,52,1,1,,,0.0,0.0,0.0,1.0,3.0,0.0,0.0,0.0,0.0,0.0,0,0,1.125,1.125,0.0,1.0,1.0,2.0,1.0,1.0,2.0,1.0,0.5,0.0,0.0,0,1,11,0.4264565183813024,MEDIUM
South Zone 2,Bannerghata Road,1.0,0.0,52,1,1,,,0.0,0.0,0.0,1.0,2.5,0.0,0.0,0.0,0.0,0.0,0,0,1.0625,1.015625,0.2934578947368421,1.0,1.0,2.0,1.0,1.0,2.0,1.0,0.5,0.0,0.0,0,7,1,0.4068390256131051,MEDIUM
North Zone 2,Non-corridor,4.0,0.0,52,1,1,,,0.0,0.0,1.0,0.5,1.0,0.0,1.0,0.0,0.0,0.0,0,0,1.125,0.623046875,0.30156198022639347,1.0,1.0,1.0,1.0,0.0,1.0,1.3333333333333333,0.5,0.0,1.0,0,5,11,0.18128927197672504,LOW
West Zone 2,Mysore Road,4.0,0.0,52,2,1,0.0102,2.1,0.0,0.0,0.0,1.0,2.0,0.0,0.0,0.0,0.0,0.0,0,0,1.251953125,0.388671875,0.6461307371701983,1.0,2.0,1.0,0.0,1.0,0.0,1.3333333333333333,0.5,-1.0,-1.0,0,9,10,0.022711831373670922,LOW
West Zone 2,Bellary Road 1,4.0,4.0,52,1,0,0.1204,24.7,0.0,0.0,0.0,1.0,1.0,0.0,0.0,0.0,0.0,0.0,0,0,1.00390625,0.23382568359375,0.7548743763225011,1.0,1.0,1.0,0.0,0.0,1.0,1.0,0.0,0.0,0.0,0,9,2,0.14714548717169648,LOW
West Zone 2,Bellary Road 1,4.0,12.0,52,1,0,0.068,27.9,0.0,0.0,0.0,1.0,0.5,0.0,0.0,0.0,0.0,0.0,0,0,2.78125,2.484375,0.7912644155844157,4.0,2.0,1.0,4.0,1.0,1.0,2.3333333333333335,1.4142135623730951,2.0,3.0,0,9,2,0.04342779213591173,LOW
West Zone 2,Magadi Road,1.0,8.0,52,1,1,1.7684,145.1,0.0,0.0,1.0,0.5,2.5,0.0,0.0,0.0,0.0,0.0,0,0,0.0,0.0,0.0,0.0,0.0,0.0,0.0,0.0,0.0,0.0,0.0,0.0,0.0,0,9,9,0.04577460802389546,LOW
North Zone 2,ORR North 2,2.0,4.0,52,1,0,0.4095,84.0,0.0,0.0,0.0,1.0,1.0,0.0,0.0,0.0,0.0,0.0,0,0,1.28125,0.421875,0.3714773052631579,1.0,1.0,1.0,0.0,0.0,0.0,1.6666666666666667,1.0,0.0,0.0,0,5,15,0.4832216954791134,MEDIUM
West Zone 2,Bellary Road 1,1.0,8.0,52,1,1,,,0.0,0.0,0.0,1.0,1.0,0.0,0.0,0.0,0.0,0.0,0,0,1.25,1.0625,0.32880000000000004,1.0,2.0,1.0,1.0,2.0,0.0,1.3333333333333333,0.5,-1.0,-1.0,0,9,2,0.031207605806344196,LOW
West Zone 2,Bellary Road 1,2.0,0.0,52,1,0,1.0177,83.5,0.0,0.0,1.0,0.5,2.5,0.0,0.0,0.0,0.0,0.0,0,0,2.25,1.421875,0.1582201093643199,3.0,2.0,1.0,2.0,1.0,0.0,2.0,0.9574271077563381,1.0,1.0,0,9,2,0.2574093149578724,LOW
South Zone 2,Bannerghata Road,3.0,0.0,52,1,1,,,0.0,0.0,0.0,1.0,1.0,0.0,0.0,0.0,0.0,0.0,0,0,1.08599853515625,0.4570465087890625,1.1091546866588242,1.0,1.0,2.0,0.0,1.0,0.0,1.0,0.5,0.0,-1.0,0,7,1,0.047401544937052245,LOW
North Zone 2,Non-corridor,2.0,4.0,52,1,1,,,0.0,0.0,0.0,1.0,3.0,0.0,0.0,0.0,0.0,0.0,0,0,1.28125,1.171875,0.548104,1.0,1.0,1.0,1.0,1.0,0.0,1.6666666666666667,1.0,0.0,0.0,0,5,11,0.3978022234103889,MEDIUM
East Zone 1,Non-corridor,5.0,4.0,52,2,2,,,0.0,0.0,1.0,0.5,1.75,0.0,1.0,0.0,0.0,0.0,0,0,1.00048828125,0.740692138671875,1.082528760594015,1.0,1.0,1.0,1.0,0.0,1.0,1.0,0.0,0.0,1.0,0,2,11,0.056236408126443864,LOW
West Zone 1,Tumkur Road,5.0,8.0,52,1,1,,,1.0,0.0,0.0,1.0,1.0,0.0,0.0,0.0,0.0,0.0,0,0,1.189271144976658,0.9825848504624267,0.5354292292852134,1.0,1.0,1.0,1.0,1.0,0.0,1.3333333333333333,0.4999999999999999,0.0,0.0,0,8,19,0.31250673076053453,MEDIUM
North Zone 2,Non-corridor,3.0,8.0,52,1,1,,,0.0,0.0,0.0,1.0,1.0,0.0,0.0,0.0,0.0,0.0,0,0,1.0625,0.484375,0.28674992410187217,1.0,1.0,1.0,0.0,1.0,0.0,1.0,0.0,0.0,-1.0,0,5,11,0.28201820409536904,LOW
North Zone 2,Non-corridor,3.0,12.0,52,1,1,,,0.0,0.0,1.0,0.5,3.0,0.0,1.0,0.0,0.0,0.0,0,0,1.8125,1.609375,0.21448541922077918,2.0,2.0,2.0,2.0,2.0,1.0,1.6666666666666667,0.5,0.0,0.0,0,5,11,0.30150514673382117,MEDIUM
Central Zone 2,Non-corridor,1.0,4.0,52,2,1,0.0911,43.3,0.5,0.0,0.0,1.0,1.25,0.0,0.5,0.0,0.0,0.0,0,0,2.3126426840317436,1.8073156463360647,1.2549903986953566,2.0,3.0,1.0,2.0,1.0,1.0,2.6666666666666665,0.9574271077563384,-1.0,1.0,0,1,11,0.6954206085296439,HIGH
North Zone 2,ORR North 2,2.0,16.0,52,1,1,,,1.0,0.0,0.0,1.0,3.0,0.0,0.0,0.0,0.0,0.0,0,0,1.5,1.0,0.5221,2.0,1.0,0.0,2.0,0.0,0.0,1.5,0.7071067811865476,1.0,2.0,0,5,15,0.3151959158347078,MEDIUM
Central Zone 2,Non-corridor,1.0,8.0,52,5,3,0.1857,28.200000000000003,0.4,0.0,0.0,1.0,2.2,0.2,0.2,0.0,0.0,0.0,1,0,3.7686181642347947,1.3100405333098024,0.2921707100065652,5.0,1.0,10.0,1.0,1.0,8.0,2.6666666666666665,4.041451884327381,4.0,0.0,0,1,11,0.7172740121448937,HIGH
West Zone 2,Mysore Road,2.0,0.0,52,1,0,0.2647,36.2,0.0,0.0,0.0,1.0,1.5,0.0,0.0,0.0,0.0,0.0,0,0,1.0625,0.4375,0.5860950649350649,1.0,1.0,2.0,0.0,1.0,1.0,1.0,0.5,0.0,-1.0,0,9,10,0.17887952808926671,LOW
North Zone 2,Non-corridor,0.0,8.0,52,2,2,,,0.0,0.0,0.5,0.75,1.0,0.5,0.5,0.0,0.0,1.0,0,0,2.0,1.5,0.5157,2.0,2.0,0.0,2.0,1.0,0.0,2.0,0.0,0.0,1.0,0,5,11,0.33095864074771775,MEDIUM
North Zone 2,Non-corridor,0.0,12.0,52,1,0,0.5214,75.5,0.0,0.0,0.0,1.0,2.5,0.0,1.0,0.0,0.0,1.0,0,0,0.0,0.0,0.0,0.0,0.0,0.0,0.0,0.0,0.0,0.0,0.0,0.0,0.0,0,5,11,0.234616658064947,LOW
East Zone 2,Non-corridor,5.0,0.0,52,1,1,,,0.0,0.0,0.0,1.0,2.5,0.0,1.0,0.0,0.0,0.0,0,0,1.0655563473701477,0.3286581411957741,0.4641492191251509,1.0,1.0,1.0,0.0,1.0,0.0,1.0,0.0,0.0,-1.0,0,3,11,0.20577069331867748,LOW
East Zone 1,Non-corridor,4.0,0.0,52,3,2,0.0463,20.2,0.0,0.0,0.0,1.0,1.6666666666666667,0.0,1.0,0.0,0.0,0.0,0,0,1.4063720703125,0.8686561584472656,0.7300639759358847,1.0,2.0,1.0,1.0,1.0,1.0,1.6666666666666667,0.5773502691896257,-1.0,0.0,0,2,11,0.06028337042046508,LOW
East Zone 1,Non-corridor,4.0,8.0,52,3,2,0.1859,35.0,0.3333333333333333,0.0,0.6666666666666666,0.6666666666666666,1.6666666666666667,0.0,1.0,0.0,0.0,0.0,0,0,1.262939453125,1.0362548828125,0.3651869500826447,1.0,2.0,1.0,1.0,2.0,0.0,1.3333333333333333,0.5,-1.0,-1.0,0,2,11,0.07700574625911662,LOW
East Zone 1,Non-corridor,4.0,16.0,52,1,1,,,1.0,0.0,0.0,1.0,3.0,0.0,1.0,0.0,0.0,0.0,0,0,1.25,1.25,0.0,1.0,1.0,0.0,1.0,1.0,0.0,1.3333333333333333,0.5773502691896257,0.0,0.0,0,2,11,0.16317424719117601,LOW
South Zone 2,Bannerghata Road,4.0,0.0,52,2,1,0.5824,50.3,0.0,0.0,0.0,1.0,2.5,0.0,0.0,0.0,0.0,0.0,0,0,1.0053749084472656,0.9660654067993164,1.1091546866588242,1.0,1.0,1.0,1.0,1.0,1.0,1.0,0.0,0.0,0.0,0,7,1,0.1786238167145748,LOW
North Zone 2,Non-corridor,1.0,12.0,52,1,1,,,0.0,0.0,1.0,0.5,1.0,0.0,1.0,0.0,0.0,0.0,0,0,1.0,0.0,0.5213344,1.0,1.0,1.0,0.0,0.0,0.0,1.0,0.0,0.0,0.0,0,5,11,0.18662737637062654,LOW
East Zone 2,ORR East 2,1.0,0.0,52,1,1,,,0.0,0.0,0.0,1.0,2.5,0.0,0.0,0.0,0.0,0.0,0,0,1.0,1.0,0.0,1.0,0.0,0.0,1.0,0.0,0.0,1.0,0.0,0.0,0.0,0,3,13,0.0704936926193563,LOW
East Zone 2,Non-corridor,4.0,12.0,52,1,0,0.3725,59.6,0.0,0.0,0.0,1.0,2.5,0.0,1.0,0.0,0.0,0.0,0,0,1.0,0.5546875,0.34355858610271894,1.0,1.0,1.0,1.0,0.0,0.0,1.0,0.0,0.0,1.0,0,3,11,0.2074578900138913,LOW
East Zone 2,Non-corridor,5.0,8.0,52,1,0,0.3115,98.9,1.0,0.0,0.0,1.0,1.0,0.0,1.0,0.0,0.0,0.0,0,0,1.0625839233398438,0.9408431053161621,1.1463982988682575,1.0,1.0,2.0,1.0,1.0,1.0,1.0,0.5,0.0,0.0,0,3,11,0.08195955558326574,LOW
West Zone 1,Tumkur Road,4.0,4.0,52,1,1,,,0.0,0.0,0.0,1.0,2.5,0.0,0.0,0.0,0.0,0.0,0,0,1.0654452001764412,0.5921228714125846,0.5709489288581773,1.0,1.0,2.0,1.0,0.0,1.0,1.0,0.5,0.0,1.0,0,8,19,0.25574905218691585,LOW
North Zone 2,Non-corridor,0.0,4.0,52,1,0,0.2089,28.3,0.0,0.0,0.0,1.0,1.0,1.0,0.0,0.0,0.0,1.0,0,1,1.5,0.75,0.77424,2.0,1.0,0.0,1.0,0.0,0.0,1.3333333333333333,0.5773502691896258,1.0,1.0,0,5,11,0.5377357038906763,MEDIUM
North Zone 2,ORR North 2,3.0,20.0,52,1,1,2.2705,62.1,0.0,0.0,0.0,1.0,3.0,1.0,0.0,0.0,0.0,0.0,0,0,1.0,0.5,1.07462,1.0,1.0,0.0,1.0,0.0,0.0,1.0,0.0,0.0,1.0,0,5,15,0.15686841577461968,LOW
North Zone 2,ORR North 2,4.0,4.0,52,1,1,,,0.0,0.0,1.0,0.5,1.5,0.0,0.0,0.0,0.0,0.0,0,0,1.01617431640625,0.387542724609375,0.175580639360932,1.0,1.0,1.0,0.0,1.0,1.0,1.0,0.0,0.0,-1.0,0,5,15,0.17395784154228,LOW
North Zone 2,ORR North 2,3.0,4.0,52,1,1,,,0.0,0.0,1.0,0.5,3.0,0.0,0.0,0.0,0.0,0.0,0,0,1.2587890625,1.20068359375,0.3866863831578947,1.0,1.0,1.0,1.0,1.0,1.0,1.6666666666666667,1.0,0.0,0.0,0,5,15,0.33349794053326337,MEDIUM
East Zone 2,Non-corridor,2.0,0.0,52,1,1,,,0.0,0.0,0.0,1.0,1.0,0.0,1.0,0.0,0.0,0.0,0,0,2.203125,0.759765625,0.5648456029067885,2.0,3.0,1.0,0.0,2.0,1.0,2.3333333333333335,0.816496580927726,-1.0,-2.0,0,3,11,0.31188697349289757,MEDIUM
East Zone 1,ORR East 1,1.0,0.0,52,1,1,,,0.0,0.0,0.0,1.0,1.0,0.0,1.0,0.0,0.0,0.0,0,0,1.91015625,1.0546875,0.6184760791578948,1.0,3.0,3.0,0.0,2.0,2.0,2.3333333333333335,1.0,-2.0,-2.0,0,2,12,0.46872152855139537,MEDIUM
West Zone 2,Mysore Road,4.0,4.0,52,1,0,0.3661,75.1,0.0,0.0,0.0,1.0,1.0,0.0,0.0,0.0,0.0,0.0,0,0,1.03125,0.5390625,0.37277282526315786,1.0,1.0,1.0,1.0,0.0,0.0,1.0,0.0,0.0,1.0,0,9,10,0.35426825366017217,MEDIUM
Central Zone 2,Mysore Road,4.0,8.0,52,1,1,,,0.0,0.0,1.0,0.5,2.5,0.0,0.0,0.0,0.0,0.0,0,0,2.1906314046502073,0.972239366519495,0.49928872873226626,3.0,1.0,1.0,1.0,1.0,0.0,2.0,0.9574271077563381,2.0,0.0,0,1,10,0.18523229172920747,LOW
East Zone 1,Non-corridor,3.0,12.0,52,1,0,0.006,2.8,0.0,0.0,0.0,1.0,1.0,0.0,1.0,0.0,0.0,0.0,0,0,1.0,1.0,0.0,1.0,0.0,0.0,1.0,0.0,0.0,1.0,0.0,0.0,0.0,0,2,11,0.04639751056940836,LOW
West Zone 1,Tumkur Road,4.0,8.0,52,1,1,,,0.0,0.0,1.0,0.5,2.5,0.0,0.0,0.0,0.0,0.0,0,0,1.453413114024471,0.5417217183812326,0.520204920747922,1.0,2.0,2.0,1.0,0.0,0.0,1.6666666666666667,0.5,-1.0,1.0,0,8,19,0.10415442996707285,LOW
East Zone 2,ORR North 1,5.0,0.0,52,1,0,0.4124,28.2,0.0,0.0,0.0,1.0,3.0,0.0,0.0,0.0,0.0,0.0,0,0,1.125,1.125,0.0,1.0,1.0,1.0,1.0,1.0,1.0,1.3333333333333333,0.5,0.0,0.0,0,3,14,0.36773703368054594,MEDIUM
Central Zone 1,Old Madras Road,4.0,8.0,52,2,2,,,0.5,0.0,1.0,0.5,2.0,0.0,0.0,0.0,0.0,0.0,0,0,1.6016895771026611,1.5981644839048386,1.1911588213530093,2.0,1.0,1.0,2.0,1.0,1.0,1.3333333333333333,0.5,1.0,1.0,0,0,18,0.4195490866033249,MEDIUM
North Zone 1,Airport New South Road,0.0,0.0,52,1,1,,,0.0,0.0,0.0,1.0,1.0,0.0,1.0,0.0,0.0,1.0,0,0,0.0,0.0,0.0,0.0,0.0,0.0,0.0,0.0,0.0,0.0,0.0,0.0,0.0,0,4,0,0.06073371561115518,LOW
North Zone 1,Airport New South Road,0.0,8.0,52,1,0,0.0142,1.6,1.0,0.0,1.0,0.5,1.0,0.0,1.0,0.0,0.0,1.0,0,0,0.0,0.0,0.0,0.0,0.0,0.0,0.0,0.0,0.0,0.0,0.0,0.0,0.0,0,4,0,0.05591893637214531,LOW
East Zone 1,Non-corridor,3.0,0.0,52,1,1,,,0.0,0.0,1.0,0.5,3.0,0.0,1.0,0.0,0.0,0.0,0,0,1.501953125,0.89849853515625,0.878138651053279,1.0,3.0,1.0,1.0,1.0,0.0,1.6666666666666667,1.0,-2.0,0.0,0,2,11,0.10294397711956942,LOW
East Zone 1,Non-corridor,3.0,4.0,52,1,1,,,0.0,0.0,1.0,0.5,1.5,1.0,1.0,0.0,0.0,0.0,0,0,1.0078125,0.85107421875,0.987211650582932,1.0,1.0,1.0,1.0,1.0,1.0,1.0,0.0,0.0,0.0,0,2,11,0.057490958846199314,LOW
North Zone 1,Airport New South Road,2.0,0.0,52,1,1,,,0.0,0.0,0.0,1.0,1.0,0.0,1.0,0.0,0.0,0.0,0,0,1.0,1.0,1.9172421052631579,1.0,1.0,1.0,1.0,1.0,1.0,1.0,0.0,0.0,0.0,0,4,0,0.04352597326351669,LOW
North Zone 1,Airport New South Road,3.0,0.0,52,1,1,,,0.0,0.0,1.0,0.5,1.0,0.0,1.0,0.0,0.0,0.0,0,0,1.0,1.0,1.9172421052631579,1.0,1.0,1.0,1.0,1.0,1.0,1.0,0.0,0.0,0.0,0,4,0,0.04345731607941079,LOW
Central Zone 2,Non-corridor,2.0,0.0,52,2,1,0.9742,129.9,0.0,0.0,0.5,0.75,3.0,0.0,0.0,0.0,0.0,0.0,0,0,2.608336537955827,2.288006516255979,0.6659095735782555,3.0,2.0,3.0,3.0,1.0,3.0,2.3333333333333335,0.5773502691896132,1.0,2.0,0,1,11,0.6629398693025659,HIGH
West Zone 2,Non-corridor,4.0,8.0,52,1,1,,,0.0,0.0,1.0,0.5,1.0,0.0,0.0,0.0,0.0,0.0,0,0,1.78125,1.484375,0.2588671223513329,2.0,2.0,1.0,2.0,1.0,1.0,1.6666666666666667,0.5773502691896257,0.0,1.0,0,9,11,0.12414549626705665,LOW
West Zone 2,Mysore Road,5.0,12.0,52,1,1,,,0.0,0.0,0.0,1.0,1.0,0.0,0.0,0.0,0.0,0.0,0,0,1.0,0.953125,1.7909672727272727,1.0,1.0,1.0,1.0,1.0,1.0,1.0,0.0,0.0,0.0,0,9,10,0.042502309053714785,LOW
East Zone 2,Non-corridor,1.0,0.0,52,1,1,,,0.0,0.0,0.0,1.0,3.0,0.0,1.0,0.0,0.0,0.0,0,0,2.25,1.15625,0.676339029391661,3.0,2.0,1.0,1.0,2.0,0.0,2.0,0.9574271077563381,1.0,-1.0,0,3,11,0.2406426761679573,LOW
East Zone 2,Non-corridor,1.0,4.0,52,1,0,0.0525,8.4,0.0,0.0,0.0,1.0,2.5,0.0,1.0,0.0,0.0,0.0,0,0,1.0,0.3125,0.6836692520775624,1.0,1.0,1.0,0.0,1.0,1.0,1.0,0.0,0.0,-1.0,0,3,11,0.05368431498965951,LOW
Central Zone 2,Mysore Road,4.0,0.0,52,3,1,0.5082,41.7,0.0,0.0,0.3333333333333333,0.8333333333333334,2.5,0.0,0.0,0.0,0.0,0.0,0,0,3.329425907935085,2.5434512610160933,0.6180799716028244,5.0,2.0,1.0,4.0,1.0,1.0,2.6666666666666665,1.8929694486000912,3.0,3.0,0,1,10,0.30579221714509874,MEDIUM
Central Zone 2,Mysore Road,4.0,4.0,52,3,0,0.11926666666666667,17.5,0.3333333333333333,0.0,0.3333333333333333,0.8333333333333334,1.5,0.0,0.0,0.0,0.0,0.0,0,0,1.1187749513793608,1.021586347467566,1.0189308902695204,1.0,1.0,1.0,1.0,1.0,0.0,1.0,0.0,0.0,0.0,0,1,10,0.2298585685965716,LOW
South Zone 2,Bannerghata Road,5.0,8.0,52,1,0,0.157,13.8,0.0,0.0,0.0,1.0,2.5,0.0,0.0,0.0,0.0,0.0,0,0,1.500030517578125,1.4902527332305908,0.6838373364187879,1.0,2.0,1.0,1.0,2.0,1.0,2.0,0.9574271077563381,-1.0,-1.0,0,7,1,0.16332707716718656,LOW
East Zone 1,Non-corridor,2.0,0.0,52,1,0,0.9039,67.4,0.0,0.0,0.0,1.0,2.5,1.0,1.0,0.0,0.0,0.0,0,0,1.03125,0.3759765625,0.26492488333561176,1.0,1.0,1.0,0.0,1.0,1.0,1.0,0.0,0.0,-1.0,0,2,11,0.3383743812989617,MEDIUM
West Zone 1,Tumkur Road,2.0,16.0,52,1,0,0.1346,9.2,0.0,0.0,0.0,1.0,3.0,0.0,0.0,0.0,0.0,0.0,0,0,1.0,0.625,1.5103864,1.0,1.0,1.0,1.0,0.0,0.0,1.0,0.0,0.0,1.0,0,8,19,0.11452015721771032,LOW
West Zone 1,Tumkur Road,2.0,20.0,52,1,0,0.3076,63.1,0.0,0.0,0.0,1.0,1.0,0.0,0.0,0.0,0.0,0.0,0,0,1.5,1.0,1.1349,2.0,1.0,1.0,1.0,1.0,1.0,1.3333333333333333,0.5,1.0,0.0,0,8,19,0.20809770315935516,LOW
North Zone 1,Airport New South Road,3.0,4.0,52,2,1,0.4441,91.1,0.0,0.0,0.5,0.75,1.0,0.0,1.0,0.0,0.0,0.0,0,0,1.53125,1.28125,1.5767,2.0,1.0,1.0,2.0,0.0,1.0,1.3333333333333333,0.5,1.0,2.0,0,4,0,0.23044927342127872,LOW
North Zone 1,Airport New South Road,4.0,0.0,52,1,1,2.34,1439.8,0.0,0.0,1.0,0.5,1.0,0.0,1.0,0.0,0.0,0.0,0,0,1.0,1.0,1.9172421052631579,1.0,1.0,1.0,1.0,1.0,1.0,1.0,0.0,0.0,0.0,0,4,0,0.035722834396167545,LOW
North Zone 1,Airport New South Road,5.0,0.0,52,1,0,0.0263,5.4,0.0,0.0,1.0,0.5,1.0,0.0,1.0,0.0,0.0,0.0,0,0,1.0,1.0,2.3296106869836732,1.0,1.0,1.0,1.0,1.0,1.0,1.0,0.0,0.0,0.0,0,4,0,0.037453217076764925,LOW
North Zone 1,Bellary Road 1,2.0,0.0,52,1,1,,,0.0,0.0,1.0,0.5,1.0,0.0,0.0,0.0,0.0,0.0,0,0,1.25,1.0,2.0540399999999996,1.0,2.0,0.0,1.0,1.0,0.0,1.3333333333333333,0.5773502691896257,-1.0,0.0,0,4,2,0.04942749575632629,LOW
East Zone 1,Non-corridor,1.0,0.0,52,1,0,0.0158,2.5,0.0,0.0,1.0,0.5,3.0,0.0,1.0,0.0,0.0,0.0,0,0,1.25,1.0078125,0.12492224,1.0,1.0,1.0,1.0,1.0,0.0,1.6666666666666667,1.0,0.0,0.0,0,2,11,0.11653526119318293,LOW
South Zone 1,ORR West 1,2.0,0.0,52,1,1,,,0.0,0.0,0.0,1.0,1.0,0.0,0.0,0.0,0.0,0.0,0,0,1.390625,0.33203125,0.7699891452631579,1.0,2.0,1.0,0.0,0.0,1.0,1.6666666666666667,0.5773502691896257,-1.0,0.0,0,6,16,0.09623041702235464,LOW
Central Zone 2,Non-corridor,1.0,0.0,52,1,0,0.2285,91.4,0.0,0.0,1.0,0.5,1.0,0.0,0.0,0.0,0.0,0.0,0,0,2.5468117846758105,2.3603948148083873,0.46147329132632586,2.0,3.0,1.0,2.0,3.0,0.0,3.0,1.2909944487358016,-1.0,-1.0,0,1,11,0.7183114868436348,HIGH
East Zone 1,Varthur Road,5.0,0.0,52,1,1,,,0.0,0.0,1.0,0.5,2.5,0.0,1.0,0.0,0.0,0.0,0,0,1.2125244140625,0.99139404296875,1.0150652744253932,1.0,1.0,4.0,1.0,1.0,3.0,1.0,1.5,0.0,0.0,0,2,20,0.05563388319014124,LOW
Central Zone 2,Non-corridor,2.0,4.0,52,3,2,0.2713,44.9,0.3333333333333333,0.0,0.0,1.0,2.3333333333333335,0.0,0.3333333333333333,0.0,0.0,0.0,0,1,1.7226889730860557,1.641928489032408,0.23005762584079156,1.0,3.0,1.0,1.0,3.0,1.0,2.0,0.957427107756338,-2.0,-2.0,0,1,11,0.6885990630467703,HIGH
West Zone 1,Tumkur Road,2.0,0.0,52,1,0,0.4668,38.3,0.0,0.0,0.0,1.0,2.5,0.0,0.0,0.0,0.0,0.0,0,0,1.0078269690275192,0.026967480778694153,0.30158721517061954,1.0,1.0,1.0,0.0,0.0,0.0,1.0,0.0,0.0,0.0,0,8,19,0.3293377108796315,MEDIUM
West Zone 1,Tumkur Road,2.0,4.0,52,1,0,0.125,17.1,0.0,0.0,1.0,0.5,1.5,0.0,0.0,0.0,0.0,0.0,0,0,1.5083193816244602,0.6822504475712776,0.9365989276725097,2.0,1.0,1.0,1.0,0.0,0.0,1.3333333333333333,0.5,1.0,1.0,0,8,19,0.16082904455911634,LOW
North Zone 1,Bellary Road 1,4.0,8.0,52,2,2,,,0.0,0.0,0.0,1.0,2.0,0.0,0.0,0.0,0.0,0.0,0,0,1.75,1.75,0.0,2.0,2.0,1.0,2.0,2.0,1.0,1.6666666666666667,0.5773502691896257,0.0,0.0,0,4,2,0.32614018571361614,MEDIUM
North Zone 2,Bellary Road 2,5.0,4.0,52,2,1,0.6043,134.0,0.0,0.0,0.0,1.0,2.0,0.0,1.0,0.0,0.0,0.0,0,0,1.3761904332804988,1.3272912547708984,1.8169905969141475,1.0,1.0,1.0,1.0,1.0,1.0,2.0,1.5,0.0,0.0,0,5,3,0.07174816136702244,LOW
South Zone 2,Hosur Road,1.0,0.0,52,1,0,0.2864,23.5,0.0,0.0,1.0,0.5,2.5,0.0,0.0,0.0,0.0,0.0,0,0,1.408203125,1.01123046875,0.37973273055365675,1.0,2.0,3.0,1.0,2.0,0.0,1.3333333333333333,0.9574271077563381,-1.0,-1.0,0,7,7,0.15042659250179294,LOW
North Zone 1,Bellary Road 2,0.0,8.0,52,2,2,,,1.0,0.0,0.5,0.75,2.0,0.5,0.0,0.0,0.0,1.0,0,0,1.0,0.0,1.4331,1.0,0.0,0.0,0.0,0.0,0.0,1.0,0.0,0.0,0.0,0,4,3,0.03767362425974481,LOW
North Zone 1,Bellary Road 2,1.0,0.0,52,1,1,,,0.0,0.0,0.0,1.0,2.5,0.0,0.0,0.0,0.0,0.0,0,0,1.0,0.0,1.0969,1.0,0.0,0.0,0.0,0.0,0.0,1.0,0.0,0.0,0.0,0,4,3,0.04538586296710774,LOW
North Zone 1,Bellary Road 2,2.0,0.0,52,2,2,,,0.0,0.0,0.0,1.0,3.0,0.0,1.0,0.0,0.0,0.0,0,0,1.0,0.875,1.0969,1.0,1.0,1.0,1.0,1.0,0.0,1.0,0.0,0.0,0.0,0,4,3,0.05404239274660544,LOW
North Zone 1,Bellary Road 2,0.0,4.0,52,1,0,0.3225,34.5,0.0,0.0,1.0,0.5,1.5,0.0,0.0,0.0,0.0,1.0,0,0,1.0,1.0,1.6683,1.0,0.0,0.0,1.0,0.0,0.0,1.0,0.0,0.0,0.0,0,4,3,0.11660488254509449,LOW
West Zone 1,Tumkur Road,1.0,4.0,52,3,0,0.30306666666666665,40.36666666666667,0.3333333333333333,0.0,0.3333333333333333,0.8333333333333334,1.5,0.0,0.0,0.0,0.0,0.0,0,0,1.1297616958618164,0.6561145782470703,0.19724621311887586,1.0,1.0,1.0,1.0,0.0,0.0,1.3333333333333333,0.5,0.0,1.0,0,8,19,0.3512475474831515,MEDIUM
North Zone 2,Bellary Road 2,4.0,20.0,52,1,1,,,0.0,0.0,0.0,1.0,1.0,0.0,1.0,0.0,0.0,0.0,0,0,1.125,0.75,0.14347894736842107,1.0,1.0,1.0,1.0,0.0,0.0,1.3333333333333333,0.5,0.0,1.0,0,5,3,0.2594175734615479,LOW
North Zone 1,Bellary Road 2,5.0,12.0,52,1,1,,,0.0,0.0,1.0,0.5,1.5,0.0,0.0,0.0,0.0,0.0,0,0,1.125,0.75,0.39112105263157887,1.0,1.0,1.0,1.0,0.0,0.0,1.3333333333333333,0.5,0.0,1.0,0,4,3,0.28456539376176665,LOW
West Zone 1,Tumkur Road,0.0,8.0,52,1,0,0.1508,23.8,0.0,0.0,0.0,1.0,1.0,0.0,0.0,0.0,0.0,1.0,0,0,1.0078125,0.740234375,0.4868813202947087,1.0,1.0,1.0,1.0,0.0,1.0,1.0,0.0,0.0,1.0,0,8,19,0.40579310688390774,MEDIUM
Central Zone 2,Bellary Road 1,3.0,12.0,52,1,1,,,0.0,0.0,1.0,0.5,2.5,0.0,0.0,0.0,0.0,0.0,0,0,1.125,1.125,0.0,1.0,1.0,2.0,1.0,1.0,2.0,1.0,0.5,0.0,0.0,0,1,2,0.2877656599837921,LOW
West Zone 1,Tumkur Road,0.0,0.0,52,1,0,0.7548,119.1,0.0,0.0,1.0,0.5,1.0,0.0,0.0,0.0,0.0,1.0,0,0,1.75,1.25,0.24430000000000002,1.0,4.0,0.0,1.0,2.0,0.0,2.0,1.7320508075688772,-3.0,-1.0,0,8,19,0.15741608746860902,LOW
West Zone 2,Non-corridor,3.0,12.0,52,1,1,,,0.0,0.0,0.0,1.0,1.0,0.0,0.0,0.0,0.0,0.0,0,0,1.0,0.4375,0.9616984894259818,1.0,1.0,1.0,0.0,1.0,1.0,1.0,0.0,0.0,-1.0,0,9,11,0.04729296857279294,LOW
West Zone 2,Non-corridor,5.0,0.0,52,2,2,,,0.0,0.0,0.0,1.0,1.0,0.5,0.0,0.0,0.0,0.0,0,0,1.0,0.796875,0.25214315789473685,1.0,1.0,1.0,1.0,1.0,0.0,1.0,0.0,0.0,0.0,0,9,11,0.06494798043809662,LOW
East Zone 1,Varthur Road,4.0,0.0,52,1,1,,,0.0,0.0,0.0,1.0,1.0,0.0,1.0,0.0,0.0,0.0,0,0,1.425048828125,0.9827880859375,1.0150652744253932,1.0,1.0,1.0,1.0,0.0,0.0,2.0,1.5,0.0,1.0,0,2,20,0.06748239549892289,LOW
North Zone 1,Bellary Road 2,4.0,0.0,52,1,0,0.081,16.9,0.0,0.0,0.0,1.0,1.0,0.0,0.0,0.0,0.0,0.0,0,0,1.125,0.859375,0.42208419290020094,1.0,1.0,1.0,1.0,0.0,1.0,1.3333333333333333,0.5,0.0,1.0,0,4,3,0.2469910973529469,LOW
South Zone 2,Hosur Road,3.0,8.0,52,2,1,1.5466,87.45,0.5,0.0,0.0,1.0,3.0,0.0,0.0,0.0,0.0,0.0,0,0,1.75457763671875,0.925323486328125,0.7971009608539125,1.0,3.0,3.0,0.0,3.0,2.0,2.0,0.9574271077563381,-2.0,-3.0,0,7,7,0.21308708006261237,LOW
South Zone 2,Hosur Road,3.0,12.0,52,1,0,0.1984,40.7,0.0,0.0,0.0,1.0,1.0,0.0,0.0,0.0,0.0,0.0,0,0,1.16015625,0.37076568603515625,0.6844102630529884,1.0,1.0,1.0,0.0,1.0,1.0,1.3333333333333333,0.4999999999999999,0.0,-1.0,0,7,7,0.3223755530499316,MEDIUM
North Zone 2,Bellary Road 2,4.0,4.0,52,1,0,0.1188,6.0,1.0,0.0,1.0,0.5,3.0,0.0,1.0,0.0,0.0,0.0,0,0,1.0761877299519256,0.9466403053374961,0.824569579435255,1.0,1.0,2.0,1.0,1.0,2.0,1.0,0.5,0.0,0.0,0,5,3,0.15931139562817306,LOW
North Zone 2,Bellary Road 2,4.0,8.0,52,1,1,,,0.0,0.0,1.0,0.5,3.0,0.0,1.0,0.0,0.0,0.0,0,0,1.0996290009934455,0.7199568387004547,1.1820449786202356,1.0,1.0,2.0,1.0,0.0,2.0,1.0,0.5,0.0,1.0,0,5,3,0.06237251717671385,LOW
South Zone 2,Hosur Road,4.0,8.0,52,1,0,0.3563,33.1,0.0,0.0,1.0,0.5,2.5,0.0,0.0,0.0,0.0,0.0,0,0,1.0274152755737305,0.49883317947387695,1.2354173051918427,1.0,1.0,1.0,0.0,1.0,1.0,1.0,0.0,0.0,-1.0,0,7,7,0.13569820403367458,LOW
North Zone 1,Hennur Main Road,2.0,8.0,52,1,1,,,1.0,0.0,0.0,1.0,1.0,0.0,1.0,0.0,0.0,0.0,0,0,1.822265625,1.5625,1.3169352545645914,2.0,2.0,1.0,2.0,1.0,1.0,1.6666666666666667,0.5773502691896257,0.0,1.0,0,4,6,0.0740984422105823,LOW
West Zone 1,ORR North 2,1.0,0.0,52,1,1,,,0.0,0.0,0.0,1.0,3.0,0.0,0.0,0.0,0.0,0.0,0,0,1.0,1.0,0.0,1.0,0.0,0.0,1.0,0.0,0.0,1.0,0.0,0.0,0.0,0,8,15,0.07199335128673671,LOW
West Zone 1,Non-corridor,5.0,12.0,52,1,1,,,0.0,0.0,0.0,1.0,1.0,0.0,0.0,0.0,0.0,0.0,0,0,1.0732498168945312,0.45232391357421875,0.3024242706848956,1.0,1.0,2.0,0.0,1.0,1.0,1.0,0.5,0.0,-1.0,0,8,11,0.3417802037337732,MEDIUM
Central Zone 2,Mysore Road,3.0,0.0,52,1,1,,,0.0,0.0,1.0,0.5,1.0,0.0,0.0,0.0,0.0,0.0,0,0,1.6660648627633852,1.247045640239791,0.36069667953984696,2.0,1.0,1.0,2.0,0.0,1.0,1.3333333333333333,0.5,1.0,2.0,0,1,10,0.3613143229631603,MEDIUM
North Zone 2,Bellary Road 2,4.0,0.0,52,1,1,,,0.0,0.0,1.0,0.5,3.0,0.0,1.0,0.0,0.0,0.0,0,0,2.1900983528248616,2.0561828874997445,0.6568069897926273,3.0,1.0,3.0,3.0,1.0,2.0,1.6666666666666667,1.1547005383792515,2.0,2.0,0,5,3,0.09296459833453867,LOW
North Zone 1,Hennur Main Road,4.0,8.0,52,1,0,0.2424,56.3,0.0,0.0,1.0,0.5,1.0,0.0,1.0,0.0,0.0,0.0,0,0,1.0313001871109009,0.06253433227539062,0.8812972946166464,1.0,1.0,1.0,0.0,0.0,0.0,1.0,0.0,0.0,0.0,0,4,6,0.13303085935127695,LOW
Central Zone 2,CBD 1,5.0,8.0,52,1,0,0.2467,55.2,0.0,0.0,1.0,0.5,1.0,0.0,0.0,0.0,0.0,0.0,0,0,1.25,1.25,0.0,1.0,2.0,0.0,1.0,2.0,0.0,1.3333333333333333,0.5773502691896257,-1.0,-1.0,0,1,4,0.08858140108950233,LOW
North Zone 2,Tumkur Road,1.0,0.0,52,1,1,,,0.0,0.0,0.0,1.0,2.5,0.0,0.0,0.0,0.0,0.0,0,0,1.0,1.0,0.0,1.0,0.0,0.0,1.0,0.0,0.0,1.0,0.0,0.0,0.0,0,5,19,0.06771701141002877,LOW
Central Zone 2,Non-corridor,0.0,12.0,52,1,0,0.273,38.4,0.0,0.0,0.0,1.0,1.0,1.0,1.0,0.0,0.0,1.0,0,0,1.550537109375,1.2779541015625,0.16638060239274927,2.0,1.0,1.0,2.0,1.0,0.0,1.3333333333333333,0.5,1.0,1.0,0,1,11,0.4178718031413572,MEDIUM
Central Zone 1,Old Airport Road,0.0,4.0,52,1,1,,,0.0,0.0,0.0,1.0,1.0,0.0,0.0,0.0,0.0,1.0,0,0,0.0,0.0,0.0,0.0,0.0,0.0,0.0,0.0,0.0,0.0,0.0,0.0,0.0,0,0,17,0.029490085988320057,LOW
West Zone 1,ORR West 1,2.0,4.0,52,1,0,1.0781,89.2,0.0,0.0,0.0,1.0,2.5,0.0,0.0,0.0,0.0,0.0,0,0,0.0,0.0,0.0,0.0,0.0,0.0,0.0,0.0,0.0,0.0,0.0,0.0,0.0,0,8,16,0.09867774950253917,LOW
West Zone 1,ORR West 1,3.0,4.0,52,1,1,,,0.0,0.0,0.0,1.0,3.0,0.0,0.0,0.0,0.0,0.0,0,0,1.0,0.5,1.0781,1.0,1.0,0.0,1.0,0.0,0.0,1.0,0.0,0.0,1.0,0,8,16,0.04358940535559289,LOW
West Zone 1,Non-corridor,5.0,4.0,52,4,4,,,0.75,0.0,0.25,0.875,1.625,0.0,0.0,0.0,0.0,0.0,1,0,1.0166015625,0.5134048461914062,1.1259177248354713,1.0,1.0,1.0,0.0,1.0,1.0,1.0,0.0,0.0,-1.0,0,8,11,0.05490350486868509,LOW
West Zone 1,Non-corridor,3.0,8.0,52,1,1,,,0.0,0.0,1.0,0.5,2.5,0.0,0.0,0.0,0.0,0.0,0,0,1.017578125,0.73394775390625,0.329991767990786,1.0,1.0,1.0,1.0,0.0,1.0,1.0,0.0,0.0,1.0,0,8,11,0.36406939260613713,MEDIUM
North Zone 1,Non-corridor,1.0,0.0,52,1,1,,,0.0,0.0,0.0,1.0,1.0,0.0,0.0,0.0,0.0,0.0,0,0,1.0,0.375,0.7366194805194807,1.0,1.0,1.0,0.0,1.0,0.0,1.0,0.0,0.0,-1.0,0,4,11,0.0876069790560437,LOW
North Zone 1,Non-corridor,1.0,4.0,52,1,1,,,1.0,0.0,1.0,0.5,2.5,0.0,0.0,0.0,0.0,0.0,0,0,1.0,1.0,0.0,1.0,1.0,0.0,1.0,1.0,0.0,1.0,0.0,0.0,0.0,0,4,11,0.07827257712990686,LOW
South Zone 2,Hosur Road,4.0,0.0,52,5,1,0.5046,113.94999999999999,0.0,0.0,0.2,0.9,1.0,0.0,0.8,0.0,0.0,0.0,0,0,1.5161137824179605,1.4785130626696628,0.9110827371000434,2.0,1.0,1.0,2.0,1.0,1.0,1.3333333333333333,0.5,1.0,1.0,0,7,7,0.10631809129179315,LOW
Central Zone 2,Non-corridor,2.0,8.0,52,1,1,,,0.0,0.0,0.0,1.0,2.5,0.0,0.0,0.0,0.0,0.0,0,0,2.366814392679371,1.4178488827138265,0.7687759764801382,2.0,3.0,2.0,1.0,2.0,2.0,2.3333333333333335,0.5000000000000001,-1.0,-1.0,0,1,11,0.6752307643271999,HIGH
Central Zone 2,Non-corridor,2.0,12.0,52,1,1,,,0.0,0.0,0.0,1.0,3.0,0.0,0.0,0.0,0.0,0.0,0,1,2.2195426693206173,1.037209582619198,0.4566377249320305,2.0,1.0,10.0,1.0,0.0,4.0,1.3333333333333333,4.358898943540674,1.0,1.0,0,1,11,0.6975815842682679,HIGH
West Zone 1,Non-corridor,2.0,12.0,52,2,1,0.4749,78.6,0.0,0.0,1.0,0.5,2.5,0.0,0.0,0.0,0.0,0.0,0,0,1.0078125,0.1796875,0.5126187257617729,1.0,1.0,1.0,0.0,0.0,0.0,1.0,0.0,0.0,0.0,0,8,11,0.3767158445134569,MEDIUM
East Zone 1,Old Airport Road,4.0,0.0,52,1,1,,,0.0,0.0,0.0,1.0,1.0,0.0,1.0,0.0,0.0,0.0,0,0,1.0,0.0,1.0498,1.0,0.0,0.0,0.0,0.0,0.0,1.0,0.0,0.0,0.0,0,2,17,0.04295347436079965,LOW
West Zone 2,Tumkur Road,1.0,0.0,52,1,1,,,0.0,0.0,0.0,1.0,1.0,0.0,0.0,0.0,0.0,0.0,0,0,1.0,0.875,0.43122,1.0,1.0,1.0,1.0,1.0,0.0,1.0,0.0,0.0,0.0,0,9,19,0.060758441729110865,LOW
West Zone 2,Non-corridor,5.0,4.0,52,1,1,,,1.0,0.0,0.0,1.0,1.5,0.0,0.0,0.0,0.0,0.0,0,0,1.125,0.40625,0.30400505263157895,1.0,1.0,1.0,0.0,1.0,0.0,1.3333333333333333,0.5,0.0,-1.0,0,9,11,0.07532656001038887,LOW
West Zone 2,Non-corridor,5.0,8.0,52,1,0,0.3119,53.0,0.0,0.0,1.0,0.5,1.0,1.0,0.0,0.0,0.0,0.0,0,0,1.09765625,0.810546875,0.39674561433098693,1.0,1.0,2.0,1.0,0.0,2.0,1.0,0.5,0.0,1.0,0,9,11,0.27793489891165263,LOW
North Zone 1,Non-corridor,0.0,8.0,52,1,0,0.7428,70.6,1.0,0.0,1.0,0.5,2.5,0.0,0.0,0.0,0.0,1.0,0,0,2.0,1.5,0.1273,3.0,1.0,0.0,2.0,1.0,0.0,2.0,1.4142135623730951,2.0,1.0,0,4,11,0.5132999882698084,MEDIUM
West Zone 1,Non-corridor,1.0,8.0,52,1,1,,,1.0,0.0,0.0,1.0,3.0,1.0,0.0,0.0,0.0,0.0,0,0,3.5,2.890625,0.4816519667590028,4.0,4.0,1.0,4.0,2.0,0.0,3.6666666666666665,1.4142135623730951,0.0,2.0,0,8,11,0.2906574111418268,LOW
West Zone 1,Non-corridor,2.0,0.0,52,2,2,,,0.0,0.0,0.0,1.0,2.0,0.5,0.0,0.0,0.0,0.0,0,0,1.0478515625,0.1162109375,0.38571181429362883,1.0,1.0,1.0,0.0,0.0,1.0,1.0,0.0,0.0,0.0,0,8,11,0.3483956206127564,MEDIUM
West Zone 1,Non-corridor,4.0,0.0,52,1,0,0.7934,134.8,0.0,0.0,1.0,0.5,2.5,0.0,0.0,0.0,0.0,0.0,0,0,2.627046585083008,0.9181957244873047,0.6473692605807836,4.0,1.0,1.0,1.0,1.0,0.0,2.3333333333333335,1.4142135623730951,3.0,0.0,0,8,11,0.20923992863196164,LOW
Central Zone 2,Non-corridor,2.0,16.0,52,1,1,,,1.0,0.0,1.0,0.5,1.0,0.0,0.0,1.0,0.0,0.0,0,0,1.001953125,0.814453125,0.62344,1.0,1.0,1.0,1.0,1.0,0.0,1.0,0.0,0.0,0.0,0,1,11,0.35641322898255173,MEDIUM
Central Zone 2,Mysore Road,2.0,12.0,52,1,0,0.0658,9.0,0.0,0.0,0.0,1.0,1.5,0.0,0.0,0.0,0.0,0.0,0,0,1.638671875,1.093353271484375,0.5640017211382435,2.0,1.0,1.0,1.0,1.0,1.0,1.6666666666666667,0.5773502691896257,1.0,0.0,0,1,10,0.476612690404512,MEDIUM
South Zone 2,Hosur Road,4.0,12.0,52,1,1,,,0.0,0.0,0.0,1.0,2.5,0.0,0.0,0.0,0.0,0.0,0,0,1.40875244140625,0.9745432138442993,0.528339293980264,1.0,1.0,1.0,1.0,1.0,1.0,2.0,1.5000000000000002,0.0,0.0,0,7,7,0.41251722769052795,MEDIUM
Central Zone 2,Non-corridor,3.0,0.0,52,3,2,0.213,85.2,0.0,0.0,1.0,0.5,2.1666666666666665,0.3333333333333333,0.0,0.0,0.0,0.0,0,0,2.5452139894182864,1.6607729377777654,0.31922345442922634,1.0,4.0,5.0,1.0,1.0,4.0,3.0,1.7320508075688748,-3.0,0.0,0,1,11,0.718159128334034,HIGH
Central Zone 2,CBD 2,3.0,0.0,52,2,2,,,0.0,0.0,0.5,0.75,3.0,0.0,0.0,0.0,0.0,0.0,0,0,1.0,0.966796875,0.6410690555927662,1.0,1.0,1.0,1.0,1.0,1.0,1.0,0.0,0.0,0.0,0,1,5,0.2378209347838974,LOW
Central Zone 2,CBD 2,3.0,8.0,52,1,1,,,1.0,0.0,0.0,1.0,2.5,0.0,0.0,0.0,0.0,0.0,0,0,1.2578125,1.2421875,2.8439678097789685,1.0,2.0,1.0,1.0,2.0,1.0,1.3333333333333333,0.5,-1.0,-1.0,0,1,5,0.20381102959833133,LOW
Central Zone 2,CBD 2,4.0,0.0,52,1,1,,,0.0,0.0,0.0,1.0,2.5,0.0,0.0,0.0,0.0,0.0,0,0,1.03125,0.46771240234375,0.535291416403631,1.0,1.0,1.0,0.0,1.0,0.0,1.0,0.0,0.0,-1.0,0,1,5,0.22124371695289158,LOW
West Zone 1,Mysore Road,5.0,0.0,52,3,3,,,0.0,0.0,0.0,1.0,2.8333333333333335,0.3333333333333333,0.0,0.0,0.0,0.0,1,0,1.0654296875,0.55859375,0.3601532291455913,1.0,1.0,1.0,1.0,0.0,0.0,1.0,0.0,0.0,1.0,0,8,10,0.36004953647128846,MEDIUM
West Zone 1,Mysore Road,5.0,8.0,52,1,1,,,0.0,0.0,0.0,1.0,2.5,0.0,0.0,0.0,0.0,0.0,0,0,1.0,0.609375,0.7590688311688312,1.0,1.0,1.0,1.0,0.0,1.0,1.0,0.0,0.0,1.0,0,8,10,0.18130160778425938,LOW
Central Zone 2,Non-corridor,0.0,0.0,52,2,2,1.9642,96.7,0.0,0.0,0.5,0.75,2.5,0.5,0.0,0.0,0.0,1.0,0,1,1.71392822265625,1.35333251953125,0.16711830303989642,2.0,1.0,1.0,2.0,0.0,0.0,1.6666666666666667,0.5773502691896253,1.0,2.0,0,1,11,0.6726695983413756,HIGH
South Zone 1,Non-corridor,4.0,8.0,52,1,1,,,0.0,0.0,0.0,1.0,1.0,0.0,0.0,0.0,0.0,0.0,0,0,1.0078125,0.1484375,0.5987555878116344,1.0,1.0,1.0,0.0,0.0,0.0,1.0,0.0,0.0,0.0,0,6,11,0.2712039804590506,LOW
Central Zone 1,Non-corridor,5.0,0.0,52,1,0,0.133,37.0,0.0,0.0,1.0,0.5,1.5,0.0,0.0,0.0,0.0,0.0,0,0,1.28125,0.48193359375,0.676405212843206,1.0,1.0,3.0,0.0,0.0,3.0,1.3333333333333333,0.9574271077563381,0.0,0.0,0,0,11,0.33053670322828654,MEDIUM
Central Zone 1,Non-corridor,5.0,4.0,52,1,1,,,0.0,0.0,0.0,1.0,1.0,1.0,0.0,0.0,0.0,0.0,0,0,1.2587890625,1.1494140625,0.2994884210526316,1.0,2.0,1.0,1.0,2.0,0.0,1.3333333333333333,0.5,-1.0,-1.0,0,0,11,0.2233149249518976,LOW
Central Zone 2,Mysore Road,2.0,8.0,52,2,0,0.34199999999999997,45.2,0.5,0.0,0.5,0.75,1.75,0.0,0.0,0.0,0.0,0.0,0,0,2.0175994758028537,0.8464059016550891,0.8182697168040091,2.0,2.0,1.0,1.0,0.0,1.0,2.3333333333333335,0.816496580927726,0.0,1.0,0,1,10,0.31972205884270954,MEDIUM
North Zone 2,Bellary Road 2,2.0,0.0,52,1,1,,,0.0,0.0,0.0,1.0,1.0,0.0,1.0,0.0,0.0,0.0,0,0,1.5713014602661133,1.0034303665161133,0.3944621662391542,2.0,1.0,2.0,1.0,1.0,1.0,1.3333333333333333,0.5773502691896257,1.0,0.0,0,5,3,0.3420566745533043,MEDIUM
North Zone 2,Bellary Road 2,1.0,0.0,52,1,1,,,0.0,0.0,0.0,1.0,2.5,0.0,1.0,0.0,0.0,0.0,0,0,1.05078125,1.05078125,2.6754,1.0,1.0,1.0,1.0,1.0,1.0,1.0,0.0,0.0,0.0,0,5,3,0.07606672287567759,LOW
West Zone 1,Mysore Road,1.0,8.0,52,1,1,,,0.0,0.0,0.0,1.0,2.5,0.0,0.0,0.0,0.0,0.0,0,0,1.0,0.5,0.7717,1.0,1.0,1.0,0.0,1.0,1.0,1.0,0.0,0.0,-1.0,0,8,10,0.17688157692862894,LOW
West Zone 1,Non-corridor,0.0,0.0,52,1,1,,,0.0,0.0,1.0,0.5,3.0,0.0,0.0,0.0,0.0,1.0,0,0,2.0625,0.4375,0.175156,2.0,3.0,1.0,0.0,1.0,1.0,2.0,0.9574271077563381,-1.0,-1.0,0,8,11,0.2908855371979738,LOW
West Zone 1,Non-corridor,0.0,8.0,52,1,1,,,0.0,0.0,0.0,1.0,2.5,0.0,0.0,0.0,0.0,1.0,0,0,1.0,0.0,0.2247,1.0,0.0,0.0,0.0,0.0,0.0,1.0,0.0,0.0,0.0,0,8,11,0.18619727490670493,LOW
West Zone 1,Non-corridor,0.0,12.0,52,1,1,,,0.0,0.0,0.0,1.0,1.0,0.0,0.0,0.0,0.0,1.0,0,1,0.0,0.0,0.0,0.0,0.0,0.0,0.0,0.0,0.0,0.0,0.0,0.0,0.0,0,8,11,0.1895647668095339,LOW
West Zone 1,Non-corridor,1.0,0.0,52,1,0,0.6791,112.4,0.0,0.0,1.0,0.5,2.5,0.0,0.0,0.0,0.0,0.0,0,0,1.3828125,0.9296875,0.21617915789473682,1.0,2.0,2.0,1.0,1.0,0.0,1.3333333333333333,0.5773502691896257,-1.0,0.0,0,8,11,0.05236098214595999,LOW
West Zone 1,Mysore Road,2.0,12.0,52,1,1,,,0.0,0.0,0.0,1.0,3.0,0.0,0.0,0.0,0.0,0.0,0,1,1.0,0.5,0.3583,1.0,1.0,1.0,0.0,1.0,1.0,1.0,0.0,0.0,-1.0,0,8,10,0.35287239455707986,MEDIUM
West Zone 1,Mysore Road,3.0,8.0,52,1,1,,,0.0,0.0,0.0,1.0,1.0,0.0,0.0,0.0,0.0,0.0,0,0,1.0,0.21875,0.7590688311688312,1.0,1.0,1.0,0.0,0.0,1.0,1.0,0.0,0.0,0.0,0,8,10,0.18783589057707073,LOW
West Zone 2,Tumkur Road,4.0,4.0,52,1,1,,,0.0,0.0,0.0,1.0,1.5,0.0,0.0,0.0,0.0,0.0,0,0,1.09375,0.15625,0.28130871882105263,1.0,1.0,2.0,0.0,0.0,2.0,1.0,0.5,0.0,0.0,0,9,19,0.09071515402855794,LOW
East Zone 1,Varthur Road,1.0,0.0,52,2,2,,,0.0,0.0,0.0,1.0,3.0,0.0,1.0,0.0,0.0,0.0,0,0,1.625,1.1875,0.46830400000000005,1.0,3.0,1.0,1.0,2.0,0.0,2.0,0.9574271077563381,-2.0,-1.0,0,2,20,0.21345241021271927,LOW
East Zone 1,ORR East 2,5.0,0.0,52,1,1,2.34,722.2,0.0,0.0,0.0,1.0,1.0,0.0,1.0,0.0,0.0,0.0,0,0,1.3310551643377266,1.0732425451279823,2.1530774989439605,1.0,2.0,2.0,1.0,1.0,2.0,1.3333333333333333,0.5773502691896257,-1.0,0.0,0,2,13,0.04093456541331864,LOW
East Zone 1,ORR East 2,5.0,4.0,52,1,0,1.1261,92.4,0.0,0.0,0.0,1.0,2.5,0.0,1.0,0.0,0.0,0.0,0,0,1.265625,0.5,0.5736588318821165,1.0,2.0,1.0,0.0,1.0,1.0,1.3333333333333333,0.5,-1.0,-1.0,0,2,13,0.10078313381513009,LOW
Central Zone 2,Magadi Road,1.0,4.0,52,1,0,1.0152,59.5,1.0,0.0,0.0,1.0,1.0,1.0,0.0,0.0,0.0,0.0,0,0,1.5,0.5,0.044820000000000006,1.0,2.0,0.0,0.0,1.0,0.0,1.5,0.7071067811865476,-1.0,-1.0,0,1,9,0.14175256510102927,LOW
Central Zone 2,Magadi Road,2.0,8.0,52,2,1,1.59105,130.54999999999998,0.0,0.0,0.5,0.75,1.0,1.0,0.0,0.0,0.0,0.0,0,0,0.0,0.0,0.0,0.0,0.0,0.0,0.0,0.0,0.0,0.0,0.0,0.0,0.0,0,1,9,0.06618075073730253,LOW
North Zone 1,Non-corridor,3.0,12.0,52,1,0,0.4474,78.1,0.0,0.0,1.0,0.5,2.5,0.0,0.0,0.0,0.0,0.0,0,0,1.125,0.75,0.20031999999999997,1.0,1.0,2.0,1.0,1.0,0.0,1.0,0.5,0.0,0.0,0,4,11,0.4800378956710055,MEDIUM
North Zone 1,Non-corridor,4.0,0.0,52,1,1,,,0.0,0.0,0.0,1.0,1.0,0.0,0.0,0.0,0.0,0.0,0,0,1.0,0.4326171875,0.32837120115729995,1.0,1.0,1.0,0.0,1.0,0.0,1.0,0.0,0.0,-1.0,0,4,11,0.1521543805099083,LOW
Central Zone 2,Non-corridor,3.0,4.0,52,4,0,0.199375,68.1,0.0,0.0,0.25,0.875,1.375,0.0,0.75,0.75,0.0,0.0,0,0,2.795611277347462,2.6584535290851177,0.5994370384055276,4.0,1.0,4.0,4.0,1.0,3.0,2.0,1.7320508075688772,3.0,3.0,0,1,11,0.6629398693025659,HIGH
North Zone 2,Bellary Road 2,0.0,0.0,52,1,1,3.042,599.9,0.0,0.0,0.0,1.0,1.0,0.0,1.0,0.0,0.0,1.0,0,0,1.0,1.0,0.0,1.0,1.0,0.0,1.0,1.0,0.0,1.0,0.0,0.0,0.0,0,5,3,0.027743890627336884,LOW
North Zone 1,ORR North 1,2.0,0.0,52,5,5,1.5912,108.8,0.0,0.0,0.6,0.7,1.7,0.0,0.6,0.0,0.0,0.0,1,0,1.5044097900390625,0.8867340087890625,0.48874147332771123,2.0,1.0,1.0,1.0,1.0,0.0,1.3333333333333333,0.5,1.0,0.0,0,4,14,0.15855866117744843,LOW
Central Zone 2,Mysore Road,2.0,0.0,52,1,0,0.1085,8.9,0.0,0.0,0.0,1.0,2.5,0.0,0.0,0.0,0.0,0.0,0,0,1.9073842448269716,1.5323150197582436,0.30017081819520225,2.0,2.0,1.0,2.0,1.0,0.0,2.0,0.5,0.0,1.0,0,1,10,0.5024662868641682,MEDIUM
Central Zone 2,Mysore Road,2.0,4.0,52,1,1,,,0.0,0.0,0.0,1.0,1.0,1.0,0.0,0.0,0.0,0.0,0,0,1.5073405164293945,0.40705720288679004,0.24711132673912548,1.0,2.0,2.0,0.0,0.0,2.0,1.6666666666666667,0.5,-1.0,0.0,0,1,10,0.35644040517589526,MEDIUM
South Zone 2,Non-corridor,1.0,12.0,52,1,0,0.1965,33.1,0.0,0.0,0.0,1.0,2.5,0.0,0.0,0.0,0.0,0.0,0,0,1.0,1.0,0.0,1.0,1.0,0.0,1.0,1.0,0.0,1.0,0.0,0.0,0.0,0,7,11,0.17558349578084587,LOW
North Zone 1,ORR North 1,3.0,4.0,52,1,0,0.2491,51.1,0.0,0.0,0.0,1.0,1.0,0.0,0.0,0.0,0.0,0.0,0,0,1.5019922256469727,0.8513259887695312,1.5005574795179928,2.0,1.0,1.0,1.0,1.0,1.0,1.3333333333333333,0.5,1.0,0.0,0,4,14,0.1981198627042432,LOW
West Zone 1,Magadi Road,5.0,4.0,52,1,0,1.4783,121.3,0.0,0.0,1.0,0.5,2.5,0.0,0.0,0.0,0.0,0.0,0,0,2.5625038519501686,0.5998419746756554,0.4881925977486215,4.0,1.0,2.0,1.0,0.0,1.0,2.0,1.4142135623730951,3.0,1.0,0,8,9,0.07543155859979399,LOW
Central Zone 2,Non-corridor,5.0,12.0,52,4,4,,,0.0,0.0,0.25,0.875,2.125,0.0,0.0,0.0,0.0,0.0,1,0,4.539621455875625,3.678760430034232,0.748124960138551,3.0,1.0,2.0,3.0,1.0,1.0,8.0,9.03696114115064,2.0,2.0,0,1,11,0.7143010818692955,HIGH
North Zone 1,ORR North 1,5.0,8.0,52,1,1,1.569,109.1,0.0,0.0,0.0,1.0,3.0,0.0,1.0,0.0,0.0,0.0,0,0,1.0481026470661163,0.5440683662891388,1.3149049768608083,1.0,1.0,1.0,0.0,1.0,1.0,1.0,0.0,0.0,-1.0,0,4,14,0.03765421342532456,LOW
Central Zone 2,Mysore Road,0.0,4.0,52,1,0,0.7351,46.4,0.0,0.0,0.0,1.0,2.5,0.0,0.0,0.0,0.0,1.0,0,0,1.71484375,1.30859375,0.6964723933518006,1.0,3.0,2.0,1.0,2.0,0.0,2.0,0.816496580927726,-2.0,-1.0,0,1,10,0.485259666346852,MEDIUM
Central Zone 2,Non-corridor,5.0,4.0,52,2,1,0.295,47.2,0.0,0.0,0.0,1.0,2.75,0.0,0.5,0.0,0.0,0.0,0,0,1.8005268597124047,0.9018575203396344,0.38094684313665733,1.0,2.0,5.0,0.0,1.0,5.0,2.0,1.7078251276599332,-1.0,-1.0,0,1,11,0.6891809462981994,HIGH
East Zone 1,ORR East 2,4.0,0.0,52,1,1,2.34,725.4,0.0,0.0,0.0,1.0,1.0,0.0,1.0,0.0,0.0,0.0,0,0,1.0312500372549511,1.0234375074524014,2.3982923394940157,1.0,1.0,1.0,1.0,1.0,1.0,1.0,0.0,0.0,0.0,0,2,13,0.055072644892818025,LOW
West Zone 2,West of Chord Road,0.0,4.0,52,1,1,,,0.0,0.0,0.0,1.0,1.0,1.0,0.0,0.0,0.0,1.0,0,0,1.0,0.125,0.63814,1.0,1.0,1.0,0.0,0.0,1.0,1.0,0.0,0.0,0.0,0,9,21,0.04099478269918896,LOW
South Zone 2,Non-corridor,2.0,8.0,52,1,0,1.0132,115.8,1.0,0.0,0.0,1.0,2.5,0.0,0.0,0.0,0.0,0.0,0,0,1.0,0.875,0.3038,1.0,1.0,1.0,1.0,1.0,0.0,1.0,0.0,0.0,0.0,0,7,11,0.07780350826720074,LOW
Central Zone 2,Non-corridor,3.0,8.0,52,1,1,,,0.0,0.0,0.0,1.0,1.0,0.0,0.0,0.0,0.0,0.0,0,0,4.427237256649766,3.051812015245214,0.4545045195607863,6.0,4.0,1.0,4.0,3.0,1.0,3.6666666666666665,2.449489742783178,2.0,1.0,0,1,11,0.7183114868436348,HIGH
North Zone 2,Bellary Road 1,1.0,8.0,52,3,3,,,0.0,0.0,0.6666666666666666,0.6666666666666666,1.3333333333333333,0.0,0.0,0.0,0.0,0.0,1,0,1.8520584106445312,0.7634048461914062,0.5951272049107306,2.0,1.0,2.0,1.0,0.0,1.0,2.0,0.816496580927726,1.0,1.0,0,5,2,0.2010649633749914,LOW
North Zone 2,Bellary Road 1,0.0,12.0,52,1,1,,,0.0,0.0,0.0,1.0,2.5,0.0,0.0,0.0,0.0,1.0,0,0,1.0,1.0,0.0,1.0,1.0,0.0,1.0,1.0,0.0,1.0,0.0,0.0,0.0,0,5,2,0.08928732615172152,LOW
North Zone 2,Bellary Road 1,0.0,4.0,52,1,1,,,1.0,0.0,0.0,1.0,1.0,0.0,0.0,0.0,0.0,1.0,0,0,1.0,0.875,0.49942,1.0,1.0,1.0,1.0,1.0,0.0,1.0,0.0,0.0,0.0,0,5,2,0.15078950042832265,LOW
Central Zone 2,Non-corridor,5.0,0.0,52,2,1,0.0367,14.7,0.0,0.0,0.5,0.75,2.0,0.0,0.5,0.0,0.0,0.0,0,0,1.8252415703914677,1.0439818542815016,0.13213726350880067,1.0,3.0,2.0,0.0,2.0,2.0,2.0,0.816496580927726,-2.0,-2.0,0,1,11,0.5041067849148926,MEDIUM
North Zone 2,Bellary Road 1,3.0,0.0,52,1,0,0.1053,7.2,0.0,0.0,1.0,0.5,3.0,0.0,0.0,0.0,0.0,0.0,0,0,1.2509806614325498,0.8279412206684356,0.3303021168245005,1.0,2.0,1.0,1.0,1.0,1.0,1.3333333333333333,0.5,-1.0,0.0,0,5,2,0.057304804405088276,LOW
Central Zone 2,Mysore Road,1.0,4.0,52,1,0,0.3276,48.0,1.0,0.0,0.0,1.0,1.0,0.0,0.0,0.0,0.0,0.0,0,0,1.1335105895996094,0.6126060485839844,1.1634542320086394,1.0,1.0,1.0,0.0,1.0,1.0,1.3333333333333333,0.5,0.0,-1.0,0,1,10,0.261852255276426,LOW
Central Zone 2,Non-corridor,4.0,12.0,52,1,1,,,0.0,0.0,1.0,0.5,2.5,0.0,0.0,0.0,0.0,0.0,0,0,2.2634645298851384,1.4870854468539714,0.46486267254125846,1.0,3.0,2.0,1.0,2.0,1.0,2.0,0.816496580927727,-2.0,-1.0,0,1,11,0.6980055433602391,HIGH
Central Zone 2,Non-corridor,4.0,16.0,52,1,1,,,1.0,0.0,0.0,1.0,2.5,1.0,0.0,0.0,0.0,0.0,0,0,1.6997680962085724,1.1758394539356232,1.5592655686596042,1.0,3.0,3.0,1.0,1.0,3.0,1.6666666666666667,1.1547005383792515,-2.0,0.0,0,1,11,0.5591983730676336,MEDIUM
South Zone 1,Non-corridor,5.0,8.0,52,1,1,,,0.0,0.0,0.0,1.0,1.0,0.0,0.0,0.0,0.0,0.0,0,0,1.0009765625,0.8935546875,0.5987555878116344,1.0,1.0,1.0,1.0,1.0,0.0,1.0,0.0,0.0,0.0,0,6,11,0.45531030968938746,MEDIUM
South Zone 1,Non-corridor,1.0,0.0,52,1,1,,,0.0,0.0,1.0,0.5,2.5,0.0,0.0,0.0,0.0,0.0,0,0,1.4375,1.125,0.6289368421052632,1.0,2.0,4.0,1.0,1.0,4.0,1.3333333333333333,1.4142135623730951,-1.0,0.0,0,6,11,0.10967790189653355,LOW
South Zone 1,Non-corridor,1.0,4.0,52,1,1,,,0.0,0.0,1.0,0.5,2.5,0.0,0.0,0.0,0.0,0.0,0,1,2.0,0.0,0.16045,2.0,0.0,0.0,0.0,0.0,0.0,2.0,0.0,0.0,0.0,0,6,11,0.43126120525567535,MEDIUM
South Zone 1,Non-corridor,1.0,8.0,52,1,1,,,0.0,0.0,0.0,1.0,2.5,0.0,0.0,0.0,0.0,0.0,0,0,1.5,0.5,0.23762,2.0,1.0,0.0,1.0,0.0,0.0,1.5,0.7071067811865476,1.0,1.0,0,6,11,0.3161930031774117,MEDIUM
South Zone 1,Non-corridor,1.0,12.0,52,1,1,,,0.0,0.0,0.0,1.0,1.0,0.0,0.0,0.0,0.0,0.0,0,0,2.0,1.0,0.3246,2.0,0.0,0.0,1.0,0.0,0.0,2.0,0.0,0.0,0.0,0,6,11,0.40494060676617605,MEDIUM
Central Zone 1,Non-corridor,2.0,0.0,52,1,1,,,0.0,0.0,1.0,0.5,1.0,0.0,0.0,0.0,0.0,0.0,0,0,1.0,0.6875,0.26597894736842104,1.0,1.0,1.0,1.0,0.0,0.0,1.0,0.0,0.0,1.0,0,0,11,0.25294486441317326,LOW
Central Zone 2,Mysore Road,1.0,12.0,52,1,1,3.9195,107.2,0.0,0.0,0.0,1.0,3.0,1.0,0.0,0.0,0.0,0.0,0,0,1.875,0.974609375,0.5035289077238552,1.0,3.0,1.0,1.0,1.0,1.0,2.6666666666666665,1.5,-2.0,0.0,0,1,10,0.5209082945611401,MEDIUM
South Zone 2,Non-corridor,1.0,0.0,52,1,0,0.0531,8.5,0.0,0.0,0.0,1.0,2.5,0.0,0.0,0.0,0.0,0.0,0,0,1.0,0.4375,0.4947462235649546,1.0,1.0,1.0,0.0,1.0,1.0,1.0,0.0,0.0,-1.0,0,7,11,0.11079676469917037,LOW
Central Zone 2,Non-corridor,3.0,12.0,52,1,1,,,0.0,0.0,1.0,0.5,1.0,0.0,0.0,0.0,0.0,0.0,0,1,2.1507144095255937,2.1019903138669225,0.3000273186103528,2.0,2.0,3.0,2.0,2.0,3.0,2.0,0.49999999999998734,0.0,0.0,0,1,11,0.7033002071470335,HIGH
North Zone 2,Bellary Road 1,5.0,8.0,52,1,1,,,1.0,0.0,0.0,1.0,2.5,0.0,0.0,0.0,0.0,0.0,0,0,1.7524480786200238,0.9831291413737578,0.6985989460133125,2.0,1.0,1.0,1.0,0.0,1.0,2.0,0.9574271077563381,1.0,1.0,0,5,2,0.3698580161256165,MEDIUM
Central Zone 2,Non-corridor,4.0,8.0,52,1,1,,,1.0,0.0,1.0,0.5,1.0,0.0,1.0,0.0,0.0,0.0,0,0,1.4237469238991864,0.3821946178665452,0.260273129955244,1.0,1.0,2.0,0.0,0.0,0.0,1.6666666666666667,0.9574271077563381,0.0,0.0,0,1,11,0.26713378696634604,LOW
South Zone 2,Non-corridor,3.0,8.0,52,1,0,0.644,73.6,1.0,0.0,0.0,1.0,2.5,0.0,0.0,0.0,0.0,0.0,0,0,2.0,1.3046875,0.841351750675783,3.0,1.0,1.0,2.0,1.0,0.0,1.6666666666666667,1.0,2.0,1.0,0,7,11,0.3353505165186833,MEDIUM
Central Zone 2,Non-corridor,4.0,0.0,52,1,1,,,0.0,0.0,0.0,1.0,2.5,0.0,0.0,0.0,0.0,0.0,0,0,1.50491480370902,1.3168350799302462,0.1770176206408759,1.0,2.0,1.0,1.0,2.0,0.0,1.3333333333333333,0.4999999999999968,-1.0,-1.0,0,1,11,0.20923462304363308,LOW
Central Zone 2,Mysore Road,1.0,8.0,52,1,1,,,1.0,0.0,0.0,1.0,1.5,0.0,0.0,0.0,0.0,0.0,0,0,1.3498115539550781,0.5142927169799805,0.317912231760459,1.0,2.0,1.0,0.0,1.0,1.0,1.3333333333333333,0.5000000000000003,-1.0,-1.0,0,1,10,0.19710443072246042,LOW
North Zone 2,Bellary Road 1,4.0,4.0,52,1,0,0.1167,5.7,1.0,0.0,1.0,0.5,3.0,0.0,0.0,0.0,0.0,0.0,0,0,1.016119010746479,0.7491149154957384,0.7456060014631594,1.0,1.0,1.0,1.0,0.0,1.0,1.0,0.0,0.0,1.0,0,5,2,0.2921947951490152,LOW
West Zone 2,West of Chord Road,2.0,0.0,52,2,1,0.3554,32.7,0.0,0.0,1.0,0.5,2.75,0.0,0.0,0.0,0.0,0.0,0,0,1.0029296875,0.7451171875,0.16454594775619558,1.0,1.0,1.0,1.0,0.0,1.0,1.0,0.0,0.0,1.0,0,9,21,0.18599034919273372,LOW
East Zone 1,ORR East 1,4.0,4.0,52,1,1,,,0.0,0.0,0.0,1.0,2.5,0.0,1.0,0.0,0.0,0.0,0,0,1.500152587890625,0.569091796875,0.6200798170437611,2.0,1.0,1.0,1.0,0.0,1.0,1.3333333333333333,0.5,1.0,1.0,0,2,12,0.15318875681901384,LOW
West Zone 2,West of Chord Road,2.0,8.0,52,1,1,2.0883,178.8,0.0,0.0,1.0,0.5,1.0,1.0,0.0,0.0,0.0,0.0,0,0,1.90771484375,1.5244140625,0.32828737335636476,2.0,2.0,1.0,2.0,2.0,0.0,2.0,0.5,0.0,0.0,0,9,21,0.20832297920551154,LOW
West Zone 2,West of Chord Road,1.0,0.0,52,1,0,0.3047,64.1,0.0,0.0,1.0,0.5,1.0,0.0,0.0,0.0,0.0,0.0,0,0,1.375,1.375,0.0,1.0,2.0,1.0,1.0,2.0,1.0,1.6666666666666667,0.5773502691896257,-1.0,-1.0,0,9,21,0.08889789783718909,LOW
Central Zone 1,Mysore Road,4.0,8.0,52,1,1,,,0.0,0.0,0.0,1.0,1.0,0.0,0.0,1.0,0.0,0.0,0,0,1.0625,0.251953125,0.8210526076281612,1.0,1.0,1.0,0.0,0.0,1.0,1.0,0.0,0.0,0.0,0,0,10,0.07936668291886881,LOW
Central Zone 2,Non-corridor,4.0,4.0,52,1,1,,,0.0,0.0,0.0,1.0,2.5,0.0,0.0,0.0,0.0,0.0,0,0,2.252449794398572,1.1512476524863522,0.11819685499828822,3.0,1.0,2.0,1.0,1.0,1.0,2.0,0.8164965809277264,2.0,0.0,0,1,11,0.6215604163570586,HIGH
North Zone 2,Bellary Road 1,4.0,8.0,52,1,1,,,0.0,0.0,1.0,0.5,1.0,0.0,0.0,0.0,0.0,0.0,0,0,1.3133540633630507,0.8405300958410025,0.5209901802809422,1.0,2.0,2.0,1.0,1.0,1.0,1.3333333333333333,0.5773502691896257,-1.0,0.0,0,5,2,0.09358981587842238,LOW
North Zone 2,Bellary Road 1,4.0,12.0,52,1,1,,,0.0,0.0,0.0,1.0,1.5,0.0,0.0,0.0,0.0,0.0,0,0,1.3404009342193604,0.8369784355163574,0.19119611606342254,1.0,2.0,2.0,0.0,2.0,2.0,1.3333333333333333,0.5773502691896261,-1.0,-2.0,0,5,2,0.07968510907413737,LOW
Central Zone 1,Hosur Road,1.0,4.0,52,1,1,,,0.0,0.0,0.0,1.0,1.0,0.0,0.0,0.0,0.0,0.0,0,0,0.0,0.0,0.0,0.0,0.0,0.0,0.0,0.0,0.0,0.0,0.0,0.0,0.0,0,0,7,0.03817208313842667,LOW
West Zone 2,West of Chord Road,5.0,4.0,52,1,1,,,0.0,0.0,0.0,1.0,2.5,0.0,0.0,0.0,0.0,0.0,0,0,1.000274658203125,0.9639564156532288,0.08030543785822236,1.0,1.0,1.0,1.0,1.0,1.0,1.0,0.0,0.0,0.0,0,9,21,0.03562328723812136,LOW
