tree
version=v4
num_class=1
num_tree_per_iteration=1
label_index=0
max_feature_idx=45
objective=regression
feature_names=start_hour start_minute start_dow start_month start_week is_weekend is_peak_hour is_office_return is_public_holiday days_to_next_holiday is_pre_holiday is_ipl_day weather_visibility_factor is_rain_event is_fog_event is_storm_event temperature_c nearest_landmark_km is_near_tech_hub is_near_stadium is_near_transit is_near_major_landmark segment_length_km is_segment_event reporter_avg_duration_shrunk reporter_event_count vehicle_breakdown_freq is_chronic_vehicle hotspot_event_count requires_road_closure lane_block_factor desc_has_water desc_has_construction desc_has_traffic_slow desc_has_bus desc_has_heavy_vehicle desc_in_kannada event_type event_cause time_of_day time_slot zone corridor priority truck_age_tier veh_type_clean
feature_infos=[0:23] [0:59] [0:6] [1:12] [1:52] [0:1] [0:1] [0:1] [0:1] [0:40] [0:1] [0:1] [0.29999999999999999:1] [0:1] [0:1] [0:1] [6.9000000000000004:39] [0.0030000000000000001:26.684999999999999] [0:1] [0:1] [0:1] [0:1] [0:12.4916] [0:1] [56.780361875637112:621.99584721962174] [1:88] [1:5] [0:1] [0:114] [0:1] [0.5:3] [0:1] [0:1] [0:1] [0:1] [0:1] [0:1] [0:1] [0:13] [0:6] [0:86] [0:9] [0:21] [0:1] [0:4] [0:10]
tree_sizes=4912 4551 5109 5169 5239 5021 5112 5278 5230 5233 5236 5240 5273 5199 5214 5239 5277 5247 5242 5239 5252 5269 5237 5288 5258 5277 5268 5289 5239 5262 5281 5294 5296 5295 5292 5248 5312 5308 5289 5309 5249 5264 5260 5320 5300 5276 5263 5311 5284 5325 5291 5268 5309 5293 5299 5301 5324 5307 5304 5324 5295 5317 5301 5292 5301 5241 5320 5320 5332 5326 5320 5363 5317 5300 5342 5274 5325 5315 5362 5316 5362 5351 5343 5351 5319 5308 5334 5323 5315 5375 5311 5348 5359 5376 5315 5302 5363

Tree=0
num_leaves=60
num_cat=0
split_feature=24 30 24 24 25 30 4 9 24 4 25 24 28 28 25 24 39 43 25 12 24 24 17 24 25 24 25 9 24 25 40 25 1 25 22 40 40 25 24 40 24 1 41 25 24 0 39 1 25 24 25 17 40 24 17 17 17 0 24
split_gain=5.67456e+07 1.89557e+07 4.45273e+06 2.34169e+06 1.77721e+06 1.60553e+06 1.04116e+06 925961 843295 617219 1.03361e+06 522538 492056 254321 166609 169747 132106 113654 78117 96755.6 62995.6 53311.4 50266.8 49257.8 113056 47217.5 42906.6 41110.4 39414.1 32502.1 25479.5 23393.6 22714.8 20049.8 16217.2 13811.9 11181.3 10406.9 10096.9 9759.94 7900.78 10068.1 8100.15 7870.48 7705.17 6005.03 5802.32 5490.05 4081.29 4060.59 3735.63 3094.61 2998.32 2547.05 1725.03 1511.76 7898.69 672.802 413.665
threshold=162.67697706422021 1.2500000000000002 122.72074356835824 221.21921952817829 3.5000000000000004 1.2500000000000002 49.500000000000007 6.5000000000000009 138.93749470712774 9.5000000000000018 15.500000000000002 116.38613497358911 13.500000000000002 17.500000000000004 1.5000000000000002 111.13950541049165 3.5000000000000004 1.0000000180025095e-35 5.5000000000000009 0.80000000000000016 119.89451979213446 113.9154988131135 3.0505000000000004 91.91790723751275 3.5000000000000004 99.715182961992156 2.5000000000000004 12.500000000000002 108.18885438720302 1.5000000000000002 39.500000000000007 6.5000000000000009 22.500000000000004 2.5000000000000004 1.0000000180025095e-35 11.500000000000002 33.500000000000007 2.5000000000000004 118.11619811381279 44.500000000000007 114.12515012510427 40.500000000000007 3.5000000000000004 5.5000000000000009 120.43461982207396 5.5000000000000009 4.5000000000000009 36.500000000000007 2.5000000000000004 104.20765780600645 2.5000000000000004 1.5190000000000001 36.500000000000007 105.76136522498909 4.0215000000000005 5.753000000000001 6.3295000000000003 8.5000000000000018 115.1959834584376
decision_type=2 2 2 2 2 2 2 2 2 2 2 2 2 2 2 2 2 2 2 2 2 2 2 2 2 2 2 2 2 2 2 2 2 2 2 2 2 2 2 2 2 2 2 2 2 2 2 2 2 2 2 2 2 2 2 2 2 2 2
left_child=2 3 11 4 -2 8 9 -6 17 13 -11 14 -10 -5 21 23 -3 27 19 -7 29 -1 -19 55 28 34 -21 -4 48 38 50 35 33 -17 43 49 45 -30 -13 44 41 57 -43 -26 -22 -33 -46 53 -25 -27 -31 -49 -42 -37 -18 -16 -57 -34 -23
right_child=1 16 5 6 7 18 -8 -9 12 10 -12 20 -14 -15 15 32 54 22 -20 26 39 58 -24 24 25 31 -28 -29 37 30 -32 36 40 -35 -36 47 -38 -39 -40 -41 52 42 -44 -45 46 -47 -48 51 -50 -51 -52 -53 -54 -55 -56 56 -58 -59 -60
leaf_value=117.1813241693124 150.32789754218905 123.86733370818833 122.96445336043321 142.62898432737438 142.33365891876983 125.22453570386249 140.94598410659879 130.19248187737946 128.84580631741929 165.62333569122404 151.38552407821899 119.69897949483124 138.50256912697404 152.12968752299679 117.94380212173462 120.28587061348323 119.99285472034462 126.28488813353108 119.55996664641819 122.76691684062047 121.08488057269149 118.23243469155248 130.06858345517566 117.71454395090123 118.35533387710863 119.940515503612 119.61075774070495 126.04301539242226 118.77383878923986 121.19119250309991 122.53266796852201 120.87429778130756 118.66493811854768 122.02468776861174 120.34814901302177 119.53066923609244 121.35063639943236 119.82642214878831 120.64019598029661 122.99191683047349 120.12656493415636 119.65324270893186 121.17882153656275 119.20480779835404 122.77415184970565 119.48051547250923 121.70664914262568 119.78673238215782 118.33186108492774 121.03656498193178 120.11665184340652 118.74041606828335 121.06329565637969 120.33835037965625 119.0034568967251 119.56599165369121 118.24553383163452 119.68154727217383 118.9092708867027
leaf_weight=199 39 21 22 24 33 20 24 33 26 29 48 88 31 33 173 34 23 22 37 20 26 75 20 140 102 21 22 21 98 22 29 20 23 33 22 65 38 51 58 20 25 21 20 87 21 21 30 26 183 25 21 55 25 31 38 26 85 26 72
leaf_count=199 39 21 22 24 33 20 24 33 26 29 48 88 31 33 173 34 23 22 37 20 26 75 20 140 102 21 22 21 98 22 29 20 23 33 22 65 38 51 58 20 25 21 20 87 21 21 30 26 183 25 21 55 25 31 38 26 85 26 72
internal_value=122.549 141.468 119.797 147.991 141.829 126.228 151.938 136.468 129.618 153.756 157.231 119.07 134.282 148.545 118.745 118.983 120.493 126.389 121.345 122.441 120.958 117.744 128.22 118.765 118.945 119.473 121.084 124.513 118.378 120.487 121.381 119.896 120.329 121.122 118.885 119.627 120.681 119.114 120.057 122.025 119.962 119.657 120.347 118.727 121.771 120.104 122.142 119.415 118.05 120.491 120.623 119.038 120.557 119.766 119.329 118.156 118.525 119.136 118.537
internal_weight=2723 345 2378 263 105 241 158 66 142 134 77 2137 57 57 1822 1476 82 85 99 62 315 346 42 1269 985 513 42 43 472 218 72 302 207 67 211 223 79 149 146 97 140 90 41 189 77 41 51 177 323 46 43 81 50 96 61 284 111 49 147
internal_count=2723 345 2378 263 105 241 158 66 142 134 77 2137 57 57 1822 1476 82 85 99 62 315 346 42 1269 985 513 42 43 472 218 72 302 207 67 211 223 79 149 146 97 140 90 41 189 77 41 51 177 323 46 43 81 50 96 61 284 111 49 147
is_linear=0
shrinkage=1


Tree=1
num_leaves=54
num_cat=0
split_feature=24 38 38 24 2 38 38 25 25 24 16 24 2 17 25 24 17 25 28 24 24 25 24 38 28 25 16 24 25 38 17 25 24 29 24 40 3 24 24 16 24 25 24 24 24 40 40 40 41 17 17 17 16
split_gain=5.13568e+07 1.3605e+07 1.17628e+07 4.02978e+06 1.77471e+06 1.67313e+06 1.33372e+06 1.81429e+06 1.53023e+06 923474 658665 471972 406658 150243 150176 153475 87137.5 63876.2 78136.2 56940.5 48209.2 42109.9 132540 54893 37213.9 29280.9 26664.3 25043.1 21725.3 35517.3 20487.7 17720.9 17219.3 13792.3 9139.17 8844.83 7869.05 7585.12 6983.33 11767.6 6476.76 3792.7 3574.39 3441.1 2274.41 1697.68 6955.61 1587.89 1303.76 1298.51 7055.7 790.355 666.88
threshold=162.67697706422021 10.500000000000002 11.500000000000002 122.72074356835824 5.5000000000000009 10.500000000000002 3.5000000000000004 32.000000000000007 4.5000000000000009 138.93749470712774 26.950000000000003 116.38613497358911 4.5000000000000009 5.3390000000000013 1.5000000000000002 110.56608562691135 2.2375000000000003 2.5000000000000004 2.5000000000000004 119.89451979213446 113.72209341117598 3.5000000000000004 99.715182961992156 10.500000000000002 8.5000000000000018 1.5000000000000002 25.550000000000004 106.75005570117956 2.5000000000000004 8.5000000000000018 3.2485000000000004 2.5000000000000004 91.91790723751275 1.0000000180025095e-35 118.25845704753962 44.500000000000007 11.500000000000002 112.76584846346314 120.43461982207396 21.350000000000005 113.4161981138128 2.5000000000000004 107.72764643613267 105.76136522498909 115.1959834584376 8.5000000000000018 24.500000000000004 50.500000000000007 3.5000000000000004 5.753000000000001 6.3295000000000003 3.2485000000000004 21.850000000000005
decision_type=2 2 2 2 2 2 2 2 2 2 2 2 2 2 2 2 2 2 2 2 2 2 2 2 2 2 2 2 2 2 2 2 2 2 2 2 2 2 2 2 2 2 2 2 2 2 2 2 2 2 2 2 2
left_child=3 4 -3 11 6 9 7 8 -2 13 17 14 -11 16 20 21 -5 -7 -19 25 -1 27 32 30 -10 34 36 41 40 -30 43 -29 49 -34 -13 38 -27 -31 -21 -40 -17 -16 45 -24 -22 -25 -47 52 -42 -23 -51 -39 -48
right_child=1 2 -4 5 -6 10 -8 -9 24 12 -12 19 -14 -15 15 28 -18 18 -20 35 44 22 23 42 -26 26 -28 31 29 37 -32 -33 33 -35 -36 -37 -38 51 39 -41 48 -43 -44 -45 -46 46 47 -49 -50 50 -52 -53 -54
leaf_value=-5.1581697053336057 26.93385477815356 -3.5655125110542651 34.910288412857057 3.3406183879852303 13.005337334314982 -0.10666215712024321 34.939175014698762 29.43237602417728 13.17243944601579 17.600802213228665 7.618153696741377 -2.6844739885533109 7.4734740538824171 0.68063138339830476 -4.8865407620200632 -3.0075229237912451 7.8093103225708012 -0.29747817495594858 -3.8378185956261373 -1.3931609063678319 -4.1712447209512034 -4.3757982337337804 -2.3202724984840115 -2.3247517214298248 8.6827526328677234 -2.2032475458757839 0.42492183821541929 -3.9100571606683392 -0.076042683465140204 -2.8553279612859095 -0.11513726501464844 -2.7898316436027417 -3.6669478327536744 -2.3744082582177541 -1.7738244872623021 0.42228968901293618 -0.88884539826349784 -1.9935970598000747 -1.1404591466830327 0.35348534569144252 -2.572199657934684 -4.1473955793380739 -2.2254697552323344 -1.3535178761959077 -3.4597722056140636 -3.6593180165972026 -2.9187231093976234 -3.2946042688332051 -1.8644298038727201 -2.8389181448795178 -4.0903316283780473 -1.3659966258207958 -2.2834032107392948
leaf_weight=182 27 96 24 24 29 30 46 82 21 25 20 93 20 22 78 72 24 22 54 26 92 173 26 24 20 31 20 140 27 29 24 66 179 32 53 20 21 25 25 26 26 159 31 24 72 55 35 32 38 26 85 23 47
leaf_count=182 27 96 24 24 29 30 46 82 21 25 20 93 20 22 78 72 24 22 54 26 92 173 26 24 20 31 20 140 27 29 24 66 179 32 53 20 21 25 25 26 26 159 31 24 72 55 35 32 38 26 85 23 47
internal_value=0.00228179 18.0011 4.35452 -2.61546 25.2278 3.50301 26.9611 24.2992 17.7723 7.83609 -0.482302 -3.30679 13.3602 4.14666 -3.6159 -3.3902 5.68884 -2.06765 -2.83022 -1.51306 -4.56612 -3.61615 -3.38199 -2.53197 11.2413 -1.96015 -1.11144 -4.02674 -2.21638 -1.64211 -1.32498 -3.56639 -3.88757 -3.48307 -2.36825 -0.49847 -1.69931 -2.18317 -0.740041 -0.386593 -2.6403 -4.41019 -2.92302 -1.89197 -3.88178 -3.02299 -3.10786 -2.81226 -2.18719 -4.1748 -3.82522 -1.72699 -2.58653
internal_weight=2723 345 120 2378 225 241 196 150 68 115 126 2137 45 70 1822 1476 48 106 76 315 346 1236 793 298 41 218 72 443 240 104 74 206 495 211 146 97 52 77 77 51 136 237 224 50 164 193 169 114 64 284 111 48 82
internal_count=2723 345 120 2378 225 241 196 150 68 115 126 2137 45 70 1822 1476 48 106 76 315 346 1236 793 298 41 218 72 443 240 104 74 206 495 211 146 97 52 77 77 51 136 237 224 50 164 193 169 114 64 284 111 48 82
is_linear=0
shrinkage=0.05


Tree=2
num_leaves=61
num_cat=0
split_feature=24 45 24 45 2 24 24 25 28 24 39 34 25 28 24 25 0 25 9 24 28 25 24 25 45 24 25 45 24 24 22 25 45 45 45 24 12 24 17 25 40 45 16 40 24 24 16 17 40 16 25 24 25 25 41 24 45 16 45 24
split_gain=4.64622e+07 2.22132e+07 3.64859e+06 2.04394e+06 1.85062e+06 1.32314e+06 698476 1.09513e+06 493697 426526 213999 197808 140575 131407 130530 125183 93686.5 85038.2 82627.7 56097.2 42260.2 37968.6 88933.7 46112.6 39440.4 37512.6 31237.9 34294.9 26030.5 23732.7 18564.7 18439.5 24918.4 13829.2 12736 11643.2 11341.3 10233.8 9946.46 9009.99 7600.54 7520.54 7159.64 5920.86 5515.69 5386.75 3409.2 5189.62 3398.94 3372.62 3062.7 5501.16 2894.73 2810.24 1564.13 1448.61 1420.78 1399.29 630.293 397.477
threshold=162.67697706422021 9.5000000000000018 122.72074356835824 9.5000000000000018 5.5000000000000009 141.56187674511369 221.21921952817829 4.5000000000000009 8.5000000000000018 116.09484709480124 2.5000000000000004 1.0000000180025095e-35 1.5000000000000002 15.500000000000002 110.56608562691135 32.000000000000007 2.5000000000000004 1.5000000000000002 5.5000000000000009 119.89451979213446 7.5000000000000009 2.5000000000000004 99.715182961992156 4.5000000000000009 9.5000000000000018 113.5902752293578 1.5000000000000002 9.5000000000000018 183.09545435676037 104.32059515408139 0.0095000000000000015 2.5000000000000004 9.5000000000000018 3.5000000000000004 7.5000000000000009 107.39053189165575 0.80000000000000016 117.89482068390326 3.1575000000000002 2.5000000000000004 36.500000000000007 1.5000000000000002 17.250000000000004 25.500000000000004 121.35658951904365 113.4161981138128 18.350000000000005 2.8605000000000005 11.500000000000002 18.250000000000004 3.5000000000000004 81.147853070226901 3.5000000000000004 8.5000000000000018 3.5000000000000004 114.93118432026689 9.5000000000000018 26.650000000000002 2.5000000000000004 119.01754795663054
decision_type=2 2 2 2 2 2 2 2 2 2 2 2 2 2 2 2 2 2 2 2 2 2 2 2 2 2 2 2 2 2 2 2 2 2 2 2 2 2 2 2 2 2 2 2 2 2 2 2 2 2 2 2 2 2 2 2 2 2 2 2
left_child=2 11 9 17 6 10 7 28 15 12 -5 46 25 -10 21 -8 -12 -4 -19 26 -9 35 30 29 42 -1 37 39 -3 52 41 45 33 -33 44 -14 -20 -11 -26 -28 -36 53 -25 -44 -21 58 -2 -48 49 -31 -43 -52 -24 -23 -47 -27 -50 -45 -16 -39
right_child=1 4 3 5 -6 -7 8 20 13 19 16 -13 14 -15 31 -17 -18 18 36 34 -22 22 23 24 38 55 27 -29 -30 48 -32 32 -34 -35 40 -37 -38 59 -40 -41 -42 50 43 57 -46 54 47 -49 56 -51 51 -53 -54 -55 -56 -57 -58 -59 -60 -61
leaf_value=-4.9383893496491194 -2.7033501965066664 23.321379684101451 1.8224490915593645 8.6439825001629913 12.306712825638908 15.928124882594958 39.679475946841038 12.568009059542701 20.359385910034181 -2.6622018806055969 5.3818547682870523 1.810878831473264 -4.5531182059856379 28.032386081150602 -2.4491329036777221 28.282755375737732 1.2354399001292693 0.15571518021821978 -1.6100887534731911 -1.3953699408471585 18.346101861681259 -3.4968267952710734 -3.9396714065887117 -1.7387472996115685 -1.4708315577126783 -4.0518790184272513 -1.0494902746841825 0.53636092523733769 32.209456667218888 -2.6642191544418727 -2.0903567099003566 -1.3238027143478392 -0.41877797999165267 -2.817922689550453 -0.46120755075053738 -3.6377534938843783 -3.1795119936415492 -1.9538043504012261 -0.020155335380917506 -2.3876070531776974 0.86986025016488766 -4.9401677010276108 -3.3427125394635087 -2.6204359464645388 -0.38303434165624473 -2.5093303153991702 -2.8409392111925857 -4.2524396942853926 -3.0505384177374606 -1.6074990980191666 -4.3107402797725713 -3.6971350509039094 -3.1536684215293742 -2.4843756055831911 -1.7735986303366151 -3.3905847255603683 -2.3589832600680269 -1.8078672917683918 -3.1723238306923918 -1.4503428840637209
leaf_weight=171 22 21 20 21 27 36 22 20 22 94 21 21 98 69 35 22 38 39 20 31 20 86 90 27 28 90 28 23 20 25 20 33 32 35 21 120 46 37 20 27 20 21 40 39 25 24 20 39 102 21 106 268 52 21 38 73 32 20 37 27
leaf_count=171 22 21 20 21 27 36 22 20 22 94 21 21 98 69 35 22 38 39 20 31 20 86 90 27 28 90 28 23 20 25 20 33 32 35 21 120 46 37 20 27 20 21 40 39 25 24 20 39 102 21 106 268 52 21 38 73 32 20 37 27
internal_value=0.00416279 17.1239 -2.48571 3.33619 25.3154 8.08638 26.8773 22.4229 29.3653 -3.14353 4.40445 -2.44757 -3.44719 26.4189 -3.23122 34.7364 2.77647 -1.10114 -1.67 -1.4931 15.8342 -3.43751 -3.29859 -2.80481 -2.12355 -4.38519 -1.90799 -1.06855 28.3208 -3.16522 -3.7615 -2.1316 -1.58697 -2.1226 -0.474441 -4.06818 -2.73513 -2.31304 -0.879232 -1.73738 0.193226 -3.82378 -2.58688 -2.79844 -0.958171 -2.52323 -3.5603 -3.82937 -2.74421 -2.22638 -3.95069 -3.88209 -3.67594 -3.32301 -2.09379 -3.77823 -2.90413 -2.37979 -2.85921 -1.76706
internal_weight=2723 345 2378 241 243 116 216 81 135 2137 80 102 1804 91 1470 44 59 125 105 333 40 1236 1018 496 174 334 236 78 41 322 522 234 100 68 97 218 66 158 48 55 41 502 126 99 56 134 81 59 180 46 395 374 142 107 62 163 134 59 72 64
internal_count=2723 345 2378 241 243 116 216 81 135 2137 80 102 1804 91 1470 44 59 125 105 333 40 1236 1018 496 174 334 236 78 41 322 522 234 100 68 97 218 66 158 48 55 41 502 126 99 56 134 81 59 180 46 395 374 142 107 62 163 134 59 72 64
is_linear=0
shrinkage=0.05


Tree=3
num_leaves=62
num_cat=0
split_feature=24 30 24 24 25 30 4 9 24 4 25 24 16 34 25 24 43 39 12 24 24 24 25 17 9 0 24 24 40 25 16 40 25 40 0 4 40 30 25 25 4 25 24 16 17 16 39 41 0 16 25 24 24 9 24 17 17 24 41 16 40
split_gain=4.20733e+07 1.40217e+07 3.30282e+06 1.8475e+06 1.39585e+06 1.21901e+06 912566 792285 620625 558120 1.04112e+06 411861 288757 160895 122235 125085 104868 67626.6 57804.7 52984.1 39430.4 37044.1 84205.7 36809.1 34027.1 34003.7 40329.7 30518.6 27435.1 23716 23830.9 17847.6 14499 10359.6 15715.4 9787.65 9353.48 9454.5 9058.97 8743.02 8555.19 7758.28 7444.36 6395.79 6067.06 4579.3 4350.88 7925.34 4271.76 4172.29 2997.52 14376.1 2736.78 2728.63 2687.32 1740.96 6609.44 1448.42 1297.21 219.732 16.1241
threshold=162.67697706422021 1.2500000000000002 123.28228202989671 221.21921952817829 3.5000000000000004 1.2500000000000002 49.500000000000007 6.5000000000000009 138.93749470712774 7.5000000000000009 15.500000000000002 116.38613497358911 22.150000000000002 1.0000000180025095e-35 1.5000000000000002 111.13950541049165 1.0000000180025095e-35 4.5000000000000009 0.80000000000000016 119.89451979213446 114.03840770086184 91.91790723751275 3.5000000000000004 3.0505000000000004 12.500000000000002 14.500000000000002 103.60053325688075 108.18885438720302 15.500000000000002 1.5000000000000002 25.550000000000004 10.500000000000002 2.5000000000000004 19.500000000000004 10.500000000000002 47.500000000000007 32.500000000000007 1.2500000000000002 5.5000000000000009 7.5000000000000009 11.500000000000002 2.5000000000000004 118.29939254934668 20.050000000000004 1.9205000000000003 22.250000000000004 3.5000000000000004 6.5000000000000009 7.5000000000000009 23.950000000000003 2.5000000000000004 102.91074654703095 113.68035974423132 7.5000000000000009 99.950636729438273 5.753000000000001 6.3295000000000003 112.76584846346314 3.5000000000000004 26.250000000000004 32.500000000000007
decision_type=2 2 2 2 2 2 2 2 2 2 2 2 2 2 2 2 2 2 2 2 2 2 2 2 2 2 2 2 2 2 2 2 2 2 2 2 2 2 2 2 2 2 2 2 2 2 2 2 2 2 2 2 2 2 2 2 2 2 2 2 2
left_child=2 3 11 4 -2 8 9 -6 16 -5 -11 14 -10 53 20 21 24 18 -7 29 57 55 27 -18 -4 26 38 50 -12 42 35 -28 52 -34 -35 -31 44 -38 45 43 -19 -29 -13 -33 -21 -24 -40 48 -48 -45 -23 -52 60 -3 59 -16 -57 -1 -54 -47 -17
right_child=1 13 5 6 7 17 -8 -9 12 10 28 19 -14 -15 15 32 23 40 -20 36 -22 22 25 -25 -26 -27 31 41 -30 30 -32 39 33 34 -36 -37 37 -39 46 -41 -42 -43 -44 49 -46 54 47 -49 -50 -51 51 -53 58 -55 -56 56 -58 -59 -60 -61 -62
leaf_value=-4.8854058054515299 23.969596078872684 -2.4784010731472694 0.1951925959794418 20.975112381889709 17.126682832170935 2.1031233297694811 15.314437567192314 5.9695738769980045 6.5930675959587095 38.10844340348244 29.011007703145346 -2.411649644202793 14.095469240612454 2.0826096850349791 -3.9699754850343725 -2.9435344413613902 3.4273166166652338 -3.2122941621867094 -1.4827157373532005 -1.5183558734258016 -3.4150043576828981 -4.1604507684369461 -3.6268937996149067 6.7434533673241024 3.0188014154490972 -0.76293605880737303 -0.95128245267001066 -3.2321035887978291 22.289481899170653 -2.1658231560786567 0.44298259962172737 -1.7373293503431175 -2.2256103743825641 -0.28067388405970167 -1.8473088419629684 -0.74584312245249751 0.85062400353991474 -0.51778084645313871 -3.2204449621490809 -1.4978006201237442 -1.7387557414482382 -2.3257207873291694 -1.5789429500056249 -3.2781646488808303 -0.43543604497846805 -2.7071610065128495 -3.1833596760727643 -1.7796886093836084 -2.1719370309768187 -2.276221009625329 -4.1688328094482427 -3.1352832318365573 -2.3366319559097293 -3.4693274567921963 -2.3828192110061646 -2.5230026879134004 -3.6973039812265442 -4.1952211292584733 -1.6498961410329152 -3.6959140439467002 -2.257276927919099
leaf_weight=111 39 33 22 41 33 21 24 33 31 29 23 96 26 20 173 24 21 21 22 20 140 140 99 20 20 24 32 98 41 29 20 25 27 34 30 23 22 27 45 31 28 51 50 36 37 22 42 37 30 35 84 99 24 29 34 26 85 95 36 21 32
leaf_count=111 39 33 22 41 33 21 24 33 31 29 23 96 26 20 173 24 21 21 22 20 140 140 99 20 20 24 32 98 41 29 20 25 27 34 30 23 22 27 45 31 28 51 50 36 37 22 42 37 30 35 84 99 24 29 34 26 85 95 36 21 32
internal_value=0.00654643 16.2976 -2.36281 21.9075 16.4535 3.29416 25.4057 11.7206 6.21616 27.0863 29.5286 -2.97563 10.1993 -1.7423 -3.26783 -3.0642 3.39182 -1.17132 0.276392 -1.32743 -4.12517 -3.25105 -3.09529 5.16711 1.57882 -2.63913 -2.72946 -3.58444 25.1143 -1.77186 -1.00784 -2.04843 -1.90855 -1.40671 -1.03223 -1.56377 -0.405332 0.10123 -3.0504 -2.31524 -2.42199 -2.93947 -2.13919 -2.561 -0.835121 -3.33151 -2.70967 -2.47139 -2.79753 -2.82279 -3.87195 -3.6298 -2.2868 -2.98969 -2.91004 -3.77851 -3.44727 -4.58895 -1.95847 -3.26318 -2.59796
internal_weight=2723 345 2378 263 105 232 158 66 140 134 93 2146 57 82 1822 1476 83 92 43 324 346 1269 985 41 42 513 489 472 64 218 72 159 207 91 64 52 106 49 330 127 49 149 146 96 57 176 154 109 72 71 323 183 116 62 77 284 111 206 60 43 56
internal_count=2723 345 2378 263 105 232 158 66 140 134 93 2146 57 82 1822 1476 83 92 43 324 346 1269 985 41 42 513 489 472 64 218 72 159 207 91 64 52 106 49 330 127 49 149 146 96 57 176 154 109 72 71 323 183 116 62 77 284 111 206 60 43 56
is_linear=0
shrinkage=0.05


Tree=4
num_leaves=63
num_cat=0
split_feature=24 45 24 38 25 45 24 16 24 39 34 25 24 17 16 9 16 25 24 25 24 38 24 1 25 45 16 45 25 38 45 30 24 1 29 45 24 25 25 24 24 40 4 24 9 16 25 1 1 40 1 24 1 1 45 17 16 24 1 1 1 24
split_gain=3.80816e+07 1.86869e+07 2.98954e+06 2.15635e+06 2.69447e+06 1.7321e+06 1.12907e+06 980758 348417 186833 179341 114384 106963 95839.8 82618.2 107107 65140.9 47567.4 45457.7 39555.9 96516.1 45015.8 30786.4 26849 25431.6 30275 22205.6 19319.4 17722.8 22743.4 16350.4 15189.6 13186.5 11992.1 11585.9 10892 10788.5 9199.54 8592.81 8418.48 7366.36 6310.02 5955.5 4958.98 4491.98 3472.88 2871.22 2352.57 5226.43 11618.3 2271.94 2061.95 1972.17 1744 3871.77 2768.96 1718.91 1551.59 846.617 2092.48 724.874 537.974
threshold=162.67697706422021 9.5000000000000018 122.72074356835824 3.5000000000000004 32.000000000000007 9.5000000000000018 141.56187674511369 19.250000000000004 116.09484709480124 2.5000000000000004 1.0000000180025095e-35 1.5000000000000002 109.89335156433781 4.8070000000000013 15.65 2.5000000000000004 20.250000000000004 2.5000000000000004 119.89451979213446 3.5000000000000004 99.715182961992156 10.500000000000002 113.48572977481236 20.500000000000004 1.5000000000000002 9.5000000000000018 19.950000000000003 4.5000000000000009 2.5000000000000004 8.5000000000000018 3.5000000000000004 2.0000000000000004 91.91790723751275 28.500000000000004 1.0000000180025095e-35 7.5000000000000009 106.48272456900899 2.5000000000000004 2.5000000000000004 117.81300250208507 112.97663886572143 36.500000000000007 45.500000000000007 121.35658951904365 7.5000000000000009 26.050000000000004 2.5000000000000004 6.5000000000000009 15.500000000000002 39.500000000000007 24.500000000000004 114.8311843202669 27.500000000000004 9.5000000000000018 1.5000000000000002 5.9020000000000001 17.150000000000002 112.76584846346314 34.500000000000007 24.500000000000004 36.500000000000007 119.01754795663054
decision_type=2 2 2 2 2 2 2 2 2 2 2 2 2 2 2 2 2 2 2 2 2 2 2 2 2 2 2 2 2 2 2 2 2 2 2 2 2 2 2 2 2 2 2 2 2 2 2 2 2 2 2 2 2 2 2 2 2 2 2 2 2 2
left_child=2 10 8 4 7 14 9 -3 11 -7 27 22 19 -5 -4 -16 -11 -17 24 36 32 23 -1 -22 39 38 -25 44 40 -30 52 -19 53 47 58 43 46 -38 -26 -10 56 -37 -33 -20 -2 -35 -13 -23 -49 -50 -42 -24 -31 55 -55 -21 -14 -32 59 -34 -58 -41
right_child=1 3 5 13 -6 6 -8 -9 18 16 -12 12 28 -15 15 17 -18 31 35 20 21 33 51 26 25 -27 -28 -29 29 30 57 42 34 45 -36 41 37 -39 -40 61 50 -43 -44 -45 -46 -47 -48 48 49 -51 -52 -53 -54 54 -56 -57 60 -59 -60 -61 -62 -63
leaf_value=-4.4849014439438326 -2.2726442116306678 17.999716199517248 1.7411812472783705 32.222777823380063 25.473598634367406 7.9556165199930025 14.639870180181555 6.5119571812947585 -2.4226585568438517 0.50708861561921925 1.6162190716916864 -4.2483830741986841 -2.0998382571339609 23.570167219979425 1.5911119958332607 -0.33403012568300428 3.872077910423279 -4.2006415352095727 -1.2943226991593839 -3.4756941069089451 0.45723423253922235 -2.6247960853683101 -3.7138139038085942 -0.53724240413078894 -0.92880873499245475 0.54088881244262055 -2.5821603719790782 -4.6548257689816621 -0.31318440183003748 -0.80437399228413897 -2.9141532308714737 -3.0664384215218683 -3.1386976892817202 -3.1746631803049854 -1.9897758491472766 -0.41195300386879935 -3.4463580125328002 -2.4947545762474723 -2.2266506585053039 -1.7886719208671935 -1.3882989166417847 0.80096483548482267 -1.6815973127971997 -0.33624429423648583 -3.4515789764404299 -2.3430394752927728 -3.5884282811887704 -1.3151975474434514 -2.8315044170437442 -1.2039879336811248 -2.1598598863798033 -3.0859218657889018 -1.5461523537473245 -3.00451337670171 -3.8157371222129974 -2.3070543440183005 -3.14644434820522 -2.0104233024431313 -3.421367044361626 -2.3601016008152684 -2.2984806680111656 -1.3042880507877896
leaf_weight=164 30 39 21 55 91 21 36 38 90 25 21 72 23 20 20 21 34 22 31 25 20 27 89 25 28 23 29 27 29 23 27 20 65 75 32 21 122 51 27 41 22 20 21 25 24 36 156 30 32 20 50 81 21 42 197 20 43 22 81 33 20 27
leaf_count=164 30 39 21 55 91 21 36 38 90 25 21 72 23 20 20 21 34 22 31 25 20 27 89 25 28 23 29 27 29 23 27 20 65 75 32 21 122 51 27 41 22 20 21 25 24 36 156 30 32 20 50 81 21 42 197 20 43 22 81 33 20 27
internal_value=0.00812632 15.5071 -2.24604 23.0205 19.6304 3.02387 7.39676 12.4867 -2.84149 3.9968 -2.44199 -3.11594 -2.92111 30.256 -1.06063 -1.63762 2.47853 -2.4161 -1.34981 -3.12944 -2.91139 -2.17904 -3.96211 -1.09108 -1.7233 -0.965827 -1.66251 -3.50106 -2.02772 -1.54936 -1.92735 -3.09399 -3.34108 -2.53837 -2.98881 -0.432739 -3.55015 -3.18181 -1.5944 -2.08878 -2.38498 0.184578 -2.41417 -0.8801 -2.84994 -2.92832 -3.8145 -2.11822 -1.92174 -2.24016 -1.94642 -3.43447 -1.18501 -3.59137 -3.68631 -3.01785 -2.72549 -2.55682 -3.15533 -2.90306 -2.91745 -1.61811
internal_weight=2723 345 2378 243 168 241 116 77 2137 80 102 1804 1470 75 125 104 59 84 333 1190 789 294 334 74 236 78 54 81 280 122 93 63 495 220 211 97 401 173 55 158 158 41 41 56 54 111 228 109 82 52 72 170 44 284 239 45 86 49 179 98 63 68
internal_count=2723 345 2378 243 168 241 116 77 2137 80 102 1804 1470 75 125 104 59 84 333 1190 789 294 334 74 236 78 54 81 280 122 93 63 495 220 211 97 401 173 55 158 158 41 41 56 54 111 228 109 82 52 72 170 44 284 239 45 86 49 179 98 63 68
is_linear=0
shrinkage=0.05


Tree=5
num_leaves=60
num_cat=0
split_feature=24 45 24 38 25 45 24 25 16 24 34 16 25 24 17 2 17 9 28 24 24 0 24 24 25 25 45 40 45 24 25 38 40 45 24 28 28 45 25 24 25 25 24 28 24 25 9 24 25 17 17 28 28 28 24 28 17 45 24
split_gain=3.4432e+07 1.69011e+07 2.70722e+06 1.95501e+06 2.43076e+06 1.57518e+06 995842 979942 959058 335664 162524 105898 103059 96582.1 82913.8 209110 79692.8 76474 48567.1 46613.3 41105.6 28489.7 27852.5 26784 68859.8 22953.2 27430 21441.8 17497.5 16472 13812.7 24612.7 12219.3 12213.1 11889.3 10658.2 10037.2 8624.89 7784.74 7576.1 7403.99 6897.25 9126.63 6892.5 6659.94 5210.25 4082.58 4016.68 3167.53 2624.89 2542.25 6185.75 6150.11 3329.27 2394.78 2016.82 2012.03 905.879 84.3152
threshold=162.67697706422021 9.5000000000000018 123.28228202989671 3.5000000000000004 32.000000000000007 9.5000000000000018 141.56187674511369 4.5000000000000009 19.250000000000004 116.09484709480124 1.0000000180025095e-35 20.250000000000004 1.5000000000000002 110.56608562691135 4.8070000000000013 3.5000000000000004 4.5990000000000011 4.5000000000000009 2.5000000000000004 119.89451979213446 133.40280164025577 15.500000000000002 113.4161981138128 99.3285509501966 3.5000000000000004 1.5000000000000002 9.5000000000000018 8.5000000000000018 4.5000000000000009 106.09289128900618 2.5000000000000004 8.5000000000000018 16.500000000000004 3.5000000000000004 108.18885438720302 23.500000000000004 1.0000000180025095e-35 9.5000000000000018 2.5000000000000004 118.11619811381279 2.5000000000000004 4.5000000000000009 81.147853070226901 46.500000000000007 121.35658951904365 2.5000000000000004 7.5000000000000009 113.48572977481236 4.5000000000000009 1.0405000000000002 4.9410000000000016 15.500000000000002 5.5000000000000009 13.500000000000002 114.7632233592096 7.5000000000000009 4.0215000000000005 2.5000000000000004 119.01754795663054
decision_type=2 2 2 2 2 2 2 2 2 2 2 2 2 2 2 2 2 2 2 2 2 2 2 2 2 2 2 2 2 2 2 2 2 2 2 2 2 2 2 2 2 2 2 2 2 2 2 2 2 2 2 2 2 2 2 2 2 2 2
left_child=2 10 9 4 7 16 11 -3 -9 12 28 -7 22 21 15 -5 18 -13 -4 25 -20 23 -1 36 34 39 38 48 46 32 47 -32 -29 -33 40 -31 -14 44 -27 -11 -25 -38 -43 -44 -21 -36 -2 57 -26 -34 51 52 -51 -52 -24 -49 -35 -15 -41
right_child=1 3 5 14 -6 6 -8 8 -10 19 -12 17 13 30 -16 -17 -18 -19 20 37 -22 -23 54 24 27 26 -28 29 -30 35 31 33 49 56 45 -37 41 -39 -40 58 -42 42 43 -45 -46 -47 -48 55 -50 50 53 -53 -54 -55 -56 -57 -58 -59 -60
leaf_value=-4.2845627960977675 -2.1626775632366058 18.665873039364815 0.3167372190384638 34.714550426544683 24.213762904975727 1.4243757492701212 13.927660135836215 13.423858962425818 -0.90183886267922153 -2.2626580882308507 1.5390813857858832 2.9868190338710949 -2.2094055239907631 -2.072375970946418 22.447777731134778 24.604110146302446 1.087827724814415 7.1350256149857136 -0.96066687234516801 -1.2206208679170318 -3.5047131374776366 -1.5432635312202652 -3.5563971409899118 -3.7450169150969561 -1.5850876228625959 -0.88396967982423724 0.51497120290994647 -3.7657342803955083 -4.430396683556693 -2.3377329306041497 -0.033445797573637075 -1.0346775469816094 -1.7133923437481835 -1.8357026607340032 -3.0111724768186869 -1.0563932281105142 -3.9436375579281129 0.2264593182771634 -2.1192942824640446 -1.6402791178226472 -3.0946392182985942 -3.6907104906953614 -3.1462337114927816 -2.1363678590901971 -0.22907752220695088 -2.1492264467893647 -3.2859030845642092 -1.4193332235831204 -0.72054968065271774 -2.8440316478852878 -2.5007442359866641 -3.2778061997890475 -1.6004250657558441 -1.5040177704800259 -2.9439374174230242 -2.1486408627649833 -2.8169615765051415 -2.7309908454418186 -1.2414026948383876
leaf_weight=157 30 31 20 30 91 29 36 25 21 100 21 23 28 35 20 25 31 26 28 32 39 38 93 135 25 28 23 24 27 33 26 32 20 21 75 37 68 38 27 31 149 115 254 28 36 42 24 32 23 26 30 40 25 21 84 28 21 39 27
leaf_count=157 30 31 20 30 91 29 36 25 21 100 21 23 28 35 20 25 31 26 28 32 39 38 93 135 25 28 23 24 27 33 26 32 20 21 75 37 68 38 27 31 149 115 254 28 36 42 24 32 23 26 30 40 25 21 84 28 21 39 27
internal_value=0.00818046 14.7458 -2.13525 21.8911 18.6637 2.98632 7.1513 11.878 7.00372 -2.69007 -2.32414 3.88697 -2.96245 -2.77751 28.7799 30.6404 -1.06371 5.28669 -1.83405 -1.2488 -2.47137 -2.95495 -3.76569 -2.9984 -2.78543 -1.63885 -0.919191 -2.20232 -3.33234 -2.38596 -1.83164 -1.3606 -2.63934 -1.82017 -3.22089 -1.68494 -3.2967 -0.373126 -1.51751 -1.98608 -3.41587 -3.35728 -3.24718 -3.05388 -0.706686 -2.72263 -2.71265 -2.17044 -1.19409 -2.45035 -2.54141 -2.74783 -2.27702 -2.12724 -3.28394 -1.7894 -2.38055 -2.45134 -1.47887
internal_weight=2723 345 2378 243 168 232 114 77 46 2146 102 78 1804 1470 75 55 118 49 87 342 67 1236 334 1198 705 236 78 304 81 256 234 100 186 74 401 70 493 106 55 158 284 465 397 282 68 117 54 134 48 162 142 91 51 51 177 60 42 74 58
internal_count=2723 345 2378 243 168 232 114 77 46 2146 102 78 1804 1470 75 55 118 49 87 342 67 1236 334 1198 705 236 78 304 81 256 234 100 186 74 401 70 493 106 55 158 284 465 397 282 68 117 54 134 48 162 142 91 51 51 177 60 42 74 58
is_linear=0
shrinkage=0.05


Tree=6
num_leaves=61
num_cat=0
split_feature=24 45 24 38 25 45 24 25 16 24 39 34 25 24 1 17 17 41 12 24 45 40 17 24 1 25 45 1 24 40 45 25 25 24 25 25 17 16 16 1 1 1 40 25 24 45 25 24 24 16 1 9 9 39 24 25 45 39 39 24
split_gain=3.11522e+07 1.52959e+07 2.44944e+06 1.77904e+06 2.19082e+06 1.42611e+06 900900 886894 869100 303332 159871 147284 89683.3 92879.1 77575.6 145881 73615.8 69093.4 39796.7 38684.6 29657.8 48784.1 29755.8 29311.1 20112.4 17226.3 22197.9 16607.5 16353.4 16120.8 15847.3 13731.6 12570.9 14205.2 12566.7 11304.2 10939.7 10613 11768.6 9501.12 9316.89 8965.46 8008.13 7787.55 7408.71 7192.13 5577.64 9100.95 5474.16 4796.23 4525.96 4221.82 3710.43 2542.71 2265.94 1967.01 1779.73 1199.43 1054.58 140.1
threshold=162.67697706422021 9.5000000000000018 123.28228202989671 3.5000000000000004 32.000000000000007 9.5000000000000018 141.56187674511369 4.5000000000000009 19.250000000000004 116.38613497358911 2.5000000000000004 1.0000000180025095e-35 1.5000000000000002 111.13950541049165 39.500000000000007 4.487000000000001 4.8070000000000013 3.5000000000000004 0.95000000000000007 119.89451979213446 9.5000000000000018 60.500000000000007 1.0655000000000003 114.12515012510427 22.500000000000004 1.5000000000000002 9.5000000000000018 20.500000000000004 107.67156323079692 15.500000000000002 4.5000000000000009 2.5000000000000004 2.5000000000000004 99.726976993648577 2.5000000000000004 4.5000000000000009 4.5990000000000011 27.150000000000002 16.650000000000002 37.500000000000007 49.500000000000007 11.500000000000002 38.500000000000007 2.5000000000000004 105.06910332022717 5.5000000000000009 4.5000000000000009 91.91790723751275 118.4429531554073 24.950000000000003 36.500000000000007 5.5000000000000009 7.5000000000000009 5.5000000000000009 112.63118432026688 3.5000000000000004 1.5000000000000002 1.5000000000000002 4.5000000000000009 117.42663886572144
decision_type=2 2 2 2 2 2 2 2 2 2 2 2 2 2 2 2 2 2 2 2 2 2 2 2 2 2 2 2 2 2 2 2 2 2 2 2 2 2 2 2 2 2 2 2 2 2 2 2 2 2 2 2 2 2 2 2 2 2 2 2
left_child=2 11 9 4 7 14 10 -3 -9 12 -7 30 23 20 15 18 -5 -12 -4 25 28 22 39 54 31 48 43 36 32 -6 52 -15 -14 46 -30 53 -24 38 -26 -22 -40 -37 49 -27 -29 50 -34 56 59 51 55 -21 -2 -35 -1 -36 -48 -49 -59 -11
right_child=1 3 5 16 29 6 -8 8 -10 19 17 -13 13 24 -16 -17 -18 -19 -20 42 21 -23 27 -25 37 26 -28 44 34 -31 -32 -33 33 35 45 41 -38 -39 40 -41 -42 -43 -44 -45 -46 -47 47 57 -50 -51 -52 -53 -54 -55 -56 -57 -58 58 -60 -61
leaf_value=-4.2413809324963259 -2.0580318541680618 17.761744791027159 0.27674584258686413 29.161356188484604 24.909185782378579 7.343862731673501 13.250098422282452 12.77848096700815 -0.85879650636152793 -2.2069157741915797 3.8099466381967071 1.4656253173134544 -3.6403063330443004 -1.5955653305053712 -2.772659374330102 3.277189178881438 21.37883647827875 0.32598634013423217 -2.4498434978557961 -1.4088378997147084 -0.88092629377543918 0.033072317513552579 -2.6215756237917933 -2.9087638312445745 -1.3467898148251698 -0.79796963592370351 0.43848266081965487 -3.4647314632229689 -2.8540393780273141 19.932542889595034 -4.2167882832459043 -0.16802816604866702 -3.6326762178089269 -3.0585999272263051 -1.6334713705062869 -1.1019894563584101 -1.0420954106070779 -1.1713450197047657 -3.0438393317892198 -2.2629961217533459 -1.7523634989611034 -2.3808022783931935 0.28530747780028515 -2.0858693902969363 -2.3866123668125701 -2.8171140007539233 -2.7530305773249042 -3.1712479077445139 -1.3336053454875947 0.015876419544219974 -2.2507707798957828 -0.48828032550751232 -3.1281798141479498 -2.5085360505794867 -3.6129728800005618 -0.87183373150371368 -3.3602934548503067 -2.1210651616074823 -2.6859687338829041 -1.7701549314841249
leaf_weight=100 30 31 21 55 52 21 36 25 21 61 31 21 91 34 40 22 20 26 35 22 34 21 28 134 31 26 22 81 102 39 27 33 75 124 24 20 21 35 46 21 28 75 33 24 34 21 51 26 47 20 24 31 24 77 112 20 182 43 74 38
leaf_count=100 30 31 21 55 52 21 36 25 21 61 31 21 91 34 40 22 20 26 35 22 34 21 28 134 31 26 22 81 102 39 27 33 75 124 24 20 21 35 46 21 28 75 33 24 34 21 51 26 47 20 24 31 24 77 112 20 182 43 74 38
internal_value=0.0089788 14.0271 -2.02981 20.8247 17.7469 2.84182 6.80481 11.3041 6.66685 -2.55755 3.69994 -2.21199 -2.80832 -2.63387 -1.0118 -0.085071 27.3947 2.25388 -1.44037 -1.14306 -2.79488 -2.26764 -2.48743 -3.54276 -1.63811 -1.52283 -0.871326 -2.82792 -2.91552 23.0162 -3.17175 -0.905334 -3.01741 -2.93675 -2.45509 -2.63329 -1.97914 -1.97986 -2.23572 -1.4397 -2.58512 -2.12591 -0.355041 -1.44504 -3.16935 -1.97118 -3.12964 -3.01992 -1.83597 -0.644525 -1.67282 -0.889504 -2.58197 -2.86137 -3.92794 -1.31445 -3.23973 -2.64172 -2.49813 -2.0587
internal_weight=2723 345 2378 243 168 232 114 77 46 2146 78 102 1822 1476 118 78 75 57 56 324 1269 240 219 346 207 218 72 164 1029 91 81 67 838 747 191 296 49 140 105 55 74 95 106 50 115 89 451 376 146 73 68 53 54 201 212 44 233 143 117 99
internal_count=2723 345 2378 243 168 232 114 77 46 2146 78 102 1822 1476 118 78 75 57 56 324 1269 240 219 346 207 218 72 164 1029 91 81 67 838 747 191 296 49 140 105 55 74 95 106 50 115 89 451 376 146 73 68 53 54 201 212 44 233 143 117 99
is_linear=0
shrinkage=0.05


Tree=7
num_leaves=63
num_cat=0
split_feature=24 30 24 2 16 38 38 0 24 25 24 16 2 24 34 25 24 16 25 28 28 24 25 24 38 24 41 25 16 39 25 24 9 22 25 40 28 24 28 41 0 40 0 28 16 9 9 39 28 16 9 25 24 9 16 24 24 24 24 24 28 24
split_gain=2.81982e+07 9.16291e+06 2.49342e+06 1.73011e+06 1.15185e+06 2.94672e+06 1.07824e+06 793242 759454 1.46072e+06 528679 426092 289615 274388 114799 83825.6 78903.8 72611.7 72607.3 59907 49513.7 37982.9 25773.9 74600.4 39038.5 22991.2 22045.7 18723.1 24918.4 16487.4 18774.4 15928.9 15257.1 14653.2 10179.5 7255.07 7138.91 6259.93 6145.85 5926.94 5863.5 4822.96 4294.54 3643.48 3000.83 3553.75 2976.58 2934.47 5050.59 2728.25 2565.16 2536.27 2519.4 2249.46 8415.21 5752.36 2038.65 2268.5 1903.21 1494.64 1129.2 557.482
threshold=166.07667607621741 1.2500000000000002 123.28228202989671 5.5000000000000009 24.250000000000004 8.5000000000000018 10.500000000000002 7.5000000000000009 260.96555096279872 4.5000000000000009 138.93749470712774 26.950000000000003 4.5000000000000009 116.09484709480124 1.0000000180025095e-35 1.5000000000000002 110.56608562691135 20.250000000000004 2.5000000000000004 2.5000000000000004 9.5000000000000018 119.89451979213446 3.5000000000000004 99.715182961992156 10.500000000000002 113.3402752293578 1.5000000000000002 1.5000000000000002 25.550000000000004 1.5000000000000002 3.5000000000000004 106.48272456900899 6.5000000000000009 0.0068500000000000011 2.5000000000000004 38.500000000000007 1.0000000180025095e-35 117.72843587605057 4.5000000000000009 2.5000000000000004 5.5000000000000009 75.500000000000014 9.5000000000000018 56.500000000000007 25.850000000000005 14.500000000000002 6.5000000000000009 2.5000000000000004 3.5000000000000004 25.350000000000005 5.5000000000000009 2.5000000000000004 115.06871073116487 8.5000000000000018 26.550000000000004 104.32059515408139 104.32059515408139 100.97026864267234 112.97663886572143 81.147853070226901 17.500000000000004 118.89102328863798
decision_type=2 2 2 2 2 2 2 2 2 2 2 2 2 2 2 2 2 2 2 2 2 2 2 2 2 2 2 2 2 2 2 2 2 2 2 2 2 2 2 2 2 2 2 2 2 2 2 2 2 2 2 2 2 2 2 2 2 2 2 2 2 2
left_child=2 3 13 4 5 8 10 -6 9 -2 17 18 -12 15 60 25 22 -4 -8 -20 -10 27 31 33 26 -1 -25 37 42 -18 39 51 -32 36 -33 38 -24 -15 -23 58 -40 43 -29 59 45 46 -41 -26 -49 -36 -21 -17 -27 54 55 -50 57 -55 -31 -38 -3 -39
right_child=1 14 6 -5 7 -7 11 -9 20 -11 12 -13 -14 21 -16 16 29 -19 19 50 -22 35 23 24 47 52 -28 28 -30 30 32 34 -34 -35 49 -37 41 61 40 44 -42 -43 -44 -45 -46 -47 -48 48 53 -51 -52 -53 -54 56 -56 -57 -58 -59 -60 -61 -62 -63
leaf_value=-3.8909940488714918 24.450691937255861 -2.2161148546233371 1.3233933485707929 6.6683257908974927 16.820984085845947 0.15714691156926364 0.44588212692737578 29.586054242875846 27.209732767985418 8.240012929704454 13.273109253883362 6.1241986695357733 5.5143463256835936 -2.0975284874576263 1.7633937822069443 -3.6929527977721328 -2.8757441187341914 4.6560026555030776 -0.18871146635575731 -3.9419043093142307 20.998151598163684 -1.1988909838880812 -1.9947782728589816 -1.6644751278559369 -2.6289802285899291 -3.1747331310908002 0.04989478124154581 -1.7503554249363287 0.53491329431533818 -2.5201250313123071 0.43910058316730316 -2.8978082886439602 -1.3656747883558273 -1.4322313925198147 -2.2974820441246036 0.27146167969002444 -3.3582170070420712 -1.5751008424304782 -0.8485493117977273 -1.4495761184181486 0.26280291543557094 -1.9979403075221041 -0.7815629192577167 -2.2479368738470411 -0.84942410877772745 -1.1182707273575567 -2.4066158610298523 -2.7879072114137506 -3.1843632254004479 -1.4323376976876032 -2.8177016886192212 -3.1045257204543253 -2.5750655294565057 -1.7152855144228256 -1.4570479082416847 -1.9374196146329248 -2.0154528064197965 -0.8755806778726124 -1.7763463533552071 -2.950958967947797 -3.0381083163889975 -1.1447571909427643
leaf_weight=151 24 36 30 30 24 22 29 44 25 35 29 20 24 86 20 72 25 38 21 22 50 27 28 38 45 119 36 34 23 29 20 146 26 20 49 33 108 41 21 27 25 20 21 28 20 30 20 25 23 20 33 156 64 20 36 29 26 20 37 291 21 31
leaf_count=151 24 36 30 30 24 22 29 44 25 35 29 20 24 86 20 72 25 38 21 22 50 27 28 38 45 119 36 34 23 29 20 146 26 20 49 33 108 41 21 27 25 20 21 28 20 30 20 25 23 20 33 156 64 20 36 29 26 20 37 291 21 31
internal_value=0.00958322 13.6648 -1.88492 18.2295 19.7414 17.1331 2.87465 25.3899 19.8984 15.1319 6.21866 -0.385974 9.92698 -2.43161 -1.43338 -2.67788 -2.51107 3.22629 -1.67213 -2.47568 23.3995 -1.12851 -2.67145 -2.48946 -1.85219 -3.40235 -0.840846 -1.48061 -0.830619 -1.65612 -1.49721 -2.99087 -0.588236 -2.86859 -2.64325 -0.338032 -2.92593 -1.79422 -0.61357 -1.74854 -0.251707 -2.97966 -1.4011 -3.02085 -1.46578 -1.61286 -1.89858 -2.18105 -2.05444 -2.07083 -3.32983 -3.30568 -2.98018 -1.91812 -2.11762 -2.53872 -1.62441 -1.32715 -2.13597 -3.06933 -2.5662 -1.4081
internal_weight=2723 331 2392 254 224 156 246 68 134 59 121 125 53 2146 77 1804 1470 68 105 76 75 342 1236 793 298 334 74 236 78 234 209 443 46 495 215 106 475 158 73 163 46 447 55 427 97 77 47 224 179 69 55 228 183 154 88 52 66 40 66 399 57 72
internal_count=2723 331 2392 254 224 156 246 68 134 59 121 125 53 2146 77 1804 1470 68 105 76 75 342 1236 793 298 334 74 236 78 234 209 443 46 495 215 106 475 158 73 163 46 447 55 427 97 77 47 224 179 69 55 228 183 154 88 52 66 40 66 399 57 72
is_linear=0
shrinkage=0.05


Tree=8
num_leaves=63
num_cat=0
split_feature=45 25 16 1 40 25 16 17 9 0 4 39 3 28 40 28 4 9 32 17 17 1 40 16 4 25 40 30 28 28 41 36 39 1 0 16 40 9 16 25 45 25 17 16 28 9 17 17 1 40 1 1 9 28 28 9 28 16 17 1 0 17
split_gain=1.39299e+07 9.067e+06 1.08922e+06 720758 738408 980424 1.22819e+06 670572 466060 433540 424521 250646 261124 242308 307403 191144 205491 179349 153871 129864 120100 179454 94343.9 126142 90412.5 70063.6 54076.2 48592.7 76023.5 27904.5 48534.1 38974.6 18743.3 19513.3 35180.8 48044.5 17244.8 11807.5 9903.34 8834.88 13194.8 7770.98 6567.35 6733 7841.98 5936.22 4934.1 4965.99 4840.85 4788.44 4990.46 4604.52 3990.45 6452.41 6846.15 3326.5 4273.51 3325.51 2909.44 2857.54 2703.95 2548.56
threshold=9.5000000000000018 32.000000000000007 32.850000000000001 57.500000000000007 38.500000000000007 10.500000000000002 17.950000000000003 2.8180000000000005 15.500000000000002 2.5000000000000004 48.500000000000007 2.5000000000000004 2.5000000000000004 1.5000000000000002 41.500000000000007 21.500000000000004 10.500000000000002 13.500000000000002 1.0000000180025095e-35 3.0035000000000003 1.6145000000000003 34.500000000000007 22.500000000000004 22.550000000000004 12.500000000000002 4.5000000000000009 48.500000000000007 2.0000000000000004 62.500000000000007 2.5000000000000004 8.5000000000000018 1.0000000180025095e-35 1.5000000000000002 27.500000000000004 11.500000000000002 21.450000000000003 5.5000000000000009 8.5000000000000018 18.250000000000004 2.5000000000000004 6.5000000000000009 4.5000000000000009 4.7485000000000008 22.150000000000002 6.5000000000000009 15.500000000000002 7.2565000000000008 6.2000000000000011 20.500000000000004 39.500000000000007 21.500000000000004 39.500000000000007 18.500000000000004 10.500000000000002 13.500000000000002 12.500000000000002 35.500000000000007 28.550000000000004 7.2025000000000015 9.5000000000000018 6.5000000000000009 2.8905000000000007
decision_type=2 2 2 2 2 2 2 2 2 2 2 2 2 2 2 2 2 2 2 2 2 2 2 2 2 2 2 2 2 2 2 2 2 2 2 2 2 2 2 2 2 2 2 2 2 2 2 2 2 2 2 2 2 2 2 2 2 2 2 2 2 2
left_child=27 2 3 4 8 6 7 -6 15 -3 20 -8 -13 -14 -15 18 -17 24 22 -18 -10 -22 25 -24 -16 36 -26 28 39 30 31 37 58 34 49 -36 -2 -29 45 57 48 -40 43 44 51 -39 47 -44 59 52 -51 -35 53 -34 -55 56 -45 60 -31 -41 61 -1
right_child=1 9 -4 -5 5 -7 11 -9 10 -11 -12 12 13 14 17 16 19 -19 -20 -21 21 -23 23 -25 26 -27 -28 29 -30 32 -32 -33 33 42 35 -37 -38 38 41 40 -42 -43 46 55 -46 -47 -48 -49 -50 50 -52 -53 -54 54 -56 -57 -58 -59 -60 -61 -62 -63
leaf_value=-2.0860884967078905 -0.63587993684742194 21.337990351809733 11.85109645485878 10.617538023630779 4.6328759191149755 12.837363549917937 5.6459636876521966 17.743285746574401 -0.40599330778475162 12.284581753274669 10.288695785186507 -3.3368594918427648 -2.5357990434646611 7.727923535200266 -2.0055664847671983 4.7644512221140749 2.1760123908978244 5.526296832043192 2.097286784523412 -3.1107482941945399 1.1192260455108922 7.2827170576226159 -1.7680655962048157 3.0558888402192492 2.7521705126762392 -4.313448757529259 -0.36304532424263336 -2.6071785248052781 -0.10270114311150143 -2.8574280187946099 0.4991269726802906 -0.059117969583582002 -2.7251801350828888 -1.3961707264726813 -2.0748931901197181 0.5568310049808386 -2.2551475725751935 -0.44843752815609889 -2.3897311582416298 -2.6976332176029683 -3.5043983520827164 -1.2398994453430177 -2.0534227119386199 -2.0119126790632373 -2.9259170215315633 -1.6699438017064876 -2.5258897639543587 -1.1310226932065239 -2.9333350877752231 -1.9975764706664618 -1.0233513282120228 -2.5346288449675951 -1.5861696305058222 -1.2552443970574272 -2.2374362939214705 -1.5270603273391723 -2.7968688404560091 -1.7233050412223454 -1.9598312033641907 -1.9005998286986963 -2.8360920435354249 -2.7991288776257459
leaf_weight=72 35 78 36 29 20 31 38 20 26 22 21 26 24 25 24 38 25 22 37 20 28 20 32 22 36 31 22 81 27 155 23 26 76 21 36 32 32 20 63 39 108 24 47 68 153 21 38 28 185 44 24 26 32 26 124 24 41 20 20 38 108 33
leaf_count=72 35 78 36 29 20 31 38 20 26 22 21 26 24 25 24 38 25 22 37 20 28 20 32 22 36 31 22 81 27 155 23 26 76 21 36 32 32 20 63 39 108 24 47 68 153 21 38 28 185 44 24 26 32 26 124 24 41 20 20 38 108 33
internal_value=0.0105246 5.45458 3.48121 3.02403 2.67214 4.56325 3.5193 11.4611 1.17974 19.4876 4.17489 2.00949 1.2104 1.99982 2.85671 0.122156 2.10791 1.62325 -0.756372 -0.190095 2.32577 3.78367 -1.46021 0.216987 0.522061 -2.37729 1.58433 -2.33694 -2.70254 -2.15403 -1.67383 -1.88774 -2.27431 -2.16858 -1.89785 -0.846241 -1.43113 -2.11383 -1.78381 -2.81858 -2.9909 -2.09029 -2.40296 -2.52765 -2.73508 -1.09907 -2.01652 -1.72854 -2.76669 -2.11392 -1.67362 -2.06574 -2.22304 -2.30582 -2.07666 -2.19759 -2.32996 -2.5333 -2.76659 -2.33377 -2.60093 -2.33453
internal_weight=2723 820 720 684 655 288 257 40 367 100 95 217 179 153 129 272 83 104 189 45 74 48 152 54 82 98 58 1903 630 1273 258 235 1015 840 394 68 67 209 128 603 370 87 446 333 200 41 113 75 262 326 68 47 258 226 150 133 109 233 175 77 213 105
internal_count=2723 820 720 684 655 288 257 40 367 100 95 217 179 153 129 272 83 104 189 45 74 48 152 54 82 98 58 1903 630 1273 258 235 1015 840 394 68 67 209 128 603 370 87 446 333 200 41 113 75 262 326 68 47 258 226 150 133 109 233 175 77 213 105
is_linear=0
shrinkage=0.05


Tree=9
num_leaves=63
num_cat=0
split_feature=45 25 38 38 25 9 4 32 0 9 25 0 38 25 17 0 17 17 39 2 17 18 18 17 17 45 30 9 2 39 0 17 25 36 2 43 9 22 25 17 17 9 45 9 17 9 9 9 9 17 17 0 0 17 17 9 9 17 0 9 17 39
split_gain=1.2603e+07 8.1942e+06 1.86694e+06 819089 2.75661e+06 734111 427562 761962 389405 373300 360024 353133 328722 289780 278508 204983 221079 290412 178294 121291 106013 95695.1 90251.2 86284.2 59711.3 56811.1 37174.2 34267.6 32235.9 25204.7 21160.8 17208.3 15494 13814.7 46912.5 9748.24 8334.84 6373.21 5639.29 5604.86 4481.08 3822.51 3738.76 3732.66 3454.87 7545.92 2959.61 2917.79 2466.47 1928.61 5484.56 1185.51 7188.31 1000.01 1200.04 844.004 327.335 717.598 326.964 209.601 204.887 177.441
threshold=9.5000000000000018 32.000000000000007 1.5000000000000002 7.5000000000000009 10.500000000000002 11.500000000000002 4.5000000000000009 1.0000000180025095e-35 2.5000000000000004 15.500000000000002 1.5000000000000002 5.5000000000000009 8.5000000000000018 3.5000000000000004 2.9675000000000007 3.5000000000000004 1.7435000000000003 2.9260000000000006 3.5000000000000004 2.5000000000000004 2.6940000000000004 1.0000000180025095e-35 1.0000000180025095e-35 1.7840000000000003 2.9260000000000006 3.5000000000000004 2.0000000000000004 10.500000000000002 3.5000000000000004 1.5000000000000002 11.500000000000002 1.0945000000000003 4.5000000000000009 1.0000000180025095e-35 4.5000000000000009 1.0000000180025095e-35 20.500000000000004 1.0000000180025095e-35 1.5000000000000002 4.0615000000000014 4.1490000000000009 4.5000000000000009 6.5000000000000009 1.0000000180025095e-35 4.5330000000000004 7.5000000000000009 4.5000000000000009 13.500000000000002 5.5000000000000009 4.8410000000000002 6.6480000000000006 7.5000000000000009 11.500000000000002 6.2000000000000011 5.4265000000000008 3.5000000000000004 35.500000000000007 2.0010000000000008 9.5000000000000018 2.5000000000000004 4.783500000000001 5.5000000000000009
decision_type=2 2 2 2 2 2 2 2 2 2 2 2 2 2 2 2 2 2 2 2 2 2 2 2 2 2 2 2 2 2 2 2 2 2 2 2 2 2 2 2 2 2 2 2 2 2 2 2 2 2 2 2 2 2 2 2 2 2 2 2 2 2
left_child=12 2 31 6 5 10 14 9 -3 19 23 27 18 24 -4 -12 28 -18 -1 35 -21 -22 -13 -5 -11 -20 38 -9 -17 59 -19 -2 48 36 41 -8 37 40 61 51 43 -35 60 -31 45 -42 -46 -43 -33 -48 53 -40 58 54 -51 -45 57 -38 -53 -28 -41 -14
right_child=1 8 3 4 -6 -7 7 11 -10 13 15 22 26 -15 -16 16 17 30 25 20 21 -23 -24 -25 -26 -27 29 -29 -30 33 -32 32 -34 34 -36 -37 56 -39 39 42 44 47 -44 55 46 -47 49 -49 -50 50 -52 52 -54 -55 -56 -57 -58 -59 -60 -61 -62 -63
leaf_value=4.824706356214441 -1.7218724815050761 20.284596179044701 2.9614243414061416 1.9292907553911212 23.144511708798618 11.162332369457735 -1.9693292671442035 10.64892625891644 11.697058276300844 -1.3143569678610021 0.56192931165297821 0.39614871819814046 -2.4397051343402349 6.6224567538665404 9.2800635263247369 4.2184095388650897 12.583792414892287 3.5818612630026685 1.1744200194965708 2.3971280715395422 0.60186806256430492 -3.4585448129653935 4.9489387884594152 -2.2286811524171095 2.2293290072221024 -2.4238201228596949 -2.3102998580715872 7.0276036976001883 1.3446452990032378 -1.6393524084371682 6.3073717106523972 -2.1037969061164628 -4.4702895281932973 -2.8033864160017536 0.24937132148907104 -3.4679654423943882 -1.2640871865834509 -2.9058171809025302 -2.7564607051671999 -3.1473196348329875 -0.83080783348083509 -1.2580657549415317 -3.4442699628683826 -2.5491358014415293 -2.3134403846544376 -2.1721245134960525 -2.4018987584739926 -2.1980421417951588 -3.1533287612084422 -1.2372519369920096 -2.1147410990516931 -2.3322482618954448 -2.9349217558842082 -1.0324959555916164 -1.906508428183469 -2.2381951798188382 -2.0654345301700676 -1.7273758003812334 -1.8775220149650911 -2.7836085272194389 -2.6133458558477538 -1.9931760707501647
leaf_weight=22 23 78 34 23 22 37 27 22 22 21 23 23 73 35 38 21 20 20 21 33 34 24 20 25 25 21 43 26 20 33 20 20 26 21 28 28 27 38 143 40 24 20 61 101 101 21 24 27 30 26 67 44 50 22 21 322 22 76 56 165 98 45
leaf_count=22 23 78 34 23 22 37 27 22 22 21 23 23 73 35 38 21 20 20 21 33 34 24 20 25 25 21 43 26 20 33 20 20 26 21 28 28 27 38 143 40 24 20 61 101 101 21 24 27 30 26 67 44 50 22 21 322 22 76 56 165 98 45
internal_value=0.0110691 5.18934 3.31335 4.32942 6.68684 4.85247 2.91957 2.11902 18.5299 0.560711 3.43841 5.95784 -2.22179 3.26165 6.37777 4.8519 5.81369 7.73678 1.28433 -0.949715 0.175045 -1.10836 2.57819 -0.237505 0.617909 -0.639112 -2.34445 8.87093 2.88208 -2.18018 5.06534 -3.03971 -3.41092 -2.07229 -1.46817 -2.78066 -2.13333 -2.19668 -2.67128 -2.75845 -2.15755 -2.16883 -3.00658 -2.27286 -1.97886 -1.49048 -2.05703 -1.8327 -2.7831 -1.88178 -1.77309 -2.58026 -2.39511 -1.41581 -1.56987 -2.31829 -1.71363 -1.6193 -2.09876 -2.69731 -2.78969 -2.28764
internal_weight=2723 820 720 621 231 209 390 318 100 227 172 91 1903 81 72 124 101 60 64 146 91 58 43 48 46 42 1839 48 41 1229 40 99 76 1021 96 55 925 800 610 492 762 68 199 456 306 45 261 47 50 160 136 293 150 69 47 423 125 103 100 208 138 118
internal_count=2723 820 720 621 231 209 390 318 100 227 172 91 1903 81 72 124 101 60 64 146 91 58 43 48 46 42 1839 48 41 1229 40 99 76 1021 96 55 925 800 610 492 762 68 199 456 306 45 261 47 50 160 136 293 150 69 47 423 125 103 100 208 138 118
is_linear=0
shrinkage=0.05


Tree=10
num_leaves=63
num_cat=0
split_feature=24 45 38 24 24 45 16 24 18 28 17 12 24 28 39 16 0 24 24 0 30 30 39 24 24 16 9 1 2 38 1 2 24 38 38 38 41 0 9 24 24 16 45 1 24 24 16 28 28 16 24 24 9 9 1 1 24 24 24 30 41 45
split_gain=2.26106e+07 1.12594e+07 1.63339e+06 1.48197e+06 1.45246e+06 919513 731506 716801 677106 270876 247063 220063 214828 162385 114262 97719.4 88144.1 37764.2 22819.2 21268 39414.3 19427.2 15690 15815.9 13901.6 12899.2 11135.2 10059.5 7335.61 6995.05 5622.99 8535.41 5298.83 7797.33 20044 4967 6547.3 4450.5 4395.89 9437.35 8435.86 5202.16 3939.08 3833.12 3583.2 3571.03 7488.1 3412.26 3330.79 3202.97 2578 4223.84 4388.2 2507.79 4223.06 3488.95 2130.49 7939.61 4486.15 2080.48 1911.19 1686.61
threshold=156.8147935779817 9.5000000000000018 3.5000000000000004 122.72074356835824 270.39070904325041 9.5000000000000018 19.250000000000004 145.43499860995277 1.0000000180025095e-35 5.5000000000000009 2.4145000000000008 0.60000000000000009 117.17407692685082 25.500000000000004 2.5000000000000004 15.750000000000002 3.5000000000000004 126.80333015608245 115.61300250208508 15.500000000000002 1.2500000000000002 2.0000000000000004 3.5000000000000004 91.91790723751275 119.89451979213446 27.150000000000002 7.5000000000000009 28.500000000000004 4.5000000000000009 2.5000000000000004 21.500000000000004 4.5000000000000009 97.712883027522949 7.5000000000000009 2.5000000000000004 3.5000000000000004 1.5000000000000002 8.5000000000000018 8.5000000000000018 104.20765780600645 111.46454406449821 26.250000000000004 1.5000000000000002 8.5000000000000018 103.60053325688075 121.60040807816038 19.550000000000004 32.500000000000007 17.500000000000004 19.650000000000002 108.59332809086938 111.40886659021407 21.500000000000004 16.500000000000004 55.500000000000007 48.500000000000007 113.5902752293578 111.40886659021407 99.99643922018349 2.0000000000000004 2.5000000000000004 6.5000000000000009
decision_type=2 2 2 2 2 2 2 2 2 2 2 2 2 2 2 2 2 2 2 2 2 2 2 2 2 2 2 2 2 2 2 2 2 2 2 2 2 2 2 2 2 2 2 2 2 2 2 2 2 2 2 2 2 2 2 2 2 2 2 2 2 2
left_child=3 11 4 12 6 15 -3 14 -4 -6 -8 -2 18 -11 -7 -5 -16 -17 19 22 -21 -19 42 43 30 61 -23 32 45 -29 31 -14 60 34 -34 36 -31 -13 39 -35 41 49 47 -24 -40 46 -26 -1 -32 -41 -46 -52 -53 54 56 -55 57 58 -37 -45 -25 -20
right_child=1 2 8 5 9 7 10 -9 -10 13 -12 37 24 -15 16 17 -18 21 25 20 -22 26 23 27 28 -27 -28 29 -30 35 48 -33 33 38 -36 53 -38 -39 44 40 -42 -43 -44 59 50 -47 -48 -49 -50 -51 51 52 -54 55 -56 -57 -58 -59 -60 -61 -62 -63
leaf_value=-2.556062497521649 1.9405925204413279 14.269636660061384 26.955390858120388 1.9517074431072583 24.712749286833265 6.3193266478993682 0.41968842097691134 13.03775825182597 15.80063717170998 12.656999421800887 8.2071060325985865 -2.3309229627185402 -1.1461797742843627 18.859343523297991 4.0063722899267757 0.038945589169212008 0.30985467420305524 -3.4479486683698806 -1.7442775893822695 0.35216248012724383 -2.3392330784913971 -2.3486896560668948 -1.9033889143807547 -1.8608250780332658 -0.24264765411615374 -0.5944210601846377 -0.71448297960417606 -3.2696521312395732 0.3727837112932294 -2.3318366349261743 -1.5691613279827059 0.076447428102078649 -2.3780903384440086 -3.1002199778349504 -0.56319783592224126 -2.6693768192756746 -1.0045960432574863 -3.2891921500155803 -1.5024835811768262 -1.6250023211100524 -2.610896459151717 -1.0160212243687023 -2.8153424840046917 -3.0852299682766784 -2.4677578352947127 -0.14894191344236507 -1.5615400266647339 -1.8021126390807334 -0.87773777604103087 -2.5894149607703802 -1.1802542342922904 -2.4587037520836565 -1.4124785177274184 -2.3434119487743756 -3.0738735544113887 -1.5244801095801015 -1.9402692044250991 -3.1008750955875106 -2.1173104947305492 -2.5371231429335439 -1.082910668182373 -2.3423415928502238
leaf_weight=118 34 37 53 21 20 21 20 23 26 27 20 44 39 48 30 22 34 25 77 20 40 24 20 20 23 23 20 29 26 22 62 22 33 45 29 83 20 37 41 33 67 21 356 101 54 28 20 31 31 20 21 38 21 50 41 30 45 51 154 78 24 30
leaf_count=118 34 37 53 21 20 21 20 23 26 27 20 44 39 48 30 22 34 25 77 20 40 24 20 20 23 23 20 29 26 22 62 22 33 45 29 83 20 37 41 33 67 21 356 101 54 28 20 31 31 20 21 38 21 50 41 30 45 51 154 78 24 30
internal_value=0.011626 11.5563 17.4727 -1.78519 14.5717 2.11515 9.2746 5.38522 23.5277 18.7238 4.41872 -1.39621 -2.18753 16.8225 3.18695 -1.05783 2.07765 -1.76606 -2.37044 -2.41893 -1.45095 -2.33397 -2.4523 -2.34448 -0.809201 -1.70185 -1.63836 -2.2553 -0.33546 -2.41758 -1.10348 -0.711031 -2.06807 -2.12665 -1.55168 -2.36127 -1.73799 -2.80349 -2.22082 -2.41792 -2.17983 -1.75987 -2.70144 -2.77554 -1.99875 -0.596461 -0.877747 -2.41229 -1.35053 -2.03024 -2.13831 -1.88814 -2.11615 -2.41498 -2.48542 -2.05899 -2.40396 -2.46943 -2.32107 -2.86184 -1.47011 -1.93214
internal_weight=2723 366 251 2357 172 220 77 108 79 95 40 115 2137 75 85 112 64 91 1886 1756 60 69 1696 1191 251 130 44 992 97 525 154 61 467 423 62 496 42 81 361 186 141 74 505 199 175 71 43 149 93 53 134 80 59 454 374 80 333 288 237 179 44 107
internal_count=2723 366 251 2357 172 220 77 108 79 95 40 115 2137 75 85 112 64 91 1886 1756 60 69 1696 1191 251 130 44 992 97 525 154 61 467 423 62 496 42 81 361 186 141 74 505 199 175 71 43 149 93 53 134 80 59 454 374 80 333 288 237 179 44 107
is_linear=0
shrinkage=0.05


Tree=11
num_leaves=63
num_cat=0
split_feature=24 45 38 24 24 45 24 18 39 0 28 12 24 28 39 0 0 2 24 24 0 30 39 24 24 1 2 38 1 2 24 38 38 38 41 0 9 24 24 42 45 1 24 24 28 28 28 28 2 24 24 9 9 1 1 45 24 24 24 1 9 41
split_gain=2.04618e+07 1.01909e+07 1.47524e+06 1.34148e+06 1.31511e+06 833354 649818 609955 269293 351029 247818 199155 194106 147701 103692 79822.7 53872.6 100533 44755.9 20596.4 19202.3 35674.8 13995.1 14229.7 12556.9 9038.33 6649.99 6375.47 5081.68 7724.6 4765.9 7043.92 18143 4437.47 5933.26 4034.91 3972.67 8547.41 7997.02 3552.24 3518.8 3414.3 3328.59 3245.09 3128.33 3853.39 3051.32 3003.05 2744.16 2309.02 3813.49 3954.18 2245.03 3849.18 3142.75 1928.58 1907.78 7212.48 4067.27 1854.45 1800.84 1736.29
threshold=156.8147935779817 9.5000000000000018 3.5000000000000004 122.72074356835824 270.39070904325041 9.5000000000000018 145.43499860995277 1.0000000180025095e-35 3.5000000000000004 3.5000000000000004 5.5000000000000009 0.60000000000000009 117.17407692685082 18.500000000000004 2.5000000000000004 3.5000000000000004 5.5000000000000009 3.5000000000000004 126.80333015608245 115.61300250208508 15.500000000000002 1.2500000000000002 3.5000000000000004 91.91790723751275 119.89451979213446 28.500000000000004 4.5000000000000009 2.5000000000000004 21.500000000000004 4.5000000000000009 97.712883027522949 7.5000000000000009 2.5000000000000004 3.5000000000000004 1.5000000000000002 8.5000000000000018 8.5000000000000018 104.32059515408139 111.46454406449821 10.500000000000002 1.5000000000000002 8.5000000000000018 120.43461982207396 103.60053325688075 21.500000000000004 6.5000000000000009 32.500000000000007 17.500000000000004 2.5000000000000004 108.59332809086938 111.40886659021407 21.500000000000004 16.500000000000004 55.500000000000007 48.500000000000007 1.5000000000000002 113.5902752293578 111.40886659021407 99.99643922018349 36.500000000000007 16.500000000000004 2.5000000000000004
decision_type=2 2 2 2 2 2 2 2 2 2 2 2 2 2 2 2 2 2 2 2 2 2 2 2 2 2 2 2 2 2 2 2 2 2 2 2 2 2 2 2 2 2 2 2 2 2 2 2 2 2 2 2 2 2 2 2 2 2 2 2 2 2
left_child=3 11 4 12 8 16 14 -4 -3 -10 -6 -2 19 -12 -7 -16 17 -5 -18 20 22 -22 40 41 28 30 42 -27 29 -14 61 32 -32 34 -29 -13 37 -33 -39 44 46 -24 -26 -38 45 -21 -1 -30 -20 60 -51 -52 53 56 59 -43 57 58 -35 -54 -45 -25
right_child=1 2 7 5 10 6 -8 -9 9 -11 13 35 24 -15 15 -17 18 -19 48 39 21 -23 23 25 26 27 -28 33 47 -31 31 36 -34 52 -36 -37 43 38 -40 -41 -42 55 -44 49 -46 -47 -48 -49 -50 50 51 -53 54 -55 -56 -57 -58 -59 -60 -61 -62 -63
leaf_value=-2.4293333469418918 1.8463352406365534 12.990403532805267 25.632579999853068 -1.7573019621922421 23.535951610746839 6.0177225565910346 12.413032194773356 15.039865653426558 10.016668615976968 1.6148827478160031 11.152401420956565 -2.2169666983286542 -1.0903035226762297 17.534893020902363 3.8125155885757942 0.29480456611088346 0.087264334644590102 2.8949785252979829 -2.0723986611396752 -1.4659954874856131 0.3353928189050584 -2.2251241654448393 -1.8127513531276158 -1.7722143497353509 -1.0518747995793818 -3.1116189160346988 0.35483489595629553 -2.2203140184153685 -1.4919486294852364 0.072791262605915896 -2.2626829994426059 -2.9307360851764681 -0.53597657108306884 -2.5374968928382509 -0.9567581305759294 -3.129060421993858 -1.4291480633758367 -1.6522200159789766 -2.4822714087673852 -1.8797953952534099 -2.6749696632593625 -2.1226071089903518 -0.31930816724136168 -1.9264003613687333 -1.8129568722134544 -0.46149086929502947 -1.7148227872699502 -0.83522235363721853 -3.152907485255489 -1.1239239300381054 -2.3389207340509466 -1.3450647628307344 -1.6654822279867671 -2.9238392471131824 -1.4507149652511844 -2.8210118071606618 -1.8453647345239703 -2.9488129399372984 -2.01212796731149 -2.5379146366734662 -2.773612938690186 -1.0309309237480162
leaf_weight=118 34 26 53 25 20 21 23 26 29 22 20 44 39 55 30 34 20 20 21 20 20 40 20 20 23 29 26 22 62 22 33 47 29 83 20 37 41 72 67 70 356 29 48 30 20 20 31 31 26 21 38 21 20 41 30 150 45 51 154 30 24 24
leaf_count=118 34 26 53 25 20 21 23 26 29 22 20 44 39 55 30 34 20 20 21 20 20 40 20 20 23 29 26 22 62 22 33 47 29 83 20 37 41 72 67 70 356 29 48 30 20 20 31 31 26 21 38 21 20 41 30 150 45 51 154 30 24 24
internal_value=0.0121741 10.9946 16.6233 -1.69714 13.866 2.01373 5.12682 22.378 8.82555 6.49322 17.8169 -1.32798 -2.07993 16.0021 3.03379 1.97709 -1.00694 0.328254 -1.89542 -2.25379 -2.29987 -1.38003 -2.33157 -2.22964 -0.769755 -2.14502 -0.319495 -2.29893 -1.04944 -0.676338 -1.96744 -2.02302 -1.47644 -2.24524 -1.65498 -2.66674 -2.11254 -2.29996 -2.06723 -1.61855 -2.56707 -2.63864 -0.568001 -1.90138 -1.28786 -0.987371 -2.29313 -1.28431 -2.72346 -2.03418 -1.79686 -2.01357 -2.29607 -2.36287 -1.95843 -2.72031 -2.28524 -2.34733 -2.20603 -2.22854 -2.34661 -1.39988
internal_weight=2723 366 251 2357 172 220 108 79 77 51 95 115 2137 75 85 64 112 45 67 1886 1756 60 1696 1191 251 992 97 525 154 61 467 423 62 496 42 81 361 186 139 130 505 199 71 175 60 40 149 93 47 134 80 59 454 374 80 179 333 288 237 50 54 44
internal_count=2723 366 251 2357 172 220 108 79 77 51 95 115 2137 75 85 64 112 45 67 1886 1756 60 1696 1191 251 992 97 525 154 61 467 423 62 496 42 81 361 186 139 130 505 199 71 175 60 40 149 93 47 134 80 59 454 374 80 179 333 288 237 50 54 44
is_linear=0
shrinkage=0.05


Tree=12
num_leaves=63
num_cat=0
split_feature=24 45 24 25 6 38 24 45 24 16 1 1 24 39 39 0 16 25 24 24 25 24 30 25 24 40 17 1 45 24 16 16 24 25 1 39 25 24 28 0 45 45 16 30 4 25 40 24 40 28 0 24 0 9 28 1 24 25 45 24 24 1
split_gain=1.85388e+07 9.11267e+06 1.65473e+06 1.53597e+06 1.90121e+06 1.42731e+06 1.67025e+06 884481 572100 488997 302118 252857 188730 112238 90899.9 72575.9 64314.1 61609.6 76757.2 51921 42942.2 35719.2 22317.4 21091.6 43653 21570.4 26416.4 14118.6 15003.8 13302.8 12425.4 12597.9 11192 10756.2 16294.1 10797.3 10487.1 17186.2 13943 12735.9 10364.2 8792.05 6883.56 6799.21 6550.72 5862.39 19822.1 5414.48 5309.05 6289 4178.98 3583.12 3362.01 3139.14 2793.62 2701.52 2368.15 7311.76 2965.94 1949.21 1854.71 7258.93
threshold=166.07667607621741 9.5000000000000018 123.28228202989671 2.5000000000000004 1.0000000180025095e-35 6.5000000000000009 260.96555096279872 9.5000000000000018 141.56187674511369 19.250000000000004 29.500000000000004 41.500000000000007 117.17407692685082 2.5000000000000004 3.5000000000000004 2.5000000000000004 15.750000000000002 1.5000000000000002 111.13950541049165 154.18644823066845 2.5000000000000004 114.44027522935781 2.0000000000000004 2.5000000000000004 103.60053325688075 62.500000000000007 5.0920000000000014 22.500000000000004 9.5000000000000018 119.89451979213446 27.150000000000002 16.650000000000002 106.12492022337456 4.5000000000000009 40.500000000000007 3.5000000000000004 3.5000000000000004 99.726976993648577 1.0000000180025095e-35 3.5000000000000004 2.5000000000000004 9.5000000000000018 25.150000000000002 1.2500000000000002 10.500000000000002 1.5000000000000002 36.500000000000007 112.47780164025578 39.500000000000007 4.5000000000000009 5.5000000000000009 109.59525229357799 9.5000000000000018 13.500000000000002 56.500000000000007 28.500000000000004 81.147853070226901 7.5000000000000009 5.5000000000000009 109.16191896024465 94.630523553281606 45.500000000000007
decision_type=2 2 2 2 2 2 2 2 2 2 2 2 2 2 2 2 2 2 2 2 2 2 2 2 2 2 2 2 2 2 2 2 2 2 2 2 2 2 2 2 2 2 2 2 2 2 2 2 2 2 2 2 2 2 2 2 2 2 2 2 2 2
left_child=2 14 12 -3 5 6 9 16 13 -5 -10 -8 17 -9 -2 -15 -4 21 23 20 -18 47 -16 32 25 36 -27 28 40 45 31 -29 -19 35 41 55 -25 38 -38 -39 -20 -35 51 -33 -22 -14 -47 -1 49 -31 -51 -37 53 -41 56 -26 -40 60 -59 -34 -58 -62
right_child=1 3 7 4 -6 -7 11 8 10 -11 -12 -13 29 15 22 -17 19 18 27 -21 44 -23 -24 24 33 26 -28 30 -30 48 -32 43 59 34 -36 42 37 39 54 52 -42 -43 -44 -45 -46 46 -48 -49 -50 50 -52 -53 -54 -55 -56 -57 57 58 -60 -61 61 -63
leaf_value=-3.5110176615995523 0.78311045793386613 27.066681877874561 1.8869092348643712 10.961141943754974 0.79058072131613022 24.958345001220707 15.96624897003174 5.7305130121924668 5.3998050856590281 1.1010412872314452 13.900895281252653 23.575343119303383 -1.2123981291453045 3.7457405597513374 -3.9782588546971485 0.097613967302683249 0.096901315748691555 -3.1862274614020958 -0.37978568732738499 0.97028767730878751 -3.151328490972519 -2.0875700499794703 -2.0083999406337738 -2.8413884831919813 -1.8913221016055664 -2.3523552160913299 0.093600783970045009 -0.78919410257628475 0.54278068141503766 -1.092120459878019 -0.58593478850416236 -2.5774268240087177 -2.5376576061923095 -0.99119706889561243 -2.018819514733774 -1.8046324755724912 -1.2190874159747158 -0.51066256306388158 -2.7572811270088233 -2.5317895900151313 -1.7645293434143068 0.29148447546091949 -0.81453473207023408 -1.5723252211201868 -1.9073682836691539 -1.3651488908529281 0.61632306445728646 -2.8590295372511214 0.26448214527332425 -0.65093883981589562 0.2782199526716162 -1.0798963908388697 -1.4922486450455408 -1.546510228429522 -1.7747160597464866 -2.7697135813419642 -2.7559834300007737 -1.7043484929070545 -2.3978158552116819 -2.0455079001744592 -1.9387284826164817 -2.9890543236271032
leaf_weight=84 25 30 20 26 22 39 73 21 23 24 22 20 104 21 23 36 23 66 31 22 23 153 49 98 37 21 22 32 21 27 36 33 98 34 26 94 28 21 108 33 24 21 35 52 35 29 21 151 32 21 26 28 43 20 27 25 113 66 35 74 66 30
leaf_count=84 25 30 20 26 22 39 73 21 23 24 22 20 104 21 23 36 23 66 31 22 23 153 49 98 37 21 22 32 21 27 36 33 98 34 26 94 28 21 108 33 24 21 35 52 35 29 21 151 32 21 26 28 43 20 27 25 113 66 35 74 66 30
internal_value=0.0126512 11.0847 -1.52347 16.4071 14.7151 16.3848 13.8894 2.35385 5.33407 6.34278 9.76785 17.8361 -1.96883 2.6848 -1.7912 1.48316 -0.645321 -2.14293 -1.99413 -1.15048 -1.73136 -2.71081 -2.68361 -2.14658 -2.04266 -2.25307 -1.12714 -1.14363 -0.575652 -0.702519 -1.42015 -1.66965 -2.58631 -1.52417 -1.0096 -1.70901 -2.3217 -2.2307 -2.36893 -1.65649 -1.00485 -0.504897 -1.46893 -1.98803 -2.4458 -0.998046 -0.537066 -3.10599 -0.267805 -0.498508 -0.141744 -1.64847 -1.89924 -2.1956 -2.43838 -2.28393 -2.47689 -2.37064 -1.96586 -2.339 -2.55594 -2.29444
internal_weight=2723 331 2392 234 204 182 143 246 123 50 45 93 2146 78 97 57 123 1886 1498 103 81 388 72 1269 1031 731 43 229 76 260 153 117 238 300 81 219 688 590 473 117 55 55 157 85 58 154 50 235 106 74 47 122 96 53 445 62 418 310 101 172 209 96
internal_count=2723 331 2392 234 204 182 143 246 123 50 45 93 2146 78 97 57 123 1886 1498 103 81 388 72 1269 1031 731 43 229 76 260 153 117 238 300 81 219 688 590 473 117 55 55 157 85 58 154 50 235 106 74 47 122 96 53 445 62 418 310 101 172 209 96
is_linear=0
shrinkage=0.05


Tree=13
num_leaves=63
num_cat=0
split_feature=45 25 38 1 40 25 4 9 40 40 38 1 28 2 9 25 9 1 25 28 28 17 9 28 2 9 12 40 28 28 30 39 17 25 36 2 9 22 40 25 1 39 25 0 17 17 17 28 28 0 40 28 28 1 40 17 40 9 2 28 4 9
split_gain=8.46586e+06 5.38768e+06 1.36396e+06 704628 615442 1.15145e+06 471094 385769 366902 756958 280751 246170 211411 260464 209383 373181 193697 167787 157416 151329 203632 180522 252251 145497 139236 122440 101093 130415 70503.2 49356.7 30494.7 20176 18425.9 21080.6 12572.1 40897.4 6631.6 5715.37 7102.5 4956.67 9809.21 8687.8 12744.3 6948.54 5661.89 3951.4 4540.88 3885.45 3404.2 3308.39 5254.94 3301.51 3173.08 5417.98 3695.17 3176.49 7654.89 3081.92 3158.81 2936.29 2850.3 2678.94
threshold=9.5000000000000018 32.000000000000007 1.5000000000000002 57.500000000000007 36.500000000000007 10.500000000000002 4.5000000000000009 15.500000000000002 15.500000000000002 79.500000000000014 8.5000000000000018 34.500000000000007 21.500000000000004 3.5000000000000004 9.5000000000000018 3.5000000000000004 19.500000000000004 36.500000000000007 4.5000000000000009 4.5000000000000009 10.500000000000002 3.3025000000000007 2.5000000000000004 33.500000000000007 2.5000000000000004 19.500000000000004 0.95000000000000007 16.500000000000004 31.500000000000004 11.500000000000002 2.0000000000000004 1.5000000000000002 1.0945000000000003 4.5000000000000009 1.0000000180025095e-35 4.5000000000000009 20.500000000000004 1.0000000180025095e-35 39.500000000000007 10.500000000000002 29.500000000000004 3.5000000000000004 4.5000000000000009 7.5000000000000009 1.7840000000000003 4.1490000000000009 4.4625000000000012 12.500000000000002 18.500000000000004 9.5000000000000018 11.500000000000002 3.5000000000000004 9.5000000000000018 27.500000000000004 44.500000000000007 2.1645000000000008 48.500000000000007 4.5000000000000009 2.5000000000000004 2.5000000000000004 9.5000000000000018 5.5000000000000009
decision_type=2 2 2 2 2 2 2 2 2 2 2 2 2 2 2 2 2 2 2 2 2 2 2 2 2 2 2 2 2 2 2 2 2 2 2 2 2 2 2 2 2 2 2 2 2 2 2 2 2 2 2 2 2 2 2 2 2 2 2 2 2 2
left_child=10 2 32 4 7 6 -6 12 17 -10 11 -1 18 23 19 25 -9 -3 26 -8 -21 22 -22 -14 -18 -16 -4 -28 -24 -20 39 -32 -2 61 36 57 37 38 45 40 41 44 47 -44 -12 48 -47 51 -33 50 -38 -43 55 54 -54 -40 -57 -36 -59 -42 -56 -34
right_child=1 8 3 -5 5 -7 14 16 9 -11 30 -13 13 -15 15 -17 24 -19 29 20 21 -23 28 -25 -26 -27 27 -29 -30 -31 31 34 33 -35 35 -37 49 -39 52 -41 59 42 43 -45 -46 46 -48 -49 -50 -51 -52 -53 53 -55 60 56 -58 58 -60 -61 -62 -63
leaf_value=4.854327776349824 -1.3661092704193045 14.733460483551026 -1.6048378612571643 11.237006891842547 9.1345150457819297 14.272944822640255 -1.2412665746288916 8.0477177608930131 4.6001037247975667 17.325327195387622 -1.6106237217096184 -1.3081507796693492 7.9809536738622757 -1.8467962864467076 4.8977105585734053 9.2800859561562543 5.9077710637592133 22.281612791581587 -1.5108270720720292 6.4599187515037402 6.29208942078054 -1.8453983088050572 2.2018331669171651 2.0350327116510143 0.70484370149884912 -0.010021993560450419 -0.39814267485482352 4.1991636484222754 -1.4814670203043068 -4.9252270435151608 -2.2424918000549794 -1.824626324776951 -1.7473239970207215 -4.2588612757788766 -2.3294324623454705 0.47713587863691925 -1.0333169946985112 -2.4518805527075749 -1.7523479056755704 -2.6556421988606456 -1.8250623896247467 -1.7624404529482129 -1.5878912764787674 -0.3875684754053752 -2.6605038949121771 -0.88671450024559384 -1.7536847945961815 -1.6065752081524942 -2.2279989564574474 -0.94726957592368122 -1.8882112893003686 -2.660804214758032 -0.69938379389899108 -1.9964297606728296 -1.1079897255480289 -1.4917607193551168 -0.45876849945867432 -0.98946392902793989 -1.8960517344951631 -2.4544190923919285 -2.0008790858932164 -2.7383352032015402
leaf_weight=28 23 31 37 28 35 28 30 25 23 25 25 36 20 20 23 31 20 21 24 27 31 27 29 22 34 27 34 27 22 20 208 180 20 26 21 28 35 38 29 79 37 31 23 26 56 20 181 61 133 39 51 33 20 76 24 46 31 23 24 239 22 30
leaf_count=28 23 31 37 28 35 28 30 25 23 25 25 36 20 20 23 31 20 21 24 27 31 27 29 22 34 27 34 27 22 20 208 180 20 26 21 28 35 38 29 79 37 31 23 26 56 20 181 61 133 39 51 33 20 76 24 46 31 23 24 239 22 30
internal_value=0.0131121 4.25719 2.73594 3.60448 3.22577 4.76222 3.77078 1.53188 15.0747 11.4462 -1.81693 1.42106 0.375929 2.78767 2.97695 5.05155 4.47479 18.1447 -0.68918 1.94042 2.64624 1.65138 2.81118 4.9863 2.70432 2.2992 0.430785 1.67156 0.614928 -3.1379 -1.93033 -1.78238 -2.69373 -3.07249 -1.68653 -1.11922 -1.74413 -1.79997 -1.76428 -2.22501 -2.15606 -1.9086 -1.6861 -0.971575 -2.36012 -1.87692 -1.67226 -1.95622 -2.00259 -1.3753 -1.55622 -2.25955 -1.5242 -1.69334 -1.31966 -1.28387 -1.08716 -1.774 -1.48236 -2.37696 -1.56862 -2.38406
internal_weight=2723 820 720 621 593 310 282 283 100 48 1903 64 204 62 247 81 79 52 142 166 136 109 82 42 54 50 98 61 51 44 1839 1229 99 76 1021 96 925 800 762 610 531 255 174 49 81 514 201 125 313 125 86 64 248 142 66 106 77 68 47 276 46 50
internal_count=2723 820 720 621 593 310 282 283 100 48 1903 64 204 62 247 81 79 52 142 166 136 109 82 42 54 50 98 61 51 44 1839 1229 99 76 1021 96 925 800 762 610 531 255 174 49 81 514 201 125 313 125 86 64 248 142 66 106 77 68 47 276 46 50
is_linear=0
shrinkage=0.05


Tree=14
num_leaves=63
num_cat=0
split_feature=45 33 0 38 17 17 38 0 28 17 2 38 0 1 28 38 39 1 1 1 17 17 39 43 3 2 0 1 30 0 41 39 28 36 2 22 17 1 1 17 28 17 0 4 0 1 4 28 28 28 28 45 17 0 1 1 1 28 0 0 28 17
split_gain=7.66403e+06 2.58771e+06 1.63038e+06 1.21816e+06 643828 744406 478967 450916 608182 871998 418709 303350 381549 292725 261226 254024 228422 231678 222938 217127 207734 185943 174950 163471 146692 120576 96184.1 91518.5 27570.4 25231.8 23937.3 18148.2 17577.7 11293.3 37069.2 4938.03 4213.1 5303.07 4485.43 3610.86 6731.69 3556.16 3515.83 5662.04 4071.98 3462.96 3082.56 3133.14 3004.71 2821.6 2804.76 2627.71 2560.13 2410.08 2243.09 1695.58 1672.7 1555.86 1477.45 4183.64 5208.26 1342.39
threshold=9.5000000000000018 1.0000000180025095e-35 2.5000000000000004 1.5000000000000002 8.0975000000000019 9.5725000000000016 7.5000000000000009 7.5000000000000009 10.500000000000002 3.2895000000000003 2.5000000000000004 2.5000000000000004 5.5000000000000009 37.500000000000007 7.5000000000000009 8.5000000000000018 1.5000000000000002 20.500000000000004 34.500000000000007 14.500000000000002 2.4185000000000003 1.4315000000000002 3.5000000000000004 1.0000000180025095e-35 3.5000000000000004 4.5000000000000009 2.5000000000000004 37.500000000000007 2.0000000000000004 1.5000000000000002 4.5000000000000009 1.5000000000000002 7.5000000000000009 1.0000000180025095e-35 4.5000000000000009 1.0000000180025095e-35 4.1490000000000009 2.5000000000000004 35.500000000000007 4.1185000000000009 1.0000000180025095e-35 8.355500000000001 2.5000000000000004 47.500000000000007 1.5000000000000002 31.500000000000004 46.500000000000007 10.500000000000002 4.5000000000000009 6.5000000000000009 17.500000000000004 6.5000000000000009 6.4730000000000016 10.500000000000002 21.500000000000004 11.500000000000002 26.500000000000004 1.5000000000000002 11.500000000000002 9.5000000000000018 12.500000000000002 0.70100000000000007
decision_type=2 2 2 2 2 2 2 2 2 2 2 2 2 2 2 2 2 2 2 2 2 2 2 2 2 2 2 2 2 2 2 2 2 2 2 2 2 2 2 2 2 2 2 2 2 2 2 2 2 2 2 2 2 2 2 2 2 2 2 2 2 2
left_child=15 3 20 29 6 -6 11 24 9 -9 -10 12 14 23 -5 18 -13 19 -1 -18 -3 -12 -14 -4 -8 26 -19 -23 39 -2 -31 -30 -28 35 56 36 38 -38 45 40 -17 42 43 44 -39 46 47 -33 52 -50 -34 -41 -44 -49 -48 -51 -35 -43 59 -42 -61 -40
right_child=1 2 13 4 5 -7 7 8 10 -11 21 16 22 -15 -16 28 17 25 -20 -21 -22 27 -24 -25 -26 -27 32 -29 31 30 -32 33 50 34 -36 -37 37 41 61 51 58 57 48 -45 -46 -47 54 53 49 55 -52 -53 -54 -55 -56 -57 -58 -59 -60 60 -62 -63
leaf_value=4.619981029773581 -1.552825023609659 8.6689610104333799 5.0007321082552281 3.3594466677019676 14.966947925376893 2.5120980594635012 -0.7399925915636123 3.7067028964042663 -0.67344564816531016 17.121413293985221 2.5618437545776374 4.6876906298001613 3.5799173682076595 8.5408619387626654 10.380027958796575 -1.1784036634708273 0.31925381472236236 0.56874733880714134 -1.2445109790563584 6.6941205658231473 15.267267365326754 5.3541572764373964 -2.8010822023044937 -0.52001791369530459 4.428229219913483 1.3900638258797784 -1.7915875547903555 10.593857796408912 -2.1309036964206607 -2.6084088138271784 -4.8097982025146493 -2.0607306329965591 -4.1875712358383907 -1.3200211422890424 0.45410178410595858 -2.2150466793516408 -2.2697451786372973 -1.6796631659468018 -1.3682737924371446 -2.137849025465548 -2.0923253047125319 -1.3618118312835694 -1.3641747643351556 -0.27395186117717202 -0.76922770985850586 -1.0600704363981883 -1.5680435560578887 -1.7283382983129105 -2.1625774785746699 -0.97380535892818276 -2.9196998692410339 -2.6289294385910038 -0.65081528802712763 -1.1539216024097469 -0.93718169643032945 -1.5559622664445814 -1.9552951460135615 -2.0519060980951465 -2.3763981319798364 -2.02042461283505 -1.0389321124553681 -1.9803913457651827
leaf_weight=28 22 20 23 30 24 24 39 24 33 25 24 29 20 24 25 28 37 26 36 20 73 20 21 30 20 34 26 21 208 33 26 74 20 31 28 45 22 29 20 151 235 24 39 20 26 35 45 90 22 22 27 72 23 35 30 102 37 36 62 31 31 186
leaf_count=28 22 20 23 30 24 24 39 24 33 25 24 29 20 24 25 28 37 26 36 20 73 20 21 30 20 34 26 21 208 33 26 74 20 31 28 45 22 29 20 151 235 24 39 20 26 35 45 90 22 22 27 72 23 35 30 102 37 36 62 31 31 186
internal_value=0.0139494 4.05205 9.5278 2.60748 3.42413 8.91798 2.90185 4.77238 6.24656 10.7566 3.90562 1.66733 3.9957 4.06947 6.67908 -1.72727 0.633131 -0.00699931 1.35273 2.63299 13.9556 6.20543 0.322606 1.92393 1.05647 -1.14966 -2.02712 8.22636 -1.83514 -3.10092 -3.64259 -1.69446 -2.94694 -1.60354 -1.0657 -1.65815 -1.62718 -1.48011 -1.72834 -2.11534 -1.99896 -1.423 -1.33639 -1.01213 -1.27079 -1.5895 -1.65301 -1.76692 -1.44788 -1.58103 -3.53532 -2.30745 -1.11415 -1.57798 -1.33142 -1.46133 -1.68909 -1.8028 -2.05949 -1.98556 -1.55404 -1.92788
internal_weight=2723 820 170 650 569 48 521 206 147 49 98 315 96 77 55 1903 219 190 64 57 93 65 41 53 59 133 99 41 1839 81 59 1229 73 1021 96 925 880 365 515 610 387 343 283 75 55 309 274 199 208 146 47 223 62 125 75 124 68 60 359 297 62 206
internal_count=2723 820 170 650 569 48 521 206 147 49 98 315 96 77 55 1903 219 190 64 57 93 65 41 53 59 133 99 41 1839 81 59 1229 73 1021 96 925 880 365 515 610 387 343 283 75 55 309 274 199 208 146 47 223 62 125 75 124 68 60 359 297 62 206
is_linear=0
shrinkage=0.05


Tree=15
num_leaves=63
num_cat=0
split_feature=25 30 25 16 1 1 25 0 25 16 18 1 40 16 1 2 1 17 12 4 16 39 25 16 25 25 41 2 25 1 1 40 3 16 17 1 12 34 16 10 4 40 2 16 40 1 17 25 16 17 39 17 1 4 42 40 42 17 1 1 40 17
split_gain=6.06042e+06 1.81165e+06 671745 656373 307141 489270 288391 278623 644621 300384 274491 357766 258014 250052 246374 183883 151169 277781 127580 117374 111931 116982 228933 162292 82302.3 75165.2 75008 65536.7 53929.2 52856.6 46144.4 38846.5 34427.4 156649 56035.3 24815.1 33231.1 99323.1 127041 32795.9 15168.8 27300.1 21261.2 13553.8 12117.6 10896.7 9572.08 8143 6571.2 6115.62 6896.78 11042.5 5792.26 4980.39 5850.93 9030.34 6601.11 4490.19 4695.21 6004.81 4149.63 3413.76
threshold=63.000000000000007 1.2500000000000002 32.000000000000007 32.750000000000007 57.500000000000007 58.500000000000007 3.5000000000000004 10.500000000000002 10.500000000000002 17.750000000000004 1.0000000180025095e-35 9.5000000000000018 11.500000000000002 24.750000000000004 37.500000000000007 1.5000000000000002 37.500000000000007 1.6960000000000002 0.95000000000000007 12.500000000000002 13.050000000000002 3.5000000000000004 3.5000000000000004 28.950000000000003 4.5000000000000009 4.5000000000000009 1.5000000000000002 3.5000000000000004 5.5000000000000009 17.500000000000004 15.500000000000002 44.500000000000007 3.5000000000000004 19.950000000000003 4.5990000000000011 39.500000000000007 0.60000000000000009 1.0000000180025095e-35 21.550000000000004 1.0000000180025095e-35 6.5000000000000009 14.500000000000002 2.5000000000000004 19.050000000000004 55.500000000000007 29.500000000000004 1.2590000000000001 2.5000000000000004 14.250000000000002 1.0160000000000002 3.5000000000000004 6.5845000000000011 21.500000000000004 46.500000000000007 18.500000000000004 13.500000000000002 10.500000000000002 4.1855000000000011 12.500000000000002 29.500000000000004 77.500000000000014 3.4860000000000002
decision_type=2 2 2 2 2 2 2 2 2 2 2 2 2 2 2 2 2 2 2 2 2 2 2 2 2 2 2 2 2 2 2 2 2 2 2 2 2 2 2 2 2 2 2 2 2 2 2 2 2 2 2 2 2 2 2 2 2 2 2 2 2 2
left_child=1 2 3 4 7 -6 -5 10 9 -9 18 -12 26 -2 25 30 24 -18 31 -16 -20 22 -22 28 27 -14 -13 -17 32 -29 -11 40 34 -34 44 36 37 39 -39 49 -1 42 -42 -30 45 -23 -43 -37 -49 -3 52 57 -51 60 55 -55 -57 58 -52 -60 61 -38
right_child=13 35 -4 6 5 -7 -8 8 -10 15 11 12 14 -15 19 16 17 -19 20 -21 21 23 -24 -25 -26 -27 -28 29 43 -31 -32 -33 33 -35 -36 47 53 38 -40 -41 41 46 -44 -45 -46 -47 -48 48 -50 50 51 -53 -54 54 -56 56 -58 -59 59 -61 -62 -63
leaf_value=-3.0719157129923507 14.438430517262489 -2.3340607727050786 9.7506934499740598 2.5053086928663588 9.7843499000176148 -0.61881281894186269 9.8036130426611212 5.6738669763762379 7.9097279966199725 -0.2504679309238087 6.7636451421465198 -3.9696732119151528 1.6757938394125773 7.6524508982119359 2.2234368187448252 -0.94029060009547638 -1.3819729129127836 5.559911845207214 3.1352506168365482 7.5350855727629229 -0.84914186384942791 -2.9774920059740548 5.5522226569963546 3.1824030760060191 -2.1895804949729678 -1.7284249273423229 -0.2653615752926895 3.4260165601306491 -3.7468935975574311 0.40722148909713279 -3.1839769857808164 -0.054821626447862197 -2.0811764364242555 2.5726316111015555 0.95000510817482364 -1.57189591102408 -1.5443051793087106 -1.596467684398998 3.6247738135337837 0.50263495965437455 -2.0799481400576503 -1.3801672508405602 -0.07086146836771684 -1.8596431712003856 -0.84754487843676041 -1.5851940010615759 -2.724556856756764 -1.0695141118223017 -2.0695150301717731 -2.3921776339315599 -1.728057109642029 -2.136983448542082 -1.2037218124216253 -0.37973999961217247 -1.9591481717982715 -1.7515239473089341 -1.0043893506734267 -0.39418442150642136 -0.27240783910751348 -1.444791507493882 -0.91731960027114201 -1.8430907110686672
leaf_weight=29 66 24 21 28 22 22 27 28 36 21 27 27 33 22 22 34 22 39 24 21 35 31 22 22 30 30 27 26 20 32 37 30 39 32 20 210 267 21 24 21 21 22 33 25 21 34 55 21 291 30 24 25 21 29 33 62 68 28 24 20 22 243
leaf_count=29 66 24 21 28 22 22 27 28 36 21 27 27 33 22 22 34 22 39 24 21 35 31 22 22 30 30 27 26 20 32 37 30 39 32 20 210 267 21 24 21 21 22 33 25 21 34 55 21 291 30 24 25 21 29 33 62 68 28 24 20 22 243
internal_value=0.0144039 -0.418871 1.09712 0.924144 0.642454 4.6845 6.19929 0.461364 1.72046 0.865909 -0.0873412 1.54845 0.631806 12.847 2.05899 0.28615 1.06391 3.07429 -0.683166 4.92991 -0.0801827 -0.346112 1.6746 -0.823093 0.0418585 0.0529815 -2.15611 0.785275 -1.23255 1.79569 -2.14418 -1.70874 -0.830408 0.0228442 -1.39684 -1.55182 -1.40039 -0.911829 1.20635 -1.35462 -2.01655 -1.76138 -0.875875 -2.76175 -1.94733 -2.28434 -2.36313 -1.83462 -2.00586 -1.55518 -1.43361 -1.20791 -1.93547 -1.57568 -1.33506 -1.19407 -1.3714 -0.946377 -1.16467 -0.825685 -1.65984 -1.69001
internal_weight=2723 2635 1127 1106 1051 44 55 1007 305 269 702 187 160 88 106 241 183 61 515 43 325 301 57 244 122 63 54 92 222 58 58 190 177 71 106 1508 986 262 45 217 160 131 54 45 86 65 77 522 312 196 172 121 51 724 192 159 130 96 68 44 532 510
internal_count=2723 2635 1127 1106 1051 44 55 1007 305 269 702 187 160 88 106 241 183 61 515 43 325 301 57 244 122 63 54 92 222 58 58 190 177 71 106 1508 986 262 45 217 160 131 54 45 86 65 77 522 312 196 172 121 51 724 192 159 130 96 68 44 532 510
is_linear=0
shrinkage=0.05


Tree=16
num_leaves=63
num_cat=0
split_feature=24 30 25 6 24 24 2 28 40 30 4 12 25 39 40 43 24 4 25 24 24 25 25 24 24 40 24 30 25 39 25 30 9 9 2 24 1 1 40 17 41 28 40 24 17 24 2 39 1 24 30 25 40 40 40 24 28 28 4 25 24 25
split_gain=1.42677e+07 4.35326e+06 1.29018e+06 1.54862e+06 1.02307e+06 945244 783608 902665 777428 413599 377327 372071 359980 296250 203113 149488 146760 97268 67344 51641.1 46559.9 45433.4 26849.4 40889.8 21031.4 18481.7 17001.5 15840.9 12021.6 10673.3 13052.5 16073.1 13416.6 9835.85 9085.41 9320.63 10026.8 8557.21 8939.86 8547.74 11009.4 8492.03 8679.62 7352.47 7040.21 8042.59 6502.89 5678.92 5384.27 5326.24 5024.61 5316.15 5443.63 5471.37 4036.07 7749.7 6264.34 3838.65 5366.05 7083.53 3831.05 4260.85
threshold=156.8147935779817 1.2500000000000002 2.5000000000000004 1.0000000180025095e-35 224.59408951904368 122.72074356835824 2.5000000000000004 8.5000000000000018 19.500000000000004 1.2500000000000002 13.500000000000002 0.60000000000000009 5.5000000000000009 1.5000000000000002 23.500000000000004 1.0000000180025095e-35 116.09484709480124 8.5000000000000018 1.5000000000000002 109.89335156433781 137.34611731998891 2.5000000000000004 3.5000000000000004 99.715182961992156 113.3402752293578 8.5000000000000018 118.89102328863798 1.2500000000000002 1.5000000000000002 1.5000000000000002 3.5000000000000004 1.2500000000000002 6.5000000000000009 5.5000000000000009 5.5000000000000009 99.960799694189618 27.500000000000004 29.500000000000004 35.500000000000007 4.3295000000000003 2.5000000000000004 1.0000000180025095e-35 62.500000000000007 112.76584846346314 1.2590000000000001 106.48272456900899 5.5000000000000009 4.5000000000000009 22.500000000000004 104.77008720637161 2.0000000000000004 6.5000000000000009 41.500000000000007 25.500000000000004 19.500000000000004 103.82027464126089 7.5000000000000009 17.500000000000004 49.500000000000007 1.5000000000000002 105.88971166448231 2.5000000000000004
decision_type=2 2 2 2 2 2 2 2 2 2 2 2 2 2 2 2 2 2 2 2 2 2 2 2 2 2 2 2 2 2 2 2 2 2 2 2 2 2 2 2 2 2 2 2 2 2 2 2 2 2 2 2 2 2 2 2 2 2 2 2 2 2
left_child=5 2 -2 4 8 16 10 -8 -4 13 -6 -3 -10 -7 -15 20 18 -9 24 22 -16 -11 27 41 -1 48 28 49 -18 -21 31 39 -32 -23 35 -27 44 38 -30 40 -31 -24 50 -33 -37 -46 57 -13 -25 -20 51 -43 53 -53 -38 56 -56 58 59 -28 -29 -62
right_child=1 11 3 -5 6 9 7 17 12 21 -12 47 -14 14 15 -17 26 -19 19 29 -22 33 23 25 -26 34 46 60 37 30 32 43 -34 -35 -36 36 54 -39 -40 -41 -42 42 -44 -45 45 -47 -48 -49 -50 -51 -52 52 -54 -55 55 -57 -58 -59 -60 -61 61 -63
leaf_value=-3.0117504190143785 20.934162998688528 5.2236357493201897 0.67414479664393834 0.064676422119140625 13.692113342285158 7.9459037491370879 27.015583975729733 10.510094430106026 15.921356342979099 0.61892731866528905 5.1203512542724612 -2.4512229292260277 6.5701990214983628 5.7535616969651198 0.42509696465272173 3.437147199958563 -1.3505164542794228 16.296376798475112 -3.1856861038184636 -2.0381472624501877 -2.7539000338599799 -2.5857568085711939 -1.117801256492734 0.29432487351553782 -2.1689357048532236 -0.59012304847057051 -0.49186636477708812 -2.2153680833972484 -0.76700575527690706 -2.0075693352520467 0.60801676957503614 -1.1955032662887841 -1.0111231993395708 -1.1899452375721287 -0.54882408672365646 -0.44546810170014706 -2.5980227298919978 -1.1183397484526914 0.69197959139233545 -2.7001816963014154 -0.50282541193745356 -2.7219933472739331 -1.1909508014470338 -0.42242992825675429 -1.8680870961083309 -0.63961676459420813 0.3429696299289835 -1.4491717694865336 -0.79521132068634026 -2.3925112802379735 -1.9176593132442403 -2.1481827855278071 -2.6308193400773137 -1.3222707851116475 -1.8733573956716629 -2.262763947986421 -0.63492150109882151 -0.024708848497079269 0.0086627465486526483 -1.6759293485823132 -1.9817888586119166 -1.2996357209417557
leaf_weight=151 38 23 27 29 32 28 22 20 22 30 24 35 23 28 25 31 127 36 50 30 20 22 29 20 183 25 35 132 20 31 22 72 28 36 28 23 25 33 20 20 21 71 31 56 44 21 28 35 24 90 213 70 43 38 20 41 23 30 20 20 85 44
leaf_count=151 38 23 27 29 32 28 22 20 22 30 24 35 23 28 25 31 127 36 50 30 20 22 29 20 183 25 35 132 20 31 22 72 28 36 28 23 25 33 20 20 21 71 31 56 44 21 28 35 24 90 213 70 43 38 20 41 23 30 20 20 85 44
internal_value=0.0145842 9.18529 12.3579 10.8882 12.4042 -1.41275 14.9993 18.2917 7.4351 1.7022 10.1729 -0.160074 11.3887 3.46243 2.19112 0.8209 -1.73408 14.4506 -1.91216 -1.76381 -1.01683 -0.947344 -1.90819 -1.73275 -2.55784 -1.25759 -0.766512 -2.24818 -1.05707 -1.14557 -1.03074 -1.21084 -0.300651 -1.75433 -1.42346 -1.5308 -1.64657 -0.535123 -0.0383061 -1.80847 -1.42093 -2.01186 -2.06498 -0.863219 -1.22288 -1.48698 -0.324923 -1.97774 -0.304321 -2.69641 -2.12438 -2.3132 -2.10431 -1.87243 -1.97435 -1.76029 -1.24054 -0.50463 -0.693681 -0.944763 -1.99836 -1.76094
internal_weight=2723 366 273 235 206 2357 134 78 72 220 56 93 45 132 104 76 2137 56 1804 1470 45 88 1190 789 334 294 333 401 200 280 250 200 50 58 250 222 197 73 40 72 52 495 466 128 88 65 133 70 44 140 435 222 151 108 109 84 43 105 75 55 261 129
internal_count=2723 366 273 235 206 2357 134 78 72 220 56 93 45 132 104 76 2137 56 1804 1470 45 88 1190 789 334 294 333 401 200 280 250 200 50 58 250 222 197 73 40 72 52 495 466 128 88 65 133 70 44 140 435 222 151 108 109 84 43 105 75 55 261 129
is_linear=0
shrinkage=0.05


Tree=17
num_leaves=63
num_cat=0
split_feature=24 30 25 2 16 24 41 1 40 40 12 2 30 24 1 24 24 25 25 41 17 24 25 24 25 24 1 25 30 25 16 1 24 1 16 17 1 40 30 28 2 9 9 1 28 4 24 24 28 24 24 1 17 25 24 4 16 41 4 40 28 28
split_gain=1.29202e+07 3.94245e+06 1.16585e+06 1.09041e+06 985873 855898 732256 1.16918e+06 634151 790646 337133 300968 296725 394060 204840 76822.2 69974 67685.6 65133.6 53479.1 49473.4 42390.6 25112.8 31785.9 19055.8 16086.5 15795.6 15773.7 14695.4 14366.4 20865.3 13555.4 13225.1 12558.5 13391.6 15496.4 19883.9 12439.1 12106.4 10923.7 13667.5 10880.8 8524.23 8905.36 8030.5 7936.88 7831.13 7495.63 7260.16 11640.2 6427.1 6379.26 5972.94 5856.08 9515.85 6468.59 8552.13 6049.67 5715.45 5523.12 4372.82 3756.06
threshold=156.8147935779817 1.2500000000000002 2.5000000000000004 5.5000000000000009 24.850000000000005 120.19032398793868 2.5000000000000004 39.500000000000007 49.500000000000007 3.5000000000000004 0.60000000000000009 2.5000000000000004 1.2500000000000002 138.93749470712774 31.500000000000004 115.61300250208508 126.08572977481235 1.5000000000000002 1.5000000000000002 3.5000000000000004 2.7915000000000005 108.082752293578 3.5000000000000004 94.046005242463977 2.5000000000000004 122.49446830692244 24.500000000000004 5.5000000000000009 1.2500000000000002 1.5000000000000002 27.050000000000004 29.500000000000004 112.5740137614679 52.500000000000007 19.950000000000003 2.9260000000000006 21.500000000000004 32.500000000000007 1.2500000000000002 17.500000000000004 3.5000000000000004 4.5000000000000009 16.500000000000004 35.500000000000007 7.5000000000000009 47.500000000000007 117.42663886572144 112.14027522935781 14.500000000000002 111.13950541049165 99.950636729438273 37.500000000000007 2.7915000000000005 6.5000000000000009 81.147853070226901 11.500000000000002 23.350000000000005 7.5000000000000009 6.5000000000000009 23.500000000000004 14.500000000000002 7.5000000000000009
decision_type=2 2 2 2 2 2 2 2 2 2 2 2 2 2 2 2 2 2 2 2 2 2 2 2 2 2 2 2 2 2 2 2 2 2 2 2 2 2 2 2 2 2 2 2 2 2 2 2 2 2 2 2 2 2 2 2 2 2 2 2 2 2
left_child=5 2 -2 4 6 15 8 -8 9 -4 -3 -6 13 16 -15 17 37 32 25 20 -18 22 28 53 38 -14 48 42 -19 46 31 45 -1 34 35 -29 -37 -7 -23 -36 -41 -20 50 -44 -28 -31 -17 -40 49 -26 -25 -43 -52 -24 -55 58 57 -57 -56 -46 -54 -49
right_child=1 10 3 -5 11 12 7 -9 -10 -11 -12 -13 18 14 -16 29 19 21 41 -21 -22 24 23 27 26 -27 44 33 -30 30 -32 -33 -34 -35 39 36 -38 -39 47 40 -42 51 43 -45 59 -47 -48 61 -50 -51 52 -53 60 54 55 56 -58 -59 -60 -61 -62 -63
leaf_value=-3.055308677009914 19.914293600229115 4.9733365821838387 12.816618664715742 1.4076721966651178 11.290358453230425 -1.2860725512603919 -1.1169871335710799 13.858608728136335 17.338986415863037 0.45390781765892396 -1.8815988576915903 19.849854131035507 0.038591650939779357 2.841720259984335 9.5575355957031256 -1.5162751685448415 1.419209590809686 -2.7405849619536173 -2.3193197659209925 -0.046884234884510871 4.6931950436938896 -2.0406055535112775 -2.4723401989191771 -2.147029525055772 -1.4412661420780681 1.8078941754861313 -0.64835765127278866 -1.3794923547039861 -1.969721212117177 -0.85559289436340336 0.85547466153683871 -1.5309002488393053 -2.2716298068244503 -2.1738200946081254 -1.8328445466729102 -0.95219319489740184 1.1000233074470802 0.31320020865201953 -1.5378975669473789 -1.5617750696702437 0.19274597665537962 -0.56624837340730616 -0.27806829094886781 -1.7001204412633724 -2.1530494070053101 0.44849332779645928 -0.86972037194917606 -0.24363517418503766 0.36189721228233701 0.16071899322225999 -1.9076298417883404 -1.6872421620203104 -1.5803318297230839 -2.2488583087536593 -1.5589552742089983 -2.178712377548218 -0.5558533062934875 -0.94810317568835767 -2.6981393004547467 -1.1247591911421881 -0.72412512463681844 -1.1197409934656961
leaf_weight=91 38 23 36 30 21 23 34 20 35 20 70 39 31 23 24 105 27 104 26 22 21 80 79 83 22 21 39 22 211 24 22 38 211 20 42 20 26 24 78 21 22 32 23 21 26 21 95 23 28 22 58 22 32 123 38 26 29 20 21 35 33 27
leaf_count=91 38 23 36 30 21 23 34 20 35 20 70 39 31 23 24 105 27 104 26 22 21 80 79 83 22 21 39 22 211 24 22 38 211 20 42 20 26 24 78 21 22 32 23 21 26 21 95 23 28 22 58 22 32 123 38 26 29 20 21 35 33 27
internal_value=0.0152269 8.74213 11.7613 10.3641 11.6616 -1.34304 9.31436 4.58057 12.043 8.48688 -0.151366 17.0883 1.16806 2.58196 6.39885 -1.70407 1.00741 -1.83154 -0.59478 1.99873 2.91823 -1.68751 -1.84912 -1.68743 -1.2271 0.773842 -0.829598 -1.39198 -2.23211 -0.966587 -0.486294 -0.847953 -2.51709 -1.01392 -0.849136 -0.319185 0.206374 -0.479807 -1.55023 -1.2644 -0.68002 -1.48302 -1.6485 -0.979584 -1.23335 -0.250391 -1.21504 -1.23026 -0.259556 -0.654391 -1.78593 -1.04541 -1.52687 -2.05414 -1.91648 -1.59696 -1.25554 -1.67533 -2.00272 -1.59078 -1.16328 -0.72951
internal_weight=2723 366 273 235 205 2357 145 54 91 56 93 60 296 164 47 2061 117 1756 132 70 48 1454 1074 759 380 52 172 423 315 305 105 83 302 173 153 68 46 47 208 85 43 80 250 44 100 45 200 128 72 44 206 54 123 336 257 134 75 46 59 61 65 50
internal_count=2723 366 273 235 205 2357 145 54 91 56 93 60 296 164 47 2061 117 1756 132 70 48 1454 1074 759 380 52 172 423 315 305 105 83 302 173 153 68 46 47 208 85 43 80 250 44 100 45 200 128 72 44 206 54 123 336 257 134 75 46 59 61 65 50
is_linear=0
shrinkage=0.05


Tree=18
num_leaves=63
num_cat=0
split_feature=45 25 38 1 38 25 9 40 40 28 28 40 4 43 38 6 38 40 41 1 18 2 12 25 1 25 40 28 40 30 41 1 39 28 25 1 28 36 4 45 1 1 19 9 4 4 39 40 42 40 42 25 40 1 43 40 25 4 1 42 45 1
split_gain=5.41404e+06 3.29831e+06 982056 527034 412712 1.27981e+06 474923 334021 560984 318889 523843 310382 446062 237321 267028 314485 214491 217561 189588 166047 139980 130900 130685 192364 126362 95058.7 80919.9 59409.9 59168.2 39955.3 36154 24243.7 12667.9 12471.5 20047.6 11126.2 10347.9 22877.9 7818.61 7199.42 6148.83 5930.18 6007.73 5687.34 4439.51 4085.6 6121.71 3983.95 3722.64 3186.39 2325.51 2310.3 3679.58 2233.55 2859.46 6772.59 2022.46 1981.64 2566.43 1965.4 1692.71 3437.59
threshold=9.5000000000000018 32.000000000000007 1.5000000000000002 57.500000000000007 7.5000000000000009 10.500000000000002 11.500000000000002 15.500000000000002 79.500000000000014 6.5000000000000009 11.500000000000002 48.500000000000007 4.5000000000000009 1.0000000180025095e-35 3.5000000000000004 1.0000000180025095e-35 8.5000000000000018 19.500000000000004 1.5000000000000002 36.500000000000007 1.0000000180025095e-35 4.5000000000000009 0.95000000000000007 2.5000000000000004 20.500000000000004 4.5000000000000009 59.500000000000007 5.5000000000000009 17.500000000000004 1.2500000000000002 1.5000000000000002 30.500000000000004 1.5000000000000002 3.5000000000000004 2.5000000000000004 6.5000000000000009 2.5000000000000004 1.0000000180025095e-35 8.5000000000000018 2.5000000000000004 55.500000000000007 29.500000000000004 1.0000000180025095e-35 9.5000000000000018 50.500000000000007 48.500000000000007 4.5000000000000009 27.500000000000004 9.5000000000000018 77.500000000000014 2.5000000000000004 3.5000000000000004 39.500000000000007 39.500000000000007 1.0000000180025095e-35 26.500000000000004 1.5000000000000002 5.5000000000000009 36.500000000000007 3.5000000000000004 5.5000000000000009 38.500000000000007
decision_type=2 2 2 2 2 2 2 2 2 2 2 2 2 2 2 2 2 2 2 2 2 2 2 2 2 2 2 2 2 2 2 2 2 2 2 2 2 2 2 2 2 2 2 2 2 2 2 2 2 2 2 2 2 2 2 2 2 2 2 2 2 2
left_child=16 2 33 4 11 6 9 19 -9 31 -11 13 -13 14 15 20 17 -1 25 -3 21 28 -12 -24 -14 27 -26 -15 -4 35 -19 -6 44 34 -2 -18 37 43 -35 40 49 48 56 -34 -31 46 -45 -48 59 50 -38 52 -52 54 -53 -56 -43 -54 -59 -37 61 -41
right_child=1 7 3 -5 5 -7 -8 8 -10 10 22 12 24 18 -16 -17 29 30 -20 -21 -22 -23 23 -25 26 -27 -28 -29 -30 32 -32 -33 36 38 -36 41 39 -39 -40 60 -42 42 -44 45 -46 -47 47 -49 -50 -51 51 53 57 -55 55 -57 -58 58 -60 -61 -62 -63
leaf_value=5.5697930435907281 -1.9099666305383047 11.628706035614014 1.2343490650342859 9.555043216655994 -2.9085938047326132 16.10005876087007 8.2208033802863714 2.7198418426513675 13.587833739060622 10.214664984616366 -0.88818333485547241 10.365346028913152 4.9661711605072023 0.61505067332037566 6.788259981918336 -3.3930337133407598 -2.850056550085545 0.94130502405620753 1.9905626962123772 18.570346152565698 4.8468041977129488 3.7044567690224484 0.55433252471685412 5.8472023939317275 -1.7989655957903183 -4.5532515762592185 2.4136859715461734 -2.6543604950551636 -2.3185986655950548 -1.83279444098009 -1.8783078268051145 -0.4979747508821033 -1.5426067921290032 -2.6348890472593762 -4.2100452056101387 -1.4967502801120283 -0.89290471821296513 0.27913973952161858 -1.3283942853598982 -1.5355498003400863 -1.9401715933850836 -1.7531744644376968 -1.3426490568292553 -0.65320238488476456 -1.0233813313643139 -0.46719894737485917 -1.0308893939852715 -1.9237564529221638 -1.8319984410764005 -0.75243706146876022 -1.3491214177543609 -1.4874848505335119 -0.47526541926644073 -1.7414502442470738 -0.25704854760851181 -1.5072120411872865 -2.3517376986855552 -1.3205562392676751 -0.63156727900871867 -0.784649414448511 -1.4420879194772604 -2.0138222544108118
leaf_weight=20 23 31 22 28 22 20 36 23 25 21 33 21 24 28 24 29 39 20 38 21 37 28 39 30 20 28 24 26 23 224 24 20 90 20 20 31 40 28 36 127 41 35 28 40 23 30 31 28 97 32 208 108 21 70 20 24 125 40 25 20 131 83
leaf_count=20 23 31 22 28 22 20 36 23 25 21 33 21 24 28 24 29 39 20 38 21 37 28 39 30 20 28 24 26 23 224 24 20 90 20 20 31 40 28 36 127 41 35 28 40 23 30 31 28 97 32 208 108 21 70 20 24 125 40 25 20 131 83
internal_value=0.0156159 3.40959 2.21918 2.95624 2.62909 4.33731 3.09295 11.8737 8.54214 1.93133 3.2094 1.60535 4.16401 0.788832 2.02605 1.16115 -1.44786 1.38116 -0.894534 14.7296 2.38159 1.08342 1.68193 2.90631 2.12635 -2.23946 0.501308 -0.978659 -0.59242 -1.54702 -0.604118 -1.79907 -1.42675 -2.38748 -3.05125 -2.01147 -1.35734 -1.05782 -1.83313 -1.43244 -1.32511 -1.90595 -2.10783 -1.22927 -1.76187 -1.00044 -1.15569 -1.47971 -1.63704 -1.27899 -1.30789 -1.33826 -1.23051 -1.47476 -1.34133 -0.957407 -2.23254 -0.931372 -1.06922 -1.23805 -1.62596 -1.73325
internal_weight=2723 820 720 621 593 221 201 100 48 165 123 372 89 283 163 139 1903 64 120 52 110 73 102 69 68 82 44 54 45 1839 44 42 1464 99 43 375 1217 247 56 970 629 336 188 219 247 129 99 59 148 588 556 516 294 222 152 44 160 86 65 51 341 210
internal_count=2723 820 720 621 593 221 201 100 48 165 123 372 89 283 163 139 1903 64 120 52 110 73 102 69 68 82 44 54 45 1839 44 42 1464 99 43 375 1217 247 56 970 629 336 188 219 247 129 99 59 148 588 556 516 294 222 152 44 160 86 65 51 341 210
is_linear=0
shrinkage=0.05


Tree=19
num_leaves=63
num_cat=0
split_feature=24 45 25 2 24 2 1 24 45 28 3 2 24 24 34 1 4 2 25 24 45 24 1 25 24 45 24 36 0 1 45 24 25 45 39 2 28 16 24 24 24 4 25 16 45 1 45 1 25 16 4 28 45 41 24 25 45 45 16 25 2 25
split_gain=1.10779e+07 5.63651e+06 1.44396e+06 1.07063e+06 994546 582481 793406 788149 542913 399112 315112 309932 266597 189581 121682 99235.1 97593.1 52396.9 47269 48759.5 31960.3 27798.7 26335 22344.8 33792 23890.4 17346.4 17362 15393 15763 12549.8 37285.3 17215.3 11515.4 10666.7 11735.4 9969.21 11006.9 11209.5 9572.51 9265.59 9393.68 10335 10941.3 8425.63 8130.48 10693.9 7939.38 12197.7 6695.67 6537.75 16580.5 6477.5 5764.69 5702.01 5643.48 4755.94 4631.94 6777.47 4619.29 4333.5 4299.95
threshold=166.07667607621741 9.5000000000000018 3.5000000000000004 5.5000000000000009 131.20940836113431 2.5000000000000004 44.500000000000007 224.59408951904368 9.5000000000000018 9.5000000000000018 7.5000000000000009 1.5000000000000002 145.43499860995277 117.17407692685082 1.0000000180025095e-35 27.500000000000004 7.5000000000000009 3.5000000000000004 1.5000000000000002 109.89335156433781 4.5000000000000009 113.97742285237698 33.500000000000007 3.5000000000000004 94.046005242463977 9.5000000000000018 120.19032398793868 1.0000000180025095e-35 14.500000000000002 36.500000000000007 8.5000000000000018 124.94936613844872 1.5000000000000002 9.5000000000000018 1.5000000000000002 5.5000000000000009 7.5000000000000009 26.050000000000004 113.62642035029192 106.48272456900899 107.72764643613267 46.500000000000007 5.5000000000000009 19.850000000000005 9.5000000000000018 20.500000000000004 4.5000000000000009 27.500000000000004 1.5000000000000002 21.550000000000004 10.500000000000002 27.500000000000004 9.5000000000000018 1.5000000000000002 108.082752293578 5.5000000000000009 9.5000000000000018 9.5000000000000018 26.050000000000004 9.5000000000000018 3.5000000000000004 5.5000000000000009
decision_type=2 2 2 2 2 2 2 2 2 2 2 2 2 2 2 2 2 2 2 2 2 2 2 2 2 2 2 2 2 2 2 2 2 2 2 2 2 2 2 2 2 2 2 2 2 2 2 2 2 2 2 2 2 2 2 2 2 2 2 2 2 2
left_child=4 14 -3 5 13 10 7 -7 16 -9 11 -4 17 18 20 -14 -6 -10 21 23 -2 33 -18 25 44 -20 47 30 29 40 32 -32 -28 -1 -21 36 49 45 -39 57 41 50 43 -43 61 -38 -47 48 -15 53 51 55 -49 -36 -27 -26 -23 58 -31 -46 -52 -25
right_child=1 2 3 -5 8 6 -8 9 12 -11 -12 -13 15 26 -16 -17 22 -19 19 34 -22 56 -24 24 28 54 27 -29 -30 39 31 -33 -34 -35 35 -37 37 38 -40 -41 -42 42 -44 -45 59 46 -48 52 -50 -51 60 -53 -54 -55 -56 -57 -58 -59 -60 -61 -62 -63
leaf_value=-2.3062301468693351 -1.6794905911707412 21.832952085796158 15.776477628435408 1.2312628056452826 1.8596369849890473 3.804861021908847 23.847491147177561 21.225221807389033 0.92720431162760808 11.783026779174804 3.8089715583801276 7.2085973318691901 5.2025353077479775 -0.81035881023991996 1.7575922508673234 10.658845579964774 -0.61141873233458577 4.1814425879258383 -1.7891818441306537 -1.8051792050021538 -3.8862837816167763 -1.5300841665921145 -2.7641582098030129 -2.3566914292293437 -1.0893739023208617 -3.1497840698092592 0.42802963445533293 -1.2585145738179033 0.035628190437952671 -1.8258790920527428 -0.22065691583296831 2.4306223173574972 -1.0931806401809057 -3.2604779889033395 0.35764240102767947 0.048213209022175185 -0.87519209814071663 -1.274408776330948 0.30119411071141566 -0.73039045581111206 -0.021851417002352803 -1.8548395308852197 0.055911200181581078 -0.25623611813499814 -3.0540968975654019 -1.3429215582637561 -2.7689118518000067 -0.72191511233647665 0.39016674487931385 -1.0506499936905775 -2.1119163573110429 -0.25070729374140505 -1.6767743912449591 -0.63239738878276608 -1.9489451200311834 -2.2081814716756347 -2.2086755850256945 -2.3487440132128228 -0.84224938686077422 -1.9533128252896397 -1.2160666024684907 -1.6754762980547029
leaf_weight=152 50 37 20 25 31 21 20 20 25 39 24 28 20 53 21 20 33 25 330 33 26 145 25 33 29 50 48 21 23 90 33 21 29 51 24 32 34 24 20 26 21 23 31 20 25 41 22 62 34 43 36 39 26 35 21 23 40 36 25 32 31 246
leaf_count=152 50 37 20 25 31 21 20 20 25 39 24 28 20 53 21 20 33 25 330 33 26 145 25 33 29 50 48 21 23 90 33 21 29 51 24 32 34 24 20 26 21 23 31 20 25 41 22 62 34 43 36 39 26 35 21 23 40 36 25 32 31 246
internal_value=0.0161458 8.57505 12.761 10.9555 -1.1713 12.3536 14.867 12.3552 2.40431 15.2843 8.70671 11.0278 5.1201 -1.46148 -1.55017 8.12424 -0.368311 2.60451 -1.65411 -1.52431 -2.47518 -2.15003 -1.57053 -1.66988 -1.51022 -1.97947 -0.348796 0.0421704 -1.22295 -1.2902 0.25867 0.835752 -0.1515 -2.5608 -0.95828 -0.850461 -0.968538 -1.2413 -0.567337 -1.65558 -1.02905 -1.11972 -0.641439 -1.13414 -1.89273 -1.53806 -1.87645 -0.686716 -0.342029 -0.583047 -1.33824 -1.04039 -1.01976 -0.230337 -2.82668 -1.61665 -1.68792 -1.80899 -1.62119 -2.48053 -1.72147 -1.7642
internal_weight=2723 331 234 197 2392 172 100 80 179 59 72 48 90 2213 97 40 89 50 1886 1498 76 388 58 1190 789 401 327 152 453 430 131 54 77 203 308 275 243 141 44 177 253 232 74 43 336 97 63 175 87 102 158 91 88 59 71 52 185 151 115 57 67 279
internal_count=2723 331 234 197 2392 172 100 80 179 59 72 48 90 2213 97 40 89 50 1886 1498 76 388 58 1190 789 401 327 152 453 430 131 54 77 203 308 275 243 141 44 177 253 232 74 43 336 97 63 175 87 102 158 91 88 59 71 52 185 151 115 57 67 279
is_linear=0
shrinkage=0.05


Tree=20
num_leaves=63
num_cat=0
split_feature=24 45 38 24 45 24 17 40 24 1 39 1 17 24 4 39 41 25 24 24 1 45 25 24 45 40 24 40 25 45 24 25 1 40 38 39 25 9 45 17 17 17 25 45 1 25 1 24 45 16 16 39 24 1 16 9 24 25 24 25 12 25
split_gain=1.0034e+07 5.10602e+06 1.31221e+06 900794 492307 485118 292332 412623 242543 220685 197723 221361 346168 171349 88390 78372.9 53505.7 42639.6 43980 25408.8 23870.3 22988.6 20102.9 30468 21712.3 15875.7 15695.6 15843 25785 16284.3 15115.7 11133.9 16856.9 11563.3 10965.1 9654.91 11453.5 14547 13710.6 9535.92 9229.72 8439.91 7961.19 7696.26 7190.16 11033.8 7104.89 13237.3 6138.7 6887.09 5925.89 5491.84 5119.2 5102.3 4764.58 4289.98 5110.81 4195.91 4083.54 4976.39 4073.57 3927.9
threshold=166.07667607621741 9.5000000000000018 3.5000000000000004 131.20940836113431 9.5000000000000018 195.23628082926251 4.8070000000000013 41.500000000000007 141.56187674511369 28.500000000000004 5.5000000000000009 42.500000000000007 2.4510000000000005 117.17407692685082 7.5000000000000009 3.5000000000000004 3.5000000000000004 1.5000000000000002 109.89335156433781 114.44027522935781 33.500000000000007 4.5000000000000009 3.5000000000000004 94.046005242463977 9.5000000000000018 6.5000000000000009 120.19032398793868 32.500000000000007 2.5000000000000004 9.5000000000000018 100.37286850152906 4.5000000000000009 53.500000000000007 60.500000000000007 10.500000000000002 1.5000000000000002 3.5000000000000004 6.5000000000000009 2.5000000000000004 4.3020000000000005 0.99050000000000005 2.2375000000000003 1.5000000000000002 9.5000000000000018 27.500000000000004 1.5000000000000002 28.500000000000004 111.93118432026689 6.5000000000000009 25.050000000000004 25.750000000000004 3.5000000000000004 108.082752293578 39.500000000000007 19.550000000000004 7.5000000000000009 101.29177134791816 9.5000000000000018 105.88971166448231 2.5000000000000004 0.95000000000000007 5.5000000000000009
decision_type=2 2 2 2 2 2 2 2 2 2 2 2 2 2 2 2 2 2 2 2 2 2 2 2 2 2 2 2 2 2 2 2 2 2 2 2 2 2 2 2 2 2 2 2 2 2 2 2 2 2 2 2 2 2 2 2 2 2 2 2 2 2
left_child=3 15 5 13 14 -3 7 -4 16 -10 -7 12 -12 17 -5 -2 -6 19 22 34 -16 60 24 43 58 30 44 28 54 42 -25 51 33 40 -1 -20 38 -38 46 41 -33 -40 -29 61 45 -15 47 -37 50 -50 53 -27 -26 -42 -28 -53 -57 -45 -19 -60 -17 -24
right_child=1 2 6 4 8 10 -8 -9 9 -11 11 -13 -14 26 20 21 -18 18 35 -21 -22 -23 23 25 52 31 27 29 -30 -31 -32 32 -34 -35 -36 36 37 -39 39 -41 48 -43 -44 57 -46 -47 -48 -49 49 -51 -52 55 -54 -55 -56 56 -58 -59 59 -61 -62 -63
leaf_value=-2.9790129709243778 0.91034062096705792 3.7404111719131472 25.677942857742309 1.7695608688890936 3.7018976865364959 6.5317264246057576 11.522105742409115 15.315297690882828 3.6130020937712297 10.795869895617166 12.335684673786163 16.899537809462775 4.6219512211192741 -0.77059119826113731 -0.58174693710663739 -2.2523244690895079 0.24844591140747074 -1.8911714460150826 -1.7175749058583205 -1.5226679382076511 -2.6312659935767839 -3.6882161799344155 -2.2423225692440485 -1.0767944993972778 -2.9953828852784401 -2.0491325677765739 0.70340596954027812 0.46205441915988921 -1.9279503484205767 1.3737875734676015 0.60907267560561495 -0.1323687565803528 -2.3638160506538726 0.0076927878856658943 -2.1378689822158372 -0.89525320600580283 0.74546784000396726 -0.85408571329983796 -1.3954043444822422 -2.0380751625034548 -0.94787852649741322 -0.30846517069586393 -0.80737319282123021 -2.9072653355965254 -0.97012154624535807 0.37121579480171202 -0.94767859806617105 0.68572622152475216 -1.0843003562644675 -2.3864261661824724 -0.45128796332921733 -1.7769593851566317 -1.855927260138772 -1.7943331214359828 -0.27258460563998071 -1.6528584830327469 -0.64532289028167722 -1.8586067566727149 -1.6841335571753353 -1.0388169002825138 -1.2417348259966821 -1.5920416438193457
leaf_weight=63 25 31 21 31 25 26 20 32 22 23 63 20 21 53 33 20 20 167 33 153 25 21 33 29 50 53 20 29 21 32 23 24 22 29 172 26 24 32 52 35 67 28 20 25 88 34 53 25 26 20 38 39 21 27 30 21 35 32 113 50 31 246
leaf_count=63 25 31 21 31 25 26 20 32 22 23 63 20 21 53 33 20 20 167 33 153 25 21 33 29 50 53 20 29 21 32 23 24 22 29 172 26 24 32 52 35 67 28 20 25 88 34 53 25 26 20 38 39 21 27 30 21 35 32 113 50 31 246
internal_value=0.0167079 8.16238 12.1465 -1.11341 2.2895 9.5193 17.7337 19.8208 4.87562 7.43924 10.8582 11.8673 10.4844 -1.38957 -0.350737 -1.4746 2.20591 -1.5727 -1.44942 -2.04373 -1.49487 -2.30391 -1.58767 -1.43621 -1.88135 -1.16342 -0.331744 0.0401522 -0.501299 0.515144 -0.333605 -1.26991 -1.05968 -0.925805 -2.37506 -0.911831 -0.809251 -0.167423 -0.971842 -1.34726 -1.05922 -1.02354 -0.0617641 -1.79944 -0.653183 -0.325163 -0.547787 -0.121884 -1.18273 -1.68928 -0.994792 -1.61974 -2.68889 -1.20739 0.123851 -1.36128 -1.04561 -2.36083 -1.69999 -1.49376 -1.67383 -1.67671
internal_weight=2723 331 234 2392 179 161 73 53 90 45 130 104 84 2213 89 97 45 1886 1498 388 58 72 1190 789 401 453 327 152 71 81 52 401 253 231 235 308 275 56 219 115 202 80 49 336 175 87 104 51 178 46 132 148 71 94 50 95 56 57 330 163 51 279
internal_count=2723 331 234 2392 179 161 73 53 90 45 130 104 84 2213 89 97 45 1886 1498 388 58 72 1190 789 401 453 327 152 71 81 52 401 253 231 235 308 275 56 219 115 202 80 49 336 175 87 104 51 178 46 132 148 71 94 50 95 56 57 330 163 51 279
is_linear=0
shrinkage=0.05


Tree=21
num_leaves=63
num_cat=0
split_feature=24 45 25 6 38 24 24 1 45 1 24 24 30 39 1 3 2 30 25 24 24 28 25 24 40 1 25 24 25 25 39 24 2 30 24 1 40 38 24 1 2 1 12 25 30 40 25 28 1 28 45 12 40 45 1 41 1 45 24 45 12 2
split_gain=9.08511e+06 4.62514e+06 1.2679e+06 1.40842e+06 1.18745e+06 859213 815674 474786 446260 247913 225396 155414 110819 83297.9 78943.9 65828.3 46006.3 43567.3 32483.8 43460.1 30869 20240.8 16796.4 24997.7 15174.9 14291.3 13943.3 14184.8 13800.1 11762.8 11613.2 11775.2 11306 13124.6 11282.8 10506.1 14844.1 10409.9 9016.09 8841.56 8329.32 8296.46 7633.69 17072.9 7562.66 7621.76 7326.99 6433.59 6242.6 5944.64 5933.52 5680.44 7101.06 12716.2 5632.99 4636.41 4581.84 4563 4289.03 3620.46 3588.58 3238.97
threshold=166.07667607621741 9.5000000000000018 3.5000000000000004 1.0000000180025095e-35 6.5000000000000009 260.96555096279872 131.20940836113431 28.500000000000004 9.5000000000000018 41.500000000000007 145.43499860995277 117.72843587605057 1.2500000000000002 3.5000000000000004 27.500000000000004 2.5000000000000004 3.5000000000000004 2.0000000000000004 1.5000000000000002 110.99108562691133 114.54451979213447 43.500000000000007 2.5000000000000004 99.3285509501966 59.500000000000007 22.500000000000004 3.5000000000000004 120.19032398793868 4.5000000000000009 4.5000000000000009 3.5000000000000004 102.58327401955843 5.5000000000000009 1.2500000000000002 91.91790723751275 20.500000000000004 48.500000000000007 8.5000000000000018 106.12492022337456 38.500000000000007 1.5000000000000002 17.500000000000004 0.95000000000000007 2.5000000000000004 1.2500000000000002 43.500000000000007 6.5000000000000009 5.5000000000000009 8.5000000000000018 35.500000000000007 9.5000000000000018 0.95000000000000007 17.500000000000004 4.5000000000000009 43.500000000000007 7.5000000000000009 21.500000000000004 9.5000000000000018 113.62642035029192 9.5000000000000018 0.95000000000000007 3.5000000000000004
decision_type=2 2 2 2 2 2 2 2 2 2 2 2 2 2 2 2 2 2 2 2 2 2 2 2 2 2 2 2 2 2 2 2 2 2 2 2 2 2 2 2 2 2 2 2 2 2 2 2 2 2 2 2 2 2 2 2 2 2 2 2 2 2
left_child=6 12 -3 4 5 7 11 -4 15 21 16 18 -2 -14 -12 -8 -10 -17 20 22 37 -7 38 29 26 42 27 50 30 -24 -25 -32 33 58 44 49 40 -1 -20 41 -37 -36 -21 -44 45 -31 -43 -35 -33 -30 -13 -29 -53 -54 -49 -42 -50 -22 -27 -40 -15 -58
right_child=1 2 3 -5 -6 9 8 -9 10 -11 14 24 13 60 -16 17 -18 -19 19 25 57 -23 23 28 -26 32 -28 51 35 34 31 48 -34 47 39 36 -38 -39 59 -41 55 46 43 -45 -46 -47 -48 54 56 -51 -52 52 53 -55 -56 -57 61 -59 -60 -61 -62 -63
leaf_value=-2.9113949923245417 -4.6252687599545439 20.050275007549086 -2.3359644353957405 -2.2719891751896255 19.267219173782749 9.1784151910852501 1.4113993180499358 7.7357452046429662 0.76442252591252324 17.016305229550316 4.782747728256953 -0.41697034275808997 2.1876458262261891 -2.0287064062465321 9.6713966060820091 -3.113503238071095 3.8072784577883212 -0.26529790729284292 -2.4037486306944893 -0.8064901294206317 -1.2156845690144433 12.364551994687034 -2.2514427438535192 -1.78079641158934 0.84308294041951504 -2.3539644259214403 -1.4445675754088623 -0.27430887529383535 -0.6041613357666541 -1.7920690667365173 -1.7511030882795653 -1.5952029608090719 0.033128514940088442 -0.29484609086262553 -1.4240806101560595 -0.49869295549889414 0.061554536397258441 -2.0466757685939472 -1.5308561143463981 -1.690768077178435 -1.8943615005254746 -1.0248859062688103 -0.61432062065962589 1.1605170424088189 -1.5143203196945514 -2.8560461221422471 0.10550373015732602 -1.670891122508932 -0.26368225765228276 0.40483404200185436 -1.2903198506281928 -0.25935064916610723 0.022883015473683679 1.6379450925536778 -0.56825570820481519 -0.93019435925917193 -1.1407119290785841 -1.9017635854993551 -1.3588877084412996 -2.2335751277002798 -1.1289969460706455 -0.56906362314115877
leaf_weight=52 20 37 20 21 37 53 33 26 25 20 20 85 20 21 20 21 25 35 66 37 143 20 75 107 29 23 25 45 43 78 59 29 21 37 39 23 23 191 136 54 49 28 32 22 175 27 28 26 34 21 25 24 26 22 23 21 72 34 33 28 36 43
leaf_count=52 20 37 20 21 37 53 33 26 25 20 20 85 20 21 20 21 25 35 66 37 143 20 75 107 29 23 25 45 43 78 59 29 21 37 39 23 23 191 136 54 49 28 32 22 175 27 28 26 34 21 25 24 26 22 23 21 72 34 33 28 36 43
internal_value=0.0169403 7.76787 11.5597 9.87183 11.3255 9.08894 -1.05841 3.4001 2.17973 11.8366 4.64194 -1.3212 -1.40408 -0.518768 7.40346 -0.334002 2.33077 -1.36935 -1.48093 -1.37061 -1.87387 10.2067 -1.49131 -1.40135 -0.221597 -0.769303 -0.346988 -0.220281 -1.15462 -1.65508 -1.34149 -1.13648 -1.04841 -1.20751 -1.54582 -0.792019 -1.07418 -2.24291 -1.88555 -1.17748 -1.35278 -0.871097 -0.26334 0.116624 -1.73692 -2.09007 -0.467668 -0.804211 -0.924082 -0.271873 -0.62534 0.162573 0.43571 0.781542 -1.17514 -1.62236 -0.783664 -1.35745 -1.8018 -1.66367 -1.48982 -0.933757
internal_weight=2723 331 234 197 176 139 2392 46 179 93 90 2213 97 77 40 89 50 56 1932 1512 420 73 1258 1028 281 254 252 227 524 504 344 237 163 142 429 180 116 243 230 149 93 95 91 54 280 105 56 86 178 64 110 117 72 48 49 70 149 177 56 164 57 115
internal_count=2723 331 234 197 176 139 2392 46 179 93 90 2213 97 77 40 89 50 56 1932 1512 420 73 1258 1028 281 254 252 227 524 504 344 237 163 142 429 180 116 243 230 149 93 95 91 54 280 105 56 86 178 64 110 117 72 48 49 70 149 177 56 164 57 115
is_linear=0
shrinkage=0.05


Tree=22
num_leaves=63
num_cat=0
split_feature=45 25 16 1 40 3 1 40 40 36 12 0 28 28 17 17 9 17 39 28 28 9 17 9 40 17 16 25 41 45 16 42 25 22 25 16 25 36 25 9 0 39 16 9 1 16 28 17 3 40 9 17 9 28 28 9 25 45 17 17 45 9
split_gain=3.63966e+06 2.16749e+06 634386 291364 294283 488522 293195 283394 484648 242810 263304 246314 184635 333656 184860 408472 143412 142690 101781 86114.7 82523.6 147612 74816.1 67456.4 62031.5 81187.6 59331.5 36034.2 35279.7 25565.5 41659.6 32597.1 55690.3 32583.2 15668.5 17212.7 14557.6 13728.5 43655.4 11448.7 10294.3 10261.4 7632.89 7600.36 9386.67 9019.07 8817.61 7336.63 10058.3 7064.76 7049.87 5705.06 5442.23 4990.47 4801.58 4709.71 8690.28 6261.97 4517.07 4238.82 4112.2 4100.04
threshold=9.5000000000000018 32.000000000000007 32.850000000000001 57.500000000000007 49.500000000000007 1.5000000000000002 8.5000000000000018 15.500000000000002 79.500000000000014 1.0000000180025095e-35 0.95000000000000007 4.5000000000000009 6.5000000000000009 10.500000000000002 1.0945000000000003 3.2095000000000007 20.500000000000004 2.4265000000000003 3.5000000000000004 17.500000000000004 8.5000000000000018 4.5000000000000009 2.1855000000000007 15.500000000000002 36.500000000000007 1.5190000000000001 20.550000000000004 3.5000000000000004 4.5000000000000009 1.5000000000000002 12.750000000000002 2.5000000000000004 2.5000000000000004 0.0059000000000000007 10.500000000000002 30.450000000000003 3.5000000000000004 1.0000000180025095e-35 4.5000000000000009 9.5000000000000018 5.5000000000000009 3.5000000000000004 13.050000000000002 4.5000000000000009 29.500000000000004 27.950000000000003 6.5000000000000009 4.644000000000001 11.500000000000002 52.500000000000007 30.500000000000004 6.5845000000000011 1.0000000180025095e-35 5.5000000000000009 8.5000000000000018 8.5000000000000018 3.5000000000000004 2.5000000000000004 5.0405000000000006 3.0640000000000005 6.5000000000000009 2.5000000000000004
decision_type=2 2 2 2 2 2 2 2 2 2 2 2 2 2 2 2 2 2 2 2 2 2 2 2 2 2 2 2 2 2 2 2 2 2 2 2 2 2 2 2 2 2 2 2 2 2 2 2 2 2 2 2 2 2 2 2 2 2 2 2 2 2
left_child=29 2 3 4 9 -6 -7 17 -9 10 16 20 26 -14 -15 -16 18 -3 -2 22 39 -22 -8 40 25 -20 -13 -24 -27 30 -1 32 -32 34 35 41 -37 47 -39 -12 -11 53 59 46 50 -46 -44 52 51 60 55 54 -33 -31 -49 -45 57 -57 -48 -43 -36 -53
right_child=1 7 -4 -5 5 6 19 8 -10 23 11 12 13 14 15 -17 -18 -19 24 -21 21 -23 27 -25 -26 28 -28 -29 -30 33 31 37 -34 -35 49 36 -38 38 -40 -41 -42 42 43 44 45 -47 58 48 -50 -51 -52 61 -54 -55 -56 56 -58 -59 -60 -61 -62 -63
leaf_value=1.2107236632433804 -3.248521214604378 9.4997091865539556 8.2160063465221498 6.3110330317815153 9.205529399258749 7.1514038849302715 2.1038356108892535 1.3041967288156351 11.332401287372296 -2.3647476811842489 -1.9201536205719258 -0.72829290590115958 9.9704932638731876 -0.42488364645412996 8.2458296879600077 0.23304241611111551 2.7476534093659506 15.719773601185191 1.5392043048994883 2.8803388075992982 -1.0916669613974435 4.05790726014546 -2.9016353739862861 0.022176421483357748 1.565409450083971 -3.4565071425071134 2.2993664245116405 -0.12635142784118653 -0.75721268348693849 -1.3085352342543395 -1.4887956042723223 -0.67323010467820699 2.0311782425382865 0.17371845629480154 -1.803282581387144 -1.0833006755064944 0.3360476853929717 -1.3144264074651208 1.490647771017892 -0.43721167472692635 -4.2129109255472823 -1.0986994324127834 -0.97948073163032534 -1.1829567456599011 -1.4842428403838068 -0.46145263571005607 -1.6165677387274586 -1.0986320871936486 -0.12247207142625538 -0.941497597694397 -1.7422604966163637 -1.9810005571728659 -1.3570362082816931 -1.8186571790047763 -0.22131350505736569 -0.20286940419155619 -0.058846004433102075 -1.2021373090425793 -2.4292613572733748 -0.16054589340320002 -2.5907598851521811 -1.1228467384184879
leaf_weight=21 39 31 36 29 27 20 20 23 25 21 28 27 21 27 33 30 28 21 20 28 27 27 22 23 31 25 38 24 24 91 21 35 22 35 98 48 28 40 20 25 20 23 49 58 233 25 102 33 34 21 23 20 358 158 30 22 44 58 27 25 29 72
leaf_count=21 39 31 36 29 27 20 20 23 25 21 28 27 21 27 33 30 28 21 20 28 27 27 22 23 31 25 38 24 24 91 21 35 22 35 98 48 28 40 20 25 20 23 49 58 233 25 102 33 34 21 23 20 358 158 30 22 44 58 27 25 29 72
internal_value=0.0169641 2.79974 1.83467 1.4873 1.26443 3.27995 1.80864 9.66123 6.652 0.706227 1.1168 2.04337 3.18828 4.42001 3.02951 4.49356 -0.456173 12.261 -1.1166 0.608516 0.148035 1.51 -0.383819 -2.15328 -0.261169 -1.09252 1.04967 -1.48726 -2.17609 -1.18297 -0.941294 -1.00894 0.317241 -1.3246 -1.36985 -1.2967 -0.562745 -1.09813 -0.370211 -1.2418 -3.34525 -1.3555 -1.2511 -1.29705 -1.1836 -1.38732 -1.58385 -1.1724 -0.905735 -1.85886 -0.921694 -1.07563 -1.29801 -1.63823 -0.690925 -0.809014 -0.626001 -0.933298 -1.80408 -0.623428 -2.00197 -1.32875
internal_weight=2723 820 720 684 655 141 114 100 48 514 450 283 176 111 90 63 167 52 139 94 107 54 66 64 100 69 65 46 49 1903 706 685 43 1197 1162 1014 76 642 60 53 41 938 689 641 463 258 178 582 189 148 205 155 393 249 63 182 124 80 129 48 127 92
internal_count=2723 820 720 684 655 141 114 100 48 514 450 283 176 111 90 63 167 52 139 94 107 54 66 64 100 69 65 46 49 1903 706 685 43 1197 1162 1014 76 642 60 53 41 938 689 641 463 258 178 582 189 148 205 155 393 249 63 182 124 80 129 48 127 92
is_linear=0
shrinkage=0.05


Tree=23
num_leaves=63
num_cat=0
split_feature=24 45 25 6 24 24 28 1 45 16 24 40 24 34 1 9 2 45 25 24 2 30 37 30 1 2 25 24 24 40 25 24 25 24 16 45 25 24 28 2 45 3 40 39 30 40 16 0 40 3 9 16 39 12 30 45 25 0 1 9 2 40
split_gain=7.82011e+06 3.95171e+06 1.17822e+06 1.22278e+06 703574 442157 971202 525082 368554 232882 202420 143284 137356 100574 68737.4 63799 41927.2 32388.9 30920.2 39497.2 47328.1 27277.3 18178.8 17479.1 12417.6 16612.7 11510.5 26108.1 14091 11200.8 12176.4 12339.2 9214.12 9580.88 8600.97 8478.21 8477.86 9982.13 9241.29 8408.49 7580.62 7377.6 7332.74 7140.58 7114.82 5959.46 5485.74 5084.71 7438.49 4905.58 4899.07 4885.47 4891.81 4879.33 4978.33 4496.05 4185.48 4142.21 4033.92 3881.16 3876.17 3780.95
threshold=166.07667607621741 9.5000000000000018 3.5000000000000004 1.0000000180025095e-35 131.20940836113431 224.59408951904368 8.5000000000000018 31.500000000000004 9.5000000000000018 22.250000000000004 145.43499860995277 9.5000000000000018 117.59936613844872 1.0000000180025095e-35 27.500000000000004 5.5000000000000009 3.5000000000000004 6.5000000000000009 3.5000000000000004 99.715182961992156 5.5000000000000009 2.0000000000000004 1.0000000180025095e-35 2.0000000000000004 15.500000000000002 3.5000000000000004 1.5000000000000002 108.59332809086938 114.8311843202669 59.500000000000007 3.5000000000000004 120.19032398793868 2.5000000000000004 104.32059515408139 30.550000000000004 9.5000000000000018 4.5000000000000009 91.91790723751275 44.500000000000007 1.5000000000000002 9.5000000000000018 3.5000000000000004 36.500000000000007 3.5000000000000004 1.2500000000000002 10.500000000000002 20.150000000000002 2.5000000000000004 17.500000000000004 2.5000000000000004 8.5000000000000018 20.150000000000002 5.5000000000000009 0.95000000000000007 2.0000000000000004 1.5000000000000002 5.5000000000000009 10.500000000000002 28.500000000000004 23.500000000000004 3.5000000000000004 39.500000000000007
decision_type=2 2 2 2 2 2 2 2 2 2 2 2 2 2 2 2 2 2 2 2 2 2 2 2 2 2 2 2 2 2 2 2 2 2 2 2 2 2 2 2 2 2 2 2 2 2 2 2 2 2 2 2 2 2 2 2 2 2 2 2 2 2
left_child=4 13 -3 5 12 7 -7 -4 15 11 16 -8 17 21 -12 -6 -10 26 22 39 24 -2 -19 -17 -21 50 28 32 -1 30 31 40 -28 36 44 -24 59 -38 41 -20 -14 46 -41 -43 -29 49 -39 -33 -49 -46 -26 52 55 -50 -55 -47 -35 -37 -45 -34 -23 -53
right_child=1 2 3 -5 8 6 9 -9 10 -11 14 -13 29 -15 -16 23 -18 18 19 20 -22 60 35 -25 25 -27 27 34 -30 -31 -32 47 33 56 -36 57 37 38 -40 42 -42 43 -44 58 45 51 -48 48 53 -51 -52 61 -54 54 -56 -57 -58 -59 -60 -61 -62 -63
leaf_value=-1.8436075035629758 -3.305068990230561 18.88720277284321 0.63844433705012005 -2.2208424858613447 1.5869639264383624 18.845561135944568 9.1188984015680123 10.864002153532844 0.58968043217292199 12.349244458879744 4.4371565691630046 3.775603672907903 -0.33898484902836945 1.7336444511196831 8.994908563068936 -2.2553007531166078 3.4862759285706746 -2.9985151937811878 -1.0154616660731179 0.018190392514933713 1.5287571831863551 -1.7303945049533138 -1.4895594455023944 -0.49433163198264868 -2.1325066461688595 -0.31045098988759906 -1.7463731756388583 -1.5374321322043736 -1.0911958223425824 0.69052670082738321 -1.3429421625343654 0.79545959811210631 -1.7185821005255997 -0.94411987352790772 0.19720171943306924 -1.8460811616663346 -1.4446826605475138 -1.9225265638756033 -0.041236339939965144 -1.6598942239356764 -1.2985657593056008 -1.3957179663862502 -2.5554999453315932 0.038579877402101247 -0.71517228541166888 -0.69132751445770257 -1.0268102056284745 -0.74793502454757688 -0.24683759278264539 0.29804550342559816 -1.1695025462939821 -1.3366943555864796 -1.068293354069745 1.1430016697020757 0.051446885195645421 0.25885735540390015 -0.1452842793862025 -2.4328617806995618 -0.76836713141865198 -0.89887098278318123 -0.76001824227246373 -0.62544870578881462
leaf_weight=156 29 37 23 21 30 37 30 27 25 34 20 25 92 21 20 23 25 42 27 22 20 26 117 36 37 30 106 29 114 30 25 24 146 102 23 113 188 32 26 65 26 27 48 27 22 24 47 24 28 24 28 57 26 20 21 24 20 67 35 20 21 32
leaf_count=156 29 37 23 21 30 37 30 27 25 34 20 25 92 21 20 23 25 42 27 22 20 26 117 36 37 30 106 29 114 30 25 24 146 102 23 113 188 32 26 65 26 27 48 27 22 24 47 24 28 24 28 57 26 20 21 24 20 67 35 20 21 32
internal_value=0.0171502 7.20825 10.7132 9.09032 -0.980533 10.4449 12.0411 6.26509 2.02687 9.03428 4.26443 6.80101 -1.2246 -1.26998 6.87996 -0.258018 2.07804 -1.37751 -1.67891 -1.27796 -0.667047 -2.11173 -2.00179 -1.20704 -1.05222 -1.29776 -1.23427 -1.15557 -1.53114 -0.209389 -0.315493 -0.200941 -1.30149 -1.2286 -0.718403 -1.85123 -1.31892 -1.18164 -0.920614 -1.86678 -0.559596 -1.05563 -2.05945 -0.729568 -0.807362 -0.699198 -1.40919 0.162413 -0.00762552 -0.191337 -1.74175 -0.84045 -0.528742 0.256808 0.598568 -0.220546 -0.81545 -2.07676 -0.421841 -1.62583 -1.32179 -1.09081
internal_weight=2723 331 234 197 2392 176 126 50 179 89 90 55 2213 97 40 89 50 1923 616 277 137 76 339 59 117 95 1307 1037 270 290 260 235 776 670 261 297 548 382 194 140 118 168 113 89 238 209 79 117 93 46 65 163 74 69 41 48 122 180 62 166 47 89
internal_count=2723 331 234 197 2392 176 126 50 179 89 90 55 2213 97 40 89 50 1923 616 277 137 76 339 59 117 95 1307 1037 270 290 260 235 776 670 261 297 548 382 194 140 118 168 113 89 238 209 79 117 93 46 65 163 74 69 41 48 122 180 62 166 47 89
is_linear=0
shrinkage=0.05


Tree=24
num_leaves=63
num_cat=0
split_feature=24 45 38 24 2 25 25 45 17 40 41 1 9 17 39 24 17 17 12 45 25 24 2 37 28 9 1 12 25 24 24 40 25 24 25 24 1 45 16 45 2 24 24 25 45 40 40 41 28 12 17 1 1 24 45 24 9 16 40 9 24 24
split_gain=7.07711e+06 3.57737e+06 1.06913e+06 637196 367079 403866 693539 334213 274922 382326 186940 267367 172464 232837 137045 124125 83226 62914.9 52737.4 29305 27901.5 35715.3 42894.2 16486.6 11874.9 12245.4 10651.4 10642.5 10369.4 23542.3 12774.6 10140.4 11038.9 11172.3 8352.78 13923.8 8328.86 11984.9 7787.76 7667.48 7586.36 7574.31 7107.39 7024.76 6875.07 6640.39 5182.94 4838.2 4600.51 4309.03 6035.38 4201.96 5439.09 4626.52 4110.13 3834.8 6720.95 4235.73 3783.38 3716.25 3667.42 3469
threshold=166.07667607621741 9.5000000000000018 3.5000000000000004 131.20940836113431 5.5000000000000009 4.5000000000000009 11.500000000000002 9.5000000000000018 4.8070000000000013 41.500000000000007 4.5000000000000009 37.500000000000007 10.500000000000002 2.4265000000000003 3.5000000000000004 117.59936613844872 4.5990000000000011 3.4490000000000003 0.80000000000000016 6.5000000000000009 3.5000000000000004 99.715182961992156 5.5000000000000009 1.0000000180025095e-35 8.5000000000000018 9.5000000000000018 35.500000000000007 0.95000000000000007 1.5000000000000002 108.59332809086938 114.54451979213447 59.500000000000007 3.5000000000000004 120.19032398793868 5.5000000000000009 87.383591203453861 29.500000000000004 3.5000000000000004 30.550000000000004 9.5000000000000018 1.5000000000000002 95.584883971937415 96.930783093053762 2.5000000000000004 9.5000000000000018 36.500000000000007 10.500000000000002 5.5000000000000009 7.5000000000000009 0.95000000000000007 4.1185000000000009 47.500000000000007 28.500000000000004 112.222093411176 1.5000000000000002 104.32059515408139 16.500000000000004 19.750000000000004 39.500000000000007 8.5000000000000018 122.72074356835824 113.68035974423132
decision_type=2 2 2 2 2 2 2 2 2 2 2 2 2 2 2 2 2 2 2 2 2 2 2 2 2 2 2 2 2 2 2 2 2 2 2 2 2 2 2 2 2 2 2 2 2 2 2 2 2 2 2 2 2 2 2 2 2 2 2 2 2 2
left_child=3 17 4 15 5 -3 -7 16 9 -4 11 14 13 -8 -9 19 18 -2 -5 28 23 40 24 -21 25 -23 -26 -19 30 34 -1 32 33 44 42 -36 37 41 46 -25 -22 -37 -30 -44 -17 -42 48 54 -31 -35 60 52 53 -48 -38 56 58 -58 -45 -54 -51 -41
right_child=1 2 8 7 -6 6 12 10 -10 -11 -12 -13 -14 -15 -16 31 -18 27 -20 20 21 22 -24 39 26 -27 -28 -29 29 38 -32 -33 -34 49 35 36 47 -39 -40 61 45 -43 43 55 -46 -47 51 -49 -50 50 -52 -53 59 -55 -56 -57 57 -59 -60 -61 -62 -63
leaf_value=-1.7665282882286222 0.47861790908707508 15.147909212979403 22.718747516978873 0.70363122777938836 1.5799820518493652 1.1631756817210803 8.0625988967330358 5.9496182166962406 9.4169800747576229 13.001220594608421 0.63703433135460164 10.051591095382516 6.9355248260498046 15.588003123601277 0.22591976772655142 -0.32221784927832187 2.283679732978344 -2.963821734648485 -2.1983198622215627 -2.8520760837266614 -0.96650186632360724 0.56950475352151064 1.4559592261768524 -1.4157126359111174 -0.75080989939346909 -1.1402443344252451 -1.9515485300773232 -1.5423491610037656 -1.9430097166255671 0.18639582757949832 -1.0544476959922098 0.65711413587293321 -1.2783776597793286 -0.22596046901267508 -1.3847884460631148 -1.439005520741145 -0.79129883925120037 0.52102179421318906 0.18775248780846598 -2.1782788645893061 -1.5781570240584288 -0.27527882567710349 -1.6598705877774511 -1.6690932574709683 -1.2360422159124305 -2.4303326272477914 -1.0389082667414022 -0.56593902157034193 -0.74302930774359865 0.31687450195734318 -0.19430202143532893 -0.44304657615043902 -1.8277583248274667 -0.25545875000231194 -1.7299668917804958 -0.89737217658931778 -1.2537364784308842 -0.2665470874786377 -1.0907400652712043 -0.99100832877932366 1.2312911383310954 -1.642123413673819
leaf_weight=150 35 21 21 24 21 32 26 20 20 32 28 21 38 23 21 92 23 25 42 42 27 20 20 117 39 20 38 37 53 24 120 30 25 45 152 23 23 26 23 108 65 35 106 93 26 48 48 34 28 25 27 43 27 32 31 102 20 24 54 36 20 72
leaf_count=150 35 21 21 24 21 32 26 20 20 32 28 21 38 23 21 92 23 25 42 42 27 20 20 117 39 20 38 37 53 24 120 30 25 45 152 23 23 26 23 108 65 35 106 93 26 48 48 34 28 25 27 43 27 32 31 102 20 24 54 36 20 72
internal_value=0.017154 6.85811 10.1929 -0.931951 7.83155 8.75139 7.50573 1.93007 15.2246 17.2011 4.06084 5.57234 9.79884 11.8361 3.09327 -1.16422 -0.245763 -1.20855 -1.14824 -1.30957 -1.59627 -1.21538 -0.634443 -1.90299 -1.00113 -0.292208 -1.36087 -2.15355 -1.17333 -1.09863 -1.45513 -0.199143 -0.3001 -0.19103 -1.23719 -1.03517 -0.719951 -0.357395 -0.683481 -1.75964 -1.7753 -0.75341 -1.37939 -1.29985 -0.532306 -1.95833 -0.76813 -1.05807 -0.318546 0.154714 0.39254 -0.891418 -1.0222 -0.732613 -1.35191 -1.16438 -1.30152 -0.73327 -1.46548 -1.37265 0.741323 -1.9741
internal_weight=2723 331 234 2392 161 140 119 179 73 53 90 62 87 49 41 2213 89 97 66 1923 616 277 137 339 117 40 77 62 1307 1037 270 290 260 235 776 324 172 84 261 297 140 58 452 399 118 113 238 88 52 117 72 186 143 80 54 293 191 44 147 63 45 180
internal_count=2723 331 234 2392 161 140 119 179 73 53 90 62 87 49 41 2213 89 97 66 1923 616 277 137 339 117 40 77 62 1307 1037 270 290 260 235 776 324 172 84 261 297 140 58 452 399 118 113 238 88 52 117 72 186 143 80 54 293 191 44 147 63 45 180
is_linear=0
shrinkage=0.05


Tree=25
num_leaves=63
num_cat=0
split_feature=24 45 2 37 0 17 0 40 41 24 0 30 0 24 25 28 24 9 25 24 25 24 25 24 45 40 25 22 30 30 25 24 45 25 30 0 4 4 24 40 9 24 25 4 28 9 24 24 45 24 24 2 40 4 0 2 0 24 40 40 40 40
split_gain=6.42203e+06 3.61789e+06 757174 757146 922378 779123 818931 777921 437614 336859 137039 136407 135055 200908 128645 97925.5 77513.8 66499.5 34240.2 30415.9 40626.7 24198.8 19021.7 17814.4 16040.9 14442.1 14146.2 12854.7 15047.3 10967.7 10123.4 17470.1 12712.7 7631.16 7480.06 7751.99 7252.99 6946.66 6940.7 5947.61 8804.74 5719.79 7041 5448.99 5519.78 8329.09 11196.7 5253.49 5131.57 4973.52 4805.95 4647.24 4219.04 5551.93 8666.01 4531.68 4210.36 3380.83 3305.58 3224.02 3156.49 3130.3
threshold=153.63228156400177 9.5000000000000018 5.5000000000000009 1.0000000180025095e-35 3.5000000000000004 1.6570000000000003 9.5000000000000018 21.500000000000004 3.5000000000000004 119.19482068390326 13.500000000000002 1.2500000000000002 6.5000000000000009 138.93749470712774 5.5000000000000009 7.5000000000000009 138.93749470712774 6.5000000000000009 2.5000000000000004 115.61300250208508 1.5000000000000002 107.07614373088687 2.5000000000000004 131.20940836113431 9.5000000000000018 79.500000000000014 2.5000000000000004 0.020450000000000003 2.0000000000000004 1.2500000000000002 7.5000000000000009 82.876667226502647 7.5000000000000009 1.5000000000000002 2.7500000000000004 11.500000000000002 13.500000000000002 9.5000000000000018 112.14027522935781 37.500000000000007 7.5000000000000009 103.60053325688075 4.5000000000000009 50.500000000000007 41.500000000000007 16.500000000000004 92.588566186107485 99.950636729438273 9.5000000000000018 123.28228202989671 112.84936613844872 3.5000000000000004 28.500000000000004 6.5000000000000009 4.5000000000000009 3.5000000000000004 3.5000000000000004 103.82027464126089 38.500000000000007 33.500000000000007 15.500000000000002 39.500000000000007
decision_type=2 2 2 2 2 2 2 2 2 2 2 2 2 2 2 2 2 2 2 2 2 2 2 2 2 2 2 2 2 2 2 2 2 2 2 2 2 2 2 2 2 2 2 2 2 2 2 2 2 2 2 2 2 2 2 2 2 2 2 2 2 2
left_child=9 11 3 4 17 -5 7 -7 -8 19 12 -2 13 23 15 -13 18 -3 49 20 24 26 29 36 50 -19 -22 28 30 -23 32 58 47 48 35 52 -11 -33 -31 -35 -41 42 -30 44 45 -44 -47 -28 -21 -14 -1 -43 53 -24 -55 -54 -34 -49 -32 -40 -38 -39
right_child=1 2 -4 5 -6 6 8 -9 -10 10 -12 14 16 -15 -16 -17 -18 25 -20 33 21 22 34 -25 -26 -27 27 -29 41 38 31 37 56 39 -36 -37 60 61 59 40 -42 51 43 -45 -46 46 -48 57 -50 -51 -52 -53 55 54 -56 -57 -58 -59 -60 -61 -62 -63
leaf_value=-1.9193845055524041 -4.1206457236289982 11.393769701899904 1.5767890246161098 21.309214829206468 -2.5043554723830455 13.350008661179315 19.876940463030781 0.6883532752990722 10.248477297465007 -0.50345497081014845 3.6002356040116519 4.2016018204887713 -0.12192943400904244 4.8360468088042357 -1.4859251824943795 -0.39988492447396989 -3.5659158056715263 6.5702053660731172 -1.6466148421893252 -0.75844323331503571 -1.9365828773893161 -1.5848336460760661 -1.2955228294928869 1.4332460089830252 -2.4813129101060842 9.3465856969924204 -1.6760595708173864 -0.056149485111236574 -1.4887160340961347 -1.1215921368146384 -1.4502278439913479 -0.013540651445035582 -1.3974090664727348 -0.73066662418966499 0.25176108973366879 -1.282273400023177 -0.004824721924960613 -0.71138596325450476 -0.80304172449111944 0.83222900776636033 -0.52222994921462873 -0.9678650835266821 -1.4212046085876315 -0.30842899287188497 -0.53959484032222205 -1.2866960135868617 0.0659721825165408 -0.75906481725639763 -1.4571785428183421 0.67432692036032682 -1.3992734994693679 -0.18416922538511216 0.19072820891172459 0.21067157679590687 -1.016211263722387 -0.63549817537439279 -2.3580723080309958 -1.5619142443483527 -2.2352295988577384 -0.0073232295778062608 0.84261367333786819 -1.4822264815460553
leaf_weight=84 24 32 28 23 20 20 26 29 29 44 32 23 50 30 62 22 22 30 36 138 86 97 26 25 72 20 84 22 120 107 55 26 20 47 27 36 23 44 24 20 27 53 133 26 41 34 27 44 34 31 146 30 38 28 28 28 76 21 26 26 20 21
leaf_count=84 24 32 28 23 20 20 26 29 29 44 32 23 50 30 62 22 22 30 36 138 86 97 26 25 72 20 84 22 120 107 55 26 20 47 27 36 23 44 24 20 27 53 133 26 41 34 27 44 34 31 146 30 38 28 28 28 76 21 26 26 20 21
internal_value=0.0175635 5.96574 9.40183 10.3476 7.02294 12.942 10.9062 6.02012 15.0739 -0.972957 0.551998 -0.795404 0.193315 1.27346 -0.0182611 1.99209 -0.911327 9.3489 -0.386141 -1.20917 -1.28486 -1.17355 -0.872243 0.284805 -1.81514 7.84235 -1.31418 -1.25282 -1.2826 -1.16366 -1.50358 -1.19405 -1.71513 -0.706564 -0.517574 -0.631243 -0.0576861 -0.706489 -0.895036 -0.339133 0.0593619 -1.08119 -1.16432 -1.01003 -1.086 -1.1981 -0.696486 -1.40663 -0.904219 0.187257 -1.59674 -0.690226 -0.465307 -0.702889 -0.409748 -0.163971 -2.17446 -1.03826 -1.72645 -0.397623 0.399411 -0.979187
internal_weight=2723 388 257 229 102 127 104 49 55 2335 313 131 281 142 107 45 139 82 117 2022 1756 1454 465 112 302 50 989 903 881 254 417 172 245 266 211 184 87 91 157 94 47 464 381 261 235 194 61 149 172 81 230 83 148 82 56 66 96 65 81 50 43 65
internal_count=2723 388 257 229 102 127 104 49 55 2335 313 131 281 142 107 45 139 82 117 2022 1756 1454 465 112 302 50 989 903 881 254 417 172 245 266 211 184 87 91 157 94 47 464 381 261 235 194 61 149 172 81 230 83 148 82 56 66 96 65 81 50 43 65
is_linear=0
shrinkage=0.05


Tree=26
num_leaves=63
num_cat=0
split_feature=24 30 25 6 24 24 39 40 38 1 2 40 2 0 24 39 25 40 30 25 24 2 39 38 4 25 24 25 4 38 24 24 25 24 24 40 40 25 40 24 1 12 40 0 30 25 24 41 40 39 24 39 30 4 1 2 1 2 25 1 30 24
split_gain=5.84235e+06 1.65019e+06 1.00046e+06 849453 550253 408013 602648 336266 240194 278401 209131 263062 192287 183422 115089 100894 79282.4 38393.5 24845.7 29328.7 36374.6 20496.2 15946.1 28565.5 13251 13937.3 13171.2 16365.2 13483 11931.8 10601.7 8784.67 8545.53 20550.4 10983.2 8200.33 14961.1 8392.37 6831.6 5232.01 5221.76 4661.48 4633.53 5718.01 4394.37 4244.99 11806.7 5804.5 6337.62 7312.01 6662.79 5330.15 5524.99 5079.91 4316.73 4063.22 5238.17 4015.46 6435.08 3522.24 4698.42 3452.59
threshold=168.72325618571034 1.2500000000000002 2.5000000000000004 1.0000000180025095e-35 131.8275901793161 224.59408951904368 3.5000000000000004 19.500000000000004 10.500000000000002 29.500000000000004 2.5000000000000004 3.5000000000000004 3.5000000000000004 11.500000000000002 117.72843587605057 3.5000000000000004 4.5000000000000009 33.500000000000007 1.2500000000000002 3.5000000000000004 107.07614373088687 3.5000000000000004 2.5000000000000004 6.5000000000000009 6.5000000000000009 2.5000000000000004 91.91790723751275 7.5000000000000009 9.5000000000000018 10.500000000000002 113.68035974423132 120.43461982207396 1.5000000000000002 110.99108562691133 115.1959834584376 40.500000000000007 33.500000000000007 1.5000000000000002 43.500000000000007 115.71302891298306 27.500000000000004 0.95000000000000007 10.500000000000002 11.500000000000002 1.2500000000000002 2.5000000000000004 103.60053325688075 2.5000000000000004 33.500000000000007 3.5000000000000004 96.716201834862389 3.5000000000000004 2.7500000000000004 4.5000000000000009 28.500000000000004 2.5000000000000004 36.500000000000007 3.5000000000000004 1.5000000000000002 43.500000000000007 2.7500000000000004 106.94783874382499
decision_type=2 2 2 2 2 2 2 2 2 2 2 2 2 2 2 2 2 2 2 2 2 2 2 2 2 2 2 2 2 2 2 2 2 2 2 2 2 2 2 2 2 2 2 2 2 2 2 2 2 2 2 2 2 2 2 2 2 2 2 2 2 2
left_child=4 2 -2 5 14 7 -7 -4 9 15 11 -8 -12 17 18 -6 -3 -10 19 29 26 -22 23 -16 25 -24 38 55 -29 30 -1 57 34 45 -20 36 37 -33 41 -31 -30 -21 -35 59 -37 61 47 -47 -49 -50 -51 54 53 -53 -48 -28 -57 -26 -59 60 -44 -34
right_child=1 16 3 -5 8 6 10 -9 13 -11 12 -13 -14 -15 22 -17 -18 -19 32 20 21 -23 24 -25 31 -27 27 28 40 39 -32 35 33 42 -36 44 -38 -39 -40 -41 -42 -43 43 -45 -46 46 51 48 49 50 -52 52 -54 -55 -56 56 -58 58 -60 -61 -62 -63
leaf_value=-2.2688184680495151 16.721031850999402 2.1425866487751839 -0.33418989264446758 -1.6192661824593177 3.4355390681391178 17.001708615620931 8.9722623377260948 7.3135859912779271 -2.0414608271632875 7.1942338054709971 13.264238707930952 1.3406598774592082 7.3165697305958446 4.2418342536262106 2.0765836717685064 -1.3705302383786158 -1.383732401086734 0.36333572336605618 -1.5591557788256534 -0.81245901763439177 -0.70600781746421548 1.1685511639595032 -0.34737631979741546 -0.54219103886967612 -0.73590164455713014 -1.9725808890660603 -1.8665278141780626 0.61516063659087472 -0.30425858304614117 -1.5041136025776298 -1.4569714997866605 0.69046983301639564 -1.6669124721597743 0.18420657405486476 -0.86277164340019241 -0.75679240802923831 1.6823590789380529 -0.67828641198930284 -2.4505544039181304 -0.62613045714118265 -1.4529292501722064 -1.7139949552149609 -1.2516312583197249 0.011626590209848742 0.21380492978769802 -1.3516570607901279 -0.63427313756729875 -1.205775006734408 -1.156128952380802 -0.87822507317001763 0.051376413710233639 -1.3743366483279638 0.037416520746130687 -0.47127691381318232 -1.6082274782139323 -0.70956788533442738 -1.6689856721736769 -0.58741350199495046 0.57071892252280598 -0.24641229735480416 -0.36149868946075442 -1.1141881392669419
leaf_weight=128 30 22 22 25 22 23 22 40 41 35 26 23 40 20 20 20 51 27 160 23 34 24 37 20 50 20 34 22 20 176 71 23 53 25 95 23 20 20 27 21 20 57 43 33 22 202 27 155 55 36 40 20 37 69 22 36 26 27 20 26 24 91
leaf_count=128 30 22 22 25 22 23 22 40 41 35 26 23 40 20 20 20 51 27 160 23 34 24 37 20 50 20 34 22 20 176 71 23 53 25 95 23 20 20 27 21 20 57 43 33 22 202 27 155 55 36 40 20 37 69 22 36 26 27 20 26 24 91
internal_value=0.0177532 6.30911 8.22672 7.0035 -0.834206 8.10601 9.66454 4.63755 1.94424 3.96447 8.00595 5.18571 9.82267 0.151804 -1.0402 1.16817 -0.306346 -1.09512 -1.18202 -1.41674 -1.05694 0.0762459 -0.131978 0.785786 -0.274569 -0.941888 -1.30434 -1.00259 -0.361147 -1.70679 -1.98792 -0.0853261 -1.04184 -0.970732 -1.30412 0.223957 0.588388 0.0527787 -1.73645 -1.41418 -0.900145 -1.4681 -0.431432 -0.554111 -0.287837 -1.07098 -1.01328 -1.14034 -0.986889 -0.72069 -0.394583 -0.654474 -0.475816 -0.687283 -1.09508 -1.40882 -1.13209 -0.428505 -0.0928642 -0.752898 -0.942857 -1.32775
internal_weight=2723 324 251 221 2399 196 134 62 165 77 111 45 66 88 2234 42 73 68 1932 719 323 58 302 40 262 57 265 158 62 396 199 205 1213 958 255 108 63 43 107 197 40 80 151 126 45 807 663 488 286 131 76 175 126 89 49 96 62 97 47 93 67 144
internal_count=2723 324 251 221 2399 196 134 62 165 77 111 45 66 88 2234 42 73 68 1932 719 323 58 302 40 262 57 265 158 62 396 199 205 1213 958 255 108 63 43 107 197 40 80 151 126 45 807 663 488 286 131 76 175 126 89 49 96 62 97 47 93 67 144
is_linear=0
shrinkage=0.05


Tree=27
num_leaves=63
num_cat=0
split_feature=24 45 25 6 38 24 24 16 45 41 2 1 34 24 1 3 40 28 25 24 45 24 32 45 0 0 2 1 12 41 40 28 41 38 24 38 1 25 45 41 28 24 28 0 45 45 25 24 2 1 28 12 24 0 28 41 45 9 24 24 2 40
split_gain=5.29029e+06 2.67318e+06 1.00308e+06 950835 934782 593052 498102 404460 279404 218702 226568 209571 106217 104112 67586.4 109838 52565.7 83901.2 23885.5 28203.2 21057.9 18936.1 13687.6 11495.2 18442.6 11487.2 10685 9512.78 10149.6 8001.91 7356.83 7138.08 8911.65 6830.12 6728.65 6957.81 6555.47 8519.51 6523.18 5431.77 8846.87 9477.63 6898.66 6758.83 15108.8 7738.41 5098.88 11740.7 8145.11 7912.85 4208.42 3993.93 3964.28 3962.12 3864.67 4423.28 5022.11 4980.49 4941.05 4265.66 4170.02 3686.37
threshold=168.72325618571034 9.5000000000000018 3.5000000000000004 1.0000000180025095e-35 6.5000000000000009 260.96555096279872 131.8275901793161 19.250000000000004 9.5000000000000018 4.5000000000000009 3.5000000000000004 41.500000000000007 1.0000000180025095e-35 117.42663886572144 40.500000000000007 3.5000000000000004 75.500000000000014 27.500000000000004 1.5000000000000002 110.99108562691133 4.5000000000000009 113.3402752293578 1.0000000180025095e-35 6.5000000000000009 1.0000000180025095e-35 14.500000000000002 5.5000000000000009 22.500000000000004 0.95000000000000007 4.5000000000000009 45.500000000000007 7.5000000000000009 3.5000000000000004 8.5000000000000018 106.09289128900618 3.5000000000000004 46.500000000000007 7.5000000000000009 9.5000000000000018 1.5000000000000002 2.5000000000000004 121.35658951904365 17.500000000000004 2.5000000000000004 9.5000000000000018 5.5000000000000009 2.5000000000000004 105.88971166448231 2.5000000000000004 36.500000000000007 9.5000000000000018 0.95000000000000007 113.5902752293578 4.5000000000000009 1.0000000180025095e-35 3.5000000000000004 1.5000000000000002 3.5000000000000004 103.60053325688075 99.503073394495416 3.5000000000000004 33.500000000000007
decision_type=2 2 2 2 2 2 2 2 2 2 2 2 2 2 2 2 2 2 2 2 2 2 2 2 2 2 2 2 2 2 2 2 2 2 2 2 2 2 2 2 2 2 2 2 2 2 2 2 2 2 2 2 2 2 2 2 2 2 2 2 2 2
left_child=6 12 -3 4 5 7 13 -4 14 10 -10 16 20 18 15 -8 17 -7 21 23 -2 33 39 46 -25 30 27 28 -21 -30 34 52 -33 -1 35 -26 37 -37 -23 40 -15 51 -43 45 -45 -41 -20 54 53 -50 -32 -42 -29 -49 59 58 57 -57 -56 -48 -59 -58
right_child=1 2 3 -5 -6 11 8 -9 9 -11 -12 -13 -14 22 -16 -17 -18 -19 19 26 -22 38 -24 24 25 -27 -28 31 29 -31 50 32 -34 -35 -36 36 -38 -39 -40 43 41 42 -44 44 -46 -47 47 48 49 -51 -52 -53 -54 -55 55 56 61 60 -60 -61 -62 -63
leaf_value=-2.559224660203264 -1.347458077867826 16.761915640694756 6.1540948742169608 -2.5162843647870154 15.648005076960514 3.4254419199625654 3.120716597239177 -3.0745221450112084 2.316300876096443 0.38567605519294745 8.919397634097507 13.581641974676224 2.0120574444390478 -0.93020562116866534 -2.1555027505087447 -1.2803292264938355 9.1909386929598718 8.2014562572132466 -1.2933196237327167 -0.93259577878590294 -3.1591624346485849 -1.0631879992623929 1.0226679260834404 0.0096197875092426943 -2.0076492968297774 -0.2983327960968018 0.2213584536466843 -1.0073316743850709 0.92049066934896551 -0.41567330880598591 -1.41639741026122 -1.7986849567137266 -0.69968461397217541 -1.6990612352305445 -0.96546851584373372 -1.4278851508242745 -1.8243431489363962 -0.39886505855466514 -1.717095594589527 -0.5842791245877742 -0.79289798129970823 0.97110170263051987 -0.14176339647986672 -0.28535315326281957 -1.6004065396708829 0.71286104326662814 -0.034015312700177588 0.53081953843434648 -0.38190913426876066 -1.5096520753260012 -2.3257390248775485 0.011854459423233163 -0.19401270198822024 -0.37772000308547704 -1.3434295381592078 -1.2688471743074201 -1.2770651604183791 -0.015968812671867578 -0.7274944810975682 -1.04497145392678 -0.84756071365796604 -0.84311090880632422
leaf_weight=36 47 34 25 21 37 20 26 21 26 29 27 20 20 22 28 29 32 21 158 28 26 205 22 23 61 21 38 24 22 21 28 37 40 115 76 55 45 33 51 22 23 39 21 76 30 22 20 20 39 26 43 43 39 27 219 20 115 36 43 21 25 104
leaf_count=36 47 34 25 21 37 20 26 21 26 29 27 20 20 22 28 29 32 21 158 28 26 205 22 23 61 21 38 24 22 21 28 37 40 115 76 55 45 33 51 22 23 39 21 76 30 22 20 20 39 26 43 43 39 27 219 20 115 36 43 21 25 104
internal_value=0.0177992 6.00454 8.87587 7.43702 8.63216 6.66617 -0.79291 1.96515 1.85059 3.90197 5.78312 8.94571 -1.14598 -0.988898 -0.198335 0.818651 7.50915 6.00884 -1.1284 -1.035 -2.02676 -1.47084 -0.153547 -1.13137 -1.36277 -1.44976 -0.545527 -0.684055 -0.208595 0.273215 -1.51958 -0.921957 -1.24413 -1.91965 -1.38848 -1.54837 -1.32427 -1.05088 -1.19965 -0.243528 -0.0280363 0.13553 0.585578 -0.454519 -0.669064 0.0656085 -1.02788 -0.967491 -0.490893 -0.849121 -1.99185 -0.276164 -0.514825 0.0117927 -1.05505 -1.08976 -0.950031 -0.601015 -1.24551 -0.564493 -0.365039 -1.07578
internal_weight=2723 324 231 197 176 139 2399 46 165 82 53 93 93 2234 83 55 73 41 1914 1507 73 407 320 1258 385 362 249 211 71 43 341 140 77 151 270 194 133 88 256 298 148 126 60 150 106 44 873 715 112 65 71 66 63 47 603 562 300 81 262 41 61 219
internal_count=2723 324 231 197 176 139 2399 46 165 82 53 93 93 2234 83 55 73 41 1914 1507 73 407 320 1258 385 362 249 211 71 43 341 140 77 151 270 194 133 88 256 298 148 126 60 150 106 44 873 715 112 65 71 66 63 47 603 562 300 81 262 41 61 219
is_linear=0
shrinkage=0.05


Tree=28
num_leaves=63
num_cat=0
split_feature=45 25 38 16 40 40 25 39 16 1 4 1 38 1 9 9 17 39 17 25 4 16 1 1 17 38 39 25 38 30 28 25 1 16 4 39 36 2 25 16 40 9 32 25 9 9 17 1 25 4 25 28 1 17 28 40 17 16 42 4 1 25
split_gain=2.0434e+06 1.158e+06 509585 423965 238577 411087 220356 778502 215315 497026 412961 268488 176526 182741 166507 162254 149670 125495 136155 259979 121449 103575 89159.8 171970 134538 73115.8 66673.9 87896.4 84815.7 23964.7 16195 38526.1 10827.7 12653.3 9800.6 8793.74 8049.91 30902.1 6308.72 6241.91 6200.6 4364.04 4243.04 4932.69 3975.56 3967.99 6606.71 7574.51 6172.53 6607.61 6111.31 6105.68 5405.79 5284.7 5037.42 3809.43 3788.13 3714.15 3675.2 3528.17 3330.61 3150.83
threshold=9.5000000000000018 32.000000000000007 1.5000000000000002 32.850000000000001 15.500000000000002 79.500000000000014 10.500000000000002 4.5000000000000009 17.550000000000004 41.500000000000007 4.5000000000000009 56.500000000000007 8.5000000000000018 32.500000000000007 13.500000000000002 15.500000000000002 2.4265000000000003 1.0000000180025095e-35 2.8605000000000005 5.5000000000000009 46.500000000000007 21.950000000000003 45.500000000000007 20.500000000000004 4.2695000000000007 3.5000000000000004 3.5000000000000004 1.5000000000000002 8.5000000000000018 1.2500000000000002 3.5000000000000004 2.5000000000000004 5.5000000000000009 28.950000000000003 8.5000000000000018 1.5000000000000002 1.0000000180025095e-35 4.5000000000000009 1.5000000000000002 25.550000000000004 46.500000000000007 4.5000000000000009 1.0000000180025095e-35 10.500000000000002 12.500000000000002 8.5000000000000018 4.7485000000000008 36.500000000000007 4.5000000000000009 8.5000000000000018 2.5000000000000004 9.5000000000000018 34.500000000000007 2.3460000000000005 23.500000000000004 33.500000000000007 0.83450000000000013 21.250000000000004 10.500000000000002 50.500000000000007 25.500000000000004 2.5000000000000004
decision_type=2 2 2 2 2 2 2 2 2 2 2 2 2 2 2 2 2 2 2 2 2 2 2 2 2 2 2 2 2 2 2 2 2 2 2 2 2 2 2 2 2 2 2 2 2 2 2 2 2 2 2 2 2 2 2 2 2 2 2 2 2 2
left_child=12 2 30 6 16 -6 8 -8 9 10 -4 15 13 -1 -12 17 -3 -10 19 21 -17 -19 23 39 -25 -22 40 -28 -29 32 31 -2 -14 38 -32 59 42 41 -34 -20 -23 -38 43 45 -43 61 47 48 49 -47 -49 52 55 -51 -52 -48 -40 -55 -50 -31 -53 -37
right_child=1 4 3 -5 5 -7 7 -9 11 -11 14 -13 29 -15 -16 20 -18 18 22 -21 25 26 -24 24 -26 -27 27 28 -30 35 34 -33 33 -35 -36 36 37 -39 56 -41 -42 44 -44 -45 -46 46 51 50 58 53 54 60 -54 57 -56 -57 -58 -59 -60 -61 -62 -63
leaf_value=4.7309562706947323 -1.1777295435965061 6.8679590857028963 10.800181633035342 7.2808756878035412 -0.421499141852061 8.7374551303570094 10.964106065309965 -0.66438049569274438 3.4462928693944761 -1.5654611327052119 0.20147231403986612 5.850070800185204 -2.2194129638960871 -0.60855476090782568 5.332091235126768 -0.21616045643301574 12.822689000909978 -1.3696925473610559 0.33118621017251698 -4.59948642381213 2.1036222058220915 0.91947577544621062 1.0652075619047339 -7.6391155183882944 -2.0386045916557314 5.7951115461017784 0.55717037324552177 1.7384019633701868 6.2673601913452153 -1.215712489321745 -2.1897917858759564 -4.2136158813181384 -0.91338119257437578 -0.26713247782550753 -0.79059912694467083 -0.80618850014423682 -1.4649517410772819 0.8566608259257148 -0.82820459505686395 -0.83137620394046496 -0.29929879370189849 -0.14702984521786375 -0.13478751145658038 -1.2294143462600189 -0.99620923601918754 -1.2112135366722943 -1.3981254611191927 -0.73007819925663897 -0.68968842682631115 -0.89525439084792624 -1.6579295115710284 0.42826521615982061 -0.12230962211085905 0.27846999244689941 -0.73768858436495066 -0.57150157744543895 -1.5364723709323596 -0.62433453434989561 0.12561107570784433 -0.53127681617935507 -0.39637350941697758 -1.0723534010835722
leaf_weight=27 23 31 23 34 23 25 25 32 21 39 29 23 32 37 34 33 21 29 20 21 37 20 21 20 24 22 26 20 23 224 20 20 75 31 36 240 26 33 25 25 20 23 20 95 35 63 26 60 22 48 60 24 30 24 23 34 212 20 34 23 23 254
leaf_count=27 23 31 23 34 23 25 25 32 21 39 29 23 32 37 34 33 21 29 20 21 37 20 21 20 24 22 26 20 23 224 20 20 75 31 36 240 26 33 25 25 20 23 20 95 35 63 26 60 22 48 60 24 30 24 23 34 212 20 34 23 23 254
internal_value=0.0176878 2.10277 1.39728 1.92837 7.11819 4.42965 1.60648 4.53685 1.28337 3.08935 5.19404 0.719714 -0.881403 1.6821 3.01051 0.396338 9.46941 -0.18582 -0.4811 0.454443 2.21372 1.25111 -1.82534 -2.51169 -4.69759 3.55384 1.95455 2.88538 4.24837 -0.971485 -1.92004 -2.65356 -1.32986 -1.24065 -1.32005 -0.87884 -0.822007 -0.422241 -1.33619 -0.318606 0.31753 -0.928893 -0.8641 -0.877464 -0.66775 -0.842303 -0.737314 -0.851814 -0.655688 -0.81756 -1.1346 -0.43739 -0.676413 -0.537814 -1.4148 -0.946835 -1.46558 -0.136539 -0.201078 -1.1544 0.0247639 -0.944943
internal_weight=2723 820 720 621 100 48 587 57 530 125 86 405 1903 64 63 382 52 290 269 159 92 138 110 89 44 59 109 69 43 1839 99 43 375 343 56 1464 1217 117 312 45 40 84 1100 1080 58 985 491 354 211 155 143 137 90 92 83 60 237 44 56 247 47 494
internal_count=2723 820 720 621 100 48 587 57 530 125 86 405 1903 64 63 382 52 290 269 159 92 138 110 89 44 59 109 69 43 1839 99 43 375 343 56 1464 1217 117 312 45 40 84 1100 1080 58 985 491 354 211 155 143 137 90 92 83 60 237 44 56 247 47 494
is_linear=0
shrinkage=0.05


Tree=29
num_leaves=63
num_cat=0
split_feature=24 45 38 0 17 24 17 1 24 39 28 40 0 24 24 34 24 4 25 1 45 25 24 45 45 40 0 17 24 25 24 1 4 4 1 1 38 25 16 24 45 39 24 24 2 25 24 1 24 39 4 0 24 0 16 45 25 24 40 38 17 28
split_gain=4.55524e+06 2.58147e+06 1.06574e+06 465689 669737 463559 426285 498095 227281 148221 142112 134880 109489 146792 104261 101751 67157.4 47769.3 38012.7 34041.8 28091.4 20781.9 29116.8 16663.6 16389.5 14807.5 14710.8 13287.2 12724.2 13606.4 13424.8 11972 11642.7 10869.1 10765.3 8978.49 8610.72 7775.69 7706.11 6632.97 7411.33 7308.96 6562.99 6387.51 5948.18 5673.45 7180.43 6323.46 5641.29 5439.15 5246.44 5075.61 4682.14 3880.17 3834.36 3606.03 3462.6 3847.8 3152.29 2969.97 2795.93 6394.44
threshold=153.63228156400177 9.5000000000000018 3.5000000000000004 5.5000000000000009 2.4315000000000002 224.59408951904368 1.9615000000000002 29.500000000000004 119.19482068390326 2.5000000000000004 8.5000000000000018 15.500000000000002 3.5000000000000004 131.8275901793161 129.87151197426428 1.0000000180025095e-35 138.93749470712774 3.5000000000000004 3.5000000000000004 32.500000000000007 6.5000000000000009 2.5000000000000004 110.56608562691135 9.5000000000000018 4.5000000000000009 62.500000000000007 2.5000000000000004 1.1205000000000003 115.46300250208508 1.5000000000000002 107.67156323079692 19.500000000000004 6.5000000000000009 46.500000000000007 34.500000000000007 29.500000000000004 1.5000000000000002 4.5000000000000009 21.050000000000004 107.07614373088687 9.5000000000000018 4.5000000000000009 113.5902752293578 122.72074356835824 3.5000000000000004 4.5000000000000009 91.91790723751275 35.500000000000007 112.76584846346314 4.5000000000000009 46.500000000000007 7.5000000000000009 98.693023553281591 10.500000000000002 25.750000000000004 1.5000000000000002 2.5000000000000004 104.32059515408139 30.500000000000004 2.5000000000000004 4.5660000000000007 12.500000000000002
decision_type=2 2 2 2 2 2 2 2 2 2 2 2 2 2 2 2 2 2 2 2 2 2 2 2 2 2 2 2 2 2 2 2 2 2 2 2 2 2 2 2 2 2 2 2 2 2 2 2 2 2 2 2 2 2 2 2 2 2 2 2 2 2
left_child=8 15 3 5 -5 11 -4 -8 20 14 -7 -3 13 33 -10 17 18 -2 32 -12 28 23 25 -22 55 26 -23 35 29 -1 45 -24 -14 38 43 -28 -25 48 -11 40 -29 -42 59 -34 -43 52 60 50 -32 -44 51 -48 -31 -53 -49 -19 -54 -58 -50 -38 -47 -62
right_child=1 2 6 4 -6 10 7 -9 9 12 19 -13 16 -15 -16 -17 -18 24 -20 -21 21 22 31 36 -26 -27 27 39 -30 30 37 -33 34 -35 -36 -37 42 -39 -40 -41 41 44 49 -45 -46 46 47 54 58 -51 -52 53 56 -55 -56 -57 57 -59 -60 -61 61 -63
leaf_value=-1.3349381389819754 0.782762766006318 -0.36481843312581386 18.17367605502789 -4.6138069597880049 7.6174333763122561 12.560388459014893 5.2179573557453773 14.768998334067209 0.11350271894335746 -1.1185206637283167 8.7398740114484514 5.3552551812217359 -1.0233402301122745 4.1933025629767062 4.373073330720266 2.2711914914846423 -3.143716746611255 -1.7964818058695113 -2.378485664640154 5.818895868573871 -1.0546289221957788 -0.39346804130077362 0.93869599082253208 -1.162927852926346 -2.8898565513281915 0.092810241154262008 -0.097658930400322225 -1.3116008726937221 -0.49136450571719037 -1.6731211798191072 -0.79907495705155951 -0.54179771636923157 0.1535815934419632 0.73543749147448045 -0.39341217160224917 -1.4195635440945624 -3.0479289790562225 0.17119015999138357 0.18524034269154074 -0.74384363231333817 -2.4398112408898096 -2.1729030796614559 -2.05187693554163 1.3271892980907274 -1.017753494977951 -1.277445733404408 -1.054327732205391 -1.1652148939623979 -0.61009416153834717 -1.0855297685534724 0.046641841133435565 0.20148691695669424 -1.3553366863131524 -0.68571945013823332 -0.35162329480761578 -0.96194279418672834 -1.1104005711711944 -0.63694366629059251 0.089607387158800567 -2.1293990102608999 -0.33990474142526322 -1.1965510691676224
leaf_weight=188 21 20 25 23 20 24 30 27 24 23 41 20 23 28 35 23 27 27 20 27 96 39 21 38 26 20 28 73 185 39 189 35 24 28 38 23 20 31 21 21 54 21 39 22 30 95 39 65 30 30 41 22 79 26 20 34 127 73 33 59 37 56
leaf_count=188 21 20 25 23 20 24 30 27 24 23 41 20 23 28 35 23 27 27 20 27 96 39 21 38 26 20 28 73 185 39 189 35 24 28 38 23 20 31 21 21 54 21 39 22 30 95 39 65 30 30 41 22 79 26 20 34 127 73 33 59 37 56
internal_value=0.0176549 5.02726 7.92975 5.67078 1.11886 7.13401 12.6243 9.91886 -0.81657 0.436073 9.07552 2.55596 -0.0915347 1.18979 2.67122 -0.683835 -0.925907 -1.32826 -0.433489 7.68129 -1.0106 -1.28352 -1.0288 -1.60839 -1.84097 -1.21835 -1.30911 -1.44979 -0.881333 -0.94149 -0.866407 0.020028 -0.0512347 -0.0196099 0.223786 -0.709743 -1.88701 -0.571153 -0.505871 -1.63493 -1.73529 -2.01466 -2.06384 0.731274 -1.52614 -0.981658 -0.851137 -0.646671 -0.662808 -1.65331 -0.419298 -0.63697 -1.14305 -0.283168 -0.980154 -1.35443 -1.06322 -0.941642 -0.247832 -2.39719 -1.07812 -0.86303
internal_weight=2723 388 257 175 43 132 82 57 2335 313 92 40 254 100 59 131 154 108 127 68 2022 647 365 282 87 309 289 250 1375 1190 1002 56 107 72 84 51 186 283 44 199 178 105 148 46 51 719 401 213 252 69 128 87 318 48 85 61 279 200 63 79 188 93
internal_count=2723 388 257 175 43 132 82 57 2335 313 92 40 254 100 59 131 154 108 127 68 2022 647 365 282 87 309 289 250 1375 1190 1002 56 107 72 84 51 186 283 44 199 178 105 148 46 51 719 401 213 252 69 128 87 318 48 85 61 279 200 63 79 188 93
is_linear=0
shrinkage=0.05


Tree=30
num_leaves=63
num_cat=0
split_feature=24 45 38 24 28 32 1 2 24 40 39 30 12 16 24 16 16 40 24 24 16 45 1 45 24 39 40 41 39 41 16 9 1 38 38 9 32 24 40 40 38 41 40 16 24 1 40 1 9 28 40 24 16 42 41 1 40 1 28 42 42 40
split_gain=4.12554e+06 2.33844e+06 965628 404206 354935 439105 266096 222456 205512 191485 134180 122929 204744 95502.8 94367.1 41513.9 48755 38429.9 64013.2 51321.7 25762.5 25489.9 19361.5 22229.6 11631.4 11170.3 9784.83 19436.6 16366.3 10977.2 8359.98 7980.6 6982.66 6535.74 12778.4 6416.69 6317.88 6229.01 9253.04 5550.7 5284.55 4991.95 4645.52 5110.92 3828.23 3604.54 3615.09 4467.79 3342.35 3225.2 3581.85 3159.31 3051.17 3299.4 3488.77 5020.06 4475.77 4462.06 2992.67 2976.02 2973.55 3338.48
threshold=153.63228156400177 9.5000000000000018 3.5000000000000004 195.23628082926251 5.5000000000000009 1.0000000180025095e-35 28.500000000000004 4.5000000000000009 119.19482068390326 45.500000000000007 2.5000000000000004 1.2500000000000002 0.60000000000000009 14.050000000000002 129.87151197426428 18.550000000000004 14.65 23.500000000000004 138.93749470712774 126.80333015608245 18.450000000000003 6.5000000000000009 30.500000000000004 8.5000000000000018 114.36300250208508 4.5000000000000009 62.500000000000007 4.5000000000000009 3.5000000000000004 7.5000000000000009 28.550000000000004 5.5000000000000009 54.500000000000007 10.500000000000002 1.5000000000000002 9.5000000000000018 1.0000000180025095e-35 103.32475753604196 7.5000000000000009 4.5000000000000009 3.5000000000000004 5.5000000000000009 10.500000000000002 33.45000000000001 108.082752293578 2.5000000000000004 22.500000000000004 10.500000000000002 26.500000000000004 46.500000000000007 52.500000000000007 117.72843587605057 30.350000000000005 16.500000000000004 7.5000000000000009 35.500000000000007 31.500000000000004 42.500000000000007 14.500000000000002 11.500000000000002 9.5000000000000018 34.500000000000007
decision_type=2 2 2 2 2 2 2 2 2 2 2 2 2 2 2 2 2 2 2 2 2 2 2 2 2 2 2 2 2 2 2 2 2 2 2 2 2 2 2 2 2 2 2 2 2 2 2 2 2 2 2 2 2 2 2 2 2 2 2 2 2 2
left_child=8 11 3 7 -5 -6 -4 -3 21 -8 14 -2 -13 -12 -10 16 -7 19 20 -15 -19 24 23 -22 36 -14 28 -28 30 32 33 -24 37 34 -23 58 42 38 -30 -39 -40 60 48 45 -32 -44 47 -47 -1 52 -51 -26 53 54 55 56 -48 -56 -31 -58 61 -41
right_child=1 2 6 4 5 15 9 -9 10 -11 13 12 25 17 -16 -17 -18 18 -20 -21 22 26 31 -25 51 -27 27 -29 29 35 44 -33 -34 -35 -36 -37 -38 39 40 41 -42 -43 43 -45 -46 46 49 -49 -50 50 -52 -53 -54 -55 57 -57 59 -59 -60 -61 -62 -63
leaf_value=-0.76870632779450054 -3.8073587954521182 4.6221958545843762 8.5413851791773094 11.012003680693137 -1.4259338172276816 7.1995791834050964 18.152737743457159 -2.2689119388746182 0.10805464063882829 10.388286639126864 3.1437163299605966 3.6018941305478416 -1.8568080081695169 -0.48862762520341452 4.1604933823479548 8.3208375010770919 3.4454396983555386 -1.6379802307589302 -2.8126762148257227 2.449463578987122 -0.22768809790674013 -0.71608868718147278 -1.424959173581817 1.598460346698761 -0.62753398718657327 -0.64231685170313213 -1.4584669964130108 0.51999154071013132 -0.73579632932489569 -1.2332657382965089 -2.7816023607687521 -0.15569223358233772 -1.9868675328152525 -1.0683479554715911 -2.1519643765501679 0.13299611421731802 -0.13054890935067778 -1.5711907544182031 -2.3467384270964002 -0.77389092649732316 -1.3406408856366132 -1.5256205774390179 -1.5433127461373806 -0.28392620192042423 -1.746450215613141 -0.44369597469057354 -0.2697339408596357 -1.2651537236534969 -0.097033066966316917 -0.32550248773730533 -1.1076125858046793 -0.21148800277934662 -1.4309510972159249 -1.2129811314183676 -0.80712888425396345 -1.1565709957422374 -0.9514054034092676 -0.044790096236714004 -0.41504979262749359 -0.33600171558856967 -0.85352421284734636 0.12326191584269207
leaf_weight=180 24 23 38 36 20 21 23 22 24 21 20 29 38 36 35 33 20 28 30 24 37 23 21 29 188 40 25 23 32 24 21 29 27 75 57 25 26 31 28 20 36 22 31 27 33 20 38 163 21 48 21 62 34 88 61 153 162 28 23 24 102 20
leaf_count=180 24 23 38 36 20 21 23 22 24 21 20 29 38 36 35 33 20 28 30 24 37 23 21 29 188 40 25 23 32 24 21 29 27 75 57 25 26 31 28 20 36 22 31 27 33 20 38 163 21 48 21 62 34 88 61 153 162 28 23 24 102 20
internal_value=0.0175137 4.78499 7.54747 5.39722 6.80277 5.09172 12.016 1.27702 -0.77639 14.7603 0.414751 -0.650626 0.086077 -0.0872439 2.5414 6.84885 5.49405 -0.375618 -0.751015 0.707416 -0.305032 -0.960892 0.0279213 0.586517 -0.837761 -1.25007 -1.22087 -0.519089 -1.27613 -1.07899 -1.63709 -0.70637 -1.20547 -1.4308 -1.75315 -0.511438 -0.906591 -1.1264 -1.46341 -0.953845 -1.81022 -0.828306 -0.924811 -0.974428 -2.19236 -0.995477 -0.973442 -1.1783 -0.699384 -0.914669 -0.57603 -0.525628 -0.953353 -0.921508 -0.863976 -0.931549 -0.773372 -0.57051 -0.849955 -0.874247 -0.710323 -0.333127
internal_weight=2723 388 257 175 130 94 82 45 2335 44 313 131 107 254 59 74 41 234 174 60 144 2022 116 66 1375 78 647 48 599 390 209 50 318 155 80 72 1125 291 96 195 64 164 1099 898 54 871 840 183 201 657 69 250 588 554 466 377 224 89 47 186 142 40
internal_count=2723 388 257 175 130 94 82 45 2335 44 313 131 107 254 59 74 41 234 174 60 144 2022 116 66 1375 78 647 48 599 390 209 50 318 155 80 72 1125 291 96 195 64 164 1099 898 54 871 840 183 201 657 69 250 588 554 466 377 224 89 47 186 142 40
is_linear=0
shrinkage=0.05


Tree=31
num_leaves=63
num_cat=0
split_feature=24 45 38 17 1 24 28 28 24 25 38 24 30 12 1 17 24 25 45 40 25 24 40 45 40 9 40 24 25 17 45 24 1 25 24 25 4 30 24 25 24 40 41 25 24 1 30 1 25 24 24 40 25 24 37 30 24 28 9 38 17 17
split_gain=3.73606e+06 2.11815e+06 875254 392375 426253 365954 320948 406964 185934 159915 119154 174655 111431 185390 58531.8 51752.6 54839.3 43397.7 23160.6 19996.7 18888.5 25606.6 16834.1 14616.9 12791.1 11477.7 11215 10519.2 13027 9438.85 9329.35 9042.58 8756.65 8001.1 7686.75 7183.23 6995.61 6515.24 6885.74 6419.93 5674.34 5228.64 6637.3 5020.7 6411.24 5687.58 5687.37 9144.42 6048.97 4320.72 4176.02 3545.94 3181.31 3474.73 3165.47 3106.13 3520.75 3998.37 3024.01 3008.72 2935.67 7352.96
threshold=153.63228156400177 9.5000000000000018 3.5000000000000004 1.9615000000000002 29.500000000000004 195.23628082926251 5.5000000000000009 14.500000000000002 119.19482068390326 4.5000000000000009 10.500000000000002 138.93749470712774 1.2500000000000002 0.60000000000000009 33.500000000000007 5.3390000000000013 126.08572977481235 2.5000000000000004 6.5000000000000009 33.500000000000007 2.5000000000000004 110.56608562691135 36.500000000000007 9.5000000000000018 62.500000000000007 6.5000000000000009 3.5000000000000004 114.36300250208508 1.5000000000000002 1.1205000000000003 1.5000000000000002 107.67156323079692 29.500000000000004 4.5000000000000009 113.68035974423132 1.5000000000000002 6.5000000000000009 2.7500000000000004 107.28821907450349 2.5000000000000004 122.49446830692244 44.500000000000007 7.5000000000000009 4.5000000000000009 91.91790723751275 29.500000000000004 2.7500000000000004 6.5000000000000009 5.5000000000000009 98.693023553281591 86.224607798165138 32.500000000000007 2.5000000000000004 104.32059515408139 1.0000000180025095e-35 1.2500000000000002 112.29522588268003 27.500000000000004 8.5000000000000018 2.5000000000000004 2.2775000000000003 3.8415000000000004
decision_type=2 2 2 2 2 2 2 2 2 2 2 2 2 2 2 2 2 2 2 2 2 2 2 2 2 2 2 2 2 2 2 2 2 2 2 2 2 2 2 2 2 2 2 2 2 2 2 2 2 2 2 2 2 2 2 2 2 2 2 2 2 2
left_child=8 12 5 -4 -5 9 -7 -8 18 -3 11 15 -2 -14 -9 16 -10 36 27 -18 23 24 -19 -20 26 -23 -22 28 -1 32 -15 43 -28 55 54 -29 -12 38 41 58 -38 42 50 49 -45 46 47 -46 -49 -30 -31 -32 -51 -54 -25 -33 57 -57 -37 -36 -47 -62
right_child=1 2 3 4 -6 6 7 14 10 -11 17 -13 13 30 -16 -17 19 22 20 -21 21 25 -24 34 -26 -27 29 35 31 37 51 33 -34 -35 59 39 40 -39 -40 -41 -42 -43 -44 44 45 60 -48 48 -50 52 -52 -53 53 -55 -56 56 -58 -59 -60 -61 61 -63
leaf_value=-1.3138852960291043 -3.6246055744171146 4.1745542078432836 16.731500754493933 4.5337016480968853 13.348081449781146 10.476284741582099 -0.33483180046081545 8.1508713113693965 -0.37664203782235428 -1.6702810057004294 -0.61382220584899194 4.6103578927236448 3.4278026434183126 -1.8209496116287569 4.7201513818458274 -1.1382132153651294 1.2152626245007629 -2.3507286743720375 -0.95303419430231318 3.5196621177310039 -0.091452185796654747 0.79074766171830035 -0.72674675351695006 -2.6850715429132639 0.12015653655642555 -0.61690740923335152 -0.038651338774582433 -0.67583272167869979 -1.546503779768944 -1.036183804321289 -0.20592872031710369 -1.0931430236732258 -1.3277101603031158 0.20674080982804299 -0.89090787514050795 -0.11657032531240713 0.062714693044622752 -0.58719421158234275 -0.61868059830232092 -0.62095433766191654 0.90857097887992855 -2.1330274059606156 -0.85595809984207161 -0.98000746578874964 -0.97461606638772147 -1.1412683732244706 -0.92618020335833229 -0.39536532803722052 0.64460469231009476 -1.2421158164516093 -1.8887187473987468 -1.0996086363077164 -1.0078985680573533 -0.55990821177089545 -1.8441116727172557 -0.78324892715974292 -0.18927135154008867 -0.038332539038224651 0.69870002326758007 -1.5736623613756213 0.19821554683503653 -0.93762729636532205
leaf_weight=141 24 22 25 30 27 36 27 41 30 23 23 33 29 33 26 33 20 29 96 20 22 27 37 21 20 29 28 174 39 24 21 33 24 31 29 22 59 23 21 32 29 42 39 188 20 44 26 22 35 79 66 24 127 73 76 131 49 21 22 60 20 46
leaf_count=141 24 22 25 30 27 36 27 41 30 23 23 33 29 33 26 33 20 29 96 20 22 27 37 21 20 29 28 174 39 24 21 33 24 31 29 22 59 23 21 32 29 42 39 188 20 44 26 22 35 79 66 24 127 73 76 131 49 21 22 60 20 46
internal_value=0.0172786 4.55413 7.18328 11.4376 8.86717 5.13614 6.47353 4.84637 -0.738221 1.21572 0.394763 1.50227 -0.619121 0.0822791 6.90861 0.471666 1.23602 -0.459831 -0.913715 2.42533 -1.16152 -0.919142 -1.46482 -1.47086 -1.0969 0.0636616 -1.18127 -0.796349 -0.861806 -1.27037 -1.18915 -0.795753 -0.647522 -0.542319 -1.73157 -0.499515 0.145431 -1.4173 -1.51315 -0.0922404 0.348596 -1.61873 -1.43613 -0.88827 -0.765823 -0.573058 -0.3016 -0.0814689 0.24323 -1.03978 -1.67532 -0.69621 -0.963655 -0.848006 -2.05177 -0.642032 -0.5629 -0.681289 0.297422 -1.36362 -0.822189 -0.595537
internal_weight=2723 388 257 82 57 175 130 94 2335 45 313 136 131 107 67 103 70 177 2022 40 647 365 66 282 309 56 289 1375 1125 267 78 984 52 265 186 250 111 215 192 76 88 171 129 719 401 213 103 77 57 318 90 45 279 200 97 234 201 152 44 89 110 66
internal_count=2723 388 257 82 57 175 130 94 2335 45 313 136 131 107 67 103 70 177 2022 40 647 365 66 282 309 56 289 1375 1125 267 78 984 52 265 186 250 111 215 192 76 88 171 129 719 401 213 103 77 57 318 90 45 279 200 97 234 201 152 44 89 110 66
is_linear=0
shrinkage=0.05


Tree=32
num_leaves=63
num_cat=0
split_feature=24 45 25 6 24 39 24 41 24 24 39 30 12 0 24 24 24 25 45 25 24 40 0 45 4 4 39 1 25 24 25 24 4 24 17 30 41 16 1 25 24 37 1 30 45 24 0 41 45 41 25 45 1 39 1 1 1 17 17 1 24 16
split_gain=3.38228e+06 1.9183e+06 544604 968647 642340 443469 645961 478985 295987 168220 114698 100989 167903 90897.8 124849 79681.8 56997.2 33207.4 20998.4 17255.5 27825.1 21800.8 14974.8 12431.6 11841.4 22298 9852.05 9756.69 9985.18 9619.52 10655.9 12103.2 8979.69 8537.77 7830.22 7041.63 9340.25 6726.13 6546.72 6399.07 9349.33 6152.43 6109.84 13122.2 8975.89 5653.82 5523.07 5645.86 4970.41 4000.09 3983.31 3896.58 3851.11 3722.19 3699.73 9832.42 3822.63 3278.99 8082.02 4748.93 3226.74 3151.88
threshold=153.63228156400177 9.5000000000000018 3.5000000000000004 1.0000000180025095e-35 183.09545435676037 3.5000000000000004 254.21771042107741 2.5000000000000004 567.31442426511899 119.19482068390326 2.5000000000000004 1.2500000000000002 0.60000000000000009 3.5000000000000004 131.8275901793161 129.87151197426428 138.93749470712774 3.5000000000000004 6.5000000000000009 3.5000000000000004 112.26696651971882 62.500000000000007 1.5000000000000002 9.5000000000000018 12.500000000000002 6.5000000000000009 4.5000000000000009 13.500000000000002 1.5000000000000002 115.90845704753961 1.5000000000000002 108.59332809086938 46.500000000000007 113.68035974423132 1.0655000000000003 2.7500000000000004 3.5000000000000004 19.150000000000002 29.500000000000004 5.5000000000000009 87.383591203453861 1.0000000180025095e-35 29.500000000000004 2.0000000000000004 1.5000000000000002 96.930783093053762 9.5000000000000018 7.5000000000000009 9.5000000000000018 5.5000000000000009 2.5000000000000004 1.5000000000000002 51.500000000000007 4.5000000000000009 12.500000000000002 22.500000000000004 40.500000000000007 4.5660000000000007 6.0985000000000005 37.500000000000007 112.5740137614679 25.250000000000004
decision_type=2 2 2 2 2 2 2 2 2 2 2 2 2 2 2 2 2 2 2 2 2 2 2 2 2 2 2 2 2 2 2 2 2 2 2 2 2 2 2 2 2 2 2 2 2 2 2 2 2 2 2 2 2 2 2 2 2 2 2 2 2 2
left_child=9 11 4 5 -3 7 -7 -4 -8 18 15 -2 -13 14 32 -11 17 27 29 23 21 22 -21 -20 25 -10 -14 -15 -29 30 60 39 37 41 38 54 -37 -12 -24 45 57 -25 43 -42 -45 -32 47 -36 -48 51 -47 -44 53 -35 -33 -56 -57 -41 -59 -60 -1 -52
right_child=1 2 3 -5 -6 6 8 -9 24 10 13 12 26 16 -16 -17 -18 -19 19 20 -22 -23 34 33 -26 -27 -28 28 -30 -31 31 35 -34 52 46 36 -38 -39 -40 40 42 -43 49 44 -46 50 48 -49 -50 -51 61 -53 -54 -55 55 56 -58 58 59 -61 -62 -63
leaf_value=-1.4942147221932045 -3.4506245157822968 5.7380452310121983 16.22151595433553 -3.2460538765236189 17.541256949106852 0.014568089723587037 13.013287785847982 5.7309838024775193 5.0511437728188255 0.10575087099075318 -1.1312804569303989 3.2621256565451624 -1.700935032765071 0.76720868853586055 3.8491890774102049 3.829844877653652 -2.891625854628427 -2.2127728902725945 -0.91244316799773117 0.18487615455280654 0.95867087818327412 0.54327467503755 -0.027974193382263188 -2.4334181763144103 4.9188834976427493 7.9572388106126049 -0.5624669448195434 0.17729573513178723 -0.9366179484791225 -0.38629237024289265 -1.446826729255694 -1.0171804494857788 0.65068691520855348 -1.3087319156461295 -1.3412490712790879 -0.56485510577326237 0.86073398776676346 0.090393031883239744 -1.2098752766070158 -1.1784849025367143 0.93026246589163064 -1.5858739198952778 -0.43289022599657384 0.11849347916516391 -1.0718418077499636 -1.1535269680257156 -1.1413157075026941 -0.49352336112658179 -2.092562738744224 -0.25354944564614978 -0.87273553104597357 -1.3138520183414222 -1.8046854209899903 -0.60683504491280293 0.34812468126416207 -0.90440779980100128 -0.33667494651624713 0.088385902146498371 -1.4039634724819301 -0.41470225269144234 -1.0060695136785509 -0.46760634661610445
leaf_weight=51 24 25 23 26 23 39 20 23 21 24 20 29 38 27 28 35 27 20 125 21 20 22 24 33 32 25 40 45 35 158 53 34 28 44 73 22 22 24 22 76 22 108 23 32 30 106 28 29 40 34 227 31 20 38 31 64 58 23 32 21 159 66
leaf_count=51 24 25 23 26 23 39 20 23 21 24 20 29 38 27 28 35 27 20 125 21 20 22 24 33 32 25 40 45 35 158 53 34 28 44 73 22 22 24 22 76 22 108 23 32 30 106 28 29 40 34 227 31 20 38 31 64 58 23 32 21 159 66
internal_value=0.0170161 4.33373 6.83577 5.68305 11.6364 6.96244 5.46535 11.2099 7.61243 -0.701825 0.375837 -0.589428 0.0782978 -0.0882557 1.07925 2.34205 -0.848481 -0.394875 -0.86875 -1.1047 -0.802833 -0.942039 -1.08164 -1.33075 6.08034 6.76635 -1.13168 -0.0376926 -0.315526 -0.756999 -0.804766 -0.73564 -0.0358513 -1.54129 -1.20508 -0.415136 0.151116 -0.477601 -0.607053 -0.830384 -0.656366 -1.80001 -0.400189 -0.0930679 -0.465267 -0.953387 -1.36238 -1.10741 -1.72316 -0.688953 -0.884377 -0.953411 -1.16959 -0.994753 -0.548493 -0.438379 -0.639474 -0.941708 -0.692636 -1.02702 -1.13116 -0.783396
internal_weight=2723 388 257 209 48 183 137 46 98 2335 313 131 107 254 100 59 154 127 2022 647 279 259 237 368 78 46 78 107 80 1375 1217 1007 72 243 216 231 44 44 46 776 324 141 172 84 62 452 170 102 68 88 399 54 102 82 187 153 122 152 76 53 210 293
internal_count=2723 388 257 209 48 183 137 46 98 2335 313 131 107 254 100 59 154 127 2022 647 279 259 237 368 78 46 78 107 80 1375 1217 1007 72 243 216 231 44 44 46 776 324 141 172 84 62 452 170 102 68 88 399 54 102 82 187 153 122 152 76 53 210 293
is_linear=0
shrinkage=0.05


Tree=33
num_leaves=63
num_cat=0
split_feature=24 45 2 17 1 39 17 17 24 39 34 16 40 2 40 24 17 3 25 45 12 25 24 45 40 3 40 40 24 9 24 25 39 16 24 25 1 24 25 25 25 40 3 24 39 25 45 16 17 17 1 17 17 25 24 17 45 24 2 1 40 9
split_gain=3.06476e+06 1.73867e+06 523600 592553 624684 319726 740284 446821 152083 103838 85556.3 82946.6 72258.2 54171.1 31652.8 55529.8 42569 30084.1 23418.9 19013.3 18559.4 16001.8 21831.5 12282.6 10795.8 10566.1 10299.3 9836.12 8969.06 9882.78 8815.52 10736.6 7800.04 7605.39 7478.54 7151.67 6819.93 6294.85 6126.76 6002.66 5737.92 5634.43 8629.05 5306.59 4683.24 4180.01 5366.79 5214.05 8685.85 7741.73 5202.82 8918.3 8615.56 5166.15 3761.88 2925.43 3233.2 2919.62 2811.74 5316.12 5450.04 2740.21
threshold=153.63228156400177 9.5000000000000018 5.5000000000000009 1.6570000000000003 46.500000000000007 4.5000000000000009 3.4860000000000002 3.6575000000000002 119.19482068390326 2.5000000000000004 1.0000000180025095e-35 14.050000000000002 53.500000000000007 3.5000000000000004 23.500000000000004 138.93749470712774 2.0425000000000004 1.5000000000000002 3.5000000000000004 6.5000000000000009 0.80000000000000016 2.5000000000000004 110.56608562691135 9.5000000000000018 34.500000000000007 2.5000000000000004 62.500000000000007 3.5000000000000004 99.726976993648577 3.5000000000000004 114.36300250208508 1.5000000000000002 4.5000000000000009 18.750000000000004 107.67156323079692 4.5000000000000009 13.500000000000002 113.68035974423132 1.5000000000000002 1.5000000000000002 2.5000000000000004 40.500000000000007 3.5000000000000004 122.49446830692244 4.5000000000000009 4.5000000000000009 1.5000000000000002 23.350000000000005 2.9260000000000006 4.644000000000001 20.500000000000004 6.0985000000000005 3.9030000000000005 6.5000000000000009 98.693023553281591 2.2020000000000004 4.5000000000000009 89.624660550458728 1.5000000000000002 9.5000000000000018 36.500000000000007 8.5000000000000018
decision_type=2 2 2 2 2 2 2 2 2 2 2 2 2 2 2 2 2 2 2 2 2 2 2 2 2 2 2 2 2 2 2 2 2 2 2 2 2 2 2 2 2 2 2 2 2 2 2 2 2 2 2 2 2 2 2 2 2 2 2 2 2 2
left_child=8 10 3 -3 5 6 -5 13 19 12 17 -11 -10 25 16 18 -13 -2 36 30 -19 23 26 -21 -24 -7 27 -23 58 -30 31 -1 -22 -31 45 -36 -16 -25 -32 43 61 42 -35 -38 -39 54 47 49 -49 53 51 52 -48 -47 -33 -52 -57 -58 -29 -60 -61 -40
right_child=1 2 -4 4 -6 7 -8 -9 9 11 -12 14 -14 -15 15 -17 -18 20 -20 21 32 22 24 37 -26 -27 -28 28 29 33 38 34 -34 41 35 -37 39 44 40 -41 -42 -43 -44 -45 -46 46 50 48 -50 -51 55 -53 -54 -55 -56 56 57 -59 59 60 -62 -63
leaf_value=-1.1899384610753665 0.28549264460802076 13.689597198963165 0.05041571386929216 1.3829584529876708 12.03842172923841 4.7958217350641892 13.228655516942343 -2.4249934768676762 0.88170021989406688 2.9269346860760739 2.1478047940135006 -0.69249075131070237 4.5137612048062419 3.2785537655213304 0.68405770669629185 -2.6137363082362763 1.9325357959539664 -2.7163990111704228 -1.5771632397174837 -0.86072191012735222 -1.6911794899128101 -0.048541993472887124 -0.82726347906248909 -1.8639266606313845 0.59226453247102528 7.0202953628257481 0.10072136583782379 -0.90199185132980342 -1.4203975034246641 -1.3245066288384524 -0.61081146981716161 -1.4135799860507252 -0.48578554137547808 -0.56640717898607251 -0.58344596252035597 0.21848706513643268 -0.2610626017758923 -1.5962033098301991 -0.09845308511153511 -0.66384945781607385 -0.57204678405414933 -0.91979555266244073 0.79147193328900767 0.75525129348039632 -0.83282693462954327 -0.60735765168772027 -0.65849772958194508 0.6487864588677883 -0.61315370772282285 0.027105705649764451 -1.4079838092186874 -1.2692046459197999 0.55107658326625819 -1.6439981781868707 -0.87113842258389507 -1.0075115535514696 -0.8505582524339359 -0.030725623085385279 -0.811479016283284 -1.3925438102015431 -2.2964832431077959 0.67801597551159232
leaf_weight=141 27 31 28 24 37 23 29 26 38 20 23 30 21 33 29 30 30 26 27 96 26 22 20 97 36 26 20 25 48 21 174 39 29 24 234 31 30 46 22 37 32 20 21 21 43 33 33 24 29 26 33 24 25 20 279 111 23 20 22 55 31 22
leaf_count=141 27 31 28 24 37 23 29 26 38 20 23 30 21 33 29 30 30 26 27 96 26 22 20 97 36 26 20 25 48 21 174 39 29 24 234 31 30 46 22 37 32 20 21 21 43 33 33 24 29 26 33 24 25 20 279 111 23 20 22 55 31 22
internal_value=0.0170109 4.1261 6.50813 7.29404 6.22893 4.82773 7.9896 3.21696 -0.667257 0.357413 -0.560887 -0.0841621 2.22823 5.0136 -0.352902 -0.693562 0.630105 -1.1522 -0.278224 -0.825973 -1.62912 -1.05049 -0.827535 -1.33511 0.0795834 6.09305 -0.991675 -1.06738 -1.15081 -0.85046 -0.719637 -0.779548 -1.07572 -0.519628 -0.719589 -0.489147 0.0323139 -1.57401 -0.447986 -0.187682 -0.0720467 -0.243386 0.0705914 0.1638 -1.24079 -0.803718 -0.692051 -0.425693 -0.0401843 -0.680528 -0.820676 -0.47941 -0.136541 -1.02184 -0.941903 -0.966949 -0.863935 -0.478719 -1.44478 -1.56095 -1.74109 0.29611
internal_weight=2723 388 257 229 198 161 53 108 2335 313 131 254 59 82 234 174 60 108 144 2022 81 647 365 282 56 49 309 289 267 134 1375 1125 55 86 984 265 117 186 250 88 76 65 45 51 89 719 401 132 53 79 269 82 58 53 318 187 154 43 133 108 86 44
internal_count=2723 388 257 229 198 161 53 108 2335 313 131 254 59 82 234 174 60 108 144 2022 81 647 365 282 56 49 309 289 267 134 1375 1125 55 86 984 265 117 186 250 88 76 65 45 51 89 719 401 132 53 79 269 82 58 53 318 187 154 43 133 108 86 44
is_linear=0
shrinkage=0.05


Tree=34
num_leaves=63
num_cat=0
split_feature=24 30 25 6 16 0 1 18 24 3 2 1 16 16 39 25 43 24 30 25 24 24 25 32 25 30 22 30 38 38 25 25 24 1 16 24 38 39 39 4 30 41 16 16 39 24 0 25 30 1 40 24 24 24 39 40 16 42 4 38 24 25
split_gain=2.79062e+06 778846 686857 522858 296638 437468 623869 322151 263451 154665 349062 261145 107580 113607 80456.2 76345.9 57676.6 52306.8 19109.6 16243.2 17103.4 14034.8 9492.43 9310.79 8849.68 8706.88 8402.84 9346.42 6848.25 6837.87 14564.4 6810.49 12530.1 9486.13 15790.1 6647.22 5158.33 5107.4 5024.45 6054.83 8078.28 4718.05 5487.09 5882.47 8656.77 6995.97 4868.52 12926.8 6294.14 5805.84 4610.01 4503.1 6776.23 4402.04 4289.54 3910.36 3653.74 3366.07 3085.5 2959.42 2952.84 3905.83
threshold=168.72325618571034 1.2500000000000002 2.5000000000000004 1.0000000180025095e-35 24.850000000000005 2.5000000000000004 28.500000000000004 1.0000000180025095e-35 131.8275901793161 7.5000000000000009 3.5000000000000004 27.500000000000004 19.650000000000002 16.150000000000002 3.5000000000000004 4.5000000000000009 1.0000000180025095e-35 117.59936613844872 1.2500000000000002 1.5000000000000002 107.07614373088687 112.47780164025578 2.5000000000000004 1.0000000180025095e-35 2.5000000000000004 1.2500000000000002 0.020450000000000003 2.0000000000000004 10.500000000000002 8.5000000000000018 3.5000000000000004 7.5000000000000009 82.876667226502647 21.500000000000004 21.750000000000004 112.14027522935781 10.500000000000002 3.5000000000000004 3.5000000000000004 10.500000000000002 2.0000000000000004 1.5000000000000002 30.550000000000004 25.950000000000003 4.5000000000000009 120.19032398793868 2.5000000000000004 2.5000000000000004 1.2500000000000002 34.500000000000007 10.500000000000002 102.58327401955843 103.82027464126089 115.61300250208508 2.5000000000000004 35.500000000000007 13.65 9.5000000000000018 7.5000000000000009 8.5000000000000018 103.60053325688075 4.5000000000000009
decision_type=2 2 2 2 2 2 2 2 2 2 2 2 2 2 2 2 2 2 2 2 2 2 2 2 2 2 2 2 2 2 2 2 2 2 2 2 2 2 2 2 2 2 2 2 2 2 2 2 2 2 2 2 2 2 2 2 2 2 2 2 2 2
left_child=8 2 -2 4 5 12 -7 -6 17 10 16 -12 13 -4 -11 -3 -10 19 -16 21 24 59 25 41 -21 37 27 31 -23 30 -24 36 55 -34 -35 -27 -26 -22 -31 40 -40 42 43 44 45 -19 49 48 -48 -43 -41 -38 -53 -30 57 -33 -56 -29 -46 -1 61 -58
right_child=1 15 3 -5 7 6 -8 -9 9 14 11 -13 -14 -15 18 -17 -18 23 -20 20 22 28 29 -25 26 35 -28 54 53 38 -32 32 33 34 -36 -37 51 -39 39 50 -42 46 -44 -45 58 -47 47 -49 -50 -51 -52 52 -54 -55 56 -57 60 -59 -60 -61 -62 -63
leaf_value=-2.1742268056135914 12.696563404452416 2.2208224771333778 5.3277504022497881 -2.0632875181619941 11.532490632798938 -5.025203409836843 5.9288083487290608 3.9145022385853991 -2.5845411218915668 1.8619951961154031 1.529291005049433 8.3768370106220242 3.1184550998521892 9.9049433476584312 -3.0086818601971586 -1.2390684918944654 0.83587408447265621 -0.060371693457875936 -0.79408011981419158 -1.3459885315785465 -1.5961821155995131 -1.3860234941073828 -0.65858399849671578 0.87981782913208006 -1.5145110083571296 -0.71960795920204246 0.14954901381679206 -0.36945257448014762 -0.95926559605381712 -0.80989353813230991 0.94707044386094619 -0.89241777839660641 0.49059558038711554 -0.032004251253037228 -1.590128793363218 -0.087018567141199474 -1.1710713312888552 -0.81269766554429934 -1.2136619122592467 0.70687046571211376 -0.11402055312034697 0.60803035830026086 0.76097746270043509 -0.78248846208819978 -0.77589423791221945 1.228613042885607 -0.80735334732767317 -1.6536222769997337 0.091762096770107757 -0.52820335848764943 -0.19480729284882548 0.12535604073887779 -1.0737697913604123 -0.50972720988961162 -1.2291750995137476 -1.6438218498229984 -0.89147451897030305 -1.1206390300657176 -0.044328242495656013 -1.425258210817973 -0.23406078770047142 -0.48776259232988012
leaf_weight=25 30 22 37 25 35 25 25 25 20 20 27 29 22 27 20 51 29 20 20 86 31 69 25 21 81 107 22 20 175 55 30 49 24 41 26 68 117 76 27 21 42 22 20 25 22 21 32 21 47 21 39 20 27 85 21 32 91 78 39 59 62 192
leaf_count=25 30 22 37 25 35 25 25 25 20 20 27 29 22 27 20 51 29 20 20 86 31 69 25 21 81 107 22 20 175 55 30 49 24 41 26 68 117 76 27 21 42 22 20 25 22 21 32 21 47 21 39 20 27 85 21 32 91 78 39 59 62 192
internal_value=0.016728 4.36484 5.68225 4.67715 5.54303 4.19723 0.460563 8.47462 -0.572084 1.35042 2.49935 5.16018 6.3394 7.38151 -0.668133 -0.180374 -0.583883 -0.71462 -1.94788 -0.811875 -0.734804 -1.09119 -0.501249 -0.112576 -0.857203 -0.6975 -0.809209 -0.833299 -0.938482 -0.267727 0.218411 -1.00648 -0.756588 -0.347965 -0.651216 -0.475721 -1.17811 -1.05241 -0.413463 -0.239474 -0.555577 -0.187233 0.0119176 -0.111029 0.059495 0.613254 -0.39065 -0.580374 -0.277913 0.0536187 0.127112 -1.00375 -0.571418 -0.814836 -0.675818 -1.20576 -0.593887 -0.972667 -0.316511 -1.67118 -0.551762 -0.620278
internal_weight=2723 324 251 221 196 136 50 60 2399 165 105 56 86 64 60 73 49 2234 40 1923 1510 413 521 311 989 282 903 881 329 239 55 417 172 91 67 175 245 107 184 129 69 290 147 127 102 41 143 100 79 43 60 164 47 260 464 81 366 98 61 84 345 283
internal_count=2723 324 251 221 196 136 50 60 2399 165 105 56 86 64 60 73 49 2234 40 1923 1510 413 521 311 989 282 903 881 329 239 55 417 172 91 67 175 245 107 184 129 69 290 147 127 102 41 143 100 79 43 60 164 47 260 464 81 366 98 61 84 345 283
is_linear=0
shrinkage=0.05


Tree=35
num_leaves=63
num_cat=0
split_feature=38 25 38 25 38 9 37 39 25 16 38 38 16 0 40 40 0 1 17 9 25 4 16 28 2 3 16 4 40 40 25 28 30 25 1 16 9 28 4 32 25 39 1 39 28 16 40 1 17 16 30 4 40 9 9 17 1 40 28 1 3 25
split_gain=815376 629765 433597 351163 323322 277488 191843 331512 547299 207282 204072 301617 182653 176844 170637 319312 154221 168348 139018 113057 108102 121381 101412 93208.2 79544.2 65567.6 63849.4 53053.7 44591 42681.4 19915.4 42210.1 16014.6 11749.8 10357.5 10421.1 8259.29 7103.36 18783.5 5842.22 4833.32 4321.87 4555.65 3921.49 6230.54 6154.55 5342.22 3969.8 3739.53 5196.67 5779.66 3992.93 4608.79 3700.84 3545.73 7111.77 7723.71 6325.16 4980.64 4973.29 3962.5 4939.56
threshold=10.500000000000002 32.000000000000007 11.500000000000002 6.5000000000000009 1.5000000000000002 1.0000000180025095e-35 1.0000000180025095e-35 2.5000000000000004 3.5000000000000004 31.450000000000003 3.5000000000000004 8.5000000000000018 27.150000000000002 3.5000000000000004 15.500000000000002 79.500000000000014 3.5000000000000004 32.500000000000007 2.4265000000000003 6.5000000000000009 5.5000000000000009 6.5000000000000009 18.650000000000002 12.500000000000002 2.5000000000000004 3.5000000000000004 26.450000000000003 47.500000000000007 45.500000000000007 36.500000000000007 2.5000000000000004 3.5000000000000004 1.2500000000000002 32.000000000000007 5.5000000000000009 28.950000000000003 7.5000000000000009 2.5000000000000004 2.5000000000000004 1.0000000180025095e-35 1.5000000000000002 1.5000000000000002 55.500000000000007 4.5000000000000009 7.5000000000000009 20.350000000000005 36.500000000000007 32.500000000000007 7.2025000000000015 15.050000000000002 2.7500000000000004 5.5000000000000009 26.500000000000004 2.5000000000000004 4.5000000000000009 4.9890000000000017 34.500000000000007 10.500000000000002 55.500000000000007 39.500000000000007 1.5000000000000002 3.5000000000000004
decision_type=2 2 2 2 2 2 2 2 2 2 2 2 2 2 2 2 2 2 2 2 2 2 2 2 2 2 2 2 2 2 2 2 2 2 2 2 2 2 2 2 2 2 2 2 2 2 2 2 2 2 2 2 2 2 2 2 2 2 2 2 2 2
left_child=1 4 32 24 30 26 13 8 -8 10 16 25 23 -7 18 -16 17 22 -3 -15 21 -18 -9 -13 -4 -12 -6 -21 -26 -23 -1 -32 34 37 -2 40 -33 38 -34 41 -36 53 48 44 -42 47 -46 -45 49 50 -43 -50 -53 -39 60 57 -57 59 -59 -56 61 -51
right_child=2 14 3 -5 5 6 7 9 -10 -11 11 12 -14 19 15 -17 20 -19 -20 27 -22 29 -24 -25 28 -27 -28 -29 -30 -31 31 36 33 -35 35 -37 -38 39 -40 -41 43 42 -44 45 46 -47 -48 -49 51 54 -52 52 -54 -55 55 56 -58 58 -60 -61 -62 -63
leaf_value=-0.81545247254219455 -1.8477099471583089 4.6878615713119514 3.1332163114383307 8.080138620915621 -0.47842012725378336 2.7384401309043174 1.0959244381934405 6.425649813016256 9.6773113547431109 5.6363294999940061 3.8951000529243838 1.1595226091856048 4.2858858023519106 -3.5840817096016622 -1.887650320416405 6.4408840113419759 3.0380208969658078 -0.65579159027651734 10.20350175857544 -1.0660857341246945 -3.7059156070906543 -2.6374309764703119 1.4785534716689068 -3.5128734613548631 -1.3630057645805422 8.2806563772474018 -3.7271033830826101 2.1130019492194765 1.5805761811949992 0.028590022210151916 -3.9971594358574265 -1.9134664243200552 0.89331842132485828 -1.8160709129061019 -0.63695827100622027 -0.03930658129043877 -0.50838626520200214 -0.40759492975824019 -0.51722421967083554 0.12902180298514987 -0.3085921717517906 -1.1291415278555512 -1.0908927262046122 -0.56141587242484092 -0.62915827244520184 -1.6923395515700521 -1.5531608467488678 -1.3028857762434267 -0.33853845122067827 -0.58549600064754481 -0.22899006156921389 -0.52994746622831934 -1.4668704910874368 -1.006814447792004 0.21022727517978007 -0.37492680996072059 0.65862478511674061 -0.68376712166853248 0.0021864484151204425 -0.71861624751772202 -0.58000878866476935 -1.6392302137872445
leaf_weight=46 33 31 28 22 37 39 39 20 35 27 20 20 22 32 20 25 21 37 21 34 28 29 22 21 30 20 25 20 21 30 21 22 25 20 75 31 21 33 264 22 35 76 54 35 31 58 36 43 22 25 24 22 39 160 45 50 27 299 29 20 182 22
leaf_count=46 33 31 28 22 37 39 39 20 35 27 20 20 22 32 20 25 21 37 21 34 28 29 22 21 30 20 25 20 21 30 21 22 25 20 75 31 21 33 264 22 35 76 54 35 31 58 36 43 22 25 24 22 39 160 45 50 27 299 29 20 182 22
internal_value=0.0163966 1.37484 -0.534273 2.63952 0.839339 1.31223 1.69222 2.23611 5.22967 1.52303 1.122 2.89753 0.713158 -0.0132702 5.12567 2.77864 0.133796 1.80032 7.06592 -1.27833 -1.09052 -0.140619 3.92908 -1.2602 1.04228 6.23649 -1.82682 0.128273 -0.14376 -1.30386 -1.63489 -2.20218 -0.710115 -0.634198 -1.00165 -0.915353 -1.25453 -0.61653 -0.392528 -0.67238 -1.0017 -0.688102 -0.642038 -1.11347 -0.861353 -1.29486 -1.14125 -0.981556 -0.613347 -0.57865 -0.917561 -0.936429 -1.14304 -0.907012 -0.528917 -0.448322 -0.00865094 -0.534213 -0.623281 -0.0820528 -0.691638 -1.10271
internal_weight=2723 785 1938 101 688 578 516 391 74 317 290 103 63 125 97 45 187 79 52 86 108 80 42 41 79 40 62 54 51 59 110 64 1837 1460 377 344 43 1440 289 1151 313 1129 936 238 102 136 67 78 882 799 100 83 61 193 699 470 77 393 328 65 229 47
internal_count=2723 785 1938 101 688 578 516 391 74 317 290 103 63 125 97 45 187 79 52 86 108 80 42 41 79 40 62 54 51 59 110 64 1837 1460 377 344 43 1440 289 1151 313 1129 936 238 102 136 67 78 882 799 100 83 61 193 699 470 77 393 328 65 229 47
is_linear=0
shrinkage=0.05


Tree=36
num_leaves=63
num_cat=0
split_feature=24 45 38 6 17 0 25 17 16 30 28 24 28 0 16 45 25 28 28 45 25 24 2 45 36 24 28 39 17 16 2 38 24 0 32 12 25 45 45 12 25 24 24 30 41 4 28 24 16 28 45 16 17 4 39 25 16 25 25 28 28 17
split_gain=2.39615e+06 1.58312e+06 592755 596063 348911 290935 624809 283854 292779 130970 125772 79820.9 73871.7 71322.6 64312.8 51873.8 36202.4 31694.8 23086.8 18603.2 13696.4 19110.6 27063.4 11761.5 10278.4 10596.1 8714.69 7700.28 7267.61 7264.25 7071.57 6990.07 6893.47 5859.13 5687.29 5510.92 7253.45 12090.4 6461.57 4545.97 3987.78 9110.95 5459.49 4522.96 9609.31 3761.45 3375.98 4694.82 3263.99 3234.71 2816.38 5448.28 6328.48 5806.34 6028.08 4701.52 2763.37 2706.05 2502.48 2384.12 2737.49 2630.31
threshold=145.43499860995277 9.5000000000000018 3.5000000000000004 1.0000000180025095e-35 5.9020000000000001 2.5000000000000004 4.5000000000000009 1.6570000000000003 27.450000000000003 1.2500000000000002 2.5000000000000004 117.72843587605057 8.5000000000000018 14.500000000000002 13.65 2.5000000000000004 4.5000000000000009 21.500000000000004 53.500000000000007 6.5000000000000009 3.5000000000000004 99.715182961992156 5.5000000000000009 9.5000000000000018 1.0000000180025095e-35 127.972093411176 8.5000000000000018 3.5000000000000004 2.7690000000000006 21.650000000000002 1.5000000000000002 1.0000000180025095e-35 124.40845704753961 9.5000000000000018 1.0000000180025095e-35 0.95000000000000007 2.5000000000000004 9.5000000000000018 5.5000000000000009 0.95000000000000007 1.5000000000000002 107.67156323079692 115.1959834584376 2.7500000000000004 2.5000000000000004 12.500000000000002 1.0000000180025095e-35 99.503073394495416 20.450000000000003 22.500000000000004 1.5000000000000002 23.450000000000003 4.8410000000000002 11.500000000000002 4.5000000000000009 6.5000000000000009 22.750000000000004 4.5000000000000009 5.5000000000000009 19.500000000000004 14.500000000000002 3.1350000000000002
decision_type=2 2 2 2 2 2 2 2 2 2 2 2 2 2 2 2 2 2 2 2 2 2 2 2 2 2 2 2 2 2 2 2 2 2 2 2 2 2 2 2 2 2 2 2 2 2 2 2 2 2 2 2 2 2 2 2 2 2 2 2 2 2
left_child=11 9 3 4 5 12 -7 -4 -9 -2 -11 19 -3 14 -13 39 24 -14 -19 34 23 30 26 -21 25 35 29 -28 -29 -23 -22 -25 -26 48 40 38 37 -37 -16 -12 42 46 -1 57 -45 -33 47 -42 -32 -47 51 52 55 -53 -55 58 -27 59 -48 60 -43 -61
right_child=1 2 7 -5 -6 6 -8 8 -10 10 15 13 17 -15 16 -17 -18 18 -20 20 21 22 -24 31 32 56 27 28 -30 -31 33 45 -34 -35 -36 36 -38 -39 -40 -41 41 43 -44 44 -46 49 50 -49 -50 -51 -52 53 -54 54 -56 -57 -58 -59 -60 61 -62 -63
leaf_value=-1.0068248158062205 -3.5020659016817812 3.1988965792126129 14.20672544165091 -3.9225207962308617 10.989825002496893 6.6232607561349868 -4.6739108703613281 3.778845353371957 10.523857196262904 3.3404138260086378 -2.0755487875223162 2.3276937078714375 8.458836674463182 2.8843520528361917 -0.057102286254366245 0.92231264944329405 -1.7994455375936298 4.1858031280224139 6.7519664490222944 -0.7739102924546275 -0.37447603945221219 0.67705772013891308 1.3696894752340658 -0.76439859989285475 -0.23109921382023738 0.30668119453248527 -1.55567659505776 0.12512817173004151 -1.0658428552415635 -0.63808524926503507 -0.67718632576669135 -1.8054814093766443 -1.4714273030417306 -1.8171424754669794 0.0058447651477421033 0.19944389566585616 0.83395586590766912 -1.0478384388782656 -0.96894037522588461 -1.1382344009600034 0.27930467247962953 -0.50554093720675108 -0.53095344713418802 -0.79984986543655401 0.52653786576456496 -1.47237663816322 -0.89780627068809504 -0.69903134171168002 -1.3645805737778947 -0.78238534910338264 -0.82167271709075207 -0.8425760009765626 -0.21389317556869153 -0.44674165718555453 0.66295812892417105 -1.6295051624945232 1.1495184356825694 0.00025546959468296593 -0.26122310990378972 -1.1780441971178408 0.11177258986802328 -0.45824700495292403
leaf_weight=169 31 26 21 20 21 23 24 33 34 23 24 24 20 20 44 32 35 25 27 118 27 20 20 39 25 20 27 24 26 20 40 82 20 37 33 76 24 25 34 40 20 150 100 21 35 76 87 29 36 27 415 24 42 24 23 20 20 27 20 26 20 28
leaf_count=169 31 26 21 20 21 23 24 33 34 23 24 24 20 20 44 32 35 25 27 118 27 20 20 39 25 20 27 24 26 20 40 82 20 37 33 76 24 25 34 40 20 150 100 21 35 76 87 29 36 27 415 24 42 24 23 20 20 27 20 26 20 28
internal_value=0.0162055 3.46536 5.71927 4.08246 5.06466 4.1371 0.877198 9.09409 7.30619 -0.662359 0.100374 -0.621143 5.67583 0.0547014 -0.116196 -0.702268 -0.304425 6.51413 5.62058 -0.74949 -0.976231 -0.710189 -0.287113 -1.189 -0.117123 0.0125408 -0.579577 -0.887288 -0.502834 0.0198396 -1.11919 -1.40323 -0.802469 -1.29224 -0.64193 -0.134903 0.0711292 -0.116486 -0.461867 -1.51633 -0.658626 -0.611564 -0.832561 -0.382208 0.0237485 -1.53304 -0.710891 -0.302011 -1.01635 -1.30082 -0.740964 -0.598554 -0.752498 -0.226694 0.098697 -0.927518 0.74598 -0.472534 -0.782386 -0.529293 -0.432658 -0.820025
internal_weight=2723 424 274 186 166 145 47 88 67 150 119 2299 98 367 347 96 323 72 52 1932 619 277 137 342 288 243 117 77 50 40 140 224 45 113 1313 203 125 101 78 64 1280 1011 269 307 56 185 704 49 76 103 655 240 169 71 47 127 40 251 107 224 170 54
internal_count=2723 424 274 186 166 145 47 88 67 150 119 2299 98 367 347 96 323 72 52 1932 619 277 137 342 288 243 117 77 50 40 140 224 45 113 1313 203 125 101 78 64 1280 1011 269 307 56 185 704 49 76 103 655 240 169 71 47 127 40 251 107 224 170 54
is_linear=0
shrinkage=0.05


Tree=37
num_leaves=63
num_cat=0
split_feature=24 45 25 38 28 0 1 17 24 3 1 25 4 34 39 24 28 25 12 30 38 45 24 25 0 38 32 37 24 24 4 25 1 4 28 0 1 24 16 30 30 38 1 16 0 16 17 41 17 39 12 4 45 9 24 1 9 25 17 16 41 4
split_gain=2.18082e+06 1.13934e+06 712592 464524 662358 467187 245939 869523 206105 130274 139811 296605 80345 67478.3 66272.5 39149.6 22006.4 19608.5 19382.5 16146.3 15854.1 11919.1 11339.4 9219.74 13415.2 11038.5 8299.03 7165.42 13203.3 7346.97 8554.83 6874.36 7345.38 5858.42 5835.93 6488.29 5734.93 8766.9 6482.89 6366.61 5698.91 5368.77 5162.71 5101.04 6160.36 4725.63 6072.76 4585.41 5134.77 4073.16 4046.89 3920.2 6658.16 3687.47 3653.49 3307.17 3823.67 6008.81 3468.89 3212.41 7869.08 3879.74
threshold=168.72325618571034 9.5000000000000018 3.5000000000000004 6.5000000000000009 10.500000000000002 6.5000000000000009 42.500000000000007 2.5095000000000005 131.8275901793161 7.5000000000000009 23.500000000000004 4.5000000000000009 47.500000000000007 1.0000000180025095e-35 3.5000000000000004 115.90845704753961 42.500000000000007 1.5000000000000002 0.95000000000000007 1.2500000000000002 11.500000000000002 9.5000000000000018 107.07614373088687 3.5000000000000004 15.500000000000002 10.500000000000002 1.0000000180025095e-35 1.0000000180025095e-35 129.87151197426428 121.60040807816038 12.500000000000002 2.5000000000000004 22.500000000000004 11.500000000000002 7.5000000000000009 4.5000000000000009 20.500000000000004 99.960799694189618 18.850000000000005 2.0000000000000004 2.0000000000000004 10.500000000000002 26.500000000000004 24.050000000000004 6.5000000000000009 29.850000000000005 5.8445000000000009 1.5000000000000002 6.3810000000000011 4.5000000000000009 0.95000000000000007 46.500000000000007 1.5000000000000002 8.5000000000000018 112.47780164025578 47.500000000000007 15.500000000000002 1.5000000000000002 2.0010000000000008 20.450000000000003 7.5000000000000009 8.5000000000000018
decision_type=2 2 2 2 2 2 2 2 2 2 2 2 2 2 2 2 2 2 2 2 2 2 2 2 2 2 2 2 2 2 2 2 2 2 2 2 2 2 2 2 2 2 2 2 2 2 2 2 2 2 2 2 2 2 2 2 2 2 2 2 2 2
left_child=8 13 -3 5 -5 6 7 12 15 10 -10 -12 16 18 -11 17 -4 21 -2 -16 22 54 23 25 36 50 27 -17 29 45 42 41 33 -33 35 -34 37 38 -25 59 -39 -24 -31 44 -36 46 55 -40 53 -20 -19 -41 -53 -49 -1 56 57 -29 -59 60 61 -38
right_child=1 2 3 4 -6 -7 -8 -9 9 14 11 -13 -14 -15 19 26 -18 20 49 -21 -22 -23 31 24 -26 -27 -28 28 -30 30 -32 32 34 -35 43 -37 39 40 47 51 -42 -43 -44 -45 -46 -47 -48 48 -50 -51 -52 52 -54 -55 -56 -57 -58 58 -60 -61 -62 -63
leaf_value=-1.2779047032060296 -2.5259953669844006 12.346884918757848 3.638372321897938 14.696907509167989 2.2443670954590753 -2.3236732858227147 8.6346823797554801 -5.0248916301131255 -0.079852161640074207 1.6415549866358441 0.93670692548519219 7.8242985228391806 8.7188482702346075 1.7069522748958499 -2.7924171400070197 0.6358737738927206 6.030268997748693 -2.2543593234107608 -1.3546630300794329 -0.75454089743040864 -1.6563017903535795 -1.6545392097009195 -1.0864152493407118 -1.1540410370522358 0.53665061386922985 -0.83051612087955273 0.62297977165452068 -0.32268118040128191 -1.5350424270402818 0.26741026901063469 0.65095493132417859 0.56479737622793325 0.66540734773590449 -0.27658162611722947 -1.480436003711717 -0.48860665420006061 -0.70447580342375948 0.59121413654751243 -0.85361478473355135 -0.73180037316371094 -0.34894358064234254 -0.48535989828930781 -0.79071727376717782 -0.14163232285400917 -0.39916151744348038 0.19331170473028633 -0.98956289521285479 0.61012566826560288 -0.7586511888106664 -0.38702674501217332 -1.1762195349236328 0.17317142485827208 -0.71119356925720756 -0.30642460671338173 -0.80480764718871045 -0.67878207840491089 -0.64703199912980203 0.85833118166242317 -0.038222135979196298 -1.1361281575775146 -0.16775150329992178 -1.4648339876984107
leaf_weight=57 28 34 30 23 20 30 28 23 40 20 40 25 20 20 20 20 23 20 20 20 38 73 46 46 23 207 27 87 20 20 43 42 20 39 28 28 42 26 40 157 39 202 25 28 26 33 41 21 23 25 23 39 45 21 192 51 39 20 22 124 39 32
leaf_count=57 28 34 30 23 20 30 28 23 40 20 40 25 20 20 20 20 23 20 20 20 38 73 46 46 23 207 27 87 20 20 43 42 20 39 28 28 42 26 40 157 39 202 25 28 26 33 41 21 23 25 23 39 45 21 192 51 39 20 22 124 39 32
internal_value=0.0161314 3.85993 5.7345 4.53666 9.08778 3.21543 4.56344 3.29917 -0.504387 1.19605 2.25059 3.66427 5.95435 -0.807697 -0.655958 -0.63046 4.76891 -0.735264 -1.51047 -1.81686 -0.656668 -1.08945 -0.628885 -0.726254 -0.633259 -0.989355 -0.211931 -0.266838 -0.313343 -0.245348 0.153921 -0.422609 -0.211322 0.161195 -0.442927 -0.00389875 -0.672755 -0.455158 -0.662989 -0.769918 0.0303036 -0.600781 -0.32474 -0.696715 -0.976636 -0.365398 -0.4368 -0.438957 -0.174639 -0.837296 -1.71763 -0.584349 -0.30333 0.155266 -0.917805 -0.329264 -0.219742 -0.0865392 0.398624 -0.955349 -0.748702 -1.04849
internal_weight=2723 324 231 197 43 154 124 96 2399 165 105 65 73 93 60 2234 53 1786 73 40 1464 322 1426 967 717 250 448 421 401 381 88 459 211 81 130 48 694 216 151 478 65 248 45 82 54 293 260 105 65 45 43 241 84 42 249 219 168 129 42 237 113 74
internal_count=2723 324 231 197 43 154 124 96 2399 165 105 65 73 93 60 2234 53 1786 73 40 1464 322 1426 967 717 250 448 421 401 381 88 459 211 81 130 48 694 216 151 478 65 248 45 82 54 293 260 105 65 45 43 241 84 42 249 219 168 129 42 237 113 74
is_linear=0
shrinkage=0.05


Tree=38
num_leaves=63
num_cat=0
split_feature=24 45 25 38 0 17 25 24 9 17 38 45 40 39 24 30 40 45 30 25 24 2 37 2 39 40 25 25 45 2 9 40 38 9 45 32 0 40 24 42 4 25 24 30 17 17 24 17 40 17 17 38 9 2 2 25 45 42 9 24 24 40
split_gain=1.97636e+06 974467 774816 470335 410944 199572 557235 199386 150855 187089 138207 186721 139059 74511.3 35470.3 30013.7 42973.7 15396.2 12111.2 11945 16566.1 24027 10853.7 7767.63 10616.2 7315.68 25562 16685 14253.1 7111.75 13090.4 19062.3 9440.54 6922.93 6250.75 4992.93 4781.58 4574.66 4499.39 4359.62 3847.66 3686.15 7522.99 4385.61 4519.48 4510.72 4154.18 3608.73 3369.13 4016.46 6384.79 3003.28 2957.43 2847.94 2397.95 2333.19 6867.02 5529.29 4049.63 4597.17 3817.31 3139.14
threshold=173.13114373088686 9.5000000000000018 2.5000000000000004 7.5000000000000009 6.5000000000000009 2.4185000000000003 11.500000000000002 131.8275901793161 15.500000000000002 2.4385000000000008 8.5000000000000018 9.5000000000000018 22.500000000000004 3.5000000000000004 117.42663886572144 2.0000000000000004 36.500000000000007 6.5000000000000009 2.0000000000000004 3.5000000000000004 99.715182961992156 5.5000000000000009 1.0000000180025095e-35 5.5000000000000009 5.5000000000000009 32.500000000000007 2.5000000000000004 2.5000000000000004 9.5000000000000018 1.5000000000000002 12.500000000000002 22.500000000000004 4.5000000000000009 1.5000000000000002 9.5000000000000018 1.0000000180025095e-35 10.500000000000002 43.500000000000007 86.224607798165138 10.500000000000002 12.500000000000002 1.5000000000000002 112.29522588268003 2.0000000000000004 5.4265000000000008 2.8345000000000007 112.97663886572143 1.7630000000000001 10.500000000000002 2.5095000000000005 3.5935000000000001 8.5000000000000018 8.5000000000000018 2.5000000000000004 5.5000000000000009 4.5000000000000009 1.5000000000000002 6.5000000000000009 17.500000000000004 102.27334556574924 98.073109184393601 39.500000000000007
decision_type=2 2 2 2 2 2 2 2 2 2 2 2 2 2 2 2 2 2 2 2 2 2 2 2 2 2 2 2 2 2 2 2 2 2 2 2 2 2 2 2 2 2 2 2 2 2 2 2 2 2 2 2 2 2 2 2 2 2 2 2 2 2
left_child=7 13 -3 4 5 -4 -7 14 9 -8 12 15 -9 -2 17 -12 -17 35 -15 22 33 29 -19 25 -25 26 34 28 -27 -22 31 -31 -33 -21 52 41 51 38 -35 40 -38 46 48 -44 45 47 -1 -45 49 -43 -51 -24 -16 -52 -53 60 58 -58 59 61 -50 -57
right_child=1 2 3 -5 -6 6 8 10 -10 -11 11 -13 -14 18 23 16 -18 19 -20 20 21 -23 36 24 -26 27 -28 -29 -30 30 -32 32 -34 37 -36 -37 39 -39 -40 -41 -42 42 43 44 -46 -47 -48 -49 55 50 53 54 -54 -55 -56 56 57 -59 -60 -61 -62 -63
leaf_value=-1.095029613024568 1.8799176549911498 13.81840834121704 8.802059050020965 9.2977698142379523 -1.4824065058940168 -2.7120570463604401 4.6740355597734453 5.4588830413383747 1.766725989523388 10.786548174903507 -2.3915133467989587 3.7022022859866803 0.90218575614690788 -2.3845039703448618 -0.10547790253327954 -1.6251468648910521 1.2863196644288573 -1.865419100435769 -0.95657973510787841 -0.38577315278564184 -1.1098726996448305 1.3136278218314761 -1.0394229259595766 1.1906029670715332 -0.2722945855140686 0.11314114701304888 -1.5985358713768625 0.94724516662391456 -1.112757212638855 -1.0920149389180269 -1.3410080776895796 1.439779665036635 -0.058147293953668501 -0.42640230952589597 -0.68743610563101587 0.03312380841284087 -1.3515049115391005 -1.7301452039696532 -1.2637084402235188 -1.5523006794008161 -0.39971683793067936 -0.72689436759865078 -0.7935795107212934 0.33898023395538335 -0.56221274669353771 0.82083784830002549 -0.63802686629143179 -0.55030314218430287 -1.3208365884533635 0.55945047985423701 -0.052351977129777273 -0.75637708176926877 0.55169173026626761 -0.64466147522537076 -0.16954436257481575 -0.83404646709561348 -0.10755123780054206 -0.81061525826526781 0.30172789417207246 0.25201853708787397 -0.6873666741728659 -0.16949539717166656
leaf_weight=72 21 24 22 39 36 26 39 29 20 20 30 25 39 23 35 29 21 40 46 34 35 20 90 24 24 73 36 36 34 21 20 21 20 26 26 32 20 32 48 58 24 56 21 24 25 20 187 20 26 21 35 81 32 48 23 45 33 196 26 21 363 30
leaf_count=72 21 24 22 39 36 26 39 29 20 20 30 25 39 23 35 29 21 40 46 34 35 20 90 24 24 73 36 36 34 21 20 21 20 26 26 32 20 32 48 58 24 56 21 24 25 20 187 20 26 21 35 81 32 48 23 45 33 196 26 21 363 30
internal_value=0.0159142 3.72714 5.47286 4.4181 3.20096 4.52978 3.56 -0.472654 5.63238 6.8914 1.15818 0.0156601 2.89651 -0.668452 -0.599409 -1.16781 -0.400988 -0.680839 -1.45989 -0.888134 -0.640853 -0.247143 -1.08947 -0.111733 0.468423 -0.215472 -0.486946 0.0310695 -0.283047 -0.522855 -0.261885 0.1019 0.724978 -1.02161 -0.0441718 -0.582556 -0.978669 -1.21999 -0.979194 -1.26185 -0.852878 -0.598099 -0.553601 -0.161446 -0.00507552 0.217781 -0.768812 -0.0683747 -0.601293 -0.388839 -0.201573 -0.824049 0.211818 -0.398549 -0.629495 -0.646635 -0.549098 -0.71023 -0.243288 -0.392537 -0.732998 -0.57402
internal_weight=2723 316 226 202 163 127 105 2407 79 59 173 105 68 90 2234 80 50 1914 69 613 277 137 336 320 48 272 129 143 107 117 82 62 41 140 93 1301 296 106 74 102 44 1269 1010 110 89 64 259 44 900 160 104 194 67 83 104 740 351 229 122 96 389 75
internal_count=2723 316 226 202 163 127 105 2407 79 59 173 105 68 90 2234 80 50 1914 69 613 277 137 336 320 48 272 129 143 107 117 82 62 41 140 93 1301 296 106 74 102 44 1269 1010 110 89 64 259 44 900 160 104 194 67 83 104 740 351 229 122 96 389 75
is_linear=0
shrinkage=0.05


Tree=39
num_leaves=63
num_cat=0
split_feature=24 25 2 2 24 1 28 1 17 40 24 38 2 17 0 24 28 0 4 24 25 38 24 38 37 1 40 25 24 32 0 40 24 39 38 25 24 25 38 1 25 2 2 28 17 1 41 39 28 1 28 24 1 1 3 9 1 28 2 1 3 3
split_gain=1.79003e+06 673334 303451 529524 234991 259025 231819 448508 258599 209874 182732 152552 227181 178489 307924 38205.8 30347.6 19980.8 12853.6 17335.4 11946.4 12223.3 11976.3 11684.9 7985.53 7501.89 13534.8 12494.4 11379.3 7068.46 20468.4 6433.92 5858.73 5562.84 6747.72 6092.76 14081.5 9743.06 5512.18 5387.9 4831.51 4747.99 5280.38 3956.59 7305.47 4177.28 5777.66 5137.1 3644.3 6411.55 3639.34 3542.08 3333.2 3909.78 3617.21 3279.76 4549.08 3260.5 3293.14 3259.11 3009.79 2999.39
threshold=173.13114373088686 2.5000000000000004 5.5000000000000009 4.5000000000000009 310.02151185015293 48.500000000000007 10.500000000000002 32.500000000000007 5.1220000000000008 39.500000000000007 138.11511659021409 8.5000000000000018 4.5000000000000009 2.8605000000000005 9.5000000000000018 117.59936613844872 27.500000000000004 13.500000000000002 5.5000000000000009 123.28228202989671 1.5000000000000002 10.500000000000002 111.51480608840701 11.500000000000002 1.0000000180025095e-35 33.500000000000007 18.500000000000004 1.5000000000000002 126.08572977481235 1.0000000180025095e-35 8.5000000000000018 17.500000000000004 115.1959834584376 3.5000000000000004 10.500000000000002 2.5000000000000004 100.37286850152906 6.5000000000000009 1.5000000000000002 4.5000000000000009 1.5000000000000002 5.5000000000000009 3.5000000000000004 27.500000000000004 2.7915000000000005 21.500000000000004 4.5000000000000009 4.5000000000000009 44.500000000000007 29.500000000000004 7.5000000000000009 106.12492022337456 16.500000000000004 31.500000000000004 3.5000000000000004 14.500000000000002 34.500000000000007 1.0000000180025095e-35 1.0000000180025095e-35 44.500000000000007 3.5000000000000004 3.5000000000000004
decision_type=2 2 2 2 2 2 2 2 2 2 2 2 2 2 2 2 2 2 2 2 2 2 2 2 2 2 2 2 2 2 2 2 2 2 2 2 2 2 2 2 2 2 2 2 2 2 2 2 2 2 2 2 2 2 2 2 2 2 2 2 2 2
left_child=10 -2 3 4 5 6 7 8 -3 16 15 12 -12 14 -13 20 -6 18 19 -17 21 38 23 24 -22 28 -27 -28 31 33 -31 -20 -23 34 61 51 48 39 -1 -38 -33 42 52 45 -45 46 -41 -47 57 -50 -44 -35 -24 -54 -55 56 -49 -37 -59 -53 -58 -26
right_child=1 2 -4 -5 9 -7 -8 -9 -10 -11 11 13 -14 -15 -16 17 -18 -19 25 -21 22 32 41 -25 29 26 27 -29 -30 30 -32 40 -34 35 -36 36 37 -39 -40 43 -42 -43 50 44 -46 47 -48 55 49 -51 -52 59 53 54 -56 -57 60 58 -60 -61 -62 -63
leaf_value=-0.64021746469580609 10.323105932582507 7.9353898960351943 -1.4401808724905318 8.8248094036704625 0.59931984719775977 5.2809256917854839 -3.2573995016233344 -4.5263794340406154 0.70764159370075774 7.3078976745863216 6.0594701005518443 -1.3579274742831204 -0.60654461768540469 -2.668828532373583 5.9665378010749821 -0.18908272749499272 3.3274307936971841 1.3533411169700003 -0.60445614701684791 -1.9937569990612212 -1.3136451357714833 -0.88801454758298581 0.40713254367311802 -1.6016136437077677 -1.6743980677374477 0.42113296147163326 -0.09877863295021512 -1.3688407015075557 1.0041104737584081 -0.85591916783650712 1.1519777642596851 -0.084709050621913418 -0.4295717087790773 -1.2069360528750854 -0.69065070696075759 -0.14310537581642471 -1.0198253725404325 0.76604059467713037 -1.5823515115168536 0.70389546290040017 0.73110387391057508 0.33671244684606794 -0.27042183197313741 -1.0626173070344058 0.055826648230905884 0.43623018161817034 -0.32477419480681424 -0.7445374413013458 0.4203661343916541 -0.70631203785538677 -1.0333148908955712 -0.80164221802055846 -0.67033690247365407 -0.3404738786003807 0.45686628155708314 -0.82813715603202587 -0.28329701801141105 -0.16784427496726101 -0.81103722956498803 -0.18324436652249307 0.53684911251068124 -0.80255221900485807
leaf_weight=22 32 23 37 37 20 28 36 20 26 36 31 33 21 36 24 37 21 22 33 20 39 206 23 30 28 40 41 36 34 29 21 48 110 43 299 23 22 23 75 31 28 31 30 32 26 21 23 24 20 31 34 99 34 32 24 31 23 22 294 28 20 20
leaf_count=22 32 23 37 37 20 28 36 20 26 36 31 33 21 36 24 37 21 22 33 20 39 206 23 30 28 40 41 36 34 29 21 48 110 43 299 23 22 23 75 31 28 31 30 32 26 21 23 24 20 31 34 99 34 32 24 31 23 22 294 28 20 20
internal_value=0.0156927 3.54765 2.75066 3.38173 2.38541 1.09795 -0.0567648 1.63574 4.19121 4.56656 -0.449274 1.26573 3.40668 0.0450772 1.77567 -0.559723 2.04272 -0.0700527 -0.172798 -0.845846 -0.645962 -0.885266 -0.579964 -0.636256 -0.612244 -0.0225507 -0.318045 -0.702574 0.219713 -0.589008 -0.00645224 -0.0318204 -0.730304 -0.6136 -0.78338 -0.542271 -0.472687 -0.198347 -1.37744 -0.288709 0.22138 -0.226215 -0.326172 -0.214961 -0.568713 -0.093747 0.267729 -0.258684 -0.665819 -0.264794 -0.685448 -0.810488 -0.118417 -0.255778 0.00317577 -0.410547 -0.207923 -0.725179 -0.766944 -0.667838 0.101584 -1.33502
internal_weight=2723 316 284 247 210 133 105 69 49 77 2407 145 52 93 57 2262 41 339 317 57 1923 413 1510 1302 1272 260 117 77 143 1233 50 109 316 1183 347 836 666 276 97 253 76 208 177 231 58 173 54 119 390 51 64 170 113 90 56 98 67 339 316 127 43 48
internal_count=2723 316 284 247 210 133 105 69 49 77 2407 145 52 93 57 2262 41 339 317 57 1923 413 1510 1302 1272 260 117 77 143 1233 50 109 316 1183 347 836 666 276 97 253 76 208 177 231 58 173 54 119 390 51 64 170 113 90 56 98 67 339 316 127 43 48
is_linear=0
shrinkage=0.05


Tree=40
num_leaves=63
num_cat=0
split_feature=45 38 25 28 9 16 16 40 4 28 2 25 38 40 28 9 40 28 25 41 17 16 17 18 16 40 34 17 9 25 9 0 30 0 25 16 36 9 16 25 32 39 40 16 39 16 9 28 4 28 9 16 25 17 8 16 16 40 16 30 9 9
split_gain=657099 385097 397503 321992 270412 217821 167766 168297 388158 151465 141875 132202 127116 139777 126935 109276 123163 121369 87471.3 85002.9 65488.4 63870.4 71355.9 100968 64758.4 58092.2 46312 38651.4 38049.1 24251.2 20401 15884.5 11096.2 10603.2 10037 6947.64 6945.05 20619.6 9301.79 6309.57 5044.75 4151.44 3578.65 9691.1 4107.43 5422.3 4434.4 3692.56 2868.98 3306.62 2803.81 4910.8 4206.08 3045.35 2292.25 2622.69 2233.1 4925.45 5233.2 2078.56 6177.23 5601.58
threshold=9.5000000000000018 1.5000000000000002 10.500000000000002 7.5000000000000009 2.5000000000000004 32.850000000000001 28.150000000000006 49.500000000000007 4.5000000000000009 14.500000000000002 2.5000000000000004 3.5000000000000004 8.5000000000000018 19.500000000000004 38.500000000000007 15.500000000000002 44.500000000000007 3.5000000000000004 6.5000000000000009 2.5000000000000004 3.0400000000000005 16.350000000000005 3.4860000000000002 1.0000000180025095e-35 25.250000000000004 17.500000000000004 1.0000000180025095e-35 1.7435000000000003 17.500000000000004 4.5000000000000009 5.5000000000000009 3.5000000000000004 1.2500000000000002 12.500000000000002 32.000000000000007 28.850000000000005 1.0000000180025095e-35 1.5000000000000002 23.950000000000003 1.5000000000000002 1.0000000180025095e-35 1.5000000000000002 42.500000000000007 19.150000000000002 4.5000000000000009 20.250000000000004 2.5000000000000004 19.500000000000004 4.5000000000000009 67.500000000000014 4.5000000000000009 21.350000000000005 2.5000000000000004 4.0615000000000014 1.0000000180025095e-35 13.65 16.050000000000004 42.500000000000007 15.050000000000002 2.0000000000000004 20.500000000000004 21.500000000000004
decision_type=2 2 2 2 2 2 2 2 2 2 2 2 2 2 2 2 2 2 2 2 2 2 2 2 2 2 2 2 2 2 2 2 2 2 2 2 2 2 2 2 2 2 2 2 2 2 2 2 2 2 2 2 2 2 2 2 2 2 2 2 2 2
left_child=12 28 5 -4 -5 6 7 15 -9 -6 -11 33 13 -1 20 16 18 19 21 -17 27 -3 23 24 30 -19 -15 -8 29 -2 -23 -24 35 -10 36 39 40 -38 -39 -14 41 -34 44 -44 45 -41 -46 -48 50 54 52 53 -43 -52 55 -50 57 58 -57 60 -58 -61
right_child=1 2 3 4 9 -7 14 8 11 10 -12 -13 32 26 -16 17 -18 25 -20 -21 -22 22 31 -25 -26 -27 -28 -29 -30 -31 -32 -33 34 -35 -36 -37 37 38 -40 42 -42 48 43 -45 46 -47 47 -49 49 -51 51 -53 -54 -55 -56 56 59 -59 -60 61 -62 -63
leaf_value=5.0359166131700794 -0.47136037459373475 2.9661374390509825 7.8361560163352841 -0.95986014928573216 0.38799213149330836 4.9806740092486148 -1.8619646067479079 9.0658073418055274 0.24972118570691065 2.3422680580395241 7.2643467632092928 4.0605543396949768 -0.48168731188095065 -1.6565851825191862 2.447629353318896 -1.8180964570057889 -2.7525799608953072 5.9176408527010969 -2.3778143370151521 2.0473767469951087 -3.6919623738527303 0.3342489959248181 0.18562947545732775 4.3601568937869306 2.3928079735381265 2.2006092735666498 1.5285308591604234 0.83666673660278323 -3.6056280308039419 -2.2541843463107947 -1.6210312965393066 -1.5546332066445741 -0.74384154451309259 -1.3482399972279868 -1.5732605339993131 -0.15892473823145817 1.2171032745423525 -0.71849064806361262 0.24189625578957635 -1.0187013634475501 0.1700925639500985 -0.43763047864360188 -0.66503549647331239 -1.8438024561405184 -0.41331465586372051 -0.17343045359704556 -1.4640997883627813 -0.7391650498297907 -0.8268247260945909 -0.90899768236279488 -0.91427402780272748 0.17033481454307386 -1.2206596218126462 -0.34372665566868249 -0.11980089502036573 -0.34873973397345381 -0.42345229826294456 -0.67621657256036993 0.63881694393157962 -0.50180920434892851 -1.269930209017569 -0.08812711888668584
leaf_weight=20 49 30 37 38 21 31 33 20 20 26 37 24 78 20 20 23 32 20 22 34 31 28 20 20 27 25 24 21 20 31 24 36 214 20 21 37 22 80 36 36 25 30 34 39 22 40 59 30 46 39 54 21 45 44 54 28 77 31 24 442 30 101
leaf_count=20 49 30 37 38 21 31 33 20 20 26 37 24 78 20 20 23 32 20 22 34 31 28 20 20 27 25 24 21 20 31 24 36 214 20 21 37 22 80 36 36 25 30 34 39 22 40 59 30 46 39 54 21 45 44 54 28 77 31 24 442 30 101
internal_value=0.0153809 1.19778 1.60168 3.80107 2.52352 0.972656 0.729277 1.1711 3.16273 4.09214 5.30143 1.20685 -0.49447 1.67968 -1.05319 0.672666 0.0855481 2.03413 0.535441 0.483084 -1.89585 0.89283 0.475071 1.27734 0.452076 3.94546 0.0759996 -0.816275 -1.69733 -1.18157 -0.581652 -0.94067 -0.571009 -0.562534 -0.508137 -0.814441 -0.491554 -0.152836 -0.420877 -0.885503 -0.527224 -0.54097 -1.00432 -1.31126 -0.878133 -0.581917 -1.0739 -1.23072 -0.49958 -0.459696 -0.67555 -0.516712 -0.917393 -0.66422 -0.437589 -0.45943 -0.435272 -0.18788 0.110415 -0.466517 -0.67039 -0.425175
internal_weight=2723 820 720 159 122 561 530 425 84 84 63 64 1903 64 105 341 239 102 207 57 85 185 155 99 79 45 44 54 100 80 52 56 1839 40 1464 375 1443 138 116 338 1305 1280 260 73 187 76 111 89 1066 872 194 119 75 98 833 779 733 83 52 650 107 543
internal_count=2723 820 720 159 122 561 530 425 84 84 63 64 1903 64 105 341 239 102 207 57 85 185 155 99 79 45 44 54 100 80 52 56 1839 40 1464 375 1443 138 116 338 1305 1280 260 73 187 76 111 89 1066 872 194 119 75 98 833 779 733 83 52 650 107 543
is_linear=0
shrinkage=0.05


Tree=41
num_leaves=63
num_cat=0
split_feature=45 38 25 28 33 28 16 40 38 1 16 2 38 38 0 16 1 28 28 1 38 25 40 40 38 25 28 9 42 1 2 16 25 25 39 1 4 45 36 25 16 28 40 16 25 2 9 9 2 1 0 0 25 1 3 9 22 9 28 16 28 28
split_gain=594841 348893 359559 292395 360257 242561 197157 153200 115174 150879 110773 136461 177515 207853 144816 127440 127412 118768 116422 95435.7 86781.4 86000.5 80815.2 81564.8 56345.3 50783.1 39058 34547.2 26485.6 25562.1 23255.2 24917.4 21965.7 8700.35 5063.48 7244.23 10140.1 5352 8402.45 44952.6 5778.7 5972.71 3750.32 4285.55 3698.96 4292.08 4880.67 4218.98 4481.18 4030.62 3311.93 3103.48 3078.91 3866.13 2764.55 2678.11 4396.56 3988.29 3791.58 3653.21 3593.53 3019.22
threshold=9.5000000000000018 1.5000000000000002 10.500000000000002 8.5000000000000018 1.0000000180025095e-35 18.500000000000004 32.850000000000001 75.500000000000014 8.5000000000000018 32.500000000000007 28.150000000000006 1.5000000000000002 3.5000000000000004 5.5000000000000009 7.5000000000000009 15.050000000000002 53.500000000000007 37.500000000000007 12.500000000000002 27.500000000000004 2.5000000000000004 4.5000000000000009 36.500000000000007 8.5000000000000018 3.5000000000000004 3.5000000000000004 6.5000000000000009 17.500000000000004 10.500000000000002 18.500000000000004 2.5000000000000004 18.550000000000004 4.5000000000000009 32.000000000000007 2.5000000000000004 56.500000000000007 7.5000000000000009 2.5000000000000004 1.0000000180025095e-35 4.5000000000000009 28.950000000000003 1.0000000180025095e-35 36.500000000000007 31.650000000000006 1.5000000000000002 1.5000000000000002 4.5000000000000009 22.500000000000004 3.5000000000000004 32.500000000000007 8.5000000000000018 7.5000000000000009 2.5000000000000004 5.5000000000000009 11.500000000000002 12.500000000000002 0.0024500000000000004 11.500000000000002 38.500000000000007 23.350000000000005 3.5000000000000004 22.500000000000004
decision_type=2 2 2 2 2 2 2 2 2 2 2 2 2 2 2 2 2 2 2 2 2 2 2 2 2 2 2 2 2 2 2 2 2 2 2 2 2 2 2 2 2 2 2 2 2 2 2 2 2 2 2 2 2 2 2 2 2 2 2 2 2 2
left_child=8 27 6 20 5 -5 7 10 9 -1 11 18 15 -14 26 -13 21 25 24 -16 -4 22 23 -17 -3 29 -15 32 -25 -12 -6 -32 -2 34 52 37 -37 38 55 -40 41 50 43 -42 -43 46 -46 48 54 -48 -39 -38 -10 -54 -47 56 57 58 60 61 -36 -57
right_child=1 2 3 4 30 -7 -8 -9 33 -11 17 12 13 14 19 16 -18 -19 -20 -21 -22 -23 -24 28 -26 -27 -28 -29 -30 -31 31 -33 -34 -35 35 36 51 40 39 -41 42 44 -44 -45 45 47 49 -49 -50 -51 -52 -53 53 -55 -56 59 -58 -59 -60 -61 -62 -63
leaf_value=4.3695406741755347 -0.44826371911689639 1.8075408590781064 4.5691970573152814 -5.1267358970642096 3.1884993734359743 2.045292814396046 4.7394227086007596 4.0494558075815439 -0.5107933324070898 -0.48359136443389095 0.40502460414713082 4.0383182705016365 7.293848504586653 -1.7709420583329418 0.78996521268572129 1.6080882566083561 3.3237795475254894 2.3895480551038468 -3.0010206913803188 5.1654293360369552 9.6273402086893736 -2.8342217454229086 2.1241273140907291 -3.1594503724116549 -1.0189819937425131 -3.6644583828632649 1.1466325400273005 -3.4339313365731927 -0.72707602305845775 -1.7625531607705196 3.7623127624262938 6.5526165555871065 -2.1449972369265744 -1.4569907507529625 -0.61873039767473614 -1.7513139806853399 -0.92895081991950679 -0.48231070573513329 -0.72665475505849597 2.021619665405967 0.036697720852882969 -0.392712269926355 0.26648054052144293 -0.96007895702407464 -1.0704108351248283 -1.1433888354412347 0.035915206112760181 -1.3220738081932071 -0.58380563766656524 -0.6057712746583499 0.32402976041585213 -0.12675011300123656 -1.3965702476671764 -0.73948846070812302 -0.53120311992509028 -0.45670096103619379 -1.1139970733501294 -1.0447636602543018 -0.7537529596556789 0.18326615134606494 -0.25345186330968239 0.12442332740321205
leaf_weight=27 49 37 20 20 29 26 31 31 126 37 21 20 21 21 20 21 22 20 35 34 20 34 31 25 32 25 23 20 21 36 22 22 31 25 90 26 23 25 45 21 22 104 31 20 26 85 46 39 166 51 24 25 27 168 27 143 26 26 68 36 272 26
leaf_count=27 49 37 20 20 29 26 31 31 126 37 21 20 21 21 20 21 22 20 35 34 20 34 31 25 32 25 23 20 21 36 22 22 31 25 90 26 23 25 45 21 22 104 31 20 26 85 46 39 166 51 24 25 27 168 27 143 26 26 68 36 272 26
internal_value=0.0150663 1.14005 1.5245 3.61629 2.33725 -1.11561 0.926251 0.694702 -0.470031 1.59947 0.478598 0.856026 1.40707 2.88677 1.87821 0.384357 -0.113143 -0.984411 -0.695015 3.58881 7.27152 -0.706685 0.052562 -0.922992 0.500788 -1.82626 -0.254145 -1.6156 -2.08822 -0.970671 4.49876 5.27219 -1.12417 -0.542886 -0.529489 -0.49 -0.971811 -0.464203 -0.37186 0.164843 -0.567888 -0.619522 -0.145679 -0.44913 -0.667076 -0.730877 -0.473493 -0.828926 -0.755235 -0.304154 -0.0886867 -0.522354 -0.711051 -0.837156 -1.00186 -0.423593 -0.488224 -0.450174 -0.41187 -0.269974 -0.345735 -0.367062
internal_weight=2723 820 720 159 119 46 561 530 1903 64 499 397 293 119 98 174 154 102 104 54 40 132 98 67 69 82 44 100 46 57 73 44 80 1839 1814 1493 74 1419 753 66 666 593 73 42 544 440 123 317 278 97 49 48 321 195 112 687 482 456 430 205 362 169
internal_count=2723 820 720 159 119 46 561 530 1903 64 499 397 293 119 98 174 154 102 104 54 40 132 98 67 69 82 44 100 46 57 73 44 80 1839 1814 1493 74 1419 753 66 666 593 73 42 544 440 123 317 278 97 49 48 321 195 112 687 482 456 430 205 362 169
is_linear=0
shrinkage=0.05


Tree=42
num_leaves=63
num_cat=0
split_feature=45 38 33 17 17 38 1 11 1 1 2 38 1 1 1 1 0 17 28 28 1 0 17 28 2 28 0 3 3 2 9 17 1 1 30 1 36 2 0 39 9 40 28 39 17 41 9 42 34 40 17 1 40 28 42 39 30 26 28 40 1 42
split_gain=538762 316176 263116 302479 333399 104294 136667 86036.9 88480.2 113748 109386 115653 105017 225881 144326 140064 215740 123413 113035 165074 83209.1 131795 118634 74862.7 72325.2 60927 38402.1 36889.2 35170.6 32264.2 31367.6 23287.7 14537 18260.2 9724.68 7912.22 5475.86 20740.2 21433.4 3550.27 3213.73 4531.23 4028.58 2926.73 3827.92 2897.6 2626.67 5213.86 5671.59 7502.45 5597.05 3650.41 2859.58 2851.09 2606.74 3893.19 2584.2 3559.79 2501.02 2746.15 2697.61 2493.94
threshold=9.5000000000000018 1.5000000000000002 1.0000000180025095e-35 8.355500000000001 9.5725000000000016 8.5000000000000018 32.500000000000007 1.0000000180025095e-35 57.500000000000007 43.500000000000007 3.5000000000000004 7.5000000000000009 28.500000000000004 32.500000000000007 37.500000000000007 9.5000000000000018 3.5000000000000004 3.3375000000000004 17.500000000000004 9.5000000000000018 43.500000000000007 2.5000000000000004 2.5765000000000007 13.500000000000002 3.5000000000000004 27.500000000000004 7.5000000000000009 3.5000000000000004 3.5000000000000004 4.5000000000000009 17.500000000000004 2.4265000000000003 20.500000000000004 38.500000000000007 1.2500000000000002 5.5000000000000009 1.0000000180025095e-35 4.5000000000000009 6.5000000000000009 1.5000000000000002 4.5000000000000009 22.500000000000004 9.5000000000000018 4.5000000000000009 0.84450000000000014 5.5000000000000009 12.500000000000002 17.500000000000004 1.0000000180025095e-35 11.500000000000002 5.9385000000000003 35.500000000000007 27.500000000000004 3.5000000000000004 11.500000000000002 3.5000000000000004 2.7500000000000004 1.5000000000000002 65.500000000000014 65.500000000000014 24.500000000000004 2.5000000000000004
decision_type=2 2 2 2 2 2 2 2 2 2 2 2 2 2 2 2 2 2 2 2 2 2 2 2 2 2 2 2 2 2 2 2 2 2 2 2 2 2 2 2 2 2 2 2 2 2 2 2 2 2 2 2 2 2 2 2 2 2 2 2 2 2
left_child=5 30 3 7 -5 6 -1 8 9 12 23 29 15 -14 -15 16 -3 -18 19 24 21 28 -23 26 -17 -20 -11 -16 31 -12 32 -4 -2 -34 35 -7 39 40 -39 45 -38 -42 -43 44 -37 -36 58 48 49 53 52 -52 -51 -48 55 -54 57 -47 59 -41 -61 -45
right_child=1 2 20 4 -6 34 -8 -9 -10 10 11 -13 13 14 27 18 17 -19 25 -21 -22 22 -24 -25 -26 -27 -28 -29 -30 -31 -32 -33 33 -35 36 43 37 38 -40 46 41 42 -44 61 -46 56 47 -49 -50 50 51 -53 54 -55 -56 -57 -58 -59 -60 60 -62 -63
leaf_value=4.1588663406031472 -0.064221306076416601 5.5419670668354746 3.5758929012439875 9.493795248213269 0.82865055732727044 -1.4919447044892744 -0.46004809034498112 3.2187018992900853 3.4213074230154357 -2.5042991891361424 0.25957289077617507 3.2153533828735359 6.2660345477342609 -1.4106273921942103 4.1651678026240813 1.3428526609652751 -1.9404677410516891 2.9924431299027945 3.3352559802645732 -4.4083519035918375 5.9226215455853026 3.1801311977704372 -1.6982015568934956 -4.4536033390118526 -1.8519489465741552 -0.1946549636522929 0.49966787454079498 1.186646829616617 2.5128175912749384 -2.2736764776706697 -3.2704107413192598 6.1346908225183903 -2.457007602011716 -0.6205382195264102 -0.81483716162631836 0.11904269753531976 -0.9630057705532421 -0.31764934534611911 1.9031584662199021 -0.51279315167610795 -0.95358775093441916 -0.57637083502397657 0.35488161914910266 -0.35256301641464238 -0.60096772321664238 -0.00092585815963420006 0.016364439698782835 -0.82234517617428571 -0.74972500431040923 -0.017311600711610583 -0.23479439443718136 0.67844652891159063 -0.014890998658679783 0.82320891931653029 -0.058105941373109815 -0.79488027884636403 -0.88184174180030817 -0.78303955392404034 -0.89982624003520384 0.13786802806173054 -0.46820319481385059 -0.8822442280948164
leaf_weight=27 25 26 26 20 24 32 37 29 23 20 26 24 24 38 22 36 31 20 20 34 25 23 25 25 33 29 21 21 30 23 20 22 26 29 138 21 32 22 20 653 20 20 25 28 135 43 21 46 47 35 21 21 20 22 24 80 23 21 38 34 38 159
leaf_count=27 25 26 26 20 24 32 37 29 23 20 26 24 24 38 22 36 31 20 20 34 25 23 25 25 33 29 21 21 30 23 20 22 26 29 138 21 32 22 20 653 20 20 25 28 135 43 21 46 47 35 21 21 20 22 24 80 23 21 38 34 38 159
internal_value=0.0148158 1.08546 1.45144 0.955728 4.89091 -0.446849 1.52248 0.617241 0.458959 0.307988 -0.88973 0.443568 0.807623 2.10893 0.815739 0.204357 1.92794 0.0142565 -0.675636 -1.61128 3.30077 2.73799 0.656427 -2.34912 -0.189653 1.28391 -0.9903 2.77068 3.99436 -0.951095 -1.53781 4.85004 -1.06957 -1.51715 -0.516178 -0.74399 -0.457352 -0.157329 0.759428 -0.488681 -0.558024 -0.347003 -0.0624319 -0.670061 -0.503871 -0.67128 -0.45075 -0.332461 -0.252454 -0.153978 -0.282319 0.226869 -0.41743 0.43861 -0.529285 -0.640624 -0.436839 -0.265732 -0.502486 -0.480443 -0.183966 -0.805257
internal_weight=2723 820 720 569 44 1903 64 525 496 473 139 73 334 105 81 229 77 51 152 103 151 126 48 66 69 49 41 43 78 49 100 48 80 55 1839 375 1464 139 42 1325 97 65 45 343 156 225 1100 337 291 244 201 42 159 43 124 100 87 64 763 725 72 187
internal_count=2723 820 720 569 44 1903 64 525 496 473 139 73 334 105 81 229 77 51 152 103 151 126 48 66 69 49 41 43 78 49 100 48 80 55 1839 375 1464 139 42 1325 97 65 45 343 156 225 1100 337 291 244 201 42 159 43 124 100 87 64 763 725 72 187
is_linear=0
shrinkage=0.05


Tree=43
num_leaves=63
num_cat=0
split_feature=24 45 38 6 17 17 1 0 3 41 28 30 12 40 24 45 39 38 32 38 17 28 28 22 40 3 17 38 43 24 24 1 39 40 24 3 39 45 32 1 1 2 3 38 33 1 28 1 17 24 39 45 28 28 17 1 17 28 0 40 2 0
split_gain=1.39371e+06 881398 443114 406399 354776 299495 236128 162674 181146 105291 86810.3 78927.4 64935.7 44095.4 28980.1 26023.4 17544.8 14883.4 14021.3 11200.6 8934.03 16471.7 9442.62 6021.24 6331.01 9222.07 11122.2 4951.05 4925.52 27489.9 13319.8 11719.2 13224.4 4577.83 4019.48 3723.59 4993.67 3462.03 3412.63 3955.25 3390.87 4066.88 5115.1 3512.87 2555.46 2188.09 3508.21 4334.06 3311.99 3527.42 3240.8 3044.7 4191.78 3663.44 2995.98 3287.12 4705.76 4169.02 2975.76 2952.85 2810.65 2411.51
threshold=138.93749470712774 9.5000000000000018 3.5000000000000004 1.0000000180025095e-35 5.8445000000000009 1.6570000000000003 29.500000000000004 2.5000000000000004 2.5000000000000004 7.5000000000000009 8.5000000000000018 1.2500000000000002 0.80000000000000016 11.500000000000002 115.90845704753961 9.5000000000000018 4.5000000000000009 1.5000000000000002 1.0000000180025095e-35 8.5000000000000018 4.5990000000000011 24.500000000000004 36.500000000000007 0.0039500000000000013 49.500000000000007 3.5000000000000004 1.5190000000000001 11.500000000000002 1.0000000180025095e-35 127.972093411176 117.72843587605057 43.500000000000007 3.5000000000000004 21.500000000000004 121.97663886572143 1.5000000000000002 5.5000000000000009 3.5000000000000004 1.0000000180025095e-35 2.5000000000000004 50.500000000000007 4.5000000000000009 2.5000000000000004 8.5000000000000018 1.0000000180025095e-35 29.500000000000004 10.500000000000002 26.500000000000004 5.7135000000000007 92.351572308063751 4.5000000000000009 5.5000000000000009 44.500000000000007 12.500000000000002 5.9385000000000003 33.500000000000007 6.5055000000000005 6.5000000000000009 9.5000000000000018 56.500000000000007 1.5000000000000002 6.5000000000000009
decision_type=2 2 2 2 2 2 2 2 2 2 2 2 2 2 2 2 2 2 2 2 2 2 2 2 2 2 2 2 2 2 2 2 2 2 2 2 2 2 2 2 2 2 2 2 2 2 2 2 2 2 2 2 2 2 2 2 2 2 2 2 2 2
left_child=14 9 3 4 7 -4 -7 10 -9 11 -3 -2 -13 -12 15 19 -14 -17 27 -1 22 -22 23 24 25 35 -27 28 29 40 37 32 -32 -34 -35 -19 -37 -30 39 -21 41 43 -43 -16 45 46 48 51 49 -41 -50 52 53 -48 -47 -56 -57 -58 -53 -55 61 -51
right_child=1 2 5 -5 -6 6 -8 8 -10 -11 13 12 16 -15 18 17 -18 20 -20 38 21 -23 -24 -25 -26 26 -28 -29 30 -31 31 -33 33 34 -36 36 -38 -39 -40 44 -42 42 -44 -45 -46 54 47 -49 50 60 -52 58 -54 59 55 56 57 -59 -60 -61 -62 -63
leaf_value=-1.3865984995926128 -3.2292028417587284 1.4984401117522141 12.297473723021421 -3.1312226589202883 9.382658541997273 2.4824933965786085 8.393145984446301 -3.1586382239205499 2.8972313227653506 2.1470150592046626 3.5068354697105217 1.4909572382534251 -1.942491563856602 6.1964469315665109 -0.72598663843729916 -0.28190868169945826 -0.37900429220183901 -0.81255173464616137 0.84830775643839973 -0.91710889905095105 -1.1567599650720757 0.41275683439694921 -2.0843529969127852 -0.45496791736012504 -1.9138314491702666 0.24023572384119035 -1.206304749373732 0.46620912556648259 -0.34360076488506414 -1.8792159415142882 -0.96091675251722342 1.1045907187461852 -0.27088728306086168 0.16442996565784729 1.0715209678981614 -2.0151153655019072 -1.0153743093288863 -1.1667297988384961 0.052856250051409009 -0.98743143385106869 -0.65270273906153609 -0.42047443812713037 0.5220497568998308 -0.12825794527388137 -0.69643512615812164 -0.55616457517251483 0.19087396062653642 0.29597137628179609 -0.39853435464880682 0.37446280710399155 -1.0931870214007795 -1.1009250286492434 0.23727743781358007 -0.51702276403212366 -0.83397093420678914 0.51356864218910536 0.044182626968476829 -0.65996528582139447 -0.32924961559700244 0.093378148525953289 -0.43661105411410334 -0.30855239995888306
leaf_weight=33 29 28 21 24 23 36 33 20 29 33 38 33 35 34 33 67 37 23 32 49 47 25 31 30 30 24 28 24 30 27 27 28 22 27 22 35 25 23 31 21 36 21 41 91 106 507 28 32 32 23 39 21 39 130 21 20 40 43 32 23 124 27
leaf_count=33 29 28 21 24 23 36 33 20 29 33 38 33 35 34 33 67 37 23 32 49 47 25 31 30 30 24 28 24 30 27 27 28 22 27 22 35 25 23 31 21 36 21 41 91 106 507 28 32 32 23 39 21 39 130 21 20 40 43 32 23 124 27
internal_value=0.0147071 2.54373 4.2243 2.86597 3.71608 7.11839 5.38892 2.78462 0.411611 -0.342362 3.93175 -0.966818 -0.317352 4.84448 -0.490879 -0.583848 -1.1553 -0.96051 -0.147306 -0.486488 -1.11161 -0.613532 -1.26687 -1.12691 -1.24558 -1.08406 -0.54664 -0.21952 -0.258981 -0.402363 -0.0583726 0.221623 -0.0392127 0.319703 0.58508 -1.41018 -1.62211 -0.715891 -0.464101 -0.475944 -0.215101 -0.12734 0.201121 -0.291906 -0.458726 -0.437197 -0.364724 -0.247618 -0.497552 -0.387537 -0.790057 -0.312201 -0.228269 -0.32936 -0.50209 -0.278275 -0.158 -0.324071 -0.649826 -0.42522 -0.309879 0.00671843
internal_weight=2723 453 286 196 172 90 69 149 49 167 100 134 105 72 2270 1786 72 365 484 1421 298 72 226 195 165 135 52 452 428 249 179 126 98 71 49 83 60 53 1388 1357 222 186 62 124 1308 1202 571 305 266 195 71 273 220 181 631 124 103 83 53 153 174 50
internal_count=2723 453 286 196 172 90 69 149 49 167 100 134 105 72 2270 1786 72 365 484 1421 298 72 226 195 165 135 52 452 428 249 179 126 98 71 49 83 60 53 1388 1357 222 186 62 124 1308 1202 571 305 266 195 71 273 220 181 631 124 103 83 53 153 174 50
is_linear=0
shrinkage=0.05


Tree=44
num_leaves=63
num_cat=0
split_feature=24 45 38 6 17 17 16 24 25 0 28 1 1 4 40 24 45 17 25 24 17 32 1 16 38 40 38 3 2 2 25 25 24 28 1 1 38 1 1 40 25 16 2 24 43 45 30 4 28 24 25 17 16 1 30 40 1 17 24 1 24 16
split_gain=1.26193e+06 798254 401573 368147 321819 272000 317310 315566 151118 524471 92681.8 72920.5 196144 78396 26489.9 26189.7 23602.6 19376 15979.2 15976.5 20986 12695.3 11531.1 11004.6 10149.9 7486.93 6963.42 6238.18 5815.1 5538.69 5497.84 5055.91 7565.18 4002.65 5224.01 3936.17 5431.7 4472.62 6762.16 4837.1 15254.4 5326.4 4460.54 5400.71 5460.7 4756.13 3798.5 3879.44 3291.93 3224.86 4190.64 5834.05 5253.92 5303.8 5071.38 5605.59 5249.78 4972.11 4527.17 3037.69 2796.18 2753.56
threshold=138.93749470712774 9.5000000000000018 3.5000000000000004 1.0000000180025095e-35 5.8445000000000009 1.6570000000000003 25.750000000000004 224.59408951904368 4.5000000000000009 2.5000000000000004 8.5000000000000018 39.500000000000007 23.500000000000004 12.500000000000002 11.500000000000002 115.90845704753961 9.5000000000000018 5.0920000000000014 3.5000000000000004 95.867755180599218 4.7070000000000007 1.0000000180025095e-35 36.500000000000007 24.150000000000002 8.5000000000000018 37.500000000000007 1.0000000180025095e-35 3.5000000000000004 3.5000000000000004 2.5000000000000004 5.5000000000000009 1.5000000000000002 112.29522588268003 1.5000000000000002 21.500000000000004 56.500000000000007 11.500000000000002 5.5000000000000009 10.500000000000002 58.500000000000007 3.5000000000000004 16.050000000000004 1.5000000000000002 120.03190158465388 1.0000000180025095e-35 6.5000000000000009 2.0000000000000004 46.500000000000007 80.500000000000014 81.147853070226901 5.5000000000000009 6.846000000000001 28.650000000000002 36.500000000000007 2.7500000000000004 36.500000000000007 21.500000000000004 5.7805000000000009 96.930783093053762 12.500000000000002 113.02025229357798 25.150000000000002
decision_type=2 2 2 2 2 2 2 2 2 2 2 2 2 2 2 2 2 2 2 2 2 2 2 2 2 2 2 2 2 2 2 2 2 2 2 2 2 2 2 2 2 2 2 2 2 2 2 2 2 2 2 2 2 2 2 2 2 2 2 2 2 2
left_child=15 11 3 4 8 -4 -7 -8 -3 10 -10 12 17 -14 -12 16 24 23 26 25 22 30 27 -2 -1 -20 -18 -21 -24 -13 35 60 48 -28 59 36 37 -17 -39 40 41 -40 45 -44 -45 -43 -34 -48 49 -33 58 52 53 54 55 -52 -57 -55 -51 -35 -26 -60
right_child=1 2 5 -5 -6 6 7 -9 9 -11 14 29 13 -15 -16 21 18 -19 19 20 -22 -23 28 -25 31 -27 33 -29 -30 -31 -32 32 46 34 -36 -37 -38 38 39 -41 -42 42 43 44 -46 -47 47 -49 -50 50 51 -53 -54 57 -56 56 -58 -59 61 -61 -62 -63
leaf_value=-1.3193076780964348 -2.771601916267759 5.4845951151847849 11.710548816269094 -2.9809239264011387 8.9330731836954751 0.58609452320979194 3.3647940345605214 11.950160395882346 0.50348079323768624 -4.5388703220624196 3.3359896407983243 -1.2178791302442551 5.1989564331372584 0.96490682582855225 5.538560245037079 -0.67864221876248332 -0.49335936580101647 -0.30253826636821035 -0.78584947986480513 -0.53726828191015452 0.9784712633277689 0.8071777192390327 -1.6979560482501985 -1.0460634899139405 -0.8759955832163494 -2.0030390038944428 -0.82364626924781248 0.6117846628597805 -0.50707806836991087 -2.3670206833913414 -0.88823352609361916 -0.73224852895544434 -0.45618283606294929 -1.3758396175984413 -1.7523812242097492 -0.78632029551391802 0.62063338709914162 0.60496266229947404 0.40913543350406378 0.40295253977179524 -1.5111753183704886 -0.24731226639167683 -0.29524329985034442 -0.29056830184615179 0.7163601101709135 -1.1900273231484675 -0.043484238766609354 0.73974354197581604 0.19118542417883877 -0.91879567009315177 0.61009252648528034 -0.84346755448980515 0.53577038476864491 -0.66591303779635336 -0.55374654153361913 -0.61603832187323737 0.42323646522703628 0.20061068604389828 -0.5083089648073037 -0.55378669478676545 -0.51280156442324321 -0.25585859134894651
leaf_weight=33 20 35 21 24 23 25 23 21 20 25 38 23 20 24 31 38 29 32 38 26 27 32 23 20 89 20 33 20 20 28 27 92 28 30 78 23 22 29 37 31 21 36 113 22 32 21 46 23 20 56 40 36 23 85 31 28 20 20 456 21 149 146
leaf_count=33 20 35 21 24 23 25 23 21 20 25 38 23 20 24 31 38 29 32 38 26 27 32 23 20 89 20 33 20 20 28 27 92 28 30 78 23 22 29 37 31 21 36 113 22 32 21 46 23 20 56 40 36 23 85 31 28 20 20 456 21 149 146
internal_value=0.0142895 2.42078 4.02012 2.72704 3.53615 6.77521 5.12724 7.63697 2.64904 1.7383 3.53245 -0.325814 0.368684 2.96235 4.39061 -0.4668 -0.555181 -1.23513 -0.913894 -0.562189 -0.219326 -0.140186 -0.589593 -1.95551 -0.46246 -1.23249 -1.22967 -0.0351865 -1.16829 -1.88226 -0.208901 -0.44115 -0.397035 -1.35762 -1.48679 -0.163748 -0.126253 -0.171022 -0.112791 -0.181023 -0.246434 -0.139275 -0.231298 -0.0994103 0.308215 -0.609244 0.0252121 0.224358 -0.435923 -0.448242 -0.419722 -0.257337 -0.168832 -0.243262 -0.0139853 0.180187 -0.183105 -0.500478 -0.489059 -1.0546 -0.651736 -0.447618
internal_weight=2723 453 286 196 172 90 69 44 149 114 89 167 116 44 69 2270 1786 72 365 174 116 484 89 40 1421 58 191 46 43 51 452 1388 1150 162 129 425 402 380 342 313 282 261 224 167 54 57 97 69 1053 1033 941 283 247 224 119 88 48 105 658 51 238 602
internal_count=2723 453 286 196 172 90 69 44 149 114 89 167 116 44 69 2270 1786 72 365 174 116 484 89 40 1421 58 191 46 43 51 452 1388 1150 162 129 425 402 380 342 313 282 261 224 167 54 57 97 69 1053 1033 941 283 247 224 119 88 48 105 658 51 238 602
is_linear=0
shrinkage=0.05


Tree=45
num_leaves=63
num_cat=0
split_feature=24 45 16 2 9 38 16 24 24 24 38 2 45 42 28 16 24 45 12 38 42 16 16 9 40 38 24 9 38 0 45 38 28 24 4 24 24 28 0 24 16 24 16 40 40 45 0 41 39 9 9 42 16 28 42 24 9 24 28 9 16 24
split_gain=1.14731e+06 598167 319816 192628 248592 278761 261619 388935 132054 120279 108330 195590 113731 70253 39821.7 29005.8 21757 21298.7 13536.6 12779.7 13902 10087.4 13034.3 10942.1 9776.97 35410.1 9305.94 9790.58 9184.34 7021.81 13558 9050.43 14402.2 8826.71 8052.02 7257.68 6949.04 6635.44 6521.94 6137.94 2938.49 2615.26 2924.45 2237.03 2151.81 2825.33 2061.78 1771.65 1676.23 1622.02 4661.3 1741.81 2834.76 3570.81 3058.98 2690.34 6278.35 2715.85 3557.87 2504.32 2709.77 2350.15
threshold=173.13114373088686 9.5000000000000018 31.250000000000004 5.5000000000000009 1.5000000000000002 3.5000000000000004 19.650000000000002 310.02151185015293 567.31442426511899 138.11511659021409 8.5000000000000018 4.5000000000000009 8.5000000000000018 10.500000000000002 3.5000000000000004 15.65 115.83424103419516 9.5000000000000018 0.95000000000000007 1.5000000000000002 18.500000000000004 17.150000000000002 25.250000000000004 10.500000000000002 58.500000000000007 10.500000000000002 99.715182961992156 4.5000000000000009 8.5000000000000018 2.5000000000000004 9.5000000000000018 11.500000000000002 9.5000000000000018 122.72074356835824 47.500000000000007 126.08572977481235 121.35658951904365 36.500000000000007 5.5000000000000009 214.8057415902141 18.150000000000002 81.147853070226901 33.45000000000001 31.500000000000004 18.500000000000004 2.5000000000000004 4.5000000000000009 7.5000000000000009 4.5000000000000009 36.500000000000007 33.500000000000007 16.500000000000004 13.65 1.0000000180025095e-35 10.500000000000002 88.196621334772445 9.5000000000000018 98.460709043250347 46.500000000000007 10.500000000000002 16.150000000000002 104.77008720637161
decision_type=2 2 2 2 2 2 2 2 2 2 2 2 2 2 2 2 2 2 2 2 2 2 2 2 2 2 2 2 2 2 2 2 2 2 2 2 2 2 2 2 2 2 2 2 2 2 2 2 2 2 2 2 2 2 2 2 2 2 2 2 2 2
left_child=9 13 3 4 -3 6 7 -6 -8 16 11 -11 14 -2 -12 -9 17 28 -15 46 21 43 23 26 29 -26 -23 -28 -1 33 35 32 34 40 -32 36 47 38 -24 -20 -18 44 49 -21 -30 -46 -19 -31 -16 50 51 52 54 61 -43 56 -55 58 -57 60 -53 -54
right_child=1 2 -4 -5 5 -7 8 15 -10 10 12 -13 -14 18 48 -17 24 19 39 20 -22 22 37 -25 25 -27 27 -29 41 30 31 -33 -34 -35 -36 -37 -38 -39 -40 -41 -42 42 -44 -45 45 -47 -48 -49 -50 -51 -52 59 53 55 -56 57 -58 -59 -60 -61 -62 -63
leaf_value=-1.2552824707942851 1.6692598422050478 -1.0118546732989224 9.7106363900502526 -0.95285819096998736 9.140214461462838 8.4430245392139138 -2.6214749822162453 3.2060876211626779 2.9860712906292513 5.2999560093879703 0.78185936143000923 -0.87342122852802273 3.2524316291582021 -2.3419784644933848 -2.047641572761536 0.72216460358012802 0.26886980422117096 -0.5909594361698971 -0.23006879448890688 -1.3871652540083854 0.13901199226379396 -1.1133585227245377 -0.37216693633546433 -1.2295326005419096 1.9063637885451319 -0.71453504460198536 -0.45937490336596964 0.86157362346649169 -0.27069911464496899 -0.072516788017031153 -0.99695193754302136 0.14186949518593875 -1.8791994488912245 1.019932981988658 0.19330466369787855 -0.94183856924374898 0.56197440656220043 -2.0584734372960201 -1.3833418742517631 -1.4524293315410615 -0.42185720154808631 -1.1668781061920648 0.055506849493299218 -2.2176985829217091 -0.36963231556690657 -1.0517707201061042 -0.023685964034047238 -0.4435819362174897 -1.3114419749931052 -0.76035300426623398 0.20691626181525571 0.050401148724555971 0.34468025823434201 0.46355043760367798 -0.4327976443709397 -0.73633248697247433 -0.68013971595537093 -0.37429784900731894 -0.052000783185164136 -0.81994330890831513 -0.53109496786676613 -0.24298953507257545
leaf_weight=33 24 21 23 21 34 38 20 28 20 31 23 21 20 25 24 21 26 25 21 30 24 20 23 41 23 27 31 24 26 140 35 21 30 22 23 23 40 26 59 20 35 23 34 20 25 45 42 41 26 33 30 24 26 27 40 113 20 667 23 62 115 45
leaf_count=33 24 21 23 21 34 38 20 28 20 31 23 21 20 25 24 21 26 25 21 30 24 20 23 41 23 27 31 24 26 140 35 21 30 22 23 23 40 26 59 20 35 23 34 20 25 45 42 41 26 33 30 24 26 27 40 113 20 667 23 62 115 45
internal_value=0.0140414 2.84169 4.20946 3.54161 4.0626 4.72667 3.51966 5.10454 0.186622 -0.358207 1.03318 2.83733 0.00490124 -0.601401 -0.916694 2.17738 -0.447817 -0.528913 -1.43976 -0.869426 -1.00942 -1.11017 -0.958724 -0.582791 -0.150979 0.504721 -0.217647 0.122042 -0.440272 -0.227168 -0.324318 -0.785273 -1.00569 0.184894 -0.529593 -0.116014 -0.0261908 -1.35341 -1.10768 -0.846846 -0.12778 -0.419855 -0.400361 -1.75645 -0.673307 -0.816858 -0.241006 -0.158573 -1.69814 -0.412819 -0.402759 -0.418359 -0.390016 -0.367034 -0.714918 -0.395458 -0.0270525 -0.416954 -0.621861 -0.554472 -0.431014 -0.0259188
internal_weight=2723 316 226 203 182 161 123 83 40 2407 145 52 93 90 73 49 2262 1776 66 365 298 274 224 116 486 50 75 55 1411 436 353 109 88 83 58 244 221 108 82 41 61 1378 1282 50 96 70 67 181 50 1248 1215 1185 984 921 63 850 47 803 136 201 139 71
internal_count=2723 316 226 203 182 161 123 83 40 2407 145 52 93 90 73 49 2262 1776 66 365 298 274 224 116 486 50 75 55 1411 436 353 109 88 83 58 244 221 108 82 41 61 1378 1282 50 96 70 67 181 50 1248 1215 1185 984 921 63 850 47 803 136 201 139 71
is_linear=0
shrinkage=0.05


Tree=46
num_leaves=63
num_cat=0
split_feature=38 38 38 28 41 17 16 28 16 2 1 41 9 17 41 39 0 12 17 28 12 28 17 2 17 0 41 16 1 0 29 38 16 17 0 38 1 16 28 42 4 0 4 42 4 3 1 0 17 4 17 28 28 43 16 28 9 0 17 1 1 1
split_gain=296806 308071 189698 187401 290674 271585 192606 171989 193467 156130 245864 149514 108965 91372.1 159205 247290 136060 88296.6 89226.7 85105.5 59769.1 52557.1 27319.7 25949.4 25901.6 22469.1 21072.4 20304.9 70834.4 79744.4 33589.8 58034.5 17968.7 25580.9 9053.47 19153.5 14887.9 20740.7 12748.9 33772.6 9496.15 8855.32 7538.43 6756.82 6321.78 5910.69 4408.98 4393.49 3456.03 3446.46 3287.51 3674.58 4900.53 4517.14 3649.96 4801.13 5309.58 2981.65 2773.92 2689.37 5286.03 4306.74
threshold=8.5000000000000018 1.5000000000000002 11.500000000000002 1.0000000180025095e-35 1.5000000000000002 3.2895000000000003 12.750000000000002 13.500000000000002 27.450000000000003 4.5000000000000009 43.500000000000007 2.5000000000000004 19.500000000000004 1.2590000000000001 7.5000000000000009 3.5000000000000004 3.5000000000000004 0.60000000000000009 3.6575000000000002 11.500000000000002 0.95000000000000007 28.500000000000004 3.6575000000000002 2.5000000000000004 2.4265000000000003 9.5000000000000018 4.5000000000000009 27.150000000000002 52.500000000000007 9.5000000000000018 1.0000000180025095e-35 10.500000000000002 26.250000000000004 3.0640000000000005 9.5000000000000018 10.500000000000002 5.5000000000000009 25.250000000000004 8.5000000000000018 11.500000000000002 6.5000000000000009 5.5000000000000009 5.5000000000000009 11.500000000000002 2.5000000000000004 3.5000000000000004 55.500000000000007 10.500000000000002 1.3530000000000004 47.500000000000007 0.97550000000000014 47.500000000000007 9.5000000000000018 1.0000000180025095e-35 33.45000000000001 29.500000000000004 8.5000000000000018 8.5000000000000018 4.3545000000000007 19.500000000000004 32.500000000000007 44.500000000000007
decision_type=2 2 2 2 2 2 2 2 2 2 2 2 2 2 2 2 2 2 2 2 2 2 2 2 2 2 2 2 2 2 2 2 2 2 2 2 2 2 2 2 2 2 2 2 2 2 2 2 2 2 2 2 2 2 2 2 2 2 2 2 2 2
left_child=1 22 27 5 9 -3 -6 -4 -9 17 -11 12 21 -13 16 -16 -15 -5 25 26 -10 -8 41 -24 -23 45 -18 32 30 -30 31 -29 34 -34 35 -2 -36 38 39 40 44 -1 43 -40 -38 -19 48 -44 -37 -48 -33 52 53 -52 55 56 57 -54 -49 -42 -61 -62
right_child=2 3 7 4 6 -7 11 8 20 10 -12 13 -14 14 15 -17 19 18 -20 -21 -22 24 23 -25 -26 -27 -28 28 29 -31 -32 50 33 -35 36 46 37 -39 42 -41 59 -43 47 -45 -46 -47 49 58 -50 -51 51 -53 54 -55 -56 -57 -58 -59 -60 60 61 -63
leaf_value=-1.3578485036980021 -1.926071101228396 0.051861658746545962 5.4201475313186656 1.1269294216014722 6.5334326752749368 7.5765720991577412 0.75203321176416738 -2.806878187855085 0.33541823170401841 4.1822472732131546 -2.3297061923999962 3.1816061064932084 6.2882712559078051 1.9520083653926852 6.7033513045310986 0.071647610992193231 0.83324559052785241 -0.25243744029743337 -4.641451831895572 -3.6298950333065458 3.8078047535496378 2.2028615954092574 -3.4349438045501715 -1.2873752344125196 4.6843588057431313 -2.5858076728744948 -1.3174863260269165 1.957080461485633 -0.21796071144250725 3.8531480774801716 -1.9532255721914362 0.0053693609710105446 -0.31787167881474354 -2.3619681905110679 -1.101470890355607 -0.65854187976462653 -0.29991399476925534 1.2262497849941254 -0.60056400757407147 1.328792617723346 -0.17378121755272152 -0.035746975569955763 0.21546347199064317 -1.616809727549553 0.81833624336454602 -1.3002243739625683 -1.109962618253669 -0.23484129969946671 -0.41342421849594624 -0.32370529093864292 -0.18793830254803534 -0.82130739442611989 0.61585540950298312 -1.1290149887930603 0.4119599567760121 -0.82982935392856594 -0.71898665108463977 -0.15226781008420168 -0.7827763825387527 -1.1523305349179676 0.12091061692577428 -0.8124760105460882
leaf_weight=21 23 21 24 26 21 27 33 26 21 36 23 35 22 33 21 39 20 34 25 35 30 27 24 37 21 21 24 28 25 22 28 43 32 29 47 183 23 24 59 39 39 30 32 23 26 22 48 60 741 21 22 56 23 31 21 29 21 26 38 34 25 23
leaf_count=21 23 21 24 26 21 27 33 26 21 36 23 35 22 33 21 39 20 34 25 35 30 27 24 37 21 21 24 28 25 22 28 43 32 29 47 183 23 24 59 39 39 30 32 23 26 22 48 60 741 21 22 56 23 31 21 29 21 26 38 34 25 23
internal_value=0.0135861 0.919401 -0.287028 1.39342 1.11132 4.35286 1.99951 1.81514 0.636352 -0.463078 1.64709 1.67233 3.22068 0.890099 0.408079 2.46467 -0.705681 -1.441 -2.1002 -1.82644 2.41204 2.32092 -1.46717 -2.17418 3.36206 -1.22613 -0.342978 -0.397125 -0.0663624 1.72813 -0.327987 -0.170296 -0.476084 -1.31216 -0.441413 -0.526733 -0.264502 -0.173821 -0.256363 0.0209537 -0.285067 -0.595881 -0.528594 -0.901714 0.297843 -0.679745 -0.492412 -0.288117 -0.462635 -0.878781 -0.395676 -0.470699 -0.353111 -0.749186 -0.17339 -0.300483 -0.0725128 0.213286 -0.453117 -0.521669 -0.68298 -0.333689
internal_weight=2723 678 2045 566 518 48 331 101 77 187 59 310 103 207 172 60 112 128 102 79 51 81 112 61 48 77 44 1944 375 47 328 300 1569 61 1508 1016 492 445 421 209 170 51 212 82 49 56 993 130 924 69 272 229 173 53 120 99 70 49 98 121 82 48
internal_count=2723 678 2045 566 518 48 331 101 77 187 59 310 103 207 172 60 112 128 102 79 51 81 112 61 48 77 44 1944 375 47 328 300 1569 61 1508 1016 492 445 421 209 170 51 212 82 49 56 993 130 924 69 272 229 173 53 120 99 70 49 98 121 82 48
is_linear=0
shrinkage=0.05


Tree=47
num_leaves=63
num_cat=0
split_feature=24 45 38 17 16 17 16 28 28 16 12 1 24 40 40 4 45 24 38 6 40 16 22 1 43 9 4 24 24 40 40 1 24 38 17 5 32 40 28 1 33 24 1 39 41 42 1 41 20 45 28 40 40 4 45 41 24 1 16 4 5 9
split_gain=985596 573074 411085 306005 338173 230116 230968 189178 271624 66586.9 201992 55226.5 46315.1 125413 71221.3 40968 18572.4 25980.5 16160.2 11003.2 11437.6 10680.5 18531.6 18114.6 17478.8 18562.2 12452.3 10171.7 12666 9894.27 9954.11 7305.97 6652.75 6426.35 6405.38 3832.07 3457.18 3072.65 3981.45 2914.82 3075.44 2589.89 2466.87 2122.71 2093.9 2040.03 2156.42 4241.91 3903.6 3641.23 3670.91 3785.08 6468.65 3454.79 2878.7 2444.7 2166.71 3751.87 2463.12 2075.33 1887.36 1841.41
threshold=153.63228156400177 9.5000000000000018 3.5000000000000004 1.9615000000000002 27.450000000000003 5.9020000000000001 15.050000000000002 16.500000000000004 5.5000000000000009 19.950000000000003 0.60000000000000009 35.500000000000007 131.49946365561047 19.500000000000004 52.500000000000007 12.500000000000002 9.5000000000000018 126.08572977481235 1.5000000000000002 1.0000000180025095e-35 28.500000000000004 17.150000000000002 0.013900000000000001 20.500000000000004 1.0000000180025095e-35 4.5000000000000009 12.500000000000002 117.18572977481236 126.08572977481235 43.500000000000007 19.500000000000004 24.500000000000004 121.97663886572143 8.5000000000000018 2.5435000000000003 1.0000000180025095e-35 1.0000000180025095e-35 18.500000000000004 22.500000000000004 2.5000000000000004 1.0000000180025095e-35 110.12796694895319 39.500000000000007 5.5000000000000009 4.5000000000000009 16.500000000000004 24.500000000000004 6.5000000000000009 1.0000000180025095e-35 6.5000000000000009 44.500000000000007 12.500000000000002 7.5000000000000009 50.500000000000007 4.5000000000000009 8.5000000000000018 102.91074654703095 16.500000000000004 19.250000000000004 6.5000000000000009 1.0000000180025095e-35 12.500000000000002
decision_type=2 2 2 2 2 2 2 2 2 2 2 2 2 2 2 2 2 2 2 2 2 2 2 2 2 2 2 2 2 2 2 2 2 2 2 2 2 2 2 2 2 2 2 2 2 2 2 2 2 2 2 2 2 2 2 2 2 2 2 2 2 2
left_child=12 9 5 -4 -5 6 -3 8 -8 31 -11 -9 16 -14 15 -15 27 18 42 21 -21 35 23 24 25 -23 37 33 32 30 -28 -2 -29 -1 -12 -20 39 -25 -39 44 45 -31 43 -18 -35 46 48 -48 49 50 51 52 -41 55 56 60 57 -53 -58 -50 -49 -47
right_child=1 2 3 4 -6 -7 7 11 -10 10 34 -13 13 14 -16 -17 17 -19 19 20 -22 22 -24 26 -26 -27 29 28 -30 41 -32 -33 -34 36 -36 -37 -38 38 -40 40 -42 -43 -44 -45 -46 61 47 53 59 -51 -52 54 -54 -55 -56 -57 58 -59 -60 -61 -62 -63
leaf_value=-1.0462791475412008 -2.365349150533262 5.7574299614770084 11.17118689903846 0.62058483346303306 8.279805877948629 7.2431311979747965 2.2162893373436403 4.0971627902984622 -3.8102855523732995 4.6630371037396525 -0.26089070331482661 0.7737169683547247 3.2644270396232606 -2.8937907024530265 1.6870443869133791 -0.17564059403634844 0.29159955742684279 0.71672206438356834 -1.9178786224272195 -1.0472636998267402 0.52246351246650402 -0.79623600690261176 0.46058252334594729 -1.1534313131514049 -1.1938931893674951 1.1549278796177644 -1.0382714639411819 -0.036899857136562013 -1.1947169079525131 -1.9008979221752711 0.3078014259815216 -1.1287762388061073 0.72223292848042087 -0.35483313765214841 -1.3927834317419263 -0.99539341471411957 0.11931005089623588 -1.5769944003990721 -2.6059647001538959 -0.24642025832776673 -0.62631938844387025 -1.0339098289489745 -0.52918519535372333 -0.30621139963467919 -1.0129910149052739 -0.391282941442612 -0.44578596137293797 -0.230025191534968 -0.15240810000896454 -0.55678424774938162 0.49498266651080203 -0.89113966553551816 0.92615861302330382 0.41199636852368715 0.1701512985958441 -0.5914838148819076 0.22412630818784238 -0.065763244579235713 -0.32984916457440705 -0.66774308852966024 0.30327123381874782 -0.71522345395702303
leaf_weight=36 22 27 25 29 28 20 35 35 38 21 20 20 31 25 26 30 32 30 40 20 25 22 23 20 37 25 30 164 20 20 24 33 34 22 35 21 34 34 20 26 111 24 30 26 31 153 505 67 29 44 25 34 20 23 36 35 27 23 71 64 21 65
leaf_count=36 22 27 25 29 28 20 35 35 38 21 20 20 31 25 26 30 32 30 40 20 25 22 23 20 37 25 30 164 20 20 24 33 34 22 35 21 34 34 20 26 111 24 30 26 31 153 505 67 29 44 25 34 20 23 36 35 27 23 71 64 21 65
internal_value=0.0132983 2.34352 3.71108 6.61678 4.46098 2.31966 1.64198 0.73594 -0.929861 -0.347148 0.609843 2.92412 -0.374743 0.613482 -0.428454 -1.44086 -0.424788 -0.692065 -0.782751 -0.922201 -0.182684 -1.01924 -0.882212 -1.0042 -0.395921 0.243952 -1.29723 -0.346265 -0.0269378 -0.911747 -0.445207 -1.6569 0.0964054 -0.39256 -0.993284 -1.62156 -0.375801 -1.78869 -1.99864 -0.387635 -0.373112 -1.46159 -0.169097 0.0228827 -0.751516 -0.350466 -0.320903 -0.377213 -0.228304 -0.14116 -0.0694893 -0.130883 0.272149 -0.138573 -0.228887 -0.244058 -0.322095 -0.565055 -0.176451 -0.510431 -0.100727 -0.490718
internal_weight=2723 388 257 82 57 175 155 128 73 131 76 55 2335 112 81 55 2223 503 473 385 45 340 279 256 84 47 172 1720 218 98 54 55 198 1502 55 61 1466 74 54 1432 1379 44 88 58 53 1268 1050 651 399 306 262 237 46 146 191 123 155 57 98 93 88 218
internal_count=2723 388 257 82 57 175 155 128 73 131 76 55 2335 112 81 55 2223 503 473 385 45 340 279 256 84 47 172 1720 218 98 54 55 198 1502 55 61 1466 74 54 1432 1379 44 88 58 53 1268 1050 651 399 306 262 237 46 146 191 123 155 57 98 93 88 218
is_linear=0
shrinkage=0.05


Tree=48
num_leaves=63
num_cat=0
split_feature=24 38 38 28 2 38 40 17 9 42 28 24 38 1 43 4 30 24 1 40 0 24 42 16 30 4 28 24 38 24 0 0 38 38 16 1 1 16 24 4 24 38 38 1 24 12 24 24 9 12 9 40 2 9 16 16 16 40 12 24 41 4
split_gain=892932 422026 596131 369133 299729 394795 587620 204976 242524 274732 50462.5 41906 116288 122727 61718.2 33295 14239.1 16533.2 10156.2 8215.67 12894.8 10312.4 8107.47 13410.7 7883.41 9005.59 7638.78 7026.38 6379.98 5668.65 5389.43 5849.58 10743.7 8334.81 7983.54 5677.89 5149.91 5005.54 4748.25 6049.05 4473.01 4435.98 3628.14 3614.45 3588.6 3414.75 3521.91 2832.07 2767.22 2729.72 4598.34 2561.03 4006.85 4967.53 3756.3 5311.78 4296.47 3103.75 5132.56 3065.75 2555.39 3504.53
threshold=153.63228156400177 11.500000000000002 10.500000000000002 1.5000000000000002 1.5000000000000002 3.5000000000000004 44.500000000000007 3.6575000000000002 2.5000000000000004 11.500000000000002 17.500000000000004 131.49946365561047 6.5000000000000009 27.500000000000004 1.0000000180025095e-35 3.5000000000000004 1.2500000000000002 126.08572977481235 57.500000000000007 42.500000000000007 15.500000000000002 116.89901376146788 8.5000000000000018 24.650000000000002 2.7500000000000004 7.5000000000000009 11.500000000000002 117.18572977481236 11.500000000000002 124.94936613844872 1.0000000180025095e-35 7.5000000000000009 8.5000000000000018 1.5000000000000002 23.950000000000003 17.500000000000004 22.500000000000004 26.550000000000004 113.97742285237698 9.5000000000000018 121.35658951904365 10.500000000000002 7.5000000000000009 38.500000000000007 112.97663886572143 0.95000000000000007 105.18979357798166 110.56608562691135 4.5000000000000009 0.95000000000000007 4.5000000000000009 10.500000000000002 1.5000000000000002 11.500000000000002 24.350000000000005 17.150000000000002 15.15 22.500000000000004 0.95000000000000007 110.12796694895319 2.5000000000000004 50.500000000000007
decision_type=2 2 2 2 2 2 2 2 2 2 2 2 2 2 2 2 2 2 2 2 2 2 2 2 2 2 2 2 2 2 2 2 2 2 2 2 2 2 2 2 2 2 2 2 2 2 2 2 2 2 2 2 2 2 2 2 2 2 2 2 2 2
left_child=11 2 3 -2 -5 7 -7 8 -6 -10 -11 16 13 -13 26 -4 17 18 19 30 21 22 23 -21 25 -17 -14 51 41 40 44 32 33 -32 47 42 -27 -36 39 -37 -29 49 -33 48 -1 -34 -47 -35 -41 -24 -51 52 53 -18 55 56 -54 58 -53 -57 -59 -62
right_child=1 -3 15 4 5 6 -8 -9 9 10 -12 12 14 -15 -16 24 27 -19 -20 20 -22 -23 28 -25 -26 36 -28 29 -30 -31 31 35 45 34 37 38 -38 -39 -40 43 -42 -43 -44 -45 -46 46 -48 -49 -50 50 -52 57 54 -55 -56 59 -58 60 -60 -61 61 -63
leaf_value=0.55137150548753289 8.5358518376843673 8.1531973658289214 0.65743655592203143 -2.1755029557545984 -1.729475661257039 12.901424292688786 1.3994871603924297 -1.7993514647483828 8.5207049682617182 0.36275216221809392 3.3333278844295409 -0.28326915968548166 -1.1780235333669753 4.8886262379169469 1.0875707228694642 -2.5710083187194104 -0.259121963268724 0.52090956992962778 -1.6074093969345093 -1.1810062108933925 0.23954241511998356 -0.073870375487022105 -1.8581949605112493 0.38853541890780136 -0.5038861658459618 -0.77856083456675218 -2.6540998036520826 -0.069249518407198299 -2.0628794136914341 -0.76726457346569399 -0.21640822474161783 0.58982249354322747 -0.030270919872904724 -1.0748732830327132 -0.089191988810248993 -0.10585535281524064 -1.7411271014358061 -1.1730893680595216 0.0025594826539357502 -0.89402653341293326 0.52527760179929961 -0.75236271499324658 -0.21369509989724442 -1.2373109274941523 -0.36273888978091157 -0.94468277889139507 -0.29926384185547711 -1.8304485890739846 -0.099107871793565297 -0.52336888833479456 -1.547504214434712 -0.8765053231326434 -0.3896464231480723 0.70394273643493654 0.28210380212120389 -0.99237575292587277 0.42506064646244052 -0.43312138294832692 -0.36234042006089306 -0.26895631961822514 -0.29619946700545718 0.19238760205303751
leaf_weight=20 28 27 23 29 22 22 22 29 24 23 38 21 20 24 27 20 28 33 24 31 26 31 22 23 20 29 20 119 21 21 29 23 52 28 22 39 32 20 41 24 42 58 33 36 21 33 60 37 20 21 26 77 45 24 22 41 24 353 136 24 373 40
leaf_count=20 28 27 23 29 22 22 22 29 24 23 38 21 20 24 27 20 28 33 24 31 26 31 22 23 20 29 20 119 21 21 29 23 52 28 22 39 32 20 41 24 42 58 33 36 21 33 60 37 20 21 26 77 45 24 22 41 24 353 136 24 373 40
internal_value=0.0129794 2.23096 1.76671 3.23181 2.48393 3.24252 7.30947 1.88296 2.88843 4.08992 2.23727 -0.35637 0.583638 2.52128 -0.735627 -1.03695 -0.403973 -0.564277 -0.608483 -0.576419 -0.808429 -0.925915 -1.05564 -0.517497 -1.42551 -1.64409 -1.96292 -0.303631 -1.24717 -0.0142231 -0.463425 -0.508804 -0.659293 -0.977569 -1.1799 -0.310871 -1.30353 -0.620728 -0.461796 -0.620514 0.0880987 -1.09718 0.120791 -0.866944 0.0855606 -0.356087 -0.53595 -1.52626 -0.543043 -1.37207 -1.11045 -0.347952 -0.187218 0.19017 -0.313456 -0.412636 -0.104175 -0.381871 -0.551463 -0.733465 -0.334049 -0.248516
internal_weight=2723 388 361 237 209 180 44 136 107 85 61 2335 112 45 67 124 2223 854 821 797 259 233 202 54 101 81 40 1369 148 182 538 497 281 136 107 216 61 42 160 119 161 127 56 80 41 145 93 65 44 69 47 1187 208 52 156 134 69 979 213 65 766 413
internal_count=2723 388 361 237 209 180 44 136 107 85 61 2335 112 45 67 124 2223 854 821 797 259 233 202 54 101 81 40 1369 148 182 538 497 281 136 107 216 61 42 160 119 161 127 56 80 41 145 93 65 44 69 47 1187 208 52 156 134 69 979 213 65 766 413
is_linear=0
shrinkage=0.05


Tree=49
num_leaves=63
num_cat=0
split_feature=24 45 2 17 1 9 39 17 17 1 1 17 28 30 45 40 24 37 25 32 9 24 45 25 16 25 28 1 25 28 25 28 40 12 2 1 36 16 24 40 24 16 45 16 28 1 24 1 45 45 39 16 17 16 24 40 28 2 26 2 24 25
split_gain=809926 492794 342231 408629 313890 357966 252282 614937 383763 62109.1 169275 55634.7 47753.8 19244.5 20046 18121.3 16204.3 21041.2 13285.3 9036.93 8901.58 7932.77 6590.26 6301.59 6296.09 6229.62 6673.41 6527.84 6128.2 5288.75 5114.52 8245.27 5876.01 10227.1 4541.75 3639.57 3533.76 11412.4 8693.44 3527.06 7026.84 4221.9 4108.59 6596.04 4661.4 3433.42 8246.48 9717.16 3749.18 3315.86 5396.82 2714.77 2476.91 2409.67 2379.96 4426.37 2276.91 2779.68 2756.47 2412.16 2267.98 2155.9
threshold=138.93749470712774 9.5000000000000018 5.5000000000000009 1.6570000000000003 46.500000000000007 5.5000000000000009 4.5000000000000009 3.4860000000000002 3.6575000000000002 39.500000000000007 23.500000000000004 3.4490000000000003 16.500000000000004 2.0000000000000004 1.5000000000000002 3.5000000000000004 115.83424103419516 1.0000000180025095e-35 1.5000000000000002 1.0000000180025095e-35 9.5000000000000018 106.09289128900618 9.5000000000000018 5.5000000000000009 31.150000000000006 2.5000000000000004 1.5000000000000002 45.500000000000007 2.5000000000000004 34.500000000000007 4.5000000000000009 19.500000000000004 40.500000000000007 0.95000000000000007 2.5000000000000004 56.500000000000007 1.0000000180025095e-35 21.050000000000004 127.972093411176 6.5000000000000009 100.37286850152906 17.850000000000005 9.5000000000000018 19.650000000000002 17.500000000000004 30.500000000000004 122.72074356835824 24.500000000000004 9.5000000000000018 9.5000000000000018 4.5000000000000009 13.950000000000001 2.8345000000000007 20.250000000000004 111.67663886572144 30.500000000000004 1.0000000180025095e-35 3.5000000000000004 2.5000000000000004 1.0000000180025095e-35 112.47780164025578 1.5000000000000002
decision_type=2 2 2 2 2 2 2 2 2 2 2 2 2 2 2 2 2 2 2 2 2 2 2 2 2 2 2 2 2 2 2 2 2 2 2 2 2 2 2 2 2 2 2 2 2 2 2 2 2 2 2 2 2 2 2 2 2 2 2 2 2 2
left_child=16 9 3 -3 6 -6 7 -5 12 10 13 -12 -8 -2 -15 -14 17 20 22 23 -1 24 60 35 28 49 -27 30 -20 -26 32 -32 33 -28 -11 36 38 -38 45 40 41 -30 51 -44 -45 46 47 -18 61 54 -51 -41 -35 -29 -23 -56 57 -53 59 -58 -19 -47
right_child=1 2 -4 4 5 -7 8 -9 -10 34 11 -13 15 14 -16 -17 19 18 21 -21 -22 25 -24 -25 29 26 27 53 39 -31 31 -33 -34 52 -36 -37 37 -39 -40 42 -42 -43 43 44 -46 48 -48 -49 -50 50 -52 56 -54 -55 55 -57 58 -59 -60 -61 -62 -63
leaf_value=-0.76975357448353487 -2.1298423544565841 8.9803287774675038 -1.2609990564145539 -0.53136431232575443 11.564066108976093 2.2007654057849537 0.97892725843191153 9.3426594884467846 -4.422388271604266 -1.0570265628894171 4.5573683762550354 0.9825975333089414 2.2909744728528536 -1.3678613880964425 0.68656337022781377 4.4418143104470298 -0.27235390128087827 -0.87702491358706824 -0.8998868639561638 0.68069244789354721 -2.0220401787757876 -0.37908502951830253 -1.1989346621570918 -0.90342154741287239 -0.50224417377150421 0.73408886248314831 0.69198313969373704 -0.27234842059703979 0.047148394448416571 -1.4983823876857758 -0.10546343117952346 1.1948437994041228 -0.65589352478852136 -0.73027514271736149 -2.0916102720129084 -0.72767697112013896 -1.0463021645344355 0.36587457357645037 0.81140931103910718 -0.84679052547172251 0.59109341144561767 -0.7337238235047886 -0.08174086456096942 -1.3595473339750961 -0.50976180979699792 0.0062274097008630644 0.90428756083051365 0.75467532515525815 -0.72015620650471868 -1.2236197364330292 -0.17506119279861454 -0.38277712867373515 -0.037904061419623242 -1.0056806432117116 -0.52329828679561607 0.27742356720235611 -0.01860854591287318 0.42148469150066381 0.083198461497531226 -0.41973251963825486 -0.50457490196319232 -0.46503502798080443
leaf_weight=33 26 33 37 30 20 21 39 32 27 23 22 22 25 25 21 22 129 56 57 32 27 157 57 27 32 26 39 25 34 24 27 21 36 24 28 23 33 24 27 26 27 34 30 36 32 79 23 27 36 25 24 20 27 21 27 44 41 21 33 451 182 34
leaf_count=33 26 33 37 30 20 21 39 32 27 23 22 22 25 25 21 22 129 56 57 32 27 157 57 27 32 26 39 25 34 24 27 21 36 24 28 23 33 24 27 26 27 34 30 36 32 79 23 27 36 25 24 20 27 21 27 44 41 21 33 451 182 34
internal_value=0.0126213 1.94054 3.19715 3.86202 3.04226 6.93493 2.09601 4.63223 0.675985 -0.21769 0.422679 2.83165 2.30913 -1.06802 -0.435213 3.36942 -0.372797 -0.44323 -0.410496 -0.119184 -1.35727 -0.346653 -0.715797 -0.175948 -0.436815 -0.191295 -0.00797155 -0.0986171 -0.401724 -0.948046 0.0423523 0.476094 -0.125291 0.0917707 -1.65443 -0.128815 -0.09369 -0.455559 -0.0344566 -0.364446 -0.0778075 -0.34819 -0.403734 -0.703731 -0.972904 -0.106356 0.0412656 -0.0908923 -0.282825 -0.353469 -0.723913 -0.352961 -0.3716 -0.621511 -0.271021 -0.0300457 -0.328814 0.0292701 -0.356791 -0.386421 -0.595534 -0.13836
internal_weight=2723 453 286 249 216 41 175 62 113 167 116 44 86 72 46 47 2270 1776 1716 494 60 1421 295 462 898 523 246 220 842 56 174 48 126 90 51 435 412 57 355 785 95 68 690 98 68 328 179 156 149 277 49 592 51 46 228 71 566 41 525 492 238 113
internal_count=2723 453 286 249 216 41 175 62 113 167 116 44 86 72 46 47 2270 1776 1716 494 60 1421 295 462 898 523 246 220 842 56 174 48 126 90 51 435 412 57 355 785 95 68 690 98 68 328 179 156 149 277 49 592 51 46 228 71 566 41 525 492 238 113
is_linear=0
shrinkage=0.05


Tree=50
num_leaves=63
num_cat=0
split_feature=38 38 28 17 28 38 28 16 28 33 38 40 17 43 17 1 0 17 9 40 1 16 12 0 1 1 1 9 17 16 1 0 29 38 38 28 1 12 30 28 36 16 1 1 16 28 1 1 17 17 42 16 16 40 1 28 40 17 17 28 28 30
split_gain=216527 250670 166135 239225 167308 137437 131035 169401 123729 115040 123843 99306.7 187331 146644 101590 87964.2 89896.6 63288.7 92316.5 59882.5 56973.6 98304.8 55952.6 46543.1 33415.2 26809.7 26774.1 26574.8 21464 14323.2 54795.4 59201.5 32862.8 40420.3 17422.8 162930 10386.6 7533.79 6828.19 5114.07 13543.6 4988.61 4850.53 4095.06 5034.02 4063.59 4230.01 3728.93 4364.94 3622.76 4047.18 3292.77 5768.78 4737.46 5330.76 4718.46 4618.76 3097.56 3092.62 3088.32 4303.04 4645.53
threshold=8.5000000000000018 1.5000000000000002 1.0000000180025095e-35 3.2895000000000003 49.500000000000007 11.500000000000002 13.500000000000002 27.450000000000003 65.500000000000014 1.0000000180025095e-35 7.5000000000000009 23.500000000000004 7.4785000000000013 1.0000000180025095e-35 1.2590000000000001 18.500000000000004 10.500000000000002 3.3965000000000001 6.5000000000000009 46.500000000000007 23.500000000000004 20.350000000000005 0.95000000000000007 3.5000000000000004 43.500000000000007 39.500000000000007 46.500000000000007 17.500000000000004 7.0150000000000015 27.150000000000002 52.500000000000007 9.5000000000000018 1.0000000180025095e-35 10.500000000000002 10.500000000000002 11.500000000000002 34.500000000000007 0.95000000000000007 1.2500000000000002 2.5000000000000004 1.0000000180025095e-35 24.050000000000004 7.5000000000000009 32.500000000000007 15.750000000000002 1.0000000180025095e-35 19.500000000000004 38.500000000000007 4.644000000000001 7.3000000000000016 12.500000000000002 15.050000000000002 17.250000000000004 12.500000000000002 23.500000000000004 8.5000000000000018 12.500000000000002 0.97550000000000014 4.1490000000000009 47.500000000000007 9.5000000000000018 2.7500000000000004
decision_type=2 2 2 2 2 2 2 2 2 2 2 2 2 2 2 2 2 2 2 2 2 2 2 2 2 2 2 2 2 2 2 2 2 2 2 2 2 2 2 2 2 2 2 2 2 2 2 2 2 2 2 2 2 2 2 2 2 2 2 2 2 2
left_child=1 27 3 -3 9 29 -7 -8 -6 10 11 12 13 14 -4 16 -13 18 24 -19 -11 36 -9 -16 -17 -20 -15 28 37 34 32 -32 33 -31 35 -2 -22 -1 42 40 41 43 -36 44 -40 -46 -47 51 58 50 -50 -41 53 -53 -55 56 -54 -35 -49 60 -59 -62
right_child=5 2 4 -5 8 6 7 22 -10 20 -12 15 -14 26 23 17 -18 19 25 -21 21 -23 -24 -25 -26 -27 -28 -29 -30 30 31 -33 -34 57 38 -37 -38 -39 39 47 -42 -43 -44 -45 45 46 -48 48 49 -51 -52 52 55 54 -56 -57 -58 59 -60 -61 61 -63
leaf_value=-1.3236325295675886 1.4785394556705769 -0.032842281514948064 4.1364579033851632 7.0250048473903108 6.3951405958507372 4.6913408029556285 -2.7040868732002052 0.17729154857722199 1.3804280608275841 0.19787510275840761 3.7979941925795182 -0.76568034079339764 4.9517457365274433 -2.9151470480646409 1.7418961622938516 -2.2281355511700669 3.0574312146504723 -1.3770294979640416 -1.6612251399040223 2.1552498361042569 2.2622567952063779 5.7949858470190145 3.5290409717252182 -1.406219735145569 -4.980241662887857 0.65869694657921796 -0.55321697701578554 -2.9374213353002618 -2.384412775919551 1.6408024091556155 -0.15983322748771084 3.3488906614676766 -1.8978731073593273 0.065321718979288235 -1.094186766112405 -4.1865490181922915 0.76800800106742173 -0.20770326387648491 0.12450651435852052 -0.58919647819939114 0.93583411225566149 0.25528079472836995 -0.50316750617130945 -0.06542403122455609 -0.33183558188834966 -0.59727221108534756 -1.5391821325392951 -0.54019253383669175 0.42646501902739209 -0.73415763875712514 -0.35986725567115679 0.69555985267758369 0.12293948763892765 -0.45492242993310444 0.43191867798300732 -0.21132941014516493 -0.69453272343961447 -0.65901911802796853 -1.0711691304951003 -0.7165080537084948 -0.27590537399668053 0.48891058807373056
leaf_weight=21 25 21 25 27 22 24 26 21 28 27 22 35 24 27 23 26 26 27 24 20 30 20 30 22 23 24 22 21 20 28 25 22 28 43 40 24 21 50 24 83 26 41 275 81 48 33 20 223 29 22 35 24 20 42 27 281 114 53 32 56 96 24
leaf_count=21 25 21 25 27 22 24 26 21 28 27 22 35 24 27 23 26 26 27 24 20 30 20 30 22 23 24 22 21 20 28 25 22 28 43 40 24 21 50 24 83 26 41 275 81 48 33 20 223 29 22 35 24 20 42 27 281 114 53 32 56 96 24
internal_value=0.0123349 0.786011 1.21363 3.99944 0.948271 -0.244426 1.54489 0.516543 3.66913 0.650367 0.244584 0.00968998 1.01702 0.188769 1.64803 -0.694486 0.886793 -1.36586 -2.08932 0.13955 2.16441 2.89904 2.17896 0.205597 -3.59381 -0.511392 -1.88706 -1.36658 -0.976038 -0.338139 -0.0603195 1.518 -0.290422 -0.13457 -0.404455 -1.32433 1.67368 -0.551636 -0.373947 -0.31926 -0.128295 -0.243651 -0.581459 -0.34373 -0.522082 -0.67549 -0.974724 -0.374994 -0.507043 -0.195941 -0.00240416 -0.298067 -0.249427 0.105543 -0.106613 -0.329049 -0.572478 -0.322688 -0.610768 -0.395535 -0.288087 -0.120124
internal_weight=2723 678 566 48 518 2045 101 77 50 468 370 348 143 119 70 205 61 144 97 47 98 71 51 45 49 48 49 112 91 1944 375 47 328 300 1569 49 51 71 1520 1205 273 247 315 206 125 101 53 932 341 86 64 591 508 93 69 415 134 272 255 229 173 120
internal_count=2723 678 566 48 518 2045 101 77 50 468 370 348 143 119 70 205 61 144 97 47 98 71 51 45 49 48 49 112 91 1944 375 47 328 300 1569 49 51 71 1520 1205 273 247 315 206 125 101 53 932 341 86 64 591 508 93 69 415 134 272 255 229 173 120
is_linear=0
shrinkage=0.05


Tree=51
num_leaves=63
num_cat=0
split_feature=24 25 2 2 16 25 32 1 9 16 24 2 3 1 25 17 24 25 0 30 24 1 25 1 40 12 40 42 24 24 1 9 24 17 24 41 9 25 24 24 24 30 16 16 28 1 40 30 28 0 9 17 2 16 16 2 3 28 24 24 40 24
split_gain=708074 505361 203426 386782 204792 497439 437135 166229 144977 92264.1 69231.6 102977 210770 247748 50461.5 23779.8 12837.2 15752.1 8486.28 8002.08 7993.34 7710.57 21039 8703.33 7246.97 8846.45 13060.2 10097.4 6832.3 6651.96 5718.52 5326.28 13161.4 4614.55 6752.24 5760.71 5087.19 5060.16 4711.5 4384.53 3950.22 3859.36 4676.99 3279.57 3248.95 3394.37 3070.18 2817.07 2600.32 2651.8 2515.32 2480.38 2389.55 2281.02 4315.78 2221.95 3454.63 2171.67 4373.95 1950.07 1941.44 1924.44
threshold=173.13114373088686 2.5000000000000004 5.5000000000000009 4.5000000000000009 24.250000000000004 15.500000000000002 1.0000000180025095e-35 32.500000000000007 9.5000000000000018 16.850000000000005 138.11511659021409 3.5000000000000004 7.5000000000000009 27.500000000000004 5.5000000000000009 2.3905000000000007 115.83424103419516 1.5000000000000002 13.500000000000002 1.2500000000000002 111.79105921601335 29.500000000000004 3.5000000000000004 24.500000000000004 41.500000000000007 0.80000000000000016 62.500000000000007 8.5000000000000018 96.716201834862389 112.29522588268003 6.5000000000000009 18.500000000000004 129.87151197426428 4.3020000000000005 106.09289128900618 6.5000000000000009 13.500000000000002 2.5000000000000004 92.588566186107485 122.72074356835824 106.75005570117956 1.2500000000000002 17.450000000000003 20.450000000000003 5.5000000000000009 29.500000000000004 47.500000000000007 1.2500000000000002 5.5000000000000009 7.5000000000000009 13.500000000000002 2.4510000000000005 2.5000000000000004 12.15 13.65 1.5000000000000002 3.5000000000000004 1.0000000180025095e-35 99.960799694189618 118.11619811381279 37.500000000000007 98.460709043250347
decision_type=2 2 2 2 2 2 2 2 2 2 2 2 2 2 2 2 2 2 2 2 2 2 2 2 2 2 2 2 2 2 2 2 2 2 2 2 2 2 2 2 2 2 2 2 2 2 2 2 2 2 2 2 2 2 2 2 2 2 2 2 2 2
left_child=10 -2 3 4 6 -6 7 8 -3 -8 16 14 13 -13 15 -12 17 20 21 24 -1 23 41 31 30 -26 27 -27 -29 53 -19 32 39 34 38 50 37 -36 -32 46 -30 42 -23 -37 -31 -46 51 -22 49 -43 -35 -18 -44 -21 -55 -40 -57 58 -56 -50 -54 -59
right_child=1 2 -4 -5 5 -7 9 -9 -10 -11 11 12 -14 -15 -16 -17 18 19 -20 29 47 22 -24 -25 25 26 -28 28 40 44 33 -33 -34 35 36 43 -38 -39 55 -41 -42 48 52 -45 45 -47 -48 -49 59 -51 -52 -53 60 54 57 56 -58 61 -60 -61 -62 -63
leaf_value=-1.4767946104569869 8.0956516473943534 -3.1250215876102452 -1.8730933774772447 6.7101556511615446 7.268601669010363 -1.3857690253257751 1.0332825133949519 -5.0970107409448344 2.4314287971413657 4.7736190785749546 -0.68139844641089442 0.2308067637902719 -1.8193275974273684 7.0182657103879116 -2.3786645520650427 1.6255246580214728 -0.49683769013347301 0.29100554644580812 0.70971664554086233 0.22497212750571116 -0.84725819187721729 0.14086236412326497 -1.8525580479881982 0.75408961469786506 -1.3469994929496281 0.14225681239908392 0.28436870677603621 -1.6894227272669475 -0.19121651162271916 0.52525917423738011 -0.072474419070211682 0.47287421080996012 -1.3541774812611667 -1.2641615530160759 -0.1778343005713664 0.10193139981340478 -0.56000528426308716 0.64526976479066389 -0.35407916598849831 0.53401663992140025 -1.0840145932038625 0.048566771960602356 -0.24254705626031631 -0.70507518231868749 0.35714027318087493 -0.48718208010380093 0.38457217222168333 -0.51264580925220049 -0.11629732589087181 -0.69337739301764445 -0.53130444407463073 -0.0049712496805698319 -0.52897379018852253 -0.90802888894903244 0.59177177213487175 -1.3793855498313903 -0.55654723331332201 -0.413363585639131 -0.30737859984369659 0.42633601610445315 -1.2375933569127864 -0.24470676037167183
leaf_weight=32 32 23 37 37 37 29 31 32 22 36 23 26 24 27 25 20 57 30 28 20 107 23 21 34 46 21 35 29 22 36 37 33 21 38 37 26 27 36 26 26 29 25 22 23 21 25 20 173 30 22 20 46 22 28 20 24 31 272 37 35 21 468
leaf_count=32 32 23 37 37 37 29 31 32 22 36 23 26 24 27 25 20 57 30 28 20 107 23 21 34 46 21 35 29 22 36 37 33 21 38 37 26 27 36 26 26 29 25 22 23 21 25 20 173 30 22 20 46 22 28 20 24 31 272 37 35 21 468
internal_value=0.0120953 2.23348 1.54685 2.06466 1.21822 3.50192 0.154551 -2.40101 -0.414623 3.08373 -0.280341 0.775289 2.01615 3.7546 -0.638592 0.404033 -0.348324 -0.410618 -0.120297 -0.341444 -0.733062 -0.172487 -0.384233 0.0257277 -0.495088 -0.751629 -0.541855 -0.8282 -1.08162 -0.251996 -0.36181 -0.099338 -0.212559 -0.422793 -0.288544 -0.691059 0.01413 0.231247 -0.543053 -0.0436718 -0.710066 -0.221584 -0.467375 -0.283293 0.176204 -0.102227 -0.169147 -0.643093 -0.0259917 -0.305832 -1.02483 -0.279377 -0.681546 -0.293714 -0.306552 -0.754443 -0.933913 -0.284303 0.01279 0.177847 -0.895419 -0.30718
internal_weight=2723 316 284 247 210 66 144 77 45 67 2407 145 77 53 68 43 2262 1776 486 1464 312 458 221 237 537 182 136 101 80 927 355 203 170 325 218 107 100 73 118 149 51 200 88 49 82 46 123 280 112 47 58 103 65 845 825 81 55 797 57 65 43 740
internal_count=2723 316 284 247 210 66 144 77 45 67 2407 145 77 53 68 43 2262 1776 486 1464 312 458 221 237 537 182 136 101 80 927 355 203 170 325 218 107 100 73 118 149 51 200 88 49 82 46 123 280 112 47 58 103 65 845 825 81 55 797 57 65 43 740
is_linear=0
shrinkage=0.05


Tree=52
num_leaves=63
num_cat=0
split_feature=24 25 2 25 0 0 24 33 1 2 43 38 14 38 24 16 1 45 0 39 38 1 24 25 16 24 16 12 0 24 24 1 38 16 24 0 24 16 41 25 4 24 32 1 33 25 24 16 16 1 0 24 39 4 25 45 4 24 1 25 39 41
split_gain=646660 761092 227448 319691 301522 216028 141667 315729 144784 312516 242984 309423 145399 129759 81268.6 80497.4 35107.1 11768.8 43200.8 17794.8 19922 16120 16359.8 14348.3 13214.6 14783.8 10411.5 8639.63 7455.15 6036.86 12948 4981.6 4950.4 4714.48 5042.08 3775.14 4437.27 4314.48 3660.5 5099.69 3312.85 3256.18 2958.8 2660.59 2732.57 2681.09 5257.03 3132.83 3979.61 4214.06 3909.24 2853.86 2785.42 3567 2650.84 4757.53 3399.55 2933.9 2816.07 3552 2692.27 2538.69
threshold=221.21921952817829 4.5000000000000009 2.5000000000000004 32.000000000000007 5.5000000000000009 3.5000000000000004 138.11511659021409 1.0000000180025095e-35 28.500000000000004 1.5000000000000002 1.0000000180025095e-35 10.500000000000002 1.0000000180025095e-35 8.5000000000000018 159.88409819538262 18.250000000000004 12.500000000000002 9.5000000000000018 14.500000000000002 3.5000000000000004 2.5000000000000004 39.500000000000007 126.08572977481235 3.5000000000000004 17.650000000000002 103.82027464126089 17.850000000000005 0.95000000000000007 3.5000000000000004 126.08572977481235 121.35658951904365 32.500000000000007 8.5000000000000018 20.250000000000004 113.62642035029192 3.5000000000000004 113.97742285237698 20.350000000000005 1.5000000000000002 2.5000000000000004 12.500000000000002 117.18572977481236 1.0000000180025095e-35 2.5000000000000004 1.0000000180025095e-35 1.5000000000000002 108.59332809086938 30.450000000000003 17.050000000000004 47.500000000000007 2.5000000000000004 112.97663886572143 4.5000000000000009 11.500000000000002 4.5000000000000009 1.5000000000000002 51.500000000000007 101.29177134791816 51.500000000000007 2.5000000000000004 3.5000000000000004 3.5000000000000004
decision_type=2 2 2 2 2 2 2 2 2 2 2 2 2 2 2 2 2 2 2 2 2 2 2 2 2 2 2 2 2 2 2 2 2 2 2 2 2 2 2 2 2 2 2 2 2 2 2 2 2 2 2 2 2 2 2 2 2 2 2 2 2 2
left_child=6 -2 5 -4 15 26 17 8 12 -10 11 -11 13 -8 -15 -5 -16 29 19 20 -19 22 23 31 -25 -26 -3 -22 40 30 32 35 61 -30 -35 37 -37 -21 39 -29 -23 42 43 -34 45 51 54 48 50 52 -48 -45 -50 -54 57 -56 -57 -47 59 -59 -61 -1
right_child=1 2 3 4 -6 -7 7 -9 9 10 -12 -13 -14 14 16 -17 -18 18 -20 21 27 28 -24 24 25 -27 -28 38 33 -31 -32 -33 41 34 -36 36 -38 -39 -40 -41 -42 -43 -44 44 -46 46 47 -49 49 -51 -52 -53 53 -55 55 56 -58 58 -60 60 -62 -63
leaf_value=-1.1890842906995254 11.779558446066719 2.7136611408279059 7.6391705106455703 1.3431483924799954 -3.7055772529329576 -3.5635720854997639 2.4988717561154754 6.7719341519900738 -3.2343370105670051 8.7847672128677363 -0.11314347633948695 1.2965471552774825 -3.8289517631530767 1.1168150293827057 -1.0011436448778424 5.1673829483985907 -3.9962039865766261 -0.10739020378966083 1.2465676149725915 -1.6837310809674471 -2.105669335474571 -0.89543257466384341 0.94096648739916933 -0.78828954772949222 -0.19948779934439168 1.4339419601581715 1.0334176867348808 -1.3127504568750208 -1.762758127110345 -0.92910203113275414 0.50816316435734432 0.0050850217399143038 -0.64409615151998079 -1.3707978028059005 -0.27812847472372509 -0.94157731206328776 0.038922258496639273 -0.68563142317418868 -1.5259613685896902 -0.21105650804259565 -0.16854382638868534 -0.032358591251356678 0.17013241379601618 -0.67274958243241179 -0.52185496723545455 -0.62127580336928379 -0.27324613593873526 0.51965178529421496 -0.54869637590387599 0.32083488533573767 0.58407730052600038 -0.29726723801613802 -0.4384906300391469 0.2921865891572088 0.053156394338983254 -0.36456577270387625 0.23719054453648056 -0.47183847792703526 -0.66550502955913549 -0.40803515678462693 0.086220409638704143 -0.40081616878509529
leaf_weight=21 20 20 28 28 20 31 36 20 25 27 38 28 29 23 20 28 20 37 31 22 35 27 27 24 28 26 20 21 27 33 53 20 53 23 20 26 20 25 32 21 37 138 34 73 111 99 20 23 68 30 36 172 34 31 126 271 25 86 43 38 93 22
leaf_count=21 20 20 28 28 20 31 36 20 25 27 38 28 29 23 20 28 20 37 31 22 35 27 27 24 28 26 20 21 27 33 53 20 53 23 20 26 20 25 32 21 37 138 34 73 111 99 20 23 68 30 36 172 34 31 126 271 25 86 43 38 93 22
internal_value=0.0116331 2.77839 1.68857 3.16695 1.44141 -0.490773 -0.202796 0.886601 0.382619 1.63918 2.9698 5.0639 -0.779465 0.143125 -1.22095 3.31246 -2.55974 -0.331241 -0.537686 -0.65104 -1.11419 -0.456313 -0.189404 -0.35329 0.167266 0.59866 1.91936 -1.45181 -0.88588 -0.267947 -0.254571 -0.710971 -0.279412 -1.24094 -0.880565 -0.86343 -0.523409 -1.17828 -1.11854 -0.779738 -0.484335 -0.264849 -0.286694 -0.297655 -0.283879 -0.262648 -0.22664 -0.0228685 -0.0819713 -0.206746 0.278381 -0.411446 -0.327293 -0.0907909 -0.289664 -0.203863 -0.313097 -0.389662 -0.299409 -0.224122 -0.0591186 -0.804173
internal_weight=2723 195 175 104 76 71 2528 266 246 118 93 55 128 99 63 56 40 2262 529 498 146 352 218 191 78 54 40 109 134 1733 1700 113 1647 70 43 93 46 47 74 42 64 1604 1466 1432 1379 1268 1023 242 219 163 56 245 133 65 781 422 296 359 260 217 131 43
internal_count=2723 195 175 104 76 71 2528 266 246 118 93 55 128 99 63 56 40 2262 529 498 146 352 218 191 78 54 40 109 134 1733 1700 113 1647 70 43 93 46 47 74 42 64 1604 1466 1432 1379 1268 1023 242 219 163 56 245 133 65 781 422 296 359 260 217 131 43
is_linear=0
shrinkage=0.05


Tree=53
num_leaves=63
num_cat=0
split_feature=24 25 28 1 1 24 45 18 1 40 45 24 2 28 1 25 40 45 45 25 24 40 24 40 16 42 16 9 24 42 24 25 1 24 25 24 16 16 16 16 25 26 9 16 30 28 24 24 40 45 24 1 24 25 24 1 0 24 25 24 9 16
split_gain=586976 439320 200256 251781 309705 260477 204927 310680 140188 132266 67343.9 54736.3 76743 186780 126045 61359.4 57296.4 40988.8 15559.3 28018.8 28611.5 42133.7 20510.9 9317.64 8892.07 8212.18 7580.34 8874.01 13431 8078.21 5883.46 15115.4 4400.57 3324.57 3310.49 3809.9 3876.07 5096.46 3394.11 4055.78 3100.02 3037.65 3998.69 6322.79 3658.76 2992.11 2922.55 2767.64 3194.19 3350.76 2669.36 2540.25 2539.12 2701.19 2276.3 2175.28 2043.56 1769.15 3683.01 4210.44 4480.05 4953.83
threshold=173.13114373088686 2.5000000000000004 1.0000000180025095e-35 25.500000000000004 10.500000000000002 212.9870642201835 9.5000000000000018 1.0000000180025095e-35 47.500000000000007 6.5000000000000009 9.5000000000000018 131.49946365561047 3.5000000000000004 17.500000000000004 38.500000000000007 5.5000000000000009 39.500000000000007 5.5000000000000009 9.5000000000000018 2.5000000000000004 111.49482068390327 28.500000000000004 116.38613497358911 39.500000000000007 28.750000000000004 15.500000000000002 17.150000000000002 1.5000000000000002 99.715182961992156 10.500000000000002 117.18572977481236 2.5000000000000004 50.500000000000007 112.97663886572143 1.5000000000000002 105.88971166448231 13.250000000000002 15.050000000000002 26.050000000000004 17.050000000000004 2.5000000000000004 1.5000000000000002 8.5000000000000018 22.350000000000005 2.0000000000000004 9.5000000000000018 112.47780164025578 113.62642035029192 42.500000000000007 3.5000000000000004 110.99108562691133 25.500000000000004 121.97663886572143 1.5000000000000002 112.03572977481235 34.500000000000007 5.5000000000000009 81.147853070226901 5.5000000000000009 96.930783093053762 16.500000000000004 19.150000000000002
decision_type=2 2 2 2 2 2 2 2 2 2 2 2 2 2 2 2 2 2 2 2 2 2 2 2 2 2 2 2 2 2 2 2 2 2 2 2 2 2 2 2 2 2 2 2 2 2 2 2 2 2 2 2 2 2 2 2 2 2 2 2 2 2
left_child=11 -2 -3 4 5 -4 -5 -8 9 -9 -6 18 15 14 16 17 -14 -13 30 23 24 -22 -23 32 25 26 -21 -28 -29 -30 34 52 54 -25 46 40 -37 -38 39 50 -36 42 43 44 -41 56 -1 48 49 -40 -39 -35 53 -32 -20 -56 -44 -42 59 -59 -61 -62
right_child=1 2 3 6 10 -7 7 8 -10 -11 -12 12 13 -15 -16 -17 -18 -19 19 20 21 22 -24 33 -26 -27 27 28 29 -31 31 -33 -34 51 35 36 37 38 47 41 57 -43 45 -45 -46 -47 -48 -49 -50 -51 -52 -53 -54 -55 55 -57 -58 58 -60 60 61 -63
leaf_value=-0.75781853026357193 7.4992334371624567 5.7689220128456755 -1.6998980440412248 -1.3299627286376374 -0.96564996014470639 6.1174230312623763 6.8392005313971103 2.3090037600657882 4.9485793672366576 -2.0290689086914067 -4.4795904066623784 -1.3303170463017056 -2.586021230796288 5.5939327530427416 3.0980620921099629 -2.2895486830126859 0.81274848396127874 1.4123111411852716 -0.86178140566899231 -1.131404731818608 -0.96255676086132347 0.35745180992853076 2.5267079813957221 -1.7976355633139613 -1.1908254982829094 0.54992774784564979 -0.94790471427580902 -0.92213161211013794 1.244775888522466 -0.032637774790486983 -0.028390787374849125 -0.96180573143277859 -1.2656534355027336 -0.64519354072709878 -0.72361602256033164 0.5293168905803135 -0.76448553894505356 -0.13027682091774687 0.66177078788479171 -0.66913891771977596 -0.4913805252708951 -0.63790288606468515 0.11560779563842283 -1.021586207843596 0.12448323926260306 0.34103893072832198 -0.35759149677622226 0.64297521772838773 -0.44832496316344655 -0.11179500155589162 0.59046245073278747 -1.3494805698167713 0.54836543106370506 0.49538061156388252 -0.5827543333505697 -0.018711710338081635 -0.42708444181084632 -0.7368505210336298 -0.12190068556483823 -0.38911104594322821 -0.38995683814798088 0.51458317866831116
leaf_weight=57 32 23 20 32 22 21 38 38 21 31 38 20 28 21 26 30 21 38 38 34 25 20 24 31 39 21 33 24 20 30 119 34 27 23 44 20 32 27 23 21 97 48 30 30 42 41 242 20 26 33 23 41 35 30 46 27 39 63 270 215 27 32
leaf_count=57 32 23 20 32 22 21 38 38 21 31 38 20 28 21 26 30 21 38 38 34 25 20 24 31 39 21 33 24 20 30 119 34 27 23 44 20 32 27 23 21 97 48 30 30 42 41 242 20 26 33 23 41 35 30 46 27 39 63 270 215 27 32
internal_value=0.0113186 2.03385 1.39386 0.987753 -0.961113 2.3543 2.21633 3.10638 1.47241 0.358799 -3.22818 -0.254939 0.571716 1.54232 0.349125 -0.4925 -1.14218 0.459974 -0.323591 -0.568111 -0.220091 0.65211 1.57065 -0.968711 -0.521274 -0.353738 -0.491287 -0.279246 0.0275364 0.492618 -0.251791 -0.00898238 -0.69767 -1.35101 -0.287 -0.249587 -0.135045 -0.166746 -0.117495 -0.201812 -0.318981 -0.283613 -0.1971 -0.436569 -0.146301 0.00742432 -0.436177 0.130817 -0.000280785 0.211868 0.206242 -1.11027 0.171303 0.0796327 -0.549401 -0.377275 -0.192779 -0.292694 -0.260179 -0.370263 -0.283584 0.100958
internal_weight=2723 316 284 261 101 41 160 128 90 69 60 2407 184 96 75 88 49 58 2223 503 270 69 44 233 201 162 141 107 74 50 1720 218 138 95 1502 1203 455 435 403 301 748 251 203 93 63 110 299 102 82 56 50 64 184 149 111 73 69 704 607 337 274 59
internal_count=2723 316 284 261 101 41 160 128 90 69 60 2407 184 96 75 88 49 58 2223 503 270 69 44 233 201 162 141 107 74 50 1720 218 138 95 1502 1203 455 435 403 301 748 251 203 93 63 110 299 102 82 56 50 64 184 149 111 73 69 704 607 337 274 59
is_linear=0
shrinkage=0.05


Tree=54
num_leaves=63
num_cat=0
split_feature=24 25 28 9 24 2 24 28 40 30 4 40 25 2 28 17 16 16 45 0 39 1 37 24 40 16 9 25 16 2 1 24 24 25 16 2 24 25 24 16 16 17 4 1 16 16 17 9 25 24 24 40 28 16 9 1 41 25 4 28 39 2
split_gain=541397 672694 236226 484988 370967 119015 113313 182182 325752 483803 167362 166518 118172 189056 107423 106889 95751.7 76706.7 9894.51 37892.2 15662.2 13812.1 13753.8 20555.6 7939.73 7912.21 15299.1 7611.65 16680.2 7005.58 5926.99 5083.4 10886.4 4747.3 2963.35 4046.07 2815.1 2988.94 3439.37 3513.65 4615.08 5408.44 4734.89 4313.74 3749.13 5288.29 5086.73 3822.97 2807.21 2645.72 2593.18 3409.15 2500.78 3413.6 2400.64 2346.14 2490.75 2035.09 1782.03 1923.11 2978.64 2101.93
threshold=221.21921952817829 4.5000000000000009 8.5000000000000018 16.500000000000004 310.02151185015293 2.5000000000000004 138.11511659021409 17.500000000000004 44.500000000000007 1.2500000000000002 4.5000000000000009 36.500000000000007 4.5000000000000009 3.5000000000000004 25.500000000000004 1.9205000000000003 22.950000000000003 22.250000000000004 9.5000000000000018 14.500000000000002 3.5000000000000004 39.500000000000007 1.0000000180025095e-35 126.08572977481235 18.500000000000004 31.650000000000006 8.5000000000000018 3.5000000000000004 21.250000000000004 3.5000000000000004 37.500000000000007 126.08572977481235 121.35658951904365 3.5000000000000004 18.150000000000002 2.5000000000000004 117.18572977481236 1.5000000000000002 105.88971166448231 13.250000000000002 15.050000000000002 7.2565000000000008 5.5000000000000009 28.500000000000004 19.750000000000004 26.050000000000004 1.5190000000000001 16.500000000000004 2.5000000000000004 112.47780164025578 113.4161981138128 40.500000000000007 10.500000000000002 22.850000000000005 7.5000000000000009 29.500000000000004 1.5000000000000002 2.5000000000000004 1.5000000000000002 1.0000000180025095e-35 4.5000000000000009 1.0000000180025095e-35
decision_type=2 2 2 2 2 2 2 2 2 2 2 2 2 2 2 2 2 2 2 2 2 2 2 2 2 2 2 2 2 2 2 2 2 2 2 2 2 2 2 2 2 2 2 2 2 2 2 2 2 2 2 2 2 2 2 2 2 2 2 2 2 2
left_child=6 -2 3 5 -4 -3 18 10 9 -9 11 -8 15 -14 -6 -12 -17 -16 31 20 24 22 -22 27 -20 26 30 55 -29 34 -26 32 36 -31 -23 -36 37 49 48 -40 -41 42 43 -42 46 47 -44 52 -39 -1 51 -47 -46 -54 -48 56 -24 -43 -50 60 -60 -61
right_child=1 2 4 -5 14 -7 7 8 -10 -11 12 -13 13 -15 17 16 -18 -19 19 -21 21 29 23 -25 25 -27 -28 28 -30 33 -32 -33 -34 -35 35 -37 -38 38 39 40 41 57 44 -45 45 50 54 -49 58 -51 -52 -53 53 -55 -56 -57 -58 -59 59 61 -62 -63
leaf_value=-0.72058089881107723 11.004394791012718 3.9038566435467121 -4.7517160012251862 -2.4096666072309016 -0.36912827137538362 9.4344387140481363 -0.55639851070585711 9.1924335268537192 -2.0518561392245087 -0.80927799860636385 -1.8699798788178352 5.6561661884059085 0.22656296170643861 -4.9663534134977008 1.4981202769676845 3.5082832414453686 -0.72207663245823073 5.4890072083473207 -0.40526511925458908 1.1815664759278297 -1.0901552875602947 -1.5715088175351803 -0.93054120951715635 1.4037758229089821 -0.081906140586909135 -2.0958848184088001 -1.9497689204380433 -0.51163964419751551 1.0480738134495915 -0.86216659487440028 -1.1054500434875487 -0.84865983938469614 0.46963000200412885 0.058946495709880711 -0.48857465859615434 -1.3841472654757292 -0.041756025967953657 -0.6882392328249084 0.50411133743467784 -0.7274195824969899 0.087816943882831511 -0.27475971137483918 -0.31898547131082289 -0.70849563455581666 -0.79875051365958327 0.36685845646262166 0.9636556602560955 0.11762664703222424 0.08981690578162671 -0.33978549839476502 0.70658725988297233 -0.34532065657706101 0.24570045647167027 -0.62964399735132848 0.30933539637705176 -0.03304013180236022 -0.33448153924287816 -0.95737835912600799 0.35145896060126169 -0.019958825024691495 -0.42599250393919652 -0.34678108125768764
leaf_weight=57 20 21 28 20 34 22 20 29 22 20 30 22 36 33 29 32 22 21 39 31 33 25 33 22 33 22 28 36 31 25 24 33 53 30 32 22 145 44 20 32 27 23 22 44 35 39 22 38 31 242 20 28 20 23 40 23 40 22 27 54 21 571
leaf_count=57 20 21 28 20 34 22 20 29 22 20 30 22 36 33 29 32 22 21 39 31 33 25 33 22 33 22 28 36 31 25 24 33 53 30 32 22 145 44 20 32 27 23 22 44 35 39 22 38 31 242 20 28 20 23 40 23 40 22 27 54 21 571
internal_value=0.0110459 2.54262 1.5185 3.94178 0.132544 6.88368 -0.185156 0.789142 2.93855 5.17546 -0.00443635 2.75355 -0.774526 -2.2924 1.79744 0.484544 1.80292 3.24915 -0.300029 -0.489316 -0.595496 -0.412882 -0.165871 0.00394856 -1.02993 -1.25171 -1.01133 -0.192362 0.214746 -0.810493 -0.524587 -0.241997 -0.229726 -0.367571 -1.11034 -0.872061 -0.252505 -0.272806 -0.237256 -0.128425 -0.158608 -0.11174 -0.0460145 -0.408589 0.0447716 -0.0716223 0.323649 -0.291575 -0.30319 -0.414555 0.221572 0.0684565 -0.489959 -0.226062 0.553204 -0.475826 -0.612934 -0.622151 -0.278175 -0.295241 0.00946971 -0.318629
internal_weight=2723 195 175 63 112 43 2528 266 71 49 195 42 153 69 84 84 54 50 2262 529 498 352 218 185 146 107 85 163 67 134 57 1733 1700 55 79 54 1647 1502 1203 455 435 403 358 71 287 203 84 116 748 299 87 67 78 43 62 96 73 45 704 673 48 625
internal_count=2723 195 175 63 112 43 2528 266 71 49 195 42 153 69 84 84 54 50 2262 529 498 352 218 185 146 107 85 163 67 134 57 1733 1700 55 79 54 1647 1502 1203 455 435 403 358 71 287 203 84 116 748 299 87 67 78 43 62 96 73 45 704 673 48 625
is_linear=0
shrinkage=0.05


Tree=55
num_leaves=63
num_cat=0
split_feature=24 25 42 28 40 33 24 33 2 28 2 39 24 16 16 28 4 24 37 38 3 25 38 24 40 38 24 25 28 16 39 16 25 16 45 39 2 41 38 40 38 16 16 41 39 40 24 16 20 16 30 16 40 17 45 17 38 45 17 17 28 24
split_gain=490946 610150 224881 228751 359709 221070 102604 275673 127843 168644 677001 134720 162403 72987.6 148225 70476.7 20066.4 9057.8 17944.8 17540 8205.33 8000.1 9688.87 8931.21 6624.48 26499.6 6353.69 17223.4 5420.1 5614.34 10778.6 4957.43 4457.7 4346.88 4278.81 5339.39 4476.04 4116.39 3867.95 4679.66 7185.68 3534.39 3421.13 3378.69 3051.02 2720.13 4917.04 3933.1 3868.96 5867.16 6936.97 5315 4809.8 5354.38 13231 4835.79 4408.72 3650.6 3433.94 5571.41 3270.56 4650.1
threshold=221.21921952817829 4.5000000000000009 9.5000000000000018 8.5000000000000018 38.500000000000007 1.0000000180025095e-35 138.11511659021409 1.0000000180025095e-35 5.5000000000000009 17.500000000000004 3.5000000000000004 5.5000000000000009 175.33547094801227 20.550000000000004 22.750000000000004 5.5000000000000009 6.5000000000000009 115.83424103419516 1.0000000180025095e-35 11.500000000000002 3.5000000000000004 2.5000000000000004 10.500000000000002 105.88971166448231 58.500000000000007 10.500000000000002 129.87151197426428 3.5000000000000004 1.5000000000000002 25.150000000000002 3.5000000000000004 29.850000000000005 3.5000000000000004 31.350000000000005 2.5000000000000004 3.5000000000000004 2.5000000000000004 3.5000000000000004 3.5000000000000004 30.500000000000004 2.5000000000000004 28.550000000000004 27.250000000000004 3.5000000000000004 4.5000000000000009 6.5000000000000009 100.37286850152906 17.850000000000005 1.0000000180025095e-35 17.350000000000005 1.2500000000000002 17.650000000000002 19.500000000000004 4.644000000000001 8.5000000000000018 5.1885000000000003 10.500000000000002 5.5000000000000009 5.9020000000000001 6.5845000000000011 44.500000000000007 102.08821907450348
decision_type=2 2 2 2 2 2 2 2 2 2 2 2 2 2 2 2 2 2 2 2 2 2 2 2 2 2 2 2 2 2 2 2 2 2 2 2 2 2 2 2 2 2 2 2 2 2 2 2 2 2 2 2 2 2 2 2 2 2 2 2 2 2
left_child=6 -2 -3 4 -4 -5 17 8 9 11 -11 13 -13 -8 -15 -16 -7 18 32 21 -18 22 44 45 26 -26 31 -28 -25 34 -31 38 -1 -33 36 -36 -30 -32 39 40 -19 -21 -40 -37 -20 46 47 -23 51 -50 -51 57 -53 56 55 -55 -54 -47 -57 -60 61 -58
right_child=1 2 3 5 -6 16 7 -9 -10 10 -12 12 -14 14 15 -17 20 24 19 41 -22 23 -24 28 25 -27 27 -29 29 30 37 33 -34 -35 35 43 -38 -39 42 -41 -42 -43 -44 -45 -46 48 -48 -49 49 50 -52 52 53 54 -56 58 60 -59 59 -61 -62 -63
leaf_value=-1.4955384753942491 10.480376003810337 -2.770359037363971 0.85589337101349461 -2.5446632206801212 9.558313289336537 1.049242247017947 -0.74851063638120086 6.2502492073604046 -2.3489016941266185 -1.5084742775559425 9.9193128767880534 0.11188002016809254 -5.3671263164281848 5.3800158390131863 2.1699576902389528 -1.7974566911515735 3.5367939287821453 -0.14893521205238677 -1.0882465621926747 -0.70664791470482236 2.000731982276553 0.1317172408444541 -0.32896810853961855 0.72072943213794916 1.6582015800476075 -0.6092085557750293 0.11509397649765017 -1.7363413072987037 0.58295467519760125 -0.52262315206229693 0.28393736595457253 0.90842902665788472 -0.55601111195304176 -0.062005049276351934 0.22726275719129127 -0.18339122270715649 -0.26160713907444116 1.2603192978103956 -0.007542211782990348 0.081286224741488694 -1.4347440316460349 -1.6451913116596364 -0.5731607752814889 -0.90073066626276299 -0.54591478373082181 -0.37154275230357525 0.54825332047762687 -0.62007169843997278 0.080171922506957219 -1.3205179175822175 -0.43442509517289585 -0.48606825709342955 -0.82402603502784455 0.60561187150803475 1.2832460180466825 -0.70602398622494478 -0.38894587174001088 -0.9784292248657771 0.49507270788324287 -0.43054131482098551 0.2415646781985249 0.26152310638768334
leaf_weight=39 20 26 25 32 22 21 36 20 38 31 21 35 21 21 23 20 29 22 60 20 20 34 499 27 23 27 29 21 29 22 21 21 21 24 25 28 32 23 246 23 21 26 29 41 52 94 26 34 28 33 68 97 27 21 21 25 130 34 28 36 41 34
leaf_count=39 20 26 25 32 22 21 36 20 38 31 21 35 21 21 23 20 29 22 60 20 20 34 499 27 23 27 29 21 29 22 21 21 21 24 25 28 32 23 246 23 21 26 29 41 52 94 26 34 28 33 68 97 27 21 21 25 130 34 28 36 41 34
internal_value=0.0108275 2.42156 1.44621 2.19559 5.04374 0.846928 -0.176009 0.751107 0.280507 0.769844 3.20658 -0.0576194 -2.00077 1.03953 2.04143 0.325623 2.41144 -0.285319 -0.337644 -0.307472 2.96248 -0.280467 -0.424527 -0.197023 -0.093797 0.445765 -0.156563 -0.68121 0.0653405 -0.017593 0.365283 -0.0870063 -1.18129 0.400659 -0.181953 -0.392002 0.142752 0.811095 -0.152359 -0.49312 -0.795338 -1.26095 -0.0690679 -0.616486 -0.843553 -0.27724 -0.0239954 -0.247644 -0.310354 -0.558061 -0.734097 -0.255147 -0.175119 -0.0909074 0.163828 -0.0594692 -0.234852 -0.539121 -0.221439 -0.0241218 -0.153606 -0.253295
internal_weight=2723 195 175 149 47 102 2528 266 246 208 52 156 56 100 64 43 70 2262 1776 1716 49 1670 611 1059 486 50 436 50 248 221 66 386 60 45 155 94 61 44 341 66 43 46 275 69 112 811 94 68 717 129 101 588 460 363 131 110 232 128 89 64 205 164
internal_count=2723 195 175 149 47 102 2528 266 246 208 52 156 56 100 64 43 70 2262 1776 1716 49 1670 611 1059 486 50 436 50 248 221 66 386 60 45 155 94 61 44 341 66 43 46 275 69 112 811 94 68 717 129 101 588 460 363 131 110 232 128 89 64 205 164
is_linear=0
shrinkage=0.05


Tree=56
num_leaves=63
num_cat=0
split_feature=24 25 42 28 40 0 24 33 1 2 43 1 14 0 4 1 40 24 45 25 24 17 1 32 28 40 25 25 24 40 12 1 40 22 24 4 39 45 25 25 28 4 2 24 25 40 42 28 24 17 16 24 25 1 16 4 16 25 24 16 4 28
split_gain=445098 553440 203812 207368 326141 204081 93066.4 249998 118962 266388 196425 261262 120551 89282.5 82554.9 22375.7 18298.1 8177.49 13883.9 10108.3 11498.6 13591.3 6740.11 6163.51 5515.57 5511.33 4820 3781.07 3957.34 3718.13 3853.12 3700.78 3314.79 3061.04 8448.51 3017.26 3026.41 3011.35 17590.1 7008.51 2855.59 2428.87 2410.86 2312.29 2579.08 1925.85 1858.9 1986.06 4316.13 2403.96 1769.73 1758.1 3146.7 4141.58 4259.81 3309.9 2794.46 2765.08 3388.98 4221.28 4558.27 5422.42
threshold=221.21921952817829 4.5000000000000009 9.5000000000000018 8.5000000000000018 38.500000000000007 7.5000000000000009 138.11511659021409 1.0000000180025095e-35 28.500000000000004 1.5000000000000002 1.0000000180025095e-35 45.500000000000007 1.0000000180025095e-35 11.500000000000002 12.500000000000002 26.500000000000004 2.5000000000000004 115.83424103419516 9.5000000000000018 3.5000000000000004 95.867755180599218 4.1490000000000009 36.500000000000007 1.0000000180025095e-35 13.500000000000002 37.500000000000007 5.5000000000000009 1.5000000000000002 112.29522588268003 39.500000000000007 0.80000000000000016 47.500000000000007 3.5000000000000004 0.0024500000000000004 129.87151197426428 46.500000000000007 4.5000000000000009 9.5000000000000018 2.5000000000000004 2.5000000000000004 80.500000000000014 1.5000000000000002 3.5000000000000004 119.89451979213446 1.5000000000000002 37.500000000000007 19.500000000000004 1.0000000180025095e-35 97.712883027522949 4.3020000000000005 28.350000000000005 104.89281039755352 2.5000000000000004 22.500000000000004 21.750000000000004 6.5000000000000009 19.950000000000003 5.5000000000000009 81.147853070226901 28.650000000000002 50.500000000000007 32.500000000000007
decision_type=2 2 2 2 2 2 2 2 2 2 2 2 2 2 2 2 2 2 2 2 2 2 2 2 2 2 2 2 2 2 2 2 2 2 2 2 2 2 2 2 2 2 2 2 2 2 2 2 2 2 2 2 2 2 2 2 2 2 2 2 2 2
left_child=6 -2 -3 4 -4 15 17 8 12 -10 11 -11 13 14 -8 -5 -17 18 27 29 25 22 24 26 -22 -21 32 -1 40 31 -31 -20 -19 34 37 36 -30 39 42 43 41 -29 -39 44 -34 -24 47 48 -43 -50 -32 57 -53 54 -54 -55 -57 -49 -59 60 61 -60
right_child=1 2 3 5 -6 -7 7 -9 9 10 -12 -13 -14 -15 -16 16 -18 23 19 20 21 -23 45 -25 -26 -27 -28 28 35 30 50 -33 33 -35 -36 -37 -38 38 -40 -41 -42 46 -44 -45 -46 -47 -48 51 49 -51 -52 52 53 55 -56 56 -58 58 59 -61 -62 -63
leaf_value=-0.43082224504587557 9.9813102867489771 -2.6369714982697263 0.81474462293661554 3.4574407229911204 9.1011767613369479 -3.039872093200684 -2.6200734964779446 5.9526183591570181 -3.0906694593796367 8.7743422061746781 -0.13501689414183302 1.7146784719739643 -3.5619569037755334 2.4553505257197794 0.7308029408943959 2.2478007539580851 0.40071078419685363 0.41689032713400914 -0.49204432744658394 -0.50922776425496119 0.58316030532121654 0.81577323000439828 -0.44640140113376436 0.57084604130549865 -0.52656158980869117 -1.5419566824890318 -0.85928932406685576 0.10984872257709505 0.30547279342015587 -1.5979816383974894 -0.53642534756660465 -1.2463182901200796 -0.13810580851137638 0.2976962450710503 -1.0873160966237385 0.53084033742547032 -0.34910875464594637 -0.48875108250882476 0.86653600284031462 -0.67471088383648847 0.32618533446030185 0.60250229699271074 -1.1520205136414232 0.3016516671448739 0.36302608045749368 -1.1696020551948318 -0.68780694906528184 -0.44198990535163374 0.10260481519358498 -0.54437955244382219 -1.1311686678017889 -0.33261518759284914 0.63832765563114269 -0.66803349240620935 -0.16626980805397035 0.41378256450528683 -0.27481924952530279 -0.49191153657436371 -0.42854366732694271 0.49353711788654331 0.40993254223286552 0.26982747426203318
leaf_weight=239 20 26 25 21 22 25 34 20 25 21 38 34 29 27 38 33 23 28 88 38 23 33 20 32 20 20 21 44 29 27 29 20 129 36 23 27 42 31 20 36 21 20 28 71 31 20 25 280 27 29 27 166 36 29 29 22 40 84 138 24 26 34
leaf_count=239 20 26 25 21 22 25 34 20 25 21 38 34 29 27 38 33 23 28 88 38 23 33 20 32 20 20 21 44 29 27 29 20 129 36 23 27 42 31 20 36 21 20 28 71 31 20 25 280 27 29 27 166 36 29 29 22 40 84 138 24 26 34
internal_value=0.0107323 2.30614 1.37722 2.09063 4.8024 0.806547 -0.167167 0.715809 0.267656 1.4069 2.636 4.51883 -0.785311 0.0554856 -0.865702 2.07841 1.5096 -0.271273 -0.32099 -0.595659 -0.317215 -0.027878 -0.369084 -0.0892939 0.0666603 -0.885525 -0.136987 -0.249563 -0.21226 -0.846321 -1.10142 -0.641923 -0.100045 -0.136735 -0.179822 0.0910711 -0.0811457 -0.116524 -0.385642 -0.0357362 -0.240001 -0.251596 -0.81756 0.0663017 -0.0393287 -0.827831 -0.267456 -0.256084 -0.0103364 -0.236025 -0.838079 -0.276614 -0.181775 -0.0201374 0.282197 -0.236865 -0.0277078 -0.32832 -0.22319 -0.11974 -0.196208 -0.289703
internal_weight=2723 195 175 149 47 102 2528 266 246 118 93 55 128 99 72 77 56 2262 1776 365 174 116 83 486 43 58 454 1411 1172 191 83 108 433 405 369 98 71 346 79 267 1074 1053 59 231 160 40 1009 984 76 56 56 908 322 156 65 91 62 586 306 222 198 172
internal_count=2723 195 175 149 47 102 2528 266 246 118 93 55 128 99 72 77 56 2262 1776 365 174 116 83 486 43 58 454 1411 1172 191 83 108 433 405 369 98 71 346 79 267 1074 1053 59 231 160 40 1009 984 76 56 56 908 322 156 65 91 62 586 306 222 198 172
is_linear=0
shrinkage=0.05


Tree=57
num_leaves=63
num_cat=0
split_feature=24 25 2 25 0 40 40 24 33 2 38 38 9 17 17 40 30 16 24 37 38 9 25 0 22 24 38 25 1 25 40 2 16 24 16 16 0 38 16 16 24 45 40 38 40 25 0 40 24 38 2 1 16 16 24 9 17 4 16 16 0 30
split_gain=403476 502028 199169 274080 243817 209686 197744 84375.4 226737 119539 142410 340142 143843 172949 60487.8 58208.5 53492.1 10299.2 7385.18 15689.9 15107.6 9252.94 6723.56 6111.29 6369.11 4821.95 4553.23 4429.19 4250.76 4146.98 3697.29 3468.48 4332.04 7170.54 7448.22 6129.85 4753.01 3850.49 3121.11 3119.92 6654.16 3361.38 3091.5 2869.05 8960.82 5645.62 4788.61 2775.45 5155.52 3707.66 7154.29 12357.9 3604.27 2659.03 2530.03 4457.5 4309.07 2536.48 2202.54 2005.33 1809.96 3075.78
threshold=221.21921952817829 4.5000000000000009 2.5000000000000004 32.000000000000007 5.5000000000000009 8.5000000000000018 43.500000000000007 138.11511659021409 1.0000000180025095e-35 5.5000000000000009 8.5000000000000018 2.5000000000000004 3.5000000000000004 2.5435000000000003 2.4315000000000002 25.500000000000004 1.2500000000000002 23.450000000000003 115.83424103419516 1.0000000180025095e-35 11.500000000000002 11.500000000000002 1.5000000000000002 13.500000000000002 0.0084500000000000009 106.09289128900618 10.500000000000002 2.5000000000000004 29.500000000000004 4.5000000000000009 36.500000000000007 5.5000000000000009 16.050000000000004 129.87151197426428 22.050000000000004 30.550000000000004 4.5000000000000009 10.500000000000002 22.950000000000003 26.050000000000004 112.76584846346314 4.5000000000000009 3.5000000000000004 10.500000000000002 20.500000000000004 2.5000000000000004 9.5000000000000018 6.5000000000000009 100.37286850152906 8.5000000000000018 1.5000000000000002 44.500000000000007 17.850000000000005 24.650000000000002 109.89335156433781 2.5000000000000004 6.4730000000000016 50.500000000000007 13.950000000000001 18.650000000000002 7.5000000000000009 1.2500000000000002
decision_type=2 2 2 2 2 2 2 2 2 2 2 2 2 2 2 2 2 2 2 2 2 2 2 2 2 2 2 2 2 2 2 2 2 2 2 2 2 2 2 2 2 2 2 2 2 2 2 2 2 2 2 2 2 2 2 2 2 2 2 2 2 2
left_child=7 -2 5 -4 14 -3 -7 18 9 10 11 15 13 -12 -5 -9 -14 59 19 21 22 -1 26 24 31 27 -21 -24 -22 39 -31 32 36 35 -35 43 -20 -33 -39 42 41 -41 -27 44 -34 -45 -46 48 52 50 -49 -52 -29 54 57 -56 60 -44 -51 -18 61 -57
right_child=1 2 3 4 -6 6 -8 8 -10 -11 12 -13 16 -15 -16 -17 17 -19 23 20 28 -23 25 -25 -26 29 -28 47 -30 30 -32 37 33 34 -36 -37 -38 38 -40 40 -42 -43 53 45 46 -47 -48 49 -50 58 51 -53 -54 -55 55 56 -58 -59 -60 -61 -62 -63
leaf_value=-0.59528215943238671 9.5060100882393979 2.4946860892971361 6.8343540493167687 1.1928786524265043 -3.5228964315141953 -6.2681129800189632 0.49315142284740104 1.1313250757300335 5.669160566784087 -2.2873438516029947 5.3416258400962473 5.9872165605756971 -3.410866564559937 -0.84172183303833004 4.5108727479864053 -2.5142971030871077 -0.72287536512721662 0.2054296212870142 -0.078754775777459152 -0.87062517751522117 -0.69729511013737433 -1.8918251128818679 -0.68873170867195876 0.61925615369245923 -0.94045227952625443 -0.73481151580810544 -0.36997042580884276 0.13904910593373437 -1.7035189762569609 0.59019305709004399 -0.14701573602482679 0.79002110069448295 -1.2811200129467508 -1.4925773402622768 -0.16719070755917095 0.57887671322694845 0.85239323571324344 -0.46608148063222576 0.37703684045568764 0.17778957089311198 0.77916603490158365 -0.51278180682297902 -0.36575389254551666 0.018575666806870891 0.44877443137376211 -0.76511777511349433 -0.58316260933876041 0.20531935930929404 0.58063430521637194 -0.68089398525379319 -1.4104901205576386 -0.0029077816782174287 -0.58038878333568567 -0.62273552894592288 0.60568352257763891 -0.88802750495347105 0.53300268845124676 0.21183162129443628 -0.21706682586655413 -1.4857643925575983 0.0042808754179212783 -0.13664661550992416
leaf_weight=38 20 29 28 30 20 21 21 22 20 38 20 35 24 24 26 20 21 22 39 57 26 22 60 28 22 25 229 34 20 39 29 21 22 20 22 27 20 20 22 37 26 32 116 154 22 26 21 21 27 26 38 26 34 28 26 21 21 22 615 20 44 37
leaf_count=38 20 29 28 30 20 21 21 22 20 38 20 35 24 24 26 20 21 22 39 57 26 22 60 28 22 25 229 34 20 39 29 21 22 20 22 27 20 20 22 37 26 32 116 154 22 26 21 21 27 26 38 26 34 28 26 21 21 22 615 20 44 37
internal_value=0.0105725 2.19602 1.3113 2.69517 1.10119 -0.72498 -2.95452 -0.158804 0.681933 0.255136 0.728373 2.42 -0.276705 2.02502 2.78558 -0.622669 -1.45064 -0.662179 -0.257931 -0.305178 -0.276974 -1.09398 -0.251917 -0.0849913 -0.129312 -0.206031 -0.472455 -0.276508 -1.16183 -0.082279 0.278149 -0.086313 -0.144354 -0.218217 -0.818477 -0.122853 0.245751 0.254134 -0.025834 -0.139142 0.113247 -0.145154 -0.209802 -0.202246 -0.484447 -0.0981986 -0.056881 -0.245574 0.00844658 -0.278787 -0.58803 -0.847579 -0.223795 -0.165925 -0.119334 0.0236198 -0.10327 -0.272778 -0.236919 -1.12165 -0.238219 -0.419223
internal_weight=2723 195 175 104 76 71 42 2528 266 246 208 77 131 44 56 42 87 63 2262 1776 1716 60 1670 486 458 1384 286 881 46 503 68 436 373 314 42 272 59 63 42 435 95 69 340 245 65 180 43 821 95 726 85 64 68 315 287 149 123 138 641 41 102 58
internal_count=2723 195 175 104 76 71 42 2528 266 246 208 77 131 44 56 42 87 63 2262 1776 1716 60 1670 486 458 1384 286 881 46 503 68 436 373 314 42 272 59 63 42 435 95 69 340 245 65 180 43 821 95 726 85 64 68 315 287 149 123 138 641 41 102 58
is_linear=0
shrinkage=0.05


Tree=58
num_leaves=63
num_cat=0
split_feature=24 25 40 24 28 17 17 24 33 1 2 38 28 14 0 1 25 16 37 25 38 24 32 0 38 38 0 25 38 39 1 25 24 25 9 1 17 40 24 25 24 24 24 25 1 28 28 42 1 17 16 16 1 25 25 24 16 16 1 1 9 17
split_gain=365433 467409 185528 230922 218253 110874 97278.1 76988 183070 109289 209354 208757 393469 117479 79114.2 66437.7 142833 19973.4 9808.98 9843.39 5413.73 11674.9 4036.98 31182.3 8044.19 4699.21 19011.2 23248.9 6409.08 10291.3 4622.02 4898.69 4131.84 4880.04 4114.65 3858.88 3580.33 3271.75 3177.82 4383.43 11669.5 3793.95 3167.97 3020.41 2712.72 2633.32 2502.02 2003.03 1947.37 3104.18 4379.47 5592.94 3217.99 4138.58 2622.55 4032.23 5439.09 5253.6 5770.37 2946.93 2847 2321.53
threshold=221.21921952817829 6.5000000000000009 15.500000000000002 433.74626823940594 8.5000000000000018 2.4245000000000005 7.1010000000000009 131.49946365561047 1.0000000180025095e-35 27.500000000000004 1.5000000000000002 10.500000000000002 7.5000000000000009 1.0000000180025095e-35 9.5000000000000018 18.500000000000004 3.5000000000000004 17.550000000000004 1.0000000180025095e-35 3.5000000000000004 11.500000000000002 116.38613497358911 1.0000000180025095e-35 9.5000000000000018 8.5000000000000018 10.500000000000002 2.5000000000000004 3.5000000000000004 1.5000000000000002 1.5000000000000002 53.500000000000007 7.5000000000000009 104.20765780600645 1.5000000000000002 4.5000000000000009 29.500000000000004 4.1185000000000009 39.500000000000007 112.97663886572143 2.5000000000000004 116.38613497358911 117.11300250208508 113.68035974423132 1.5000000000000002 2.5000000000000004 5.5000000000000009 80.500000000000014 9.5000000000000018 20.500000000000004 5.9385000000000003 20.850000000000005 18.450000000000003 43.500000000000007 8.5000000000000018 3.5000000000000004 99.960799694189618 22.650000000000002 21.450000000000003 13.500000000000002 17.500000000000004 8.5000000000000018 5.4265000000000008
decision_type=2 2 2 2 2 2 2 2 2 2 2 2 2 2 2 2 2 2 2 2 2 2 2 2 2 2 2 2 2 2 2 2 2 2 2 2 2 2 2 2 2 2 2 2 2 2 2 2 2 2 2 2 2 2 2 2 2 2 2 2 2 2
left_child=7 -2 4 6 -3 -5 -4 18 9 13 -11 12 -12 15 -13 16 -9 -6 19 42 22 35 25 24 -24 26 27 36 34 -30 31 32 -31 37 -28 -22 -20 -34 43 41 -41 -40 -1 -27 -45 -35 48 -42 54 61 51 -51 53 -52 59 57 60 -56 -59 -46 -57 -50
right_child=1 2 3 5 17 -7 -8 8 -10 10 11 14 -14 -15 -16 -17 -18 -19 20 -21 21 -23 23 -25 -26 38 28 -29 29 30 -32 -33 33 45 -36 -37 -38 -39 39 40 47 -43 -44 44 46 -47 -48 -49 49 50 52 -53 -54 -55 55 56 -58 58 -60 -61 -62 -63
leaf_value=-1.4141352718406255 7.2395708433787025 7.1752899672871555 -5.278551022144967 -1.0820142539342246 -0.10837033635896186 3.6199072683602576 -0.58702912959185516 3.1528248964415657 4.6931347368240361 -2.2538059983533976 -0.56344106886121958 -1.9306308654258992 7.44222374046171 -3.3790652779376873 2.0996402284077234 -1.6130279081295702 -1.3719678242767559 1.9724852420886358 -0.013442751104012133 0.088667155551910404 -0.66372165927180538 0.32246003695896697 -1.1824167689468179 1.4163633509874343 0.037366012693555266 -0.5257083790877769 -0.60748377654863439 1.3541789622460643 -1.4549728816442002 -1.0448061503738384 -1.2217139874333922 0.24816421438347211 -0.37656370948467943 -0.5462700625828335 0.26963998259976507 -1.6223990625426883 -0.83740147474019422 -1.2096704303440839 -0.15446535725206617 0.22464075803756717 -0.61016479537600565 0.14710367187239334 -0.66095730399263308 -0.61772864696456165 -0.37263304123800733 0.14556631955504418 0.34059916861000517 -1.3672988917714075 -0.29010395863369109 -0.066147179551995727 -0.10710092289292295 0.88642834132367909 0.078422658681869511 -1.0826485707543112 -0.54066068616787011 0.15864327385312038 -0.35160433542160763 -0.22021215635538105 0.77436497624801559 0.27463215275889352 0.95545145321775371 -0.74695713879168035
leaf_weight=35 35 20 23 20 22 31 21 35 24 33 26 28 36 32 20 38 33 23 31 24 26 20 27 29 26 86 22 30 38 33 22 21 27 20 31 20 22 22 247 35 20 179 28 40 114 39 20 20 499 51 22 21 29 21 50 20 20 39 22 20 26 29
leaf_count=35 35 20 23 20 22 31 21 35 24 33 26 28 36 32 20 38 33 23 31 24 26 20 27 29 26 86 22 30 38 33 22 21 27 20 31 20 22 22 247 35 20 179 28 40 114 39 20 20 499 51 22 21 29 21 50 20 20 39 22 20 26 29
internal_value=0.0102439 2.09012 0.925671 -0.484272 2.96255 1.79057 -3.10233 -0.15095 0.592729 0.227098 1.19176 2.23647 4.12928 -0.773867 -0.24267 0.0367916 0.968838 0.974829 -0.253207 -0.771136 -0.231759 -0.674913 -0.217308 0.125206 -0.594329 -0.231494 -0.395534 0.265228 -0.595221 -0.712724 -0.55237 -0.454503 -0.560202 -0.403855 -0.0988638 -1.1063 -0.36473 -0.767424 -0.195242 -0.0901761 -0.439996 -0.0276903 -1.09503 -0.24174 -0.217839 -0.094067 -0.201287 -1.01297 -0.212653 -0.260532 -0.0542561 0.219956 -0.327793 -0.597422 -0.108677 0.017799 0.324552 -0.16582 0.145111 -0.274671 0.619866 -0.31657
internal_weight=2723 195 160 95 65 51 44 2528 305 281 143 110 62 138 48 106 68 45 2223 87 2136 66 2070 82 53 1988 358 83 275 222 184 162 141 108 53 46 53 49 1630 501 75 426 63 1129 1043 59 1003 40 983 672 144 72 72 43 311 177 66 111 61 134 46 528
internal_count=2723 195 160 95 65 51 44 2528 305 281 143 110 62 138 48 106 68 45 2223 87 2136 66 2070 82 53 1988 358 83 275 222 184 162 141 108 53 46 53 49 1630 501 75 426 63 1129 1043 59 1003 40 983 672 144 72 72 43 311 177 66 111 61 134 46 528
is_linear=0
shrinkage=0.05


Tree=59
num_leaves=63
num_cat=0
split_feature=24 28 38 38 17 0 1 43 28 17 24 2 28 1 24 38 1 17 37 24 38 24 24 32 0 38 38 0 1 38 40 17 4 17 3 1 40 1 17 24 1 33 0 40 17 12 1 28 1 4 2 28 17 1 24 4 17 0 1 17 28 17
split_gain=331954 208214 234292 191315 167811 422553 382400 385402 128037 67805.5 29561 63544.1 136195 105197 42996.9 26836.6 21711.8 15094.4 8883.33 8169.46 4914.42 10586.6 4878.09 3651.56 28242.8 7287.34 4269.71 17214.2 6310.14 5802.26 7208.87 5468.51 4317.07 6539.72 6534.8 5983.98 8510.28 3503.12 3305.86 2894.91 2225.95 2185.95 1673.8 1632.16 1577.08 1460.3 1639.84 3324.79 3798.66 3316.16 3483.21 4087.97 3222.57 2463.44 2449.93 2393.45 3158.28 1861.1 1779.5 1997.02 2222.81 1911.96
threshold=173.13114373088686 1.0000000180025095e-35 11.500000000000002 10.500000000000002 2.2975000000000008 10.500000000000002 46.500000000000007 1.0000000180025095e-35 15.500000000000002 2.4315000000000002 131.49946365561047 3.5000000000000004 17.500000000000004 38.500000000000007 150.00401063386155 8.5000000000000018 32.500000000000007 5.0405000000000006 1.0000000180025095e-35 113.68035974423132 11.500000000000002 116.38613497358911 104.20765780600645 1.0000000180025095e-35 9.5000000000000018 8.5000000000000018 10.500000000000002 2.5000000000000004 20.500000000000004 1.5000000000000002 49.500000000000007 4.1185000000000009 11.500000000000002 1.1600000000000001 7.5000000000000009 21.500000000000004 24.500000000000004 29.500000000000004 3.3375000000000004 117.18572977481236 2.5000000000000004 1.0000000180025095e-35 3.5000000000000004 53.500000000000007 3.4860000000000002 0.40000000000000008 29.500000000000004 10.500000000000002 26.500000000000004 50.500000000000007 1.5000000000000002 12.500000000000002 5.7135000000000007 7.5000000000000009 92.351572308063751 51.500000000000007 2.7915000000000005 9.5000000000000018 31.500000000000004 1.8395000000000004 6.5000000000000009 2.9675000000000007
decision_type=2 2 2 2 2 2 2 2 2 2 2 2 2 2 2 2 2 2 2 2 2 2 2 2 2 2 2 2 2 2 2 2 2 2 2 2 2 2 2 2 2 2 2 2 2 2 2 2 2 2 2 2 2 2 2 2 2 2 2 2 2 2
left_child=10 -2 3 4 5 -3 7 8 -6 -10 18 15 13 14 -13 -12 -17 -5 19 22 23 37 -1 26 25 -25 27 28 -20 -29 32 -30 35 -34 38 -31 -37 -22 -35 40 -28 45 -43 -41 -36 -42 47 52 49 50 -49 -52 54 -53 -47 58 -57 -54 -48 -60 61 -61
right_child=1 2 -4 17 6 -7 -8 -9 9 -11 11 12 -14 -15 -16 16 -18 -19 20 -21 21 -23 -24 24 -26 -27 39 29 31 30 -32 -33 33 34 44 36 -38 -39 -40 43 41 42 -44 -45 -46 46 55 48 -50 -51 51 53 57 -55 -56 56 -58 -59 59 60 -62 -63
leaf_value=-0.48931958032690964 5.9159081565618514 7.9737908164386084 6.1162055501070896 -2.0151285987365539 -1.2306165063721792 -1.4118027741568431 6.2272957689945514 -5.2716393607662582 1.2778606628626585 4.8874028490270893 0.62058774068951605 0.42948872547149658 4.7603142616965561 2.7936722232677322 -2.4899103961770357 -2.1219639993111294 -0.17883189201354982 -0.5989662652266653 0.86519143787877906 -0.09318413051691922 -0.63176471198046658 0.30710481155486336 -1.4772602844238281 -1.1254074003440993 1.3479057711760203 0.035566900052406168 -0.52654931633698721 -0.09422883382549993 0.40079844525744845 -0.15180390087887646 -1.568461853890192 -0.57260205374823669 0.40549981464039198 -0.48057893662741691 -0.64211967091668731 -1.7179092402656875 -0.53831017480577736 -1.5451419682277456 0.3232280313117164 0.048504650474020417 -0.47375292849976836 -0.080091072311004 -0.52467679372034881 -0.3691579214290337 -1.3047042970294538 -0.64103736116772603 -0.57867208722310193 -0.33948278002697846 0.52285252505913371 -0.62751398538765701 0.71308514505624776 0.38908855790751318 -0.68362016767847766 -0.081636134924712014 -0.070793060914197181 -0.30638016589663253 0.52380080985526245 -0.14224902366399766 -0.3680879257559434 0.32021496150423501 -0.25563238367094798 -0.10700098249407715
leaf_weight=22 24 28 21 40 34 20 25 30 37 20 31 24 21 26 25 29 28 37 27 32 26 20 33 27 29 26 53 53 30 23 20 26 21 32 21 29 34 20 20 174 40 29 82 26 22 20 38 57 31 22 23 34 50 134 187 21 23 24 173 33 243 113
leaf_count=22 24 28 21 40 34 20 25 30 37 20 31 24 21 26 25 29 28 37 27 32 26 20 33 27 29 26 53 53 30 23 20 26 21 32 21 29 34 20 20 174 40 29 82 26 22 20 38 57 31 22 23 34 50 134 187 21 23 24 173 33 243 113
internal_value=0.00985961 1.53084 1.15145 0.745634 1.58053 4.11402 0.725248 -0.453223 1.17525 2.60688 -0.190371 0.417132 1.30062 0.281957 -1.07991 -0.550407 -1.18707 -1.3511 -0.240822 -0.733708 -0.220411 -0.642633 -1.09797 -0.206642 0.119109 -0.565669 -0.220134 -0.376498 0.25226 -0.566513 -0.678315 -0.0531667 -0.582865 -0.378506 -0.554283 -0.850936 -1.09974 -1.05342 -0.171063 -0.185579 -0.210482 -0.19794 -0.410321 -0.00733308 -1.00318 -0.179006 -0.169007 -0.107868 0.00766464 -0.0531792 6.53155e-05 0.102663 -0.23123 0.0153386 -0.12873 -0.224 0.129463 -0.512345 -0.250101 -0.226887 -0.163295 -0.00888302
internal_weight=2723 316 292 271 194 48 146 121 91 57 2407 184 96 75 49 88 57 77 2223 87 2136 66 55 2070 82 53 1988 358 83 275 222 56 202 116 95 86 63 46 52 1630 1430 1377 111 200 43 1266 1226 582 301 270 248 191 281 168 207 644 44 74 600 562 389 146
internal_count=2723 316 292 271 194 48 146 121 91 57 2407 184 96 75 49 88 57 77 2223 87 2136 66 55 2070 82 53 1988 358 83 275 222 56 202 116 95 86 63 46 52 1630 1430 1377 111 200 43 1266 1226 582 301 270 248 191 281 168 207 644 44 74 600 562 389 146
is_linear=0
shrinkage=0.05


Tree=60
num_leaves=63
num_cat=0
split_feature=24 45 16 1 1 43 24 40 40 16 41 24 1 2 3 17 17 40 3 18 37 24 38 24 39 16 1 0 24 4 16 24 2 38 17 24 40 17 40 40 16 40 24 41 38 16 17 2 16 16 24 16 24 1 12 4 40 24 4 1 38 4
split_gain=301226 284438 302901 294931 209085 164234 475475 135176 73596 63313.1 46321.5 28417.5 83735.7 112589 232564 133834 26641.2 26370.8 33589.2 12400.8 8047.87 7397.84 4460.78 9599.71 4442.76 3312.84 3220.96 4128.07 2676.95 5109.63 10291.2 8150.24 2403.75 4702.82 2426.72 2192.5 3219.63 2036 4879.4 8922.21 5636.02 3198.35 4809.5 3362.31 5166.74 3127.8 3586.47 3255.24 3138.91 2816.26 6905.94 3054.62 4966.94 4482.71 2412.05 2366.08 2365.78 2309.09 2179.21 2176.89 4734.54 6001.86
threshold=174.24529379641766 9.5000000000000018 31.250000000000004 9.5000000000000018 25.500000000000004 1.0000000180025095e-35 249.61073898183128 39.500000000000007 15.500000000000002 17.650000000000002 7.5000000000000009 131.49946365561047 23.500000000000004 3.5000000000000004 7.5000000000000009 2.5765000000000007 1.9205000000000003 48.500000000000007 3.5000000000000004 1.0000000180025095e-35 1.0000000180025095e-35 113.68035974423132 11.500000000000002 116.38613497358911 5.5000000000000009 28.550000000000004 56.500000000000007 5.5000000000000009 117.42663886572144 6.5000000000000009 18.450000000000003 124.40845704753961 5.5000000000000009 10.500000000000002 2.3460000000000005 75.197287024901712 18.500000000000004 2.7915000000000005 62.500000000000007 69.500000000000014 18.150000000000002 47.500000000000007 106.12492022337456 4.5000000000000009 10.500000000000002 16.050000000000004 2.9260000000000006 2.5000000000000004 15.15 20.850000000000005 103.60053325688075 22.350000000000005 108.18885438720302 32.500000000000007 0.60000000000000009 11.500000000000002 10.500000000000002 111.40886659021407 45.500000000000007 20.500000000000004 10.500000000000002 8.5000000000000018
decision_type=2 2 2 2 2 2 2 2 2 2 2 2 2 2 2 2 2 2 2 2 2 2 2 2 2 2 2 2 2 2 2 2 2 2 2 2 2 2 2 2 2 2 2 2 2 2 2 2 2 2 2 2 2 2 2 2 2 2 2 2 2 2
left_child=11 10 3 -3 7 6 -6 -5 9 -8 19 20 17 16 15 -15 -14 18 -13 -2 21 24 26 25 -1 -24 28 -28 35 30 -30 32 33 -31 -35 36 -22 41 45 -40 -41 43 -43 49 -45 47 -47 56 -49 50 -37 58 53 55 -52 -53 -39 -56 -51 -48 61 -61
right_child=1 2 -4 4 5 -7 8 -9 -10 -11 -12 12 13 14 -16 -17 -18 -19 -20 -21 22 -23 23 -25 -26 -27 27 -29 29 31 -32 -33 -34 34 -36 37 -38 38 39 40 -42 42 -44 44 -46 46 59 48 -50 51 54 52 -54 -55 57 -57 -58 -59 -60 60 -62 -63
leaf_value=-0.60290093752645679 -2.5821212510570239 7.2589118955352099 7.8752394186932113 -4.7347788683573411 9.6724251018870966 -0.72806194846694527 0.51205263166427606 0.59467770951134813 -0.90678012788295748 4.0980360363137267 0.87655058622360227 -2.618707214799421 -1.6768557880401613 7.3886588809801186 -1.4894377208792644 1.6864929968970164 0.57277090873037062 0.65861517679123649 -0.18354908951397603 -1.0773768958875112 -0.044202292109357902 -0.088666106932090996 -0.48357491129920605 0.29248078584671022 -1.5313669349597052 -1.3697821648474093 -0.88622326059953171 -0.20579838470539502 -0.97080372990471209 -0.61102832816247099 0.35437721269130712 0.80923600990663869 0.37036455799426354 -0.20018834816985859 0.29006503952443596 -0.71275008587610156 -0.7233552513224013 0.64529352428584263 1.0832107877731323 -0.57651357366192724 0.32685376123167004 -0.84077254938858526 -0.23311237156001288 -1.1463361576057616 -0.28919301178306339 0.33284833871892522 -0.12787756726963492 -0.37856467683360262 0.34507025812353409 0.68530369121095402 -0.42145246132775099 -0.027070788883027577 -0.38501628746257888 -0.22358206065801475 0.23462950481743108 0.64028900944048728 0.00074494300217464065 -0.19057085065476931 0.016317216475252753 -1.4022554003624688 -0.23843434439781672 -0.3821225652157092
leaf_weight=30 22 21 22 20 21 36 24 27 25 25 25 28 24 22 22 20 27 20 28 41 28 32 20 20 25 26 37 56 35 37 24 32 27 50 49 62 46 28 21 30 38 53 85 20 117 27 245 52 20 22 42 20 89 51 60 38 28 66 26 20 339 50
leaf_count=30 22 21 22 20 21 36 24 27 25 25 25 28 24 22 22 20 27 20 28 41 28 32 20 20 25 26 37 56 35 37 24 32 27 50 49 62 46 28 21 30 38 53 85 20 117 27 245 52 20 22 42 20 89 51 60 38 28 66 26 20 339 50
internal_value=0.00960869 1.47688 2.43102 1.79275 1.11089 2.13355 3.2143 -1.72447 1.27699 2.38711 -0.919644 -0.178739 0.405079 1.25185 2.63228 4.77583 -0.497669 -0.875773 -1.4258 -1.63506 -0.229062 -0.698198 -0.209634 -0.611897 -1.04483 -1.00307 -0.196516 -0.483106 -0.182795 -0.0310978 -0.434742 0.0925998 -0.0521355 -0.138142 0.0428865 -0.205124 -0.470461 -0.192936 -0.141838 0.207845 -0.0741975 -0.253758 -0.470895 -0.20418 -0.42176 -0.180523 -0.223096 0.0459121 -0.175513 -0.140794 -0.266176 -0.0229449 -0.109949 0.116059 -0.0980965 0.413522 0.328774 0.0121193 0.330766 -0.246529 -0.317106 -0.689304
internal_weight=2723 309 221 199 178 131 95 47 74 49 88 2414 191 115 64 42 51 76 56 63 2223 87 2136 66 55 46 2070 93 1977 254 59 195 163 136 99 1723 74 1649 898 89 68 751 138 613 137 809 681 128 72 476 230 246 198 109 168 58 56 126 48 654 409 70
internal_count=2723 309 221 199 178 131 95 47 74 49 88 2414 191 115 64 42 51 76 56 63 2223 87 2136 66 55 46 2070 93 1977 254 59 195 163 136 99 1723 74 1649 898 89 68 751 138 613 137 809 681 128 72 476 230 246 198 109 168 58 56 126 48 654 409 70
is_linear=0
shrinkage=0.05


Tree=61
num_leaves=63
num_cat=0
split_feature=24 28 45 9 28 9 9 24 28 40 30 4 40 2 24 40 24 40 2 1 45 24 1 38 37 9 2 38 24 28 39 16 16 16 16 0 38 9 24 39 32 0 38 1 1 40 24 38 16 40 39 38 16 2 24 9 2 30 41 1 41 9
split_gain=279347 299280 258709 369699 198424 86593.2 151609 55232.5 124745 294167 363428 141744 131481 109187 175752 86070.9 65651.1 47289.8 45791.5 5736.92 13776.7 5481.94 11827.6 9064.63 9092.97 9004.47 6536.22 9384.16 5405.86 29263.6 4471.41 3800.81 3550.73 4490.02 3447.75 5225.35 5065.92 4755.48 3675.4 2979.92 2481.15 19527.5 5362.3 4095 2907.97 4284.01 4947.35 4412.56 4181.27 3822.45 3654.53 4308.29 3396.43 3842.19 5770.79 3440.53 3300.91 3253.36 3349.1 3843.06 3161.42 3068.57
threshold=221.21921952817829 8.5000000000000018 9.5000000000000018 9.5000000000000018 12.500000000000002 2.5000000000000004 5.5000000000000009 138.11511659021409 17.500000000000004 44.500000000000007 1.2500000000000002 4.5000000000000009 36.500000000000007 3.5000000000000004 183.09545435676037 33.500000000000007 183.09545435676037 38.500000000000007 2.5000000000000004 56.500000000000007 9.5000000000000018 115.90845704753961 54.500000000000007 11.500000000000002 1.0000000180025095e-35 11.500000000000002 5.5000000000000009 8.5000000000000018 129.87151197426428 8.5000000000000018 2.5000000000000004 29.050000000000004 30.550000000000004 27.150000000000002 25.550000000000004 1.5000000000000002 10.500000000000002 4.5000000000000009 118.62209341117598 5.5000000000000009 1.0000000180025095e-35 9.5000000000000018 8.5000000000000018 2.5000000000000004 20.500000000000004 38.500000000000007 85.499607798165144 7.5000000000000009 30.050000000000004 42.500000000000007 1.5000000000000002 10.500000000000002 23.450000000000003 4.5000000000000009 105.18979357798166 5.5000000000000009 1.0000000180025095e-35 2.0000000000000004 2.5000000000000004 48.500000000000007 8.5000000000000018 12.500000000000002
decision_type=2 2 2 2 2 2 2 2 2 2 2 2 2 2 2 2 2 2 2 2 2 2 2 2 2 2 2 2 2 2 2 2 2 2 2 2 2 2 2 2 2 2 2 2 2 2 2 2 2 2 2 2 2 2 2 2 2 2 2 2 2 2
left_child=7 2 -2 -4 -3 -6 -7 19 11 10 -10 12 -9 16 15 -15 17 -13 -8 21 39 23 26 24 25 -1 28 -28 30 -30 -23 -25 33 34 35 38 -37 -38 -32 -21 43 42 -42 -26 45 47 -47 -45 49 -48 51 -46 53 55 -55 -49 -52 60 -59 -60 61 -58
right_child=1 4 3 -5 5 6 18 8 9 -11 -12 13 -14 14 -16 -17 -18 -19 -20 20 -22 22 -24 31 40 -27 27 -29 29 -31 32 -33 -34 -35 -36 36 37 -39 -40 -41 41 -43 -44 44 50 46 48 52 -50 -51 56 -53 -54 54 -56 -57 57 58 59 -61 -62 -63
leaf_value=-0.34559997955689559 0.1470978916168213 -3.8657780987283461 11.505048443930489 2.5335815836702076 -1.3846140506863593 5.28221003894806 -0.98598186584619363 -0.50921457699366979 7.9376503370602922 -2.401148653859678 -0.72971272162028722 0.78896413494240158 5.0105572465191726 -2.060328794826161 -5.4815020834482642 1.9790042528239162 2.776230030647763 -2.2058616896109147 1.8632898807910185 -0.028943606188090949 -1.6560394668579101 -0.63219807098257463 0.97596842695165575 -0.43710920492808025 -0.61884269654590252 -1.6617821271078927 1.1177958276748656 -0.1034535982858303 0.58440158586502067 -1.7965274875252335 -0.084336813560553961 -1.3654042936116457 0.50550855579199616 -0.74833544398347529 0.53813419427722697 -0.72069774280755949 -0.5504897813954287 0.1306605757839894 0.84814973180944264 -0.65125998058146051 -1.0297604615791984 1.3227806419676 0.085512080419631237 0.60648299042383824 -1.0067432940417322 -0.96072072093901417 -0.71833912811849998 -0.43211287177586927 0.4857458267041615 -0.1262850355780844 0.15160940846952145 -0.33285984978901934 -0.28296918588876724 1.0477422519092974 -0.058111706036329272 0.12526022019361457 -0.27916972572732179 -0.27551907695610739 -0.10937636867099826 0.38182389128093536 0.23424232306039855 -0.62594908585647746
leaf_weight=36 24 22 20 27 23 24 25 20 29 22 20 32 22 32 25 21 22 21 30 51 22 35 26 23 57 20 24 42 24 26 20 23 26 23 23 38 35 88 21 30 22 21 20 29 28 22 35 39 20 115 63 144 89 22 24 89 233 203 169 51 22 89
leaf_count=36 24 22 20 27 23 24 25 20 29 22 20 32 22 32 25 21 22 21 30 51 22 35 26 23 57 20 24 42 24 26 20 23 26 23 23 38 35 88 21 30 22 21 20 29 28 22 35 39 20 115 63 144 89 22 24 89 233 203 169 51 22 89
internal_value=0.0094269 1.82789 4.39214 6.51149 0.336225 1.27132 2.05227 -0.131508 0.548715 2.32735 4.45601 -0.107435 2.43126 -0.815628 -2.11357 -0.452736 0.544212 -0.416447 0.573597 -0.211708 -0.574933 -0.194119 -0.0389529 -0.235041 -0.215523 -0.83666 -0.103199 0.350618 -0.187387 -0.664533 -0.108268 -0.920539 -0.0392688 -0.0982035 -0.0287062 -0.0956051 -0.22405 -0.0659987 0.401981 -0.264623 -0.193354 0.112694 -0.508924 -0.205918 -0.18967 -0.0887603 -0.271555 0.0319333 -0.177243 -0.268306 -0.238271 -0.447776 -0.0334585 0.0950239 0.481708 -0.0465589 -0.194363 -0.222947 -0.129587 0.00568262 -0.337025 -0.376675
internal_weight=2723 195 71 47 124 102 79 2528 266 71 49 195 42 153 78 53 75 53 55 2262 103 2159 451 1708 1662 56 425 66 359 50 309 46 274 248 225 202 161 123 41 81 1606 63 42 1543 1486 484 192 292 170 150 1002 172 263 174 46 128 830 767 423 220 344 322
internal_count=2723 195 71 47 124 102 79 2528 266 71 49 195 42 153 78 53 75 53 55 2262 103 2159 451 1708 1662 56 425 66 359 50 309 46 274 248 225 202 161 123 41 81 1606 63 42 1543 1486 484 192 292 170 150 1002 172 263 174 46 128 830 767 423 220 344 322
is_linear=0
shrinkage=0.05


Tree=62
num_leaves=63
num_cat=0
split_feature=24 25 2 25 40 40 38 17 24 28 40 30 17 40 17 9 2 17 38 37 25 45 24 38 16 16 40 28 17 45 39 16 25 3 40 2 24 2 17 1 24 24 28 25 24 1 17 24 45 9 38 28 45 1 16 24 25 9 16 1 40 4
split_gain=253174 425503 177815 231475 185929 168186 118940 60967.3 50377.7 93408.2 228608 265781 142816 140601 346874 191687 80029.5 62033.5 101212 6583.75 9091.31 3590.17 10314.3 6209.58 5638.68 7222.99 4837.68 4685.87 13462.8 6558.87 8532.85 5886.67 5202.41 7223.31 5761.5 3871.26 3737.15 3037.2 2527.44 2670.64 2294.07 4918.56 2147.52 1915.21 4159.08 3981.73 5263.93 4434.54 5402.76 4212.68 3634.19 2696.45 2816.24 2196.65 1893.75 1865.23 2687.11 3315.14 4153.27 3316.78 6492.9 3705.34
threshold=221.21921952817829 4.5000000000000009 2.5000000000000004 32.000000000000007 8.5000000000000018 43.500000000000007 6.5000000000000009 2.4315000000000002 131.49946365561047 17.500000000000004 44.500000000000007 1.2500000000000002 1.0945000000000003 46.500000000000007 3.0640000000000005 4.5000000000000009 3.5000000000000004 2.2775000000000003 10.500000000000002 1.0000000180025095e-35 3.5000000000000004 6.5000000000000009 126.08572977481235 1.5000000000000002 31.150000000000006 29.850000000000005 42.500000000000007 26.500000000000004 4.8410000000000002 9.5000000000000018 1.5000000000000002 16.850000000000005 2.5000000000000004 3.5000000000000004 37.500000000000007 1.5000000000000002 113.84936613844872 2.5000000000000004 0.93650000000000011 21.500000000000004 124.94936613844872 121.35658951904365 8.5000000000000018 5.5000000000000009 96.930783093053762 29.500000000000004 6.0985000000000005 81.147853070226901 3.5000000000000004 7.5000000000000009 8.5000000000000018 2.5000000000000004 4.5000000000000009 14.500000000000002 22.650000000000002 112.76584846346314 2.5000000000000004 16.500000000000004 19.150000000000002 43.500000000000007 8.5000000000000018 12.500000000000002
decision_type=2 2 2 2 2 2 2 2 2 2 2 2 2 2 2 2 2 2 2 2 2 2 2 2 2 2 2 2 2 2 2 2 2 2 2 2 2 2 2 2 2 2 2 2 2 2 2 2 2 2 2 2 2 2 2 2 2 2 2 2 2 2
left_child=8 -2 4 -4 -3 -6 7 -5 19 12 11 -11 -10 15 -15 16 -14 -17 -19 20 37 40 23 35 25 27 -26 29 36 38 -31 -32 34 -34 -33 -23 54 -1 -25 42 41 43 -40 44 -21 46 47 -45 49 -49 -46 -47 -53 -48 -29 56 -52 59 -59 60 -58 -62
right_child=1 2 3 6 5 -7 -8 -9 9 10 -12 -13 13 14 -16 17 -18 18 -20 21 -22 22 -24 24 26 -27 -28 28 -30 30 31 32 33 -35 -36 -37 -38 -39 39 -41 -42 -43 -44 45 50 51 53 48 -50 -51 55 52 -54 -55 -56 -57 57 58 -60 -61 61 -63
leaf_value=-0.48659590326822721 8.4682762654622401 2.0445374960104625 6.0385014014408505 0.43835910301655528 -6.1446824223344976 0.10586609710346569 -2.454949899429367 3.7379777466333834 3.5124572279930115 6.2840918784671356 -2.0002712000333349 -0.76067897655747152 -1.7444164184729258 -2.7114221406842658 5.075092790126801 -1.7566281222786224 -5.9806676495075237 2.472886817149627 -1.5150907965059632 -0.61436669663146692 0.19043828288763764 -0.49399433116118119 0.73258716655274236 0.22560735845221924 -0.37607899578223969 0.49800979478955276 -1.3167995286553071 -0.92317483240738507 1.0571769760336194 -1.5678803579185319 -1.1866531419754027 -0.16238395413961906 -0.50536583863198759 0.46478863343596455 -1.104457132436335 0.2419744836070708 0.17897786231144619 -1.2238311158082424 -0.23362405591777394 -0.13757834606118255 -0.63228900462388993 0.41597604021047935 -0.85127196632325652 -0.2899235947608948 -0.72589749911001755 0.22440020893017454 -0.70690442272595 0.70266346180244632 0.96582499500583197 -0.15578307583143838 -0.3250886040764262 -0.40046828141435981 0.15097583587827357 0.0074680626910665765 -0.32273921444135556 -0.063269594956824285 0.6308019406155303 -0.24356113452464345 0.51375339746297832 -0.50593218183610589 -0.046308235419648042 -0.5303361958162538
leaf_weight=25 20 29 28 31 21 21 20 25 24 35 25 21 23 25 31 34 23 38 26 53 24 23 23 25 28 24 28 23 20 22 28 28 47 31 39 69 22 38 27 90 23 38 31 24 27 29 20 22 33 37 257 121 28 22 33 398 26 31 41 63 125 57
leaf_count=25 20 29 28 31 21 21 20 25 24 35 25 21 23 25 31 34 23 38 26 53 24 23 23 25 28 24 28 23 20 22 28 28 47 31 39 69 22 38 27 90 23 38 31 24 27 29 20 22 33 37 257 121 28 22 33 398 26 31 41 63 125 57
internal_value=0.00916926 1.74035 0.927669 2.23602 -0.993164 -3.08951 0.774818 1.95123 -0.125001 0.476581 1.92043 3.67522 -0.0517175 -0.49479 1.6123 -1.31972 -3.94483 -0.0600692 0.85431 -0.207718 -0.632045 -0.190145 -0.287006 -0.324859 -0.388788 -0.333124 -0.861377 -0.376914 -0.0687588 -0.458555 -0.656944 -0.532728 -0.399156 -0.118726 -0.719006 0.0545952 -0.367251 -0.94353 -0.23242 -0.310817 -0.14657 -0.138443 -0.572664 -0.153629 -0.1861 -0.0491946 0.133039 0.306209 0.463221 0.170608 -0.163374 -0.21082 -0.296492 -0.341122 -0.581304 -0.147439 -0.203064 -0.110941 0.188749 -0.190983 -0.0936014 -0.199996
internal_weight=2723 195 175 104 71 42 76 56 2528 305 81 56 224 200 56 144 46 98 64 2223 87 2136 661 638 546 490 56 466 98 368 195 173 145 78 67 92 78 63 173 148 1475 1452 58 1414 1078 336 158 116 92 59 1025 178 149 42 56 998 600 343 72 271 208 182
internal_count=2723 195 175 104 71 42 76 56 2528 305 81 56 224 200 56 144 46 98 64 2223 87 2136 661 638 546 490 56 466 98 368 195 173 145 78 67 92 78 63 173 148 1475 1452 58 1414 1078 336 158 116 92 59 1025 178 149 42 56 998 600 343 72 271 208 182
is_linear=0
shrinkage=0.05


Tree=63
num_leaves=63
num_cat=0
split_feature=24 25 40 24 28 17 17 24 33 9 1 17 1 9 45 42 16 45 16 0 45 45 40 1 25 16 16 25 42 0 9 24 28 42 28 3 12 16 24 24 24 17 42 40 25 25 24 16 45 1 45 24 17 1 16 24 25 9 16 24 17 40
split_gain=229338 391657 155595 190621 184638 94789.8 80313.8 47050.6 185359 77534.8 299287 154089 141648 121653 89103.1 73945 104696 60882.4 15292.3 5183.83 19727.8 9460.19 13071.1 15146.1 11766.8 9483.35 16624.5 9205.78 13397.5 8098.12 5219.33 5621.1 5796.75 5138.01 4147.09 3632 2932.35 4420.64 2919.07 6446.23 2572.49 2289.95 1799.86 2542.52 2134.95 1888.6 3865.85 6525.16 3580.35 5689.54 5844.7 3496.17 3000.32 2874.07 2753.82 2331.75 2701.61 5640.24 4657.55 3794.45 3340.84 2905.16
threshold=221.21921952817829 6.5000000000000009 15.500000000000002 433.74626823940594 8.5000000000000018 7.1010000000000009 2.4245000000000005 138.93749470712774 1.0000000180025095e-35 3.5000000000000004 37.500000000000007 4.5990000000000011 43.500000000000007 1.5000000000000002 8.5000000000000018 10.500000000000002 18.950000000000003 6.5000000000000009 17.550000000000004 14.500000000000002 9.5000000000000018 9.5000000000000018 40.500000000000007 21.500000000000004 5.5000000000000009 17.150000000000002 24.150000000000002 2.5000000000000004 10.500000000000002 3.5000000000000004 11.500000000000002 106.12492022337456 8.5000000000000018 10.500000000000002 3.5000000000000004 2.5000000000000004 0.95000000000000007 28.150000000000006 126.08572977481235 121.97663886572143 112.222093411176 3.2485000000000004 16.500000000000004 36.500000000000007 4.5000000000000009 5.5000000000000009 81.147853070226901 29.150000000000006 5.5000000000000009 39.500000000000007 3.5000000000000004 96.930783093053762 2.7425000000000002 51.500000000000007 19.950000000000003 114.36300250208508 2.5000000000000004 16.500000000000004 18.850000000000005 101.75195533823974 3.9325000000000006 8.5000000000000018
decision_type=2 2 2 2 2 2 2 2 2 2 2 2 2 2 2 2 2 2 2 2 2 2 2 2 2 2 2 2 2 2 2 2 2 2 2 2 2 2 2 2 2 2 2 2 2 2 2 2 2 2 2 2 2 2 2 2 2 2 2 2 2 2
left_child=7 -2 4 5 -3 -4 -5 19 9 10 13 12 15 -9 -14 -11 -17 -18 -6 21 -21 38 23 25 27 -23 40 36 -29 34 31 -31 -33 -28 -25 -36 -24 -38 39 42 -27 -32 45 -44 -45 51 -47 48 49 50 52 -1 -48 -51 -54 56 -53 59 -59 -58 -60 -61
right_child=1 2 3 6 18 -7 -8 8 -10 11 -12 -13 14 -15 -16 16 17 -19 -20 20 -22 22 24 29 -26 26 33 28 -30 30 41 32 -34 -35 35 -37 37 -39 -40 -41 -42 -43 43 44 -46 46 47 -49 -50 53 -52 55 54 -55 -56 -57 57 58 60 61 -62 -63
leaf_value=-0.54411956889587543 6.3693040823274183 6.3314314947809498 -5.2216883541891974 -1.0660523991357713 -0.30273653662723049 -0.58993073815649211 2.931519712917507 -3.8687831903587693 5.0227763525644944 2.3697646111791788 5.1290023381263019 2.3974229006634817 -1.3115758308497343 1.2404330509781838 -5.9989831388564347 1.9673823314621335 -0.53510064582824712 -4.2027168455990882 1.5106622872749966 -0.28189534330481214 1.1899614489078523 -0.60600783233289368 -1.2742239088192582 0.48906439470208207 -1.6352015574516789 0.75954601444981318 -0.68763599064039149 0.85036797429124522 -0.6587136417941043 -1.0337099834916921 -0.77627521591186521 -0.62169520759582519 0.42170141369104386 0.27477755230665207 -0.83097567535582051 -0.01485040593147278 -0.25175209283828737 -1.1713372912614242 -0.60331529910223824 0.54067151457947848 1.6149869768960134 -1.5624315827233453 -0.1604168359826357 -0.29122534993709176 -0.79846324029990612 -0.34375096085872769 0.557267507314682 0.82904240436278853 -0.4430601662855882 -0.53188391986183636 1.0049534175872803 -0.28765381653755012 0.26006641081401283 0.12177047164738181 -0.54166547444733704 -0.023154724682446084 -0.46329862945535211 -0.20505477276341671 0.99796940784454335 0.35349355115610015 0.13481005720116876 -0.15915782683000371
leaf_weight=56 35 20 23 20 22 21 31 21 20 21 31 35 21 24 20 20 24 21 23 78 31 26 31 22 30 21 22 23 37 28 24 29 23 34 20 39 32 22 34 33 20 20 170 56 34 68 22 25 38 38 24 353 20 29 21 296 88 28 24 33 21 147
leaf_count=56 35 20 23 20 22 21 31 21 20 21 31 35 21 24 20 20 24 21 23 78 31 26 31 22 30 21 22 23 37 28 24 29 23 34 20 39 32 22 34 33 20 20 170 56 34 68 22 25 38 38 24 353 20 29 21 296 88 28 24 33 21 147
internal_value=0.00878638 1.65646 0.592333 -0.696692 2.45838 -3.07342 1.37339 -0.118911 0.519654 0.121787 1.4289 -0.496402 -1.30645 -1.17603 -3.68663 -0.142327 -0.97761 -2.30092 0.636695 -0.191687 0.143673 -0.208664 -0.398462 -0.211147 -0.74632 0.226323 0.453381 -0.552439 -0.0756932 -0.473479 -0.725884 -0.475403 -0.160849 -0.108656 -0.0828783 -0.300825 -0.884113 -0.640974 -0.150875 -0.141034 1.20547 -1.16051 -0.155507 -0.275814 -0.489572 -0.131814 -0.0176143 0.0856704 -0.014891 0.0929057 0.357849 -0.162878 0.0994048 -0.251255 -0.153577 -0.14078 -0.190836 -0.0900488 0.296871 -0.196172 0.606958 -0.0637104
internal_weight=2723 195 160 95 65 44 51 2528 258 238 76 162 127 45 41 86 65 45 45 2270 109 2161 503 328 175 123 97 145 60 205 124 80 52 56 81 59 85 54 1658 1624 41 44 1591 260 90 1331 285 217 192 154 87 1046 63 67 41 990 694 341 73 268 45 180
internal_count=2723 195 160 95 65 44 51 2528 258 238 76 162 127 45 41 86 65 45 45 2270 109 2161 503 328 175 123 97 145 60 205 124 80 52 56 81 59 85 54 1658 1624 41 44 1591 260 90 1331 285 217 192 154 87 1046 63 67 41 990 694 341 73 268 45 180
is_linear=0
shrinkage=0.05


Tree=64
num_leaves=63
num_cat=0
split_feature=24 25 2 25 0 4 2 24 33 2 38 38 28 1 25 30 17 1 37 39 4 1 32 39 2 39 45 12 9 25 24 4 24 24 43 17 17 4 41 1 30 45 12 9 24 25 4 1 17 9 17 4 17 24 28 24 25 45 24 25 17 25
split_gain=207622 359680 162760 208866 175966 151535 211997 42534.7 168190 121546 121881 317850 114108 201162 135954 92703.5 41328.6 15923.8 5054.36 13767.2 10740.9 7017.84 6390.61 22136 8323.1 3502.22 8414.89 12150.6 16857.8 16600.4 3526.9 2393.39 14122.6 7122.56 11412.9 3916.72 4220.37 5025.24 4699.39 4495.86 3787.73 3785.27 3752.75 3302.11 3222.52 5472.9 4719.05 7683.97 6108.84 5908.28 3788.75 5081.68 2892.05 2831.13 2694.86 2631.3 2213.92 3448.83 2504.13 2471.95 3428.13 2111.51
threshold=221.21921952817829 4.5000000000000009 2.5000000000000004 32.000000000000007 5.5000000000000009 13.500000000000002 1.5000000000000002 138.93749470712774 1.0000000180025095e-35 5.5000000000000009 8.5000000000000018 2.5000000000000004 30.500000000000004 37.500000000000007 6.5000000000000009 2.0000000000000004 2.4315000000000002 32.500000000000007 1.0000000180025095e-35 1.5000000000000002 47.500000000000007 35.500000000000007 1.0000000180025095e-35 2.5000000000000004 3.5000000000000004 3.5000000000000004 9.5000000000000018 0.95000000000000007 5.5000000000000009 2.5000000000000004 114.03840770086184 6.5000000000000009 122.72074356835824 124.94936613844872 1.0000000180025095e-35 7.2025000000000015 4.3970000000000011 9.5000000000000018 5.5000000000000009 43.500000000000007 2.0000000000000004 9.5000000000000018 0.95000000000000007 18.500000000000004 91.91790723751275 3.5000000000000004 13.500000000000002 35.500000000000007 2.7425000000000002 8.5000000000000018 3.4860000000000002 9.5000000000000018 5.7805000000000009 107.94525229357799 10.500000000000002 104.20765780600645 4.5000000000000009 1.5000000000000002 92.351572308063751 3.5000000000000004 2.5765000000000007 1.5000000000000002
decision_type=2 2 2 2 2 2 2 2 2 2 2 2 2 2 2 2 2 2 2 2 2 2 2 2 2 2 2 2 2 2 2 2 2 2 2 2 2 2 2 2 2 2 2 2 2 2 2 2 2 2 2 2 2 2 2 2 2 2 2 2 2 2
left_child=7 -2 5 -4 16 6 -3 18 9 10 11 17 13 14 15 -12 -5 -9 19 -1 21 -21 25 -24 -25 26 30 -28 29 -29 56 32 41 35 -35 36 44 -38 40 -40 -39 -27 -37 53 54 55 50 48 -48 -49 51 -47 -42 -44 -33 -46 59 58 -58 60 61 -20
right_child=1 2 3 4 -6 -7 -8 8 -10 -11 12 -13 -14 -15 -16 -17 -18 -19 22 20 -22 -23 23 24 -26 31 27 28 -30 -31 -32 33 -34 34 -36 42 37 38 39 -41 52 -43 43 -45 45 46 47 49 -50 -51 -52 -53 -54 -55 -56 -57 57 -59 -60 -61 -62 -63
leaf_value=0.57555913795124403 7.7617249225434808 4.4757868389856252 5.6928507170183913 0.81809379695403972 -3.2298227601675764 -3.971637350364968 -2.2821193736791616 -1.6745482976096018 4.7835965676534746 -2.4398691023313086 -5.3211277666958905 5.8773205705122518 -3.6975813789772141 3.2062758215268454 1.3819225848132168 -0.58450283413841608 3.5510873024551959 0.26171747207641605 -0.34638354255235759 -1.7930497167850366 -0.047759366290909905 -0.53776413804008849 1.6683924053964159 -0.65788953500986103 0.43445139646530145 -0.11498877533012625 -1.3555263069272043 -0.73267971254530406 -1.026428270367689 1.1294343446407999 0.07567522742739409 -0.88868735924363129 -1.5123618674278259 -0.35462480721148582 1.1991555193754342 -0.78904293373936696 0.65463254500519152 -0.66394816877418439 -0.0018127516049078142 0.67028904696873259 0.31768738621473314 -0.62176579168864654 -0.30855763695456773 -0.66744303979656916 -0.5621882856135465 0.64744878076371692 0.23881770160463123 0.38120697690093003 1.2487737764252556 -0.76612616430629377 -0.72837269751921951 -0.35359159991145139 -0.43706135904247118 0.50348514572495506 -0.23822598155339558 -0.17383128768880579 -0.15976937884869785 -0.26976102456450463 0.54719616426088447 -0.67770077122996253 -0.46832561088915992 0.17177910444783231
leaf_weight=21 20 20 28 30 20 26 25 20 20 38 21 32 20 38 28 20 26 21 31 28 27 20 20 39 30 308 40 20 42 27 100 25 20 21 25 41 32 37 86 34 29 41 21 21 48 20 35 22 26 21 22 31 21 20 44 424 22 107 27 47 97 50
leaf_count=21 20 20 28 30 20 26 25 20 20 38 21 32 20 38 28 20 26 21 31 28 27 20 20 39 30 308 40 20 42 27 100 25 20 21 25 41 32 37 86 34 29 41 21 21 48 20 35 22 26 21 22 31 21 20 44 424 22 107 27 47 97 50
internal_value=0.00845187 1.57617 0.829141 2.08106 0.693688 -1.00802 0.753292 -0.11305 0.494098 0.115108 0.610302 2.22357 -0.327094 0.331261 -1.27519 -3.07963 2.12711 -0.700065 -0.182245 -0.535788 -0.85051 -1.29177 -0.166392 0.246541 -0.183466 -0.18413 -0.284916 -0.642155 -0.309984 0.338185 -0.187963 -0.142281 -0.252474 -0.105318 0.497262 -0.131917 -0.10012 0.0816063 -0.00967477 0.192541 -0.287668 -0.176145 -0.423496 -0.172997 -0.160647 -0.125645 0.11099 0.326022 0.68257 -0.183682 -0.195555 0.0437787 -0.0015633 0.0899981 -0.483301 -0.214441 -0.25719 -0.111385 0.232836 -0.357319 -0.269382 -0.0282749
internal_weight=2723 195 175 104 76 71 45 2528 258 238 200 73 127 107 69 41 56 41 2270 96 75 48 2174 89 69 2085 610 129 89 47 481 1475 369 1106 46 1060 957 239 207 120 87 349 103 62 718 649 177 104 61 43 73 51 50 41 69 472 381 156 49 225 178 81
internal_count=2723 195 175 104 76 71 45 2528 258 238 200 73 127 107 69 41 56 41 2270 96 75 48 2174 89 69 2085 610 129 89 47 481 1475 369 1106 46 1060 957 239 207 120 87 349 103 62 718 649 177 104 61 43 73 51 50 41 69 472 381 156 49 225 178 81
is_linear=0
shrinkage=0.05


Tree=65
num_leaves=63
num_cat=0
split_feature=38 38 41 4 18 16 4 17 2 4 9 38 28 17 9 38 28 17 1 1 16 17 17 17 16 17 2 9 17 22 4 45 45 28 17 1 28 17 12 4 45 16 42 41 4 28 28 1 12 28 9 9 1 41 1 30 16 9 42 9 2 16
split_gain=71798.2 126153 145247 101066 116638 148599 114661 92477.3 143507 91656 124049 90709.8 82090 81913.5 78269.8 77902.6 82660.7 123421 76925.7 80019.9 63469.7 52481.3 49790.8 44850.2 38162.8 38012.1 38791 22072.2 20412.5 12672.9 10493.9 67216.4 38640.4 65903.9 79562.7 8076.99 7431.57 28063.7 5228.64 4296.34 4005.91 3645.84 3903.91 3603.15 3465.28 4680.98 3468.08 4508.26 3916.81 4569.46 3915.09 5327.28 3891.97 3998.43 3039.57 2964.49 2749.08 3583.9 2307.01 4966.79 2264.68 2251.63
threshold=8.5000000000000018 1.5000000000000002 7.5000000000000009 3.5000000000000004 1.0000000180025095e-35 19.650000000000002 6.5000000000000009 0.86950000000000005 4.5000000000000009 7.5000000000000009 14.500000000000002 3.5000000000000004 5.5000000000000009 2.9675000000000007 17.500000000000004 11.500000000000002 13.500000000000002 2.7425000000000002 19.500000000000004 38.500000000000007 26.350000000000005 1.5020000000000002 2.4245000000000005 1.5755000000000001 23.850000000000005 3.7105000000000001 2.5000000000000004 17.500000000000004 7.0150000000000015 0.040400000000000005 13.500000000000002 9.5000000000000018 9.5000000000000018 5.5000000000000009 2.0010000000000008 56.500000000000007 2.5000000000000004 2.6365000000000003 0.95000000000000007 6.5000000000000009 1.5000000000000002 15.15 5.5000000000000009 1.5000000000000002 12.500000000000002 49.500000000000007 10.500000000000002 29.500000000000004 0.95000000000000007 28.500000000000004 5.5000000000000009 11.500000000000002 13.500000000000002 5.5000000000000009 13.500000000000002 2.0000000000000004 29.350000000000005 4.5000000000000009 11.500000000000002 10.500000000000002 3.5000000000000004 24.550000000000004
decision_type=2 2 2 2 2 2 2 2 2 2 2 2 2 2 2 2 2 2 2 2 2 2 2 2 2 2 2 2 2 2 2 2 2 2 2 2 2 2 2 2 2 2 2 2 2 2 2 2 2 2 2 2 2 2 2 2 2 2 2 2 2 2
left_child=1 27 3 13 6 18 -5 8 -8 -4 -11 20 14 23 -9 29 -17 21 -6 22 24 -18 -20 -3 -7 26 -14 28 38 30 32 56 35 -34 -35 36 37 -2 -1 -37 -39 42 -38 -44 46 -46 52 48 49 54 -50 -52 60 -54 -48 -49 -32 -58 59 -57 -43 -51
right_child=15 2 9 4 5 11 7 12 -10 10 -12 -13 25 -15 -16 16 17 -19 19 -21 -22 -23 -24 -25 -26 -27 -28 -29 -30 -31 31 -33 33 34 -36 39 41 40 -40 -41 -42 44 43 -45 45 -47 47 55 50 61 51 -53 53 -55 -56 58 57 -59 -60 -61 -62 -63
leaf_value=-0.95226603453809566 1.7282702350940395 2.4879900362378078 5.5868811798908498 -3.5720846647229694 4.9554527052243555 -1.1097704075404575 -0.7809712346394857 2.1190552171979635 4.6806288990649314 -0.88891927795410153 4.1642993875344594 1.9389157030648658 -1.031718576939946 4.3135854310648787 -1.4302931128229415 3.7063548849105836 0.44200273989020167 -2.7958508622104477 1.8726352695056372 3.5747776093482977 -2.9544447627265393 3.602084121022906 -1.5707686717169627 -0.68506730328003562 1.5121289510312288 -0.50138216333858887 -3.9191266222657832 -2.5010270398313352 -2.090559742904845 1.0122969977060954 -0.20559496183468129 2.1265895353483435 0.2592765408393109 -0.47834070302191239 -4.9117050387887735 -1.29666287528144 -1.0920402446637552 -0.74203012486983999 -0.026614041666262873 -0.33466266606165018 0.046287128280948948 -1.0185891616741818 -0.707724910131315 -0.06776389904776399 -0.31095826563915535 -1.163378851811091 -0.41668085208305944 -0.49528876550904999 -0.39193879578486085 1.0443520974758125 0.3861439945707556 -0.32664718491227729 -0.40987754282991534 0.1741012505780567 0.29278848638137184 -0.23674862150659504 -0.16739970272011831 0.65763653814284639 -0.41623400540953431 0.43642425621114667 -0.34506470279693607 0.28295849915061683
leaf_weight=21 22 20 21 28 23 34 26 34 21 24 23 35 21 27 27 24 36 21 20 29 28 20 20 23 22 32 28 21 20 20 696 32 32 20 20 26 23 28 50 22 36 29 40 48 75 20 25 90 74 20 60 45 88 43 35 86 32 21 53 39 24 20
leaf_count=21 22 20 21 28 23 34 26 34 21 24 23 35 21 27 27 24 36 21 20 29 28 20 20 23 22 32 28 21 20 20 696 32 32 20 20 26 23 28 50 22 36 29 40 48 75 20 25 90 74 20 60 45 88 43 35 86 32 21 53 39 24 20
internal_value=0.00817166 0.453685 0.757149 0.45825 0.168008 1.00272 -0.644483 -0.19422 1.70589 2.9077 1.61907 -0.166133 -0.830695 2.20544 0.550221 -0.139681 1.20738 0.390887 2.5002 1.62261 -1.05579 1.61409 0.154493 0.813663 -0.071193 -1.86473 -2.72715 -1.07298 -0.719771 -0.210255 -0.223485 -0.0820632 -0.319956 -1.43335 -2.76088 -0.243834 -0.213548 0.229241 -0.309891 -0.871676 -0.304635 -0.254395 -0.522822 -0.363395 -0.217728 -0.500717 -0.18031 -0.116741 0.0239779 0.273121 -0.115924 0.0804152 -0.36761 -0.218285 -0.0047265 -0.2628 -0.179141 0.165534 -0.143111 -0.0248822 -0.725728 0.679964
internal_weight=2723 678 566 498 428 211 217 189 47 68 47 119 142 70 61 2045 101 77 92 69 84 56 40 43 56 81 49 112 91 1944 1924 781 1143 72 40 1071 1023 86 71 48 64 937 111 88 826 95 731 547 279 100 179 105 184 131 60 268 749 53 178 125 53 40
internal_count=2723 678 566 498 428 211 217 189 47 68 47 119 142 70 61 2045 101 77 92 69 84 56 40 43 56 81 49 112 91 1944 1924 781 1143 72 40 1071 1023 86 71 48 64 937 111 88 826 95 731 547 279 100 179 105 184 131 60 268 749 53 178 125 53 40
is_linear=0
shrinkage=0.05


Tree=66
num_leaves=63
num_cat=0
split_feature=24 25 2 24 17 40 24 33 2 28 2 0 9 24 9 24 37 39 40 24 32 40 42 40 30 9 24 24 39 41 17 25 28 25 24 9 24 25 17 2 9 3 40 25 24 24 24 9 17 33 40 2 28 24 3 40 41 42 40 1 28 24
split_gain=184796 321324 142050 141244 230146 108688 36090.7 149668 107774 106854 530113 177872 176356 119134 48403.2 8498.48 6279.09 11970.1 13057.6 5428.43 5310.29 22021.4 21680.5 3991.25 4218.98 5126.29 4533.95 4222.38 4147.56 7213.12 10439.6 7629.39 5703.51 4084.44 8596.69 3761.74 4768 12862 3346.4 4017.89 3684.04 3354.13 2649.29 4634.9 3238.23 3521.47 2502.53 2491.31 2340.1 1853.26 2566.15 4026.55 1663.93 2553.8 2371.95 2158.96 1644.63 1569.82 1811.01 1651.66 1579.6 2457.42
threshold=221.21921952817829 6.5000000000000009 4.5000000000000009 433.74626823940594 7.1010000000000009 39.500000000000007 138.93749470712774 1.0000000180025095e-35 5.5000000000000009 17.500000000000004 3.5000000000000004 5.5000000000000009 3.5000000000000004 175.33547094801227 7.5000000000000009 165.94043577981654 1.0000000180025095e-35 1.5000000000000002 44.500000000000007 113.68035974423132 1.0000000180025095e-35 34.500000000000007 10.500000000000002 6.5000000000000009 1.2500000000000002 34.500000000000007 126.08572977481235 121.35658951904365 3.5000000000000004 7.5000000000000009 3.8765000000000005 3.5000000000000004 7.5000000000000009 3.5000000000000004 100.37286850152906 5.5000000000000009 99.950636729438273 3.5000000000000004 1.6960000000000002 4.5000000000000009 3.5000000000000004 3.5000000000000004 21.500000000000004 1.5000000000000002 109.89335156433781 95.867755180599218 118.89102328863798 8.5000000000000018 4.2695000000000007 1.0000000180025095e-35 10.500000000000002 2.5000000000000004 2.5000000000000004 104.89281039755352 3.5000000000000004 33.500000000000007 7.5000000000000009 16.500000000000004 12.500000000000002 44.500000000000007 1.0000000180025095e-35 97.519535168195731
decision_type=2 2 2 2 2 2 2 2 2 2 2 2 2 2 2 2 2 2 2 2 2 2 2 2 2 2 2 2 2 2 2 2 2 2 2 2 2 2 2 2 2 2 2 2 2 2 2 2 2 2 2 2 2 2 2 2 2 2 2 2 2 2
left_child=6 -2 3 4 -3 -5 16 8 9 11 -11 13 -13 -8 -14 -16 17 -1 19 -19 23 47 -23 33 25 28 27 49 29 30 38 -32 46 48 56 42 -37 -38 40 -40 -25 -42 -34 -44 45 -45 52 -22 -18 50 51 -26 53 -30 -54 -55 -35 58 -52 -59 -60 -62
right_child=1 2 -4 5 -6 -7 7 -9 -10 10 -12 12 14 -15 15 -17 20 18 -20 -21 21 22 -24 24 26 -27 -28 -29 32 -31 31 -33 35 34 -36 36 37 -39 39 -41 41 -43 43 44 -46 -47 -48 -49 -50 -51 57 -53 54 55 -56 -57 -58 59 60 -61 61 -63
leaf_value=0.47376690647818825 5.7557266108194982 -5.1475931696246073 3.1504087729255361 -0.68611183214187621 1.6162655703587967 3.1673387278879392 -0.38129238891601558 4.4990054518552061 -2.3106636179104831 -1.7566703668429007 8.4153863720460382 4.8020847800144786 -2.0042149129780857 -4.8138894203186036 0.15690824508666995 1.6060860234215146 -0.021389809893795624 -0.81386694315820929 -1.8246524679660798 0.2122411108016968 -0.9208177201314407 -0.18141348083813988 2.0390157633026442 -0.80480677688563318 0.62040223154528384 0.40682052146196368 -0.85041893157091997 0.38007767003215848 -1.0120908456756954 -1.1104337657541037 -0.32065107609216986 0.93179747519285783 -0.61341502307234586 -0.29097766948051945 0.87256028228514904 -0.43511312517303014 -0.058380799114704146 1.334565379490023 -1.1292164448752653 -0.25535754269077665 -0.52591797743524826 0.33139365630149847 -0.66687976828643247 0.36591858544132932 0.58203348120917442 -0.45142154579812827 -0.9547894095467484 -0.18168740295733399 -0.46709484035648946 -0.35721351552073677 -0.506363327778105 -0.13278448137252227 -0.51473266900581283 0.04405550435524095 0.10244734715889484 -0.61944748250028958 0.22896906765103342 -0.39031667573921447 0.11377118460834026 -0.01591685317275001 -0.30568225154616191 -0.078674958255077088
leaf_weight=21 35 29 38 39 21 33 39 20 38 30 21 25 21 24 20 20 105 31 23 21 21 20 23 26 28 24 21 39 20 39 25 22 36 38 36 26 59 22 42 20 20 24 27 21 22 32 22 25 40 92 28 45 28 21 33 28 24 112 75 40 150 573
leaf_count=21 35 29 38 39 21 33 39 20 38 30 21 25 21 24 20 20 105 31 23 21 21 20 23 26 28 24 21 39 20 39 25 22 36 38 36 26 59 22 42 20 20 24 27 21 22 32 22 25 40 92 28 45 28 21 33 28 24 112 75 40 150 573
internal_value=0.00796495 1.487 0.523236 -0.313983 -2.33069 1.09918 -0.106663 0.452608 0.0951517 0.561503 2.51301 -0.118731 1.3539 -2.11881 -0.113869 0.903119 -0.170401 -0.564312 -0.857449 -0.403197 -0.152753 0.223665 1.02549 -0.168923 -0.194037 -0.297856 -0.138685 -0.125328 -0.32598 -0.501123 -0.362909 0.272696 -0.228776 0.0214452 0.269301 -0.0788204 0.142908 0.331551 -0.589609 -0.855934 -0.344919 -0.0612097 -0.250568 -0.117743 0.0860535 -0.126698 -0.468352 -0.531635 -0.146734 -0.142894 -0.123807 0.160521 -0.379334 -0.546409 -0.184501 -0.339795 -0.0891889 -0.145177 -0.117727 -0.292571 -0.103468 -0.126136
internal_weight=2723 195 160 122 50 72 2528 258 238 200 51 149 86 63 61 40 2270 96 75 52 2174 89 43 2085 1842 639 1203 1182 615 218 179 47 397 243 98 245 107 81 132 62 70 44 138 102 75 53 152 46 145 1143 1051 73 130 69 61 49 62 978 826 152 798 723
internal_count=2723 195 160 122 50 72 2528 258 238 200 51 149 86 63 61 40 2270 96 75 52 2174 89 43 2085 1842 639 1203 1182 615 218 179 47 397 243 98 245 107 81 132 62 70 44 138 102 75 53 152 46 145 1143 1051 73 130 69 61 49 62 978 826 152 798 723
is_linear=0
shrinkage=0.05


Tree=67
num_leaves=63
num_cat=0
split_feature=24 28 33 38 28 9 9 24 33 2 38 38 28 1 17 16 2 45 24 16 16 38 42 16 39 16 42 40 42 9 16 2 24 24 38 3 41 1 1 1 1 16 1 41 9 9 33 42 24 1 17 40 4 24 16 3 1 17 1 17 40 16
split_gain=167219 252268 315300 438367 185338 68803.6 136820 32765.6 135717 97584.6 107759 276529 96824.1 184052 71394.9 46034.5 30004.7 3615.58 13930.2 26588 11434.6 11067.3 7387.44 10215.3 8379.6 7491.22 5567.86 9216.72 8565.36 5371.39 8118.15 3134.97 3048.9 6063.21 3498.66 2366.81 2175.93 1841.77 1668.78 2696.84 1575.57 1397.77 1278.68 1220.54 1135.69 2054.81 1316.82 2023.24 1097.38 1029.11 2383.19 3970.04 2985.89 2319.5 1821.42 1664.75 1597.68 1472.75 2878.16 2462.69 4155.19 2570.3
threshold=221.21921952817829 8.5000000000000018 1.0000000180025095e-35 10.500000000000002 12.500000000000002 2.5000000000000004 5.5000000000000009 138.93749470712774 1.0000000180025095e-35 5.5000000000000009 8.5000000000000018 2.5000000000000004 30.500000000000004 37.500000000000007 2.2020000000000004 18.950000000000003 2.5000000000000004 9.5000000000000018 126.08572977481235 20.250000000000004 25.250000000000004 1.5000000000000002 18.500000000000004 17.150000000000002 1.5000000000000002 32.350000000000001 10.500000000000002 38.500000000000007 6.5000000000000009 11.500000000000002 21.750000000000004 1.5000000000000002 126.08572977481235 121.97663886572143 8.5000000000000018 11.500000000000002 2.5000000000000004 29.500000000000004 46.500000000000007 28.500000000000004 26.500000000000004 34.750000000000007 2.5000000000000004 4.5000000000000009 36.500000000000007 33.500000000000007 1.0000000180025095e-35 10.500000000000002 102.69949159021407 11.500000000000002 4.2695000000000007 20.500000000000004 8.5000000000000018 113.02025229357798 24.950000000000003 7.5000000000000009 13.500000000000002 7.4785000000000013 28.500000000000004 6.4730000000000016 30.500000000000004 21.950000000000003
decision_type=2 2 2 2 2 2 2 2 2 2 2 2 2 2 2 2 2 2 2 2 2 2 2 2 2 2 2 2 2 2 2 2 2 2 2 2 2 2 2 2 2 2 2 2 2 2 2 2 2 2 2 2 2 2 2 2 2 2 2 2 2 2
left_child=7 2 3 -2 -3 -6 -7 17 9 10 11 15 13 14 -12 -9 -8 32 21 -20 -21 31 23 35 -25 26 27 -26 -29 30 -28 -19 33 34 36 40 -1 -33 39 -32 -23 42 43 -36 45 46 49 -48 -49 50 51 -44 -52 54 -53 -54 -51 59 -59 61 -61 -58
right_child=1 4 -4 -5 5 6 16 8 -10 -11 12 -13 -14 -15 -16 -17 -18 18 19 20 -22 22 -24 24 25 -27 29 28 -30 -31 38 37 -34 -35 41 -37 -38 -39 -40 -41 -42 -43 44 -45 -46 -47 47 48 -50 56 52 53 55 -55 -56 -57 57 58 -60 60 -62 -63
leaf_value=-0.94081092652820397 10.523753564907954 -4.0110794904957654 -0.73989216850354123 0.77125532361594118 -1.4099892122546833 4.7175822608947753 -1.0060248075081752 0.94239735256541857 4.2847670836675738 -2.1980928299060234 0.45142592393990716 5.459989588766387 -3.450810311791443 3.0110476889977091 -2.7416662883131129 -2.3366657629467191 1.2981055619639736 -0.38385630824349148 -0.98064036456021386 1.9932184886932374 0.30431348658743362 -1.6761915995819228 0.30528000831604007 -1.151960644862231 -0.48875586519115849 -1.2202581227393379 0.54589837908744809 -0.058292188070438525 1.2798982758955522 -0.91909612649526362 -0.55685987016393079 0.5796728804148733 -0.57637871587598644 0.53455897215434478 -0.070179203748702998 -0.66788855910301204 -0.22341161871949833 0.056414636437957348 -0.73700679438955641 0.13132775940001012 -0.95674674205158061 0.2779685882038691 0.35648301322013143 -0.5135420628935099 -0.38165547770567426 0.25095222870508832 -0.52790702894330022 -0.39054790874862155 0.027521247053146361 -0.39844914550483224 0.56143183405058728 -0.6488481374951296 -0.38326212801394011 0.051687540020261491 -0.10006851934194566 0.22653394734486942 -0.18249941648978246 -0.64975359095467455 -0.090635456668043679 -0.18097579482197765 0.54537428391285425 -0.011304474541665735
leaf_weight=20 25 22 25 21 23 24 25 21 20 38 32 32 20 38 37 20 30 21 21 20 20 20 27 33 37 20 25 26 21 38 35 31 36 34 26 25 23 36 33 23 22 21 31 39 38 38 47 22 49 49 34 42 20 34 24 23 540 35 65 39 38 369
leaf_count=20 25 22 25 21 23 24 25 21 20 38 32 32 20 38 37 20 30 21 21 20 20 20 27 33 37 20 25 26 21 38 35 31 36 34 26 25 23 36 33 23 22 21 31 39 38 38 47 22 49 49 34 42 20 34 24 23 540 35 65 39 38 369
internal_value=0.0077177 1.41466 3.76872 6.18277 0.0473569 0.953198 1.6503 -0.101323 0.431562 0.0911689 0.534925 2.05192 -0.34623 0.260598 -1.27545 -0.674577 0.251422 -0.162054 -0.275807 0.430227 1.17691 -0.367587 -0.482987 -0.543136 -0.412331 -0.313625 -0.23263 0.0941312 0.553727 -0.410353 -0.237222 0.136989 -0.126921 -0.117067 -0.130681 -1.09677 -0.570998 0.303557 -0.456014 -0.286273 -1.33047 -0.118668 -0.124041 -0.340023 -0.114688 -0.107667 -0.117164 -0.276858 -0.105577 -0.102933 -0.000656643 -0.130157 0.218441 -0.2831 -0.453839 -0.059243 -0.121655 -0.108806 -0.290872 -0.0900601 0.179815 -0.113099
internal_weight=2723 195 71 46 124 102 79 2528 258 238 200 73 127 107 69 41 55 2270 534 61 40 473 385 358 291 258 238 84 47 154 116 88 1736 1700 1666 67 43 67 91 58 42 1623 1602 65 1537 1499 1461 118 71 1343 208 131 77 100 66 43 1135 1086 100 986 77 909
internal_count=2723 195 71 46 124 102 79 2528 258 238 200 73 127 107 69 41 55 2270 534 61 40 473 385 358 291 258 238 84 47 154 116 88 1736 1700 1666 67 43 67 91 58 42 1623 1602 65 1537 1499 1461 118 71 1343 208 131 77 100 66 43 1135 1086 100 986 77 909
is_linear=0
shrinkage=0.05


Tree=68
num_leaves=63
num_cat=0
split_feature=24 25 2 25 40 0 40 16 16 24 24 24 24 24 4 18 45 16 24 45 28 16 7 1 22 40 40 24 25 0 45 28 24 22 30 41 16 22 24 16 24 24 17 28 30 17 45 24 16 17 4 16 3 19 25 42 25 16 1 28 40 17
split_gain=151477 303338 139052 186588 168897 152397 141339 42568.3 30162.8 168984 41702 45193.8 66482.1 28260.6 133964 97449.8 180689 15234.9 39949.1 9160.32 6206.56 6113.7 5558.69 5141.05 5697.92 10304.6 6706.02 14712.4 6313.36 12778.8 20724.7 7443.27 6699.32 6232.33 6223.68 5673.76 7289.66 5332.96 5094.32 5037.62 17686.6 13908.4 11333.8 6859.22 6281.9 5567.07 4979.71 3652.12 3603.91 3501.73 3627.51 3397.06 3118.83 3098.94 2979.49 2816.35 4452.72 2778.46 3273.98 2937.38 2820.32 2734.89
threshold=221.21921952817829 4.5000000000000009 2.5000000000000004 32.000000000000007 8.5000000000000018 5.5000000000000009 43.500000000000007 18.250000000000004 32.750000000000007 121.35658951904365 205.90964764593207 194.71128082926251 181.08361551292745 153.63228156400177 4.5000000000000009 1.0000000180025095e-35 9.5000000000000018 13.050000000000002 116.09484709480124 9.5000000000000018 11.500000000000002 13.65 1.0000000180025095e-35 58.500000000000007 0.0032500000000000007 50.500000000000007 44.500000000000007 137.34611731998891 3.5000000000000004 1.5000000000000002 5.5000000000000009 1.0000000180025095e-35 131.49946365561047 0.0068500000000000011 1.2500000000000002 7.5000000000000009 23.550000000000004 0.042850000000000006 115.46300250208508 23.650000000000002 126.08572977481235 102.58327401955843 3.0995000000000004 2.5000000000000004 2.0000000000000004 2.8345000000000007 9.5000000000000018 113.84936613844872 18.950000000000003 3.5935000000000001 48.500000000000007 21.350000000000005 3.5000000000000004 1.0000000180025095e-35 2.5000000000000004 10.500000000000002 2.5000000000000004 16.050000000000004 16.500000000000004 10.500000000000002 24.500000000000004 0.58700000000000008
decision_type=2 2 2 2 2 2 2 2 2 2 2 2 2 2 2 2 2 2 2 2 2 2 2 2 2 2 2 2 2 2 2 2 2 2 2 2 2 2 2 2 2 2 2 2 2 2 2 2 2 2 2 2 2 2 2 2 2 2 2 2 2 2
left_child=8 -2 4 -4 -3 7 -6 -5 10 19 11 12 13 17 -15 16 20 18 55 -10 -16 54 23 24 26 33 28 34 32 30 -30 -31 47 -26 35 36 46 51 52 40 43 44 -43 -33 -41 -46 -28 -23 -48 -36 -51 -35 -38 57 -19 -1 -57 -45 59 -59 -60 -49
right_child=1 2 3 5 6 -7 -8 -9 9 -11 -12 -13 -14 14 15 -17 -18 21 -20 -21 -22 22 -24 -25 25 -27 27 -29 29 31 -32 39 -34 37 49 -37 38 -39 -40 41 -42 42 -44 53 45 -47 48 61 -50 50 -52 -53 -54 -55 -56 56 -58 58 60 -61 -62 -63
leaf_value=-0.55638073461299598 7.0264359755743122 1.8610115391413373 5.2317222684005218 0.43723348074945911 -5.8339733110774654 -3.1393383653958642 -0.094406946464018385 3.1888340613348731 0.017633937592307726 4.7417675816445124 -2.0161540079116822 1.9649089985627395 -2.696067676830292 4.2707527305966337 -1.7220106962748938 -2.7504859188886792 4.4243520905660549 -0.29447556631131605 2.3454022949256683 -1.197998833996909 -0.45913648561352782 -0.27571758615490249 0.5703967963732206 -0.72778311061859124 0.71179077075286346 1.1549783135544169 -0.29953266688325303 -1.5445493773122629 -0.18322840913557092 0.65235055881388049 1.9141649439118127 -0.84912155443429949 -0.94426930014292398 -0.86042987574791097 -0.30088655684116117 -1.092731317236568 -0.66693130513032273 0.45934507994424734 0.67251699827966238 -0.56708870179951187 -1.5985518607768145 0.019491054713726044 1.3617398931086064 0.296833412985544 0.72363315467834477 -0.22810954461526128 -1.5338126483985357 0.47906624867961833 -0.56320613587444479 -0.057130906292464305 0.62889139216879142 -0.11944266280106138 0.11951538472263903 0.4783640157461167 -1.1293772655725478 -0.32899129011801315 0.57140676538149515 -0.2959284054149281 -0.48146242838612824 0.44255415424917421 -0.067936314335207887 -0.096718316372843033
leaf_weight=21 20 29 28 28 21 20 21 28 59 20 28 25 24 20 20 25 22 21 21 20 20 455 25 39 21 21 46 23 25 33 21 29 29 28 136 32 23 20 20 61 21 31 31 36 24 39 20 21 21 118 22 34 26 24 23 27 26 21 85 34 80 331
leaf_count=21 20 29 28 28 21 20 21 28 59 20 28 25 24 20 20 25 22 21 21 20 20 455 25 39 21 21 46 23 25 33 21 29 29 28 136 32 23 20 20 61 21 31 31 36 24 39 20 21 21 118 22 34 26 24 23 27 26 21 85 34 80 331
internal_value=0.00743217 1.34651 0.661112 1.81862 -1.03603 0.509479 -3.03324 1.84493 -0.0963486 0.754772 -0.131337 -0.108524 -0.13116 -0.103851 0.686289 -0.176837 0.888032 -0.141801 0.474684 -0.301187 -1.11729 -0.169251 -0.156842 -0.165851 -0.154765 0.172658 -0.176015 -0.336148 -0.121318 0.00318701 0.794525 -0.0644332 -0.209834 -0.036753 -0.273045 -0.494208 -0.365224 -0.23478 0.0191917 -0.111457 -0.228503 0.0962906 0.701657 -0.13052 -0.209544 0.140023 -0.666916 -0.1823 -1.06204 -0.121139 0.0543328 -0.462507 -0.255489 -0.0533192 -0.746411 -0.080322 0.115023 -0.104851 -0.17165 0.160249 -0.282612 -0.0610936
internal_weight=2723 195 175 104 71 76 42 56 2528 99 2429 2401 2376 2352 107 87 62 2245 95 79 40 2150 2106 2081 2042 124 1918 487 1431 595 46 549 836 103 464 188 156 82 69 516 330 186 62 309 124 63 87 807 41 276 140 62 49 280 44 74 53 256 220 55 165 352
internal_count=2723 195 175 104 71 76 42 56 2528 99 2429 2401 2376 2352 107 87 62 2245 95 79 40 2150 2106 2081 2042 124 1918 487 1431 595 46 549 836 103 464 188 156 82 69 516 330 186 62 309 124 63 87 807 41 276 140 62 49 280 44 74 53 256 220 55 165 352
is_linear=0
shrinkage=0.05


Tree=69
num_leaves=63
num_cat=0
split_feature=24 16 9 16 43 12 16 40 17 2 1 9 17 37 24 17 2 24 16 24 24 43 9 16 28 40 42 4 40 24 39 30 16 17 45 40 45 41 39 45 16 24 28 1 2 9 16 28 16 24 17 24 24 17 24 45 1 1 1 24 12 9
split_gain=139252 207034 127724 151375 272012 177153 162547 158110 111795 110892 200234 77647.9 19568.6 16916.2 57873.9 171590 21316.3 16535.5 15763.3 38059.9 12502.1 31983.2 4189.67 3258.92 3553.18 3992.96 4382.52 3606.86 3533.98 14773.1 12438.3 27870.5 5841.51 5422.81 5101.03 5061.06 5427.84 4576.79 3740.95 8488.95 5626.41 3926.37 3748.06 3027.1 6082.33 2556.45 4379.37 3373.19 4584.46 4276.53 4927.14 6919.68 5743.95 2786.63 3103.5 2479.49 3900.91 2445.56 4166.11 3661.49 4858.4 4594.08
threshold=174.24529379641766 31.250000000000004 1.5000000000000002 19.050000000000004 1.0000000180025095e-35 0.95000000000000007 24.950000000000003 22.500000000000004 3.0640000000000005 2.5000000000000004 28.500000000000004 14.500000000000002 2.8605000000000005 1.0000000180025095e-35 153.63228156400177 1.6370000000000002 4.5000000000000009 127.972093411176 13.050000000000002 116.09484709480124 138.93749470712774 1.0000000180025095e-35 11.500000000000002 13.65 1.0000000180025095e-35 50.500000000000007 14.500000000000002 8.5000000000000018 58.500000000000007 129.87151197426428 5.5000000000000009 2.0000000000000004 18.150000000000002 7.1010000000000009 4.5000000000000009 38.500000000000007 4.5000000000000009 4.5000000000000009 3.5000000000000004 8.5000000000000018 28.550000000000004 114.12515012510427 18.500000000000004 29.500000000000004 2.5000000000000004 16.500000000000004 25.150000000000002 6.5000000000000009 16.550000000000004 120.03190158465388 4.7070000000000007 99.726976993648577 104.32059515408139 0.86250000000000016 96.930783093053762 2.5000000000000004 33.500000000000007 12.500000000000002 30.500000000000004 114.36300250208508 0.95000000000000007 3.5000000000000004
decision_type=2 2 2 2 2 2 2 2 2 2 2 2 2 2 2 2 2 2 2 2 2 2 2 2 2 2 2 2 2 2 2 2 2 2 2 2 2 2 2 2 2 2 2 2 2 2 2 2 2 2 2 2 2 2 2 2 2 2 2 2 2 2
left_child=13 2 -2 5 6 7 11 -4 -6 -7 -11 12 -5 16 18 -16 17 22 19 -15 23 -22 -1 -20 25 26 27 -25 29 33 31 -30 34 38 -32 43 -37 -34 39 41 42 -26 -41 44 -35 47 53 48 -40 50 57 -52 -53 -47 -55 56 -50 -49 59 60 -59 -62
right_child=1 -3 3 4 8 9 -8 -9 -10 10 -12 -13 -14 14 15 -17 -18 -19 20 -21 21 -23 -24 24 28 -27 -28 -29 30 -31 32 -33 37 35 -36 36 -38 -39 45 40 -42 -43 -44 -45 -46 46 -48 49 55 -51 51 52 -54 54 -56 -57 -58 58 -60 -61 61 -63
leaf_value=-0.39895846004744895 -2.3537996142560789 4.8825566151834305 1.6500324678421021 -2.5132944377263389 -0.86281341007777623 -1.6303393725588404 4.4082280829702993 7.9671429841859016 -6.1369382776532859 -0.72794154497293329 5.7868229126930242 2.0468809817301543 -0.30989708310081848 -0.042015375795021452 4.3408223082338067 -0.80040915397497325 -1.7840949226870686 0.74943196667565237 -0.58329969745583654 2.3765464337666828 -1.8334025007826942 0.57837967229926057 -1.2760747197399969 0.78576101829963063 -0.20623719223003306 -0.45293275845795872 -0.49781011660893759 0.14732561704516409 2.054446374611421 -1.1508197783561129 -0.13484378660166707 -0.39560678153038031 -0.26315398263535938 -0.58905905134004088 -1.1632593134693479 -0.40075611560685287 -1.4268853353370321 0.45774895261228088 0.19877844071923159 -0.65654317678549345 -1.1293837204104975 0.22277364024271568 0.12330123332544017 -0.4753300443998838 0.46376368265325091 -0.48435412292480473 0.71258172659873964 -0.39154502056047813 -1.0674177888433138 0.41815827306111653 -0.20656244051775763 1.2108692627603359 0.20692127335903257 -0.35540755462261941 0.21013503014509169 -0.24507870660629122 -0.26244436180952824 0.73664075627923009 -0.21890114971355118 -0.34461845151614401 -0.43574515142748438 0.38446072088260397
leaf_weight=37 32 30 20 20 20 28 28 20 20 25 21 25 20 72 27 38 32 26 40 20 34 22 22 27 279 29 20 109 21 37 26 24 48 22 22 34 21 39 38 38 37 65 25 58 33 24 24 90 29 44 55 21 42 30 111 95 32 35 262 31 30 37
leaf_count=37 32 30 20 20 20 28 28 20 20 25 21 25 20 72 27 38 32 26 40 20 34 22 22 27 279 29 20 109 21 37 26 24 48 22 22 34 21 39 38 38 37 65 25 58 33 24 24 90 29 44 55 21 42 30 111 95 32 35 262 31 30 37
internal_value=0.00726529 1.00488 0.571964 0.958993 -0.188278 2.28752 1.29538 4.92599 -3.58536 0.814584 2.30593 -0.0919412 -1.44615 -0.120794 -0.0907562 1.36852 -0.704709 -0.282273 -0.133849 0.503606 -0.161478 -0.892304 -0.741919 -0.141419 -0.132488 0.0761297 0.176771 0.278921 -0.153282 -0.175846 0.0569741 0.767449 -0.183716 -0.153186 -0.620423 -0.421614 -0.811124 0.061482 -0.122323 -0.243504 -0.646692 -0.124749 -0.349912 -0.226534 0.0395466 -0.069896 0.0958852 -0.107228 -0.289556 -0.0521876 -0.0871518 0.201422 0.55534 0.00240142 0.0881161 -0.409049 -0.656261 -0.157642 -0.103481 0.123789 0.26816 0.0161236
internal_weight=2723 309 279 247 133 114 93 40 40 74 46 65 40 2414 2297 65 117 85 2232 92 2140 56 59 2084 2044 185 156 136 1859 1679 180 45 135 1642 48 168 55 87 1474 444 100 344 63 113 55 1030 189 841 194 647 603 118 63 165 141 156 61 485 395 133 102 67
internal_count=2723 309 279 247 133 114 93 40 40 74 46 65 40 2414 2297 65 117 85 2232 92 2140 56 59 2084 2044 185 156 136 1859 1679 180 45 135 1642 48 168 55 87 1474 444 100 344 63 113 55 1030 189 841 194 647 603 118 63 165 141 156 61 485 395 133 102 67
is_linear=0
shrinkage=0.05


Tree=70
num_leaves=63
num_cat=0
split_feature=38 38 41 39 38 16 18 33 16 22 38 28 17 17 17 41 17 16 40 9 28 39 17 40 17 2 22 22 17 16 38 45 28 2 36 39 33 16 43 18 45 17 17 12 40 30 2 28 28 28 28 28 45 2 40 9 9 16 16 17 30 17
split_gain=51372.1 102227 129371 145361 78431 79139.7 139931 85682.8 80579.5 74535.6 62675.8 67078.4 101999 59084.8 54290.6 53888.1 116061 84773.6 68276.5 62285.6 64190.9 51579.6 44054.9 39174.2 20437.5 26568.8 10333.2 10656.2 9686.5 8109.84 37743.3 30994.1 162447 26673.8 6435.78 4352.78 3968.24 4832.32 3853.33 3398.12 3714.17 3386.03 19911.3 4534.38 4663.81 2960.25 2691.97 2510.33 2423.63 3439.95 2366.32 2155.17 2046.31 1991.93 3807.21 3255.98 3804.63 3251.22 3113.66 2589.51 2241.82 2993.35
threshold=8.5000000000000018 1.5000000000000002 7.5000000000000009 3.5000000000000004 7.5000000000000009 19.050000000000004 1.0000000180025095e-35 1.0000000180025095e-35 16.850000000000005 0.013900000000000001 11.500000000000002 13.500000000000002 2.7425000000000002 1.0945000000000003 4.8705000000000007 1.5000000000000002 1.6960000000000002 27.350000000000005 25.500000000000004 9.5000000000000018 11.500000000000002 5.5000000000000009 1.5020000000000002 63.500000000000007 3.6575000000000002 2.5000000000000004 0.040400000000000005 0.012550000000000002 2.4245000000000005 27.150000000000002 10.500000000000002 9.5000000000000018 11.500000000000002 3.5000000000000004 1.0000000180025095e-35 4.5000000000000009 1.0000000180025095e-35 15.15 1.0000000180025095e-35 1.0000000180025095e-35 3.5000000000000004 0.86250000000000016 0.95800000000000007 0.60000000000000009 52.500000000000007 1.2500000000000002 2.5000000000000004 11.500000000000002 32.500000000000007 24.500000000000004 39.500000000000007 24.500000000000004 5.5000000000000009 2.5000000000000004 48.500000000000007 4.5000000000000009 2.5000000000000004 24.250000000000004 19.150000000000002 5.6160000000000005 2.0000000000000004 4.7485000000000008
decision_type=2 2 2 2 2 2 2 2 2 2 2 2 2 2 2 2 2 2 2 2 2 2 2 2 2 2 2 2 2 2 2 2 2 2 2 2 2 2 2 2 2 2 2 2 2 2 2 2 2 2 2 2 2 2 2 2 2 2 2 2 2 2
left_child=1 24 4 -4 5 6 13 8 -8 15 26 -12 22 -3 -5 17 -17 19 -18 20 -7 38 -13 -20 35 -26 27 29 -9 31 33 36 -33 -31 39 -1 41 -38 -15 48 -41 43 -43 -2 47 50 -39 -45 49 52 -44 -49 -32 55 -55 56 58 60 -47 -56 -57 -62
right_child=10 2 3 14 -6 9 7 28 -10 -11 11 12 -14 21 -16 16 18 -19 23 -21 -22 -23 -24 -25 25 -27 -28 -29 -30 30 34 32 -34 -35 -36 -37 37 46 -40 40 -42 42 45 44 -46 53 -48 51 -50 -51 -52 -53 -54 54 59 57 -58 -59 -60 -61 61 -63
leaf_value=0.17422238412602198 -0.86150823489615791 1.3752150163426995 5.6411641554649066 2.7218288362593883 2.9464553848334725 2.7478467586907476 1.6758855125980994 1.4200217840552332 5.5242067913655886 2.4378729273514317 3.3414126806735993 0.39317806217316037 -2.5423080962354492 -2.8989754711446309 -0.76890397151311241 3.1004909983506574 1.041492361018532 -3.3127291833413275 -2.5955162078440193 -1.9662328067985744 -0.96230073289871221 0.41485365766903454 3.2880350337709703 -0.038480225610733033 -2.8649103684902197 -0.72644066735317836 0.92256501237551358 -1.045946072364847 0.063371639816925437 0.20307752884351293 -0.025817636606850842 1.4922896059181381 -4.466727204219155 2.5715850584403332 0.64287204294101052 -0.738412903205802 -1.1556885929192815 -0.66016249966290264 -1.7007516976126604 -0.9705169343126232 -0.14093190811298514 1.2610382173538208 -0.37837938692464862 -0.315699287497479 -0.8584647684390454 0.38942909490937994 -0.11718516800953793 0.54780416033838109 -0.3338202746972746 0.45620769398347022 0.13146233764548718 -0.14711477165872403 -0.54837644328673674 -0.24371922476720959 -0.081189175218343734 0.30227345322343435 -0.72087347879129293 0.45836519810557363 -0.33453827060185942 0.48208644854205263 -0.21971506873233207 0.15962154665589334
leaf_weight=28 37 31 25 20 27 21 30 24 26 21 24 36 21 20 23 25 37 37 39 36 24 28 20 24 24 37 20 35 28 25 86 22 22 22 22 23 20 35 20 28 26 24 210 45 22 23 64 22 97 30 25 21 23 469 59 43 33 39 38 30 148 79
leaf_count=28 37 31 25 20 27 21 30 24 26 21 24 36 21 20 23 25 37 37 39 36 24 28 20 24 24 37 20 35 28 25 86 22 22 22 22 23 20 35 20 28 26 24 210 45 22 23 64 22 97 30 25 21 23 469 59 43 33 39 38 30 148 79
internal_value=0.00706434 0.383914 0.657115 2.68659 0.375159 0.221819 0.951455 2.1877 3.52826 -0.351695 -0.118001 1.09025 0.354686 -0.405516 0.879539 -0.601793 0.122237 -1.3634 -0.645603 -0.44336 0.791089 -1.22556 1.46669 -1.63731 -0.990283 -1.60052 -0.181306 -0.193257 0.704591 -0.17691 0.0368702 -0.227066 -1.52016 1.34232 -0.163429 -0.243547 -0.187778 -0.463853 -2.35608 -0.226613 -0.581003 -0.16342 -0.135874 -0.389535 -0.224404 -0.16494 -0.313879 -0.0579685 -0.143393 -0.00903379 -0.323792 0.212681 -0.140111 -0.125793 -0.186896 -0.0409247 -0.296952 0.037651 -0.059608 0.11187 -0.0245675 -0.0875562
internal_weight=2723 678 566 68 498 471 207 108 56 264 2045 101 77 99 43 243 125 118 100 81 45 68 56 63 112 61 1944 1924 52 1889 359 1530 44 47 312 51 1486 119 40 290 54 1367 1220 147 110 1196 99 88 236 139 235 43 109 961 558 403 94 309 61 89 270 227
internal_count=2723 678 566 68 498 471 207 108 56 264 2045 101 77 99 43 243 125 118 100 81 45 68 56 63 112 61 1944 1924 52 1889 359 1530 44 47 312 51 1486 119 40 290 54 1367 1220 147 110 1196 99 88 236 139 235 43 109 961 558 403 94 309 61 89 270 227
is_linear=0
shrinkage=0.05


Tree=71
num_leaves=63
num_cat=0
split_feature=24 28 33 38 28 24 3 16 24 24 24 24 24 17 37 24 17 2 16 24 24 43 24 41 24 16 28 43 16 38 40 38 24 17 40 17 17 1 17 24 38 1 39 17 28 24 41 2 28 1 40 29 30 41 40 24 43 17 24 24 24 1
split_gain=123684 235675 285303 372324 168598 42771.9 38631 26533.6 147560 42367.7 38195.8 61966.8 23136.9 19306.3 18541.1 50719.9 138709 27225.2 14208.2 33995.1 14496.1 24262 13372.1 6791.29 3786.46 2930.18 3118.17 4127.39 3214.83 3744.18 2857.28 11928.7 11400.7 6356.2 5078.47 4726.94 3573.92 3263.72 5571.44 5096.06 3309.91 3300 2878.65 2816.47 2868.65 6305.09 3791.64 2713 7638.57 2588.77 3496.92 3112.6 2482.25 2937.06 2646.92 2463.79 2373.92 2285.5 2216.99 4250.65 3573.04 3550.25
threshold=221.21921952817829 8.5000000000000018 1.0000000180025095e-35 10.500000000000002 12.500000000000002 310.02151185015293 3.5000000000000004 32.750000000000007 121.35658951904365 205.90964764593207 194.71128082926251 181.08361551292745 174.24529379641766 2.4245000000000005 1.0000000180025095e-35 153.63228156400177 1.6370000000000002 4.5000000000000009 13.050000000000002 116.09484709480124 138.93749470712774 1.0000000180025095e-35 127.972093411176 1.5000000000000002 105.76136522498909 13.65 1.0000000180025095e-35 1.0000000180025095e-35 24.350000000000005 8.5000000000000018 58.500000000000007 10.500000000000002 129.87151197426428 7.1010000000000009 38.500000000000007 3.2095000000000007 3.5935000000000001 46.500000000000007 5.7135000000000007 118.89102328863798 10.500000000000002 53.500000000000007 2.5000000000000004 0.58700000000000008 43.500000000000007 100.97026864267234 1.5000000000000002 3.5000000000000004 9.5000000000000018 7.5000000000000009 20.500000000000004 1.0000000180025095e-35 2.0000000000000004 6.5000000000000009 41.500000000000007 107.94525229357799 1.0000000180025095e-35 1.6960000000000002 101.29177134791816 106.12492022337456 107.67156323079692 42.500000000000007
decision_type=2 2 2 2 2 2 2 2 2 2 2 2 2 2 2 2 2 2 2 2 2 2 2 2 2 2 2 2 2 2 2 2 2 2 2 2 2 2 2 2 2 2 2 2 2 2 2 2 2 2 2 2 2 2 2 2 2 2 2 2 2 2
left_child=7 2 3 -2 -3 -6 13 9 23 10 11 12 14 -7 17 18 -17 22 19 -16 25 -22 24 -9 -1 -20 27 -27 29 -29 32 35 33 37 -35 -32 -33 39 40 42 41 -39 57 -44 49 -46 -47 48 -41 50 -45 58 54 -54 -42 -31 -36 -28 61 -60 -61 -51
right_child=1 4 -4 -5 5 6 -8 8 -10 -11 -12 -13 -14 -15 15 16 -18 -19 20 -21 21 -23 -24 -25 -26 26 30 28 -30 55 31 36 -34 34 56 -37 -38 38 -40 47 52 -43 43 44 45 46 -48 -49 -50 51 -52 -53 53 -55 -56 -57 -58 -59 59 60 -62 -63
leaf_value=-0.16408641110295838 9.789826549291611 -3.9730766615660293 -0.79330416211715116 0.79714633258906276 -0.84227586710453028 -0.41320262382427853 3.2210280844001549 -0.7141410037715521 4.4371296224707653 -2.0194111435988855 1.8095028334397538 -2.5937182696342473 1.2443161098659039 1.484153865172017 -0.029589845435055967 4.031960306167603 -0.69295211775882826 -2.0258000849088034 -0.54220589536719199 2.2563003886881332 -1.7465664262771607 0.38733412439172921 0.65901134305530118 0.20409193385870031 -1.0056872561905119 -0.22983714545474332 -0.028678856695130945 0.98083397995341903 -0.17298749740235508 0.62477647642294565 0.24016289347694034 -0.4410818485263735 -1.0361091943167977 -0.23350015477242844 -1.0995009088516237 1.3293411865688505 0.066771050092617162 -0.26829063110310458 0.39676975397813707 -0.49809011614819365 -0.26553747358705315 -1.0563981027956362 -0.40332654737487988 0.11339625366032124 0.77334535221843159 0.35609676420688635 -0.41230091249984169 0.56932867254813513 0.68533399264812467 -0.27676019448945016 -0.53732361676295592 0.40412289610275853 -0.21695180355160085 0.32060346588943944 -0.88247669468323398 -0.0099362149592055835 -0.38082926453091209 -0.40732213313723431 0.34384916724322678 -0.67297237935273546 -0.021932891565558364 0.40083744301037361
leaf_weight=22 25 22 25 21 29 23 20 41 20 28 25 24 31 30 72 26 36 29 40 20 34 21 26 38 35 67 61 21 31 23 20 63 35 107 32 20 75 28 30 29 69 26 53 31 33 28 35 44 24 164 59 38 110 32 23 42 20 115 76 22 253 21
leaf_count=22 25 22 25 21 29 23 20 41 20 28 25 24 31 30 72 26 36 29 40 20 34 21 26 38 35 67 61 21 31 23 20 63 35 107 32 20 75 28 30 29 69 26 53 31 33 28 35 44 24 164 59 38 110 32 23 42 20 115 76 22 253 21
internal_value=0.00696031 1.21697 3.49232 5.78889 -0.103324 0.76175 1.4018 -0.0868175 0.711454 -0.119634 -0.0966461 -0.117457 -0.0910956 0.668276 -0.109462 -0.0774668 1.32093 -0.734198 -0.118448 0.486207 -0.145743 -0.939348 -0.264112 -0.275367 -0.689375 -0.123458 -0.114637 0.0809254 0.259365 0.415468 -0.134935 0.0548042 -0.156094 -0.135735 -0.434431 0.804014 -0.166544 -0.10162 -0.242264 -0.0602473 -0.30999 -0.660149 -0.0942467 -0.0543818 -0.0295429 0.224513 -0.0704848 0.28378 0.0404749 -0.0665637 -0.314349 -0.0272246 -0.226697 -0.0943828 -0.427657 0.220642 -0.835584 -0.27702 -0.0585101 0.0153894 -0.0762838 -0.198075
internal_weight=2723 195 71 46 124 102 73 2528 99 2429 2401 2376 2352 53 2321 2209 62 112 2147 92 2055 55 83 79 57 2000 1960 184 117 86 1776 178 1598 1563 159 40 138 1404 318 1086 288 54 989 813 760 96 63 97 53 664 90 574 234 142 92 65 52 176 536 351 275 185
internal_count=2723 195 71 46 124 102 73 2528 99 2429 2401 2376 2352 53 2321 2209 62 112 2147 92 2055 55 83 79 57 2000 1960 184 117 86 1776 178 1598 1563 159 40 138 1404 318 1086 288 54 989 813 760 96 63 97 53 664 90 574 234 142 92 65 52 176 536 351 275 185
is_linear=0
shrinkage=0.05


Tree=72
num_leaves=63
num_cat=0
split_feature=24 25 1 5 24 1 3 24 24 33 42 9 1 9 41 25 38 9 24 45 25 24 40 38 42 38 24 9 9 17 1 40 40 24 24 1 38 1 40 41 28 1 9 9 1 33 42 25 24 17 39 17 40 45 1 17 40 4 28 9 1 26
split_gain=112046 279534 122414 151687 168251 132880 90802.2 128935 21527.3 99245.8 76190.5 71080.1 300735 131833 121647 91704 107462 104132 35475.3 5103.93 18085.7 14748.4 31425 8953.76 6723.91 7527.18 7031.84 6157.56 13582.5 5818.05 4925.47 4815.31 3367.14 3328.15 4172.51 2810.85 2728.59 1973.2 2316.65 1601.27 1463.14 1153.98 1137.9 1753.82 1100.91 1029.76 1613.55 1398.08 3737 3246.4 3579.85 3526.85 3157.09 4876.99 3791.08 2922.38 2872.79 2664.56 2157.95 2000.81 1943.38 1941.49
threshold=221.21921952817829 4.5000000000000009 10.500000000000002 1.0000000180025095e-35 270.39070904325041 24.500000000000004 7.5000000000000009 567.31442426511899 131.49946365561047 1.0000000180025095e-35 17.500000000000004 3.5000000000000004 38.500000000000007 6.5000000000000009 2.5000000000000004 4.5000000000000009 10.500000000000002 15.500000000000002 154.18644823066845 9.5000000000000018 2.5000000000000004 112.26696651971882 28.500000000000004 1.5000000000000002 16.500000000000004 1.5000000000000002 96.520012232415908 11.500000000000002 4.5000000000000009 3.6575000000000002 25.500000000000004 39.500000000000007 34.500000000000007 126.08572977481235 121.97663886572143 47.500000000000007 8.5000000000000018 11.500000000000002 22.500000000000004 3.5000000000000004 23.500000000000004 2.5000000000000004 36.500000000000007 33.500000000000007 41.500000000000007 1.0000000180025095e-35 10.500000000000002 5.5000000000000009 102.08821907450348 6.846000000000001 1.5000000000000002 4.8070000000000013 36.500000000000007 1.5000000000000002 30.500000000000004 6.0985000000000005 32.500000000000007 11.500000000000002 17.500000000000004 9.5000000000000018 30.500000000000004 1.5000000000000002
decision_type=2 2 2 2 2 2 2 2 2 2 2 2 2 2 2 2 2 2 2 2 2 2 2 2 2 2 2 2 2 2 2 2 2 2 2 2 2 2 2 2 2 2 2 2 2 2 2 2 2 2 2 2 2 2 2 2 2 2 2 2 2 2
left_child=8 -2 -3 4 -4 -6 7 -7 19 10 11 12 14 -13 -10 16 17 -15 -17 33 23 24 -23 -21 25 -22 32 28 30 -24 -28 35 -27 34 36 37 39 -25 -39 -1 44 -38 43 45 -33 47 -47 48 56 50 58 52 54 -54 -52 -53 -43 -51 -49 -55 -57 -58
right_child=1 2 3 -5 5 6 -8 -9 9 -11 -12 13 -14 15 -16 18 -18 -19 -20 20 21 22 29 31 -26 26 27 -29 -30 -31 -32 40 -34 -35 -36 -37 41 38 -40 -41 -42 42 -44 -45 -46 46 -48 49 -50 57 51 55 53 59 -56 60 61 -59 -60 -61 -62 -63
leaf_value=-0.79063945634798571 6.6103955096290221 3.9901817436109894 -4.6959227311092873 2.8494841988219157 -3.1788339940706893 5.2502462728250601 -1.6333827997337691 0.230940297982272 0.73560348897269279 3.3297151840209964 2.4243944561878843 -3.5047006658713027 5.1786935191495083 5.0556591898744756 -4.0755606248162008 -0.16598615395171304 -1.2537258277400847 0.32482730911328245 -2.5849281076788904 0.071042859423018634 0.34321141403582361 -0.72026830984995915 2.1037253627322969 -0.74203370879525732 0.58272208250438173 -0.56531768722193576 -1.0645705450716472 -0.79678782433271411 0.89824703989284382 0.83961158400490177 0.0055061574085899026 -0.96005784147165041 -1.447355798653194 -0.72136288858595343 0.45285362046957012 -0.92773373073836174 -0.29179027974160748 -0.42707213440456909 0.22267237731001599 -0.17653721362352373 -0.61444010449573394 -0.48692126237217109 -0.34650724443487629 0.25854260577796362 -1.4949548892180125 -0.43531032886283072 -0.066493082654802776 -0.60766638143704488 -0.052932393822739093 -0.59458782327175141 0.6267272322115145 0.89661034642503812 0.33271435035126551 -0.82233048384388285 -0.035073573414017171 -0.12314048848368904 0.051168313274016754 0.086079541075229637 0.054833449224630994 -0.1606565475960573 0.55218606213728594 -0.48373343969168875
leaf_weight=21 20 21 22 35 23 20 21 33 32 24 29 35 27 21 21 27 30 25 34 41 35 25 20 22 23 27 20 31 27 20 22 43 20 20 34 29 66 36 21 22 21 97 38 38 20 50 72 25 844 34 37 25 27 23 50 21 64 24 23 23 20 22
leaf_count=21 20 21 22 35 23 20 21 33 32 24 29 35 27 21 21 27 30 25 34 41 35 25 20 22 23 27 20 31 27 20 22 43 20 20 34 29 66 36 21 22 21 97 38 38 20 50 72 25 844 34 37 25 27 23 50 21 64 24 23 23 20 22
internal_value=0.00680997 1.15849 0.501363 0.00290911 -0.851046 0.0599562 1.09564 2.18726 -0.0824468 0.310804 0.0420497 -0.240588 0.982914 -0.81208 -1.21079 -0.103736 1.04941 2.54628 -1.53428 -0.136519 -0.276502 0.00230642 0.652774 -0.598236 -0.206083 -0.308434 -0.464892 -0.223472 0.0417368 1.50768 -0.516845 -0.740808 -0.963091 -0.0954426 -0.0876561 -0.511988 -0.098955 -0.349621 -0.187894 -0.487714 -1.02546 -0.0883581 -0.0795498 -0.0726446 -1.15065 -0.0813144 -0.219999 -0.0687082 -0.0975205 0.0204293 0.0925875 0.175969 0.048082 -0.192915 0.250249 0.480577 -0.301729 -0.316162 -0.295476 -0.502057 0.211472 -0.0895969
internal_weight=2723 195 175 154 119 97 74 53 2528 305 281 252 80 172 53 137 76 46 61 2223 503 270 65 233 205 182 147 100 69 40 42 192 47 1720 1700 108 1666 79 57 43 84 1623 1557 1519 63 1481 122 1359 1027 332 274 226 160 73 87 66 183 58 48 46 41 86
internal_count=2723 195 175 154 119 97 74 53 2528 305 281 252 80 172 53 137 76 46 61 2223 503 270 65 233 205 182 147 100 69 40 42 192 47 1720 1700 108 1666 79 57 43 84 1623 1557 1519 63 1481 122 1359 1027 332 274 226 160 73 87 66 183 58 48 46 41 86
is_linear=0
shrinkage=0.05


Tree=73
num_leaves=63
num_cat=0
split_feature=24 25 40 17 17 9 2 16 16 24 24 24 24 24 37 24 17 2 16 40 24 9 16 1 45 0 45 1 45 0 24 24 25 4 4 24 25 24 9 17 17 40 1 1 0 24 9 16 9 16 24 4 25 24 17 42 1 17 16 24 3 16
split_gain=102166 301278 117765 127979 195455 190628 78893.9 25201.3 23806 130789 27375.5 33168.8 56013.7 19654.9 17124.1 48225.3 123106 24357.9 12884.7 28403.6 14898.3 32037.4 11435.6 13164.7 7576.37 3218.94 16984 3421.24 8138.23 11178 17151.7 9018.52 7862.35 7146.53 4459.84 3910.43 4416.78 4518.02 5778.03 5025.43 9220.25 3953.46 3781.82 3705 3588.52 3135.3 3072.11 2894.7 2017.06 2052.1 2338.55 2039.78 3238.81 8166.4 2667.66 2515.35 4584.16 2797.12 2362.35 2251.11 2485.17 2128.98
threshold=224.59408951904368 6.5000000000000009 15.500000000000002 5.9385000000000003 2.4215000000000004 5.5000000000000009 4.5000000000000009 16.850000000000005 32.750000000000007 121.35658951904365 205.90964764593207 194.71128082926251 181.08361551292745 174.24529379641766 1.0000000180025095e-35 153.63228156400177 1.6370000000000002 4.5000000000000009 12.550000000000002 6.5000000000000009 138.93749470712774 5.5000000000000009 22.350000000000005 35.500000000000007 9.5000000000000018 14.500000000000002 8.5000000000000018 21.500000000000004 9.5000000000000018 3.5000000000000004 121.35658951904365 100.84701028329469 2.5000000000000004 7.5000000000000009 45.500000000000007 123.28228202989671 3.5000000000000004 104.20765780600645 6.5000000000000009 4.7070000000000007 6.0985000000000005 16.500000000000004 39.500000000000007 46.500000000000007 7.5000000000000009 110.56608562691135 7.5000000000000009 22.250000000000004 16.500000000000004 19.150000000000002 114.7632233592096 51.500000000000007 2.5000000000000004 113.97742285237698 3.9195000000000007 10.500000000000002 30.500000000000004 1.4780000000000004 19.050000000000004 117.72843587605057 2.5000000000000004 26.050000000000004
decision_type=2 2 2 2 2 2 2 2 2 2 2 2 2 2 2 2 2 2 2 2 2 2 2 2 2 2 2 2 2 2 2 2 2 2 2 2 2 2 2 2 2 2 2 2 2 2 2 2 2 2 2 2 2 2 2 2 2 2 2 2 2 2
left_child=8 -2 6 4 -4 -6 7 -3 10 24 11 12 13 14 17 18 -17 22 19 -16 25 -22 23 -1 -10 27 -27 35 48 33 31 -31 43 -30 45 36 -20 39 -39 41 -41 -38 -34 -33 -43 -35 -42 -46 51 50 -50 52 59 55 58 56 -54 -58 -53 -29 -61 -57
right_child=1 2 3 -5 5 -7 -8 -9 9 -11 -12 -13 -14 -15 15 16 -18 -19 20 -21 21 -23 -24 -25 -26 26 -28 28 29 30 -32 32 42 34 -36 -37 37 38 -40 40 46 44 -44 -45 47 -47 -48 -49 49 -51 -52 54 53 -55 -56 61 57 -59 -60 60 -62 -63
leaf_value=-0.65085748972563906 5.7231815869013474 -0.61974301939918874 -3.3883786925025614 -3.566830516894659 5.4647170075126326 -1.0067939486710922 4.419206277302334 1.7174807289930492 0.039347981656591098 4.1864911725691387 -1.4965840174811229 1.6883368646181545 -2.4616490271568301 1.1485425116866828 2.0468219061331316 3.8488420263926191 -0.60330464472641809 -1.9213161191741628 -0.16439260791415267 -0.12038092421025647 -2.4794019827388585 -0.0087125506272746466 -1.1513576705932616 0.82029129941016432 -1.0658428964728401 -0.23471847067128368 1.292971133041382 -0.1103091708237634 -0.70709248997271068 -1.2759159395098687 -2.0081850333440872 -0.31788053182139997 0.66991086792038834 0.17764843235413236 -0.28551132941787899 0.45385608844268016 0.31827194355783012 0.93745784781873231 0.044387956129950147 0.91367872603237632 -0.53671301541505034 -0.9651144865155219 -0.18378766505916916 -1.1011447106874905 -0.61914007021033246 1.0324739839917139 0.20549422033901876 0.1463520705037647 -0.31751189586749445 0.15273316351625754 0.23716171388272889 -0.42220334995836017 0.46278965970448083 -1.0872436238612448 0.5876395209062667 -0.38351665720930173 -0.67142310991883281 -0.061514880044406729 0.29763531378337316 0.63887346392092503 -0.037002275700078295 -0.020026125120666791
leaf_weight=28 29 20 22 29 22 22 20 25 59 20 34 25 24 31 21 26 36 29 400 48 20 35 24 31 20 66 24 254 23 27 20 39 22 23 21 38 20 31 42 31 26 23 29 25 22 20 28 26 64 130 26 24 34 27 20 180 23 88 20 22 33 52
leaf_count=28 29 20 22 29 22 22 20 25 59 20 34 25 24 31 21 26 36 29 400 48 20 35 24 31 20 66 24 254 23 27 20 39 22 23 21 38 20 31 42 31 26 23 29 25 22 20 28 26 64 130 26 24 34 27 20 180 23 88 20 22 33 52
internal_value=0.0066029 1.12489 0.261042 -0.858442 0.367008 2.27838 1.8855 0.687715 -0.0772138 0.678945 -0.108225 -0.087948 -0.107342 -0.0822807 -0.0992097 -0.0684642 1.2951 -0.699593 -0.108428 0.558949 -0.130848 -0.935466 -0.254875 0.122824 -0.25021 -0.108519 0.182342 -0.122151 -0.171516 -0.426677 -0.67094 -0.469834 -0.27117 0.0305574 0.302527 -0.0324937 -0.0616324 0.103422 0.431248 -0.0341918 0.240765 -0.290899 0.190179 -0.636154 -0.464604 0.589784 -0.155035 -0.209872 -0.107421 0.0261228 -0.156373 -0.145224 -0.169503 -0.262536 0.123626 -0.200739 -0.036927 -0.192803 -0.0955498 -0.0473962 0.23984 -0.302502
internal_weight=2723 189 160 95 66 44 65 45 2534 99 2435 2401 2376 2352 2321 2209 62 112 2147 69 2078 55 83 59 79 2023 90 1933 1246 249 162 142 115 87 64 687 649 249 73 176 85 91 51 64 71 43 54 48 997 220 90 777 713 404 64 377 145 111 44 309 55 232
internal_count=2723 189 160 95 66 44 65 45 2534 99 2435 2401 2376 2352 2321 2209 62 112 2147 69 2078 55 83 59 79 2023 90 1933 1246 249 162 142 115 87 64 687 649 249 73 176 85 91 51 64 71 43 54 48 997 220 90 777 713 404 64 377 145 111 44 309 55 232
is_linear=0
shrinkage=0.05


Tree=74
num_leaves=63
num_cat=0
split_feature=24 16 9 16 43 24 16 0 9 17 9 4 17 37 24 9 17 24 16 24 39 24 43 12 0 45 24 16 38 42 38 38 16 17 39 40 17 40 17 16 9 12 40 5 9 45 17 41 30 41 12 24 0 16 45 17 9 16 40 12 16 40
split_gain=93313.2 173225 117018 123945 235258 159372 136789 123920 105715 101446 70968.9 42919.8 21320.5 14615.9 42933.4 134373 21138.6 16590.8 11837.8 30912.3 11653.9 11059.3 26168 5050.94 3374.46 21647.2 4334.54 7823.64 3487.33 4158.17 2689.81 6164.35 8376.72 8412.41 9115.64 6278.58 4909.31 4585.75 3084.4 2311.5 2044.42 1663.64 1484.65 2651.59 2472.28 2169.53 3435.94 2162.98 2141.91 1513.04 1945.06 1475.92 1471.02 2735.42 2051.19 3244.36 4027.78 2519.45 2459.25 1743.63 3543.45 3052.69
threshold=174.24529379641766 31.250000000000004 1.5000000000000002 19.050000000000004 1.0000000180025095e-35 249.61073898183128 24.950000000000003 2.5000000000000004 9.5000000000000018 3.0640000000000005 14.500000000000002 6.5000000000000009 2.8605000000000005 1.0000000180025095e-35 153.63228156400177 3.5000000000000004 1.8395000000000004 138.11511659021409 13.050000000000002 116.09484709480124 5.5000000000000009 138.93749470712774 1.0000000180025095e-35 0.60000000000000009 14.500000000000002 9.5000000000000018 129.87151197426428 22.850000000000005 11.500000000000002 10.500000000000002 1.5000000000000002 8.5000000000000018 21.250000000000004 4.644000000000001 3.5000000000000004 11.500000000000002 4.7260000000000009 31.500000000000004 2.0425000000000004 13.750000000000002 13.500000000000002 0.95000000000000007 10.500000000000002 1.0000000180025095e-35 26.500000000000004 9.5000000000000018 2.8605000000000005 4.5000000000000009 1.2500000000000002 4.5000000000000009 0.95000000000000007 106.09289128900618 9.5000000000000018 30.450000000000003 4.5000000000000009 4.8070000000000013 11.500000000000002 21.750000000000004 48.500000000000007 0.95000000000000007 30.950000000000003 23.500000000000004
decision_type=2 2 2 2 2 2 2 2 2 2 2 2 2 2 2 2 2 2 2 2 2 2 2 2 2 2 2 2 2 2 2 2 2 2 2 2 2 2 2 2 2 2 2 2 2 2 2 2 2 2 2 2 2 2 2 2 2 2 2 2 2 2
left_child=13 2 -2 5 6 8 10 11 -4 -6 12 -7 -5 17 18 -16 -17 20 19 51 23 24 -23 -1 26 -26 28 -28 30 -30 40 32 35 34 -34 -32 37 -37 -36 -33 41 -20 43 44 48 52 -47 -45 -41 -50 -51 -15 59 54 55 -54 57 -57 -56 60 61 -44
right_child=1 -3 3 4 9 7 -8 -9 -10 -11 -12 -13 -14 14 15 16 -18 -19 21 -21 -22 22 -24 -25 25 -27 27 -29 29 -31 31 39 33 -35 38 36 -38 -39 -40 42 -42 -43 45 47 -46 46 -48 -49 49 50 -52 -53 53 -55 58 56 -58 -59 -60 -61 -62 -63
leaf_value=0.65710961749156316 -2.3720289057312591 4.3696385743541111 6.5886482087771103 -2.5385045537494482 -0.80571750095912398 0.13683749776510964 3.9965066435419283 -2.5519977038839592 1.6862682532227558 -5.8287240718659907 1.9143866980763584 3.1769011742728104 -0.24362891165983111 -0.2696176173638653 4.3777326765927409 0.68185989317686657 -1.4649107739199763 -1.816173132310311 -0.33951847750516168 2.1327102785167238 -1.0465928604329626 -1.6700445220427858 0.5117879108760669 -0.27452654600143434 -0.21743969240470934 1.5966458522705804 -1.2329934287071227 0.055008159068723521 0.040179465937614442 -0.79050571250915525 -1.2820957859100834 -0.4616878839754141 -1.2203522134962537 0.64422264093352899 0.48411968923750381 0.28330306953883599 -1.0831317253623689 -0.60066766584111797 -0.26748349052412101 -0.4165364057090547 0.58741743590344075 0.201415113970976 -0.39498278396285103 0.048674210609438329 0.45493957935050799 -0.90215275988692323 -0.025094936158694327 0.61303112784701008 0.13817639236648879 0.14998799728850526 -0.43342403176758026 0.17708222442382093 -0.22461432806697973 0.31047935399047116 0.21436807909758265 0.26777479867935183 0.60330713703234995 -0.39827098124180776 -0.29073310668910707 -0.067765595557703187 -0.78394472236816704 -0.029358342815662342
leaf_weight=23 32 30 23 20 20 20 28 22 22 20 25 27 20 36 21 22 22 23 20 20 35 34 22 36 75 20 23 23 24 39 30 38 20 30 20 27 20 30 38 44 21 43 91 38 20 20 24 30 71 23 35 36 230 56 108 24 29 32 30 462 25 151
leaf_count=23 32 30 23 20 20 20 28 22 22 20 25 27 20 36 21 22 22 23 20 20 35 34 22 36 75 20 23 23 24 39 30 38 20 30 20 27 20 30 38 44 21 43 91 38 20 20 24 30 71 23 35 36 230 56 108 24 29 32 30 462 25 151
internal_value=0.00641191 0.823062 0.427448 0.798255 -0.239405 2.00046 1.14088 0.473298 4.2808 -3.39825 -0.131072 1.91316 -1.42512 -0.0984174 -0.0705029 1.18636 -0.400115 -0.641164 -0.107622 0.444765 -0.337518 -0.131569 -0.818867 0.0934691 -0.112714 0.177074 -0.126639 -0.601418 -0.115093 -0.478293 -0.102672 -0.115629 -0.36623 -0.0542829 -0.327756 -0.677629 -0.428641 -0.184193 -0.00441259 -0.0813368 0.172418 0.0269903 -0.0716736 0.0368969 -0.0579137 -0.0937927 -0.435057 0.303004 -0.119506 -0.0157296 -0.203365 -0.046833 -0.0813184 -0.0160285 -0.0569975 -0.127311 0.135473 -0.113045 0.103226 -0.126814 -0.228334 -0.167925
internal_weight=2723 309 279 247 133 114 93 69 45 40 65 47 40 2414 2297 65 44 117 2232 92 94 2140 56 59 2084 95 1989 46 1943 63 1880 1796 215 108 78 107 77 57 58 1581 84 63 1543 261 193 1282 44 68 173 129 58 72 1238 509 453 315 85 56 138 729 267 242
internal_count=2723 309 279 247 133 114 93 69 45 40 65 47 40 2414 2297 65 44 117 2232 92 94 2140 56 59 2084 95 1989 46 1943 63 1880 1796 215 108 78 107 77 57 58 1581 84 63 1543 261 193 1282 44 68 173 129 58 72 1238 509 453 315 85 56 138 729 267 242
is_linear=0
shrinkage=0.05


Tree=75
num_leaves=63
num_cat=0
split_feature=38 38 28 17 42 17 4 0 37 39 3 16 40 1 17 38 28 16 12 17 28 12 9 17 28 0 0 16 16 22 22 3 45 45 28 9 28 5 1 3 16 1 4 39 28 28 1 41 1 40 42 17 12 28 0 45 17 1 17 16 9 9
split_gain=44785.8 80459.7 117157 151189 94502.7 63680 59145.9 57300.1 57953.2 100396 103921 59718.5 74900.5 59053.5 61241.4 55565.7 55853.3 90127.8 49260.4 41686.4 43689.9 40857.4 47970.4 39923.6 35190.3 20285.8 47059.2 10135.1 13875 8351.65 10057 8353 73596.2 24322.5 84545.7 7976.12 7681.89 22369.1 5677.67 4363.43 4296.4 3823.13 3185.92 4357.22 4364.68 3973.32 3724.2 4001.53 3473.55 3245.22 3000 2725.84 2857.92 5027.43 2692.14 2545.94 2439.48 2172.36 2143.32 2132.15 2056.05 2709.19
threshold=1.0000000180025095e-35 8.5000000000000018 1.0000000180025095e-35 3.2895000000000003 18.500000000000004 9.2810000000000006 1.5000000000000002 2.5000000000000004 1.0000000180025095e-35 3.5000000000000004 3.5000000000000004 20.250000000000004 10.500000000000002 50.500000000000007 3.3025000000000007 11.500000000000002 13.500000000000002 27.450000000000003 0.95000000000000007 2.2975000000000008 8.5000000000000018 0.60000000000000009 6.5000000000000009 1.0655000000000003 21.500000000000004 1.5000000000000002 5.5000000000000009 16.650000000000002 22.250000000000004 0.040400000000000005 0.012550000000000002 3.5000000000000004 9.5000000000000018 9.5000000000000018 11.500000000000002 6.5000000000000009 2.5000000000000004 1.0000000180025095e-35 57.500000000000007 7.5000000000000009 15.15 9.5000000000000018 12.500000000000002 1.0000000180025095e-35 10.500000000000002 49.500000000000007 13.500000000000002 5.5000000000000009 29.500000000000004 54.500000000000007 10.500000000000002 6.846000000000001 0.95000000000000007 40.500000000000007 2.5000000000000004 1.5000000000000002 1.3530000000000004 2.5000000000000004 1.6960000000000002 21.550000000000004 5.5000000000000009 11.500000000000002
decision_type=2 2 2 2 2 2 2 2 2 2 2 2 2 2 2 2 2 2 2 2 2 2 2 2 2 2 2 2 2 2 2 2 2 2 2 2 2 2 2 2 2 2 2 2 2 2 2 2 2 2 2 2 2 2 2 2 2 2 2 2 2 2
left_child=25 2 3 -2 5 6 -4 19 21 10 24 12 -11 14 35 29 -17 -18 -19 23 -21 -9 -23 -8 -10 -1 -27 -22 -29 30 31 33 57 36 -35 -13 37 55 40 -28 41 -38 43 49 46 -44 -45 58 51 -42 56 52 53 59 -52 -3 -50 -33 -48 -46 -54 -62
right_child=1 15 4 -5 -6 -7 7 8 9 11 -12 13 -14 -15 -16 16 17 18 -20 20 27 22 -24 -25 -26 26 39 28 -30 -31 -32 32 -34 34 -36 -37 38 -39 -40 -41 42 -43 45 44 48 -47 47 -49 50 -51 54 -53 60 -55 -56 -57 -58 -59 -60 -61 61 -63
leaf_value=0.19122761294245721 -0.29297502994537356 -0.60817360639572149 2.7344934103886289 5.3058137619495396 3.1745149985381538 -2.3245382966349526 0.73988178333775556 0.021094831047636091 1.0801810555948932 -4.2405938225700748 3.542554767965465 1.3435969871371274 -0.50376316541280497 -2.0342742256684736 -0.91647596010455379 3.0876272013664252 -1.9874062147846931 -0.2825028990344568 2.8413006871361888 -1.0715157043211387 1.8039450467978757 -3.6214242207046072 -0.39314637842632477 3.8674368737212248 -1.5231565911003522 -3.3019301189761614 -1.0153505960754727 -0.23727803401947023 1.3924103944855077 0.82839077056873411 -1.0030530612005129 -0.52388229574951717 2.4841683088030138 0.52220130607432558 -3.0751094163569714 2.8714958033249496 -1.1138183046522594 1.5257561235904695 -0.97369446598291409 -0.028809611097626066 -0.8643293969245518 -0.35464671965771255 -0.26687550027649126 -0.67487990757226946 -0.16702245065799129 -1.0503662166708991 0.032127144118914236 0.20817541837692263 -0.36993919875721137 -0.080711433667203653 -0.67607765390096519 -0.29114941627821994 -0.19879683959263345 1.0843771259557633 -0.17022223298417197 0.029513277782029224 0.14726552575512936 -0.1083023078263316 -0.51007494018384902 0.44849877197896276 0.44294500797366104 -0.12792601508063239
leaf_weight=23 21 26 23 27 27 23 21 32 33 20 36 20 38 21 26 24 26 21 30 32 30 27 20 20 20 23 22 24 27 20 35 32 27 34 30 20 20 24 24 22 33 89 76 49 25 20 25 46 29 22 37 35 53 20 89 37 94 715 65 30 47 36
leaf_count=23 21 26 23 27 27 23 21 32 33 20 36 20 38 21 26 24 26 21 30 32 30 27 20 20 20 23 22 24 27 20 35 32 27 34 30 20 20 24 24 22 33 89 76 49 25 20 25 46 29 22 37 35 53 20 89 37 94 715 65 30 47 36
internal_value=0.00617823 0.0438542 0.55879 2.90025 0.345675 0.190892 0.313468 0.188632 -0.200101 0.196269 1.50905 -0.614289 -1.84244 0.216058 0.951822 -0.104404 1.03324 0.361478 1.57424 0.974944 0.470288 -1.362 -2.2846 2.32139 0.0876827 -1.08437 -1.51871 1.0851 0.635587 -0.164014 -0.174757 -0.158885 -0.032614 -0.246426 -1.18533 2.15907 -0.188175 0.259599 -0.228819 -0.533793 -0.208781 -0.502849 -0.169645 -0.133869 -0.0987868 -0.4393 -0.305292 -0.168142 -0.0211379 -0.55801 -0.152496 0.111881 0.179815 0.425432 -0.32296 -0.238972 0.0232827 -0.126788 -0.36071 0.170641 0.0422122 0.196704
internal_weight=2723 2633 588 48 540 513 490 467 313 234 89 145 58 87 66 2045 101 77 51 154 113 79 47 41 53 90 67 81 51 1944 1924 1889 774 1115 64 40 1051 87 964 44 940 109 831 735 680 96 185 136 495 55 249 246 211 75 126 63 123 747 90 55 136 83
internal_count=2723 2633 588 48 540 513 490 467 313 234 89 145 58 87 66 2045 101 77 51 154 113 79 47 41 53 90 67 81 51 1944 1924 1889 774 1115 64 40 1051 87 964 44 940 109 831 735 680 96 185 136 495 55 249 246 211 75 126 63 123 747 90 55 136 83
is_linear=0
shrinkage=0.05


Tree=76
num_leaves=63
num_cat=0
split_feature=24 28 33 38 28 12 16 40 16 24 24 24 24 11 24 16 42 16 42 28 17 24 28 42 17 24 45 0 45 45 40 16 41 38 24 24 0 17 45 42 24 38 28 0 2 38 2 0 40 28 42 17 17 28 16 24 17 16 28 24 16 28
split_gain=84861.7 219573 258224 315553 151013 52074.9 68986.6 56307.2 20200.6 113928 37683.5 28786.9 51817.8 16523.9 37460.2 11945.7 38674.4 9300.67 28761.3 9672.87 9954 9577.57 112527 64819.9 69535.4 11155.2 7040.87 4559.71 22530 5026.48 9564.05 11338 14510.5 11602.7 10829.3 5316.09 4239.54 4183.49 3341.96 2842.77 2576.76 3787.92 4540.94 3281.67 2300.44 1859.73 1750.67 1651.02 1256.49 1202.61 1303.7 1414.95 2111.56 2611.91 2133.1 2398.12 1949.37 1361.79 1518.26 2191.8 2329.75 1801.6
threshold=221.21921952817829 8.5000000000000018 1.0000000180025095e-35 10.500000000000002 12.500000000000002 0.95000000000000007 22.550000000000004 23.500000000000004 32.750000000000007 121.35658951904365 205.90964764593207 194.71128082926251 181.08361551292745 1.0000000180025095e-35 112.84936613844872 12.550000000000002 11.500000000000002 29.750000000000004 11.500000000000002 11.500000000000002 3.5655000000000006 145.43499860995277 2.5000000000000004 12.500000000000002 2.2975000000000008 138.93749470712774 9.5000000000000018 14.500000000000002 9.5000000000000018 9.5000000000000018 40.500000000000007 23.550000000000004 1.5000000000000002 8.5000000000000018 126.08572977481235 120.19032398793868 1.0000000180025095e-35 0.99050000000000005 9.5000000000000018 10.500000000000002 112.222093411176 1.5000000000000002 12.500000000000002 6.5000000000000009 2.5000000000000004 4.5000000000000009 3.5000000000000004 9.5000000000000018 9.5000000000000018 79.500000000000014 16.500000000000004 6.6480000000000006 4.4310000000000009 11.500000000000002 25.350000000000005 112.76584846346314 8.4155000000000015 13.65 1.0000000180025095e-35 99.715182961992156 17.450000000000003 1.5000000000000002
decision_type=2 2 2 2 2 2 2 2 2 2 2 2 2 2 2 2 2 2 2 2 2 2 2 2 2 2 2 2 2 2 2 2 2 2 2 2 2 2 2 2 2 2 2 2 2 2 2 2 2 2 2 2 2 2 2 2 2 2 2 2 2 2
left_child=8 2 3 -2 -3 7 -7 -6 10 26 11 12 13 15 -15 16 39 21 19 38 37 25 -23 24 -24 27 47 29 46 45 34 32 -32 -33 35 36 -31 -21 -19 -1 41 -38 48 -42 -44 -17 -29 -10 -43 50 57 52 54 -54 55 -52 -53 -47 59 -59 -61 -60
right_child=1 4 -4 -5 5 6 -8 -9 9 -11 -12 -13 -14 14 -16 17 -18 18 -20 20 -22 22 23 -25 -26 -27 -28 28 -30 30 31 33 -34 -35 -36 -37 40 -39 -40 -41 43 42 44 -45 -46 49 -48 -49 -50 -51 51 56 53 -55 -56 -57 -58 58 61 60 -62 -63
leaf_value=-0.60380425388996417 9.073311355297383 -3.9262439601317696 -0.8686156151844906 0.79132489486174151 1.1531308381898062 0.21319246654327101 3.7376674113490367 -2.3990622707208002 -0.28668263491243129 3.8984688206655642 -1.8920184898376466 1.5761070951131675 -2.361154207515717 -0.17830225622042634 2.4487147002560756 -0.41373855593112796 2.1849191099901999 -0.22788335225798872 -1.7747367049315397 0.39271607539870529 1.1610495448325362 3.5781659481742167 0.29582731925524203 1.6699241601356438 -2.8095771353385031 -1.1055062056013516 -1.0285726908275059 -0.4675349356677081 1.523938334274292 0.41940560673845229 -0.29771607652087423 0.67654268929591543 -1.7603109168633821 -0.79045079865625922 0.78588523173332214 -0.96223783904855908 0.18636856789942144 -0.51574492418766027 -1.1143483078949477 0.1128647448519866 -0.28092132550019489 -0.42594051877657579 0.20586815595626834 0.40830619473611157 -0.44281160818220205 -0.3084594050825884 0.049616639132301014 0.24586112732017362 -0.94983602444330861 0.30355366179211574 -0.57749362786985792 -0.75331736004870864 0.50510692547559743 -0.11333119975437445 0.1642557587668948 0.015776060338203723 -0.11576896557101497 0.58344731011173934 -0.30492964167914849 0.4963085659770739 -0.097852265306010655 -0.038114651230234733
leaf_weight=25 25 22 25 21 20 38 21 23 23 20 28 25 24 38 20 38 23 21 33 21 20 21 38 27 33 27 20 36 24 28 33 25 35 27 29 21 26 29 22 29 38 20 25 30 28 47 29 36 38 21 52 22 24 53 22 25 26 21 67 20 76 919
leaf_count=25 25 22 25 21 20 38 21 23 23 20 28 25 24 38 20 38 23 21 33 21 20 21 38 27 33 27 20 36 24 28 33 25 35 27 29 21 26 29 22 29 38 20 25 30 28 47 29 36 38 21 52 22 24 53 22 25 26 21 67 20 76 919
internal_value=0.00595571 1.00824 3.2046 5.38979 -0.264897 0.555208 1.50914 -0.758108 -0.0717223 0.624793 -0.100358 -0.078683 -0.0967523 -0.0726504 0.753631 -0.093863 0.514424 -0.115214 -0.499592 -0.11486 0.247175 -0.0878864 0.345785 -0.375964 -1.16644 -0.11449 -0.242294 -0.100021 0.247646 -0.117003 -0.272809 -0.644967 -1.0652 -0.0856134 -0.11327 -0.218629 -0.147761 -0.133874 -0.696556 -0.223781 -0.226912 -0.351053 -0.477521 0.0245878 -0.138592 -0.0730223 -0.239474 0.036858 -0.779548 -0.0634479 -0.0692774 -0.179393 -0.112437 0.0833691 -0.264091 -0.387077 -0.417491 -0.0476873 -0.0363016 0.133252 0.0297202 -0.0565407
internal_weight=2723 195 71 46 124 102 59 43 2528 99 2429 2401 2376 2352 58 2294 77 2217 146 113 70 2071 119 98 71 1952 79 1925 89 1836 403 120 68 52 283 254 233 50 43 54 205 137 111 68 53 1433 65 59 58 1395 1374 224 176 77 99 77 48 1150 1103 117 96 986
internal_count=2723 195 71 46 124 102 59 43 2528 99 2429 2401 2376 2352 58 2294 77 2217 146 113 70 2071 119 98 71 1952 79 1925 89 1836 403 120 68 52 283 254 233 50 43 54 205 137 111 68 53 1433 65 59 58 1395 1374 224 176 77 99 77 48 1150 1103 117 96 986
is_linear=0
shrinkage=0.05


Tree=77
num_leaves=63
num_cat=0
split_feature=24 25 28 9 24 38 3 28 16 24 24 24 24 24 38 16 16 16 43 45 30 25 28 45 37 25 0 22 22 38 24 38 25 24 40 38 4 16 17 25 38 25 17 28 24 16 16 28 24 28 25 39 9 24 24 16 12 40 40 0 25 17
split_gain=76881.7 242840 109766 362289 170018 118652 60743.7 57015.4 18308 103341 34138.2 26080.5 46969.6 14936.1 57069.6 123760 105063 128518 36244.1 85112.1 29824.2 13413.6 6757.22 6384.72 6160.29 6015.96 2788.2 2335.3 3946.59 2754.39 3013.17 2232.55 7791.78 6437.77 7089.36 6366.21 5748.82 5626.9 4771.35 3491.8 2948.09 1970.2 2950.33 4405.41 4480.69 3427.96 2651.76 2554.57 2360.39 2389.1 2461.47 1783.82 2353.72 5539.78 3142.69 3789.26 1611.52 1529.2 3123 1495.53 1437.97 2092.77
threshold=221.21921952817829 4.5000000000000009 8.5000000000000018 16.500000000000004 310.02151185015293 10.500000000000002 3.5000000000000004 30.500000000000004 32.750000000000007 121.35658951904365 205.90964764593207 194.71128082926251 181.08361551292745 129.87151197426428 8.5000000000000018 17.950000000000003 20.350000000000005 25.150000000000002 1.0000000180025095e-35 5.5000000000000009 2.0000000000000004 4.5000000000000009 58.500000000000007 9.5000000000000018 1.0000000180025095e-35 2.5000000000000004 6.5000000000000009 0.027450000000000006 0.015400000000000002 11.500000000000002 112.26696651971882 8.5000000000000018 2.5000000000000004 106.12492022337456 13.500000000000002 1.5000000000000002 6.5000000000000009 20.950000000000003 4.644000000000001 11.500000000000002 3.5000000000000004 7.5000000000000009 6.846000000000001 25.500000000000004 79.4324053597296 19.150000000000002 20.750000000000004 9.5000000000000018 102.08821907450348 44.500000000000007 5.5000000000000009 3.5000000000000004 15.500000000000002 94.630523553281606 88.196621334772445 17.250000000000004 0.80000000000000016 39.500000000000007 22.500000000000004 9.5000000000000018 4.5000000000000009 4.2430000000000012
decision_type=2 2 2 2 2 2 2 2 2 2 2 2 2 2 2 2 2 2 2 2 2 2 2 2 2 2 2 2 2 2 2 2 2 2 2 2 2 2 2 2 2 2 2 2 2 2 2 2 2 2 2 2 2 2 2 2 2 2 2 2 2 2
left_child=8 -2 3 5 -4 -3 7 -6 10 23 11 12 13 24 15 -15 -17 -18 20 -20 21 -16 -9 59 25 -1 -27 28 29 31 -31 32 35 36 -35 -26 -34 -36 39 -38 57 48 43 44 -43 47 -44 -46 49 51 -51 56 54 -54 -53 -56 -33 58 -37 -10 -57 -62
right_child=1 2 4 -5 6 -7 -8 22 9 -11 -12 -13 -14 14 18 16 17 -19 19 -21 -22 -23 -24 -25 27 26 -28 -29 -30 30 -32 41 33 34 37 40 38 -39 -40 -41 -42 42 46 -45 45 -47 -48 -49 -50 50 -52 52 53 -55 55 60 -58 -59 -60 -61 61 -63
leaf_value=-0.97541059333086011 6.0408887191045864 6.9359152483940125 -3.8931139229083884 -3.4447042599178497 -2.4297453228064949 1.6161436368170241 2.6137240732192999 0.11124954300267356 -0.27294576668956627 3.7128274506614325 -1.8006795791099812 1.5003327326591198 -2.2478188735723497 3.3689878563880926 -1.0072102058204737 -3.0913677633376353 3.9041782129991973 -1.512521859515797 -0.98435497462749477 2.9572651570776238 -0.041747911751270295 -2.8708831675563542 1.4017670504252115 -0.97959304088637933 0.014288359554041001 -0.51041190232549405 0.30493244271902814 -0.4776255763035554 0.57962254968556493 -0.83409979691872227 -0.094861000430199405 -0.76427068094589878 -0.9576714177565141 -0.40310937200273789 0.18960972240992957 -0.74960103778839116 -0.64935317918658253 1.250494246482849 0.50053980098278428 0.15266619000583889 -1.2675924599738349 -0.44150595865705428 0.14143226131223716 0.67767781312008291 0.95512145479520161 -0.052328140267304014 -0.55112968846162158 0.15582489611137484 -0.045544972940552354 -0.18688647784533041 0.4881693513008456 0.25897808663547045 -0.49151577331803065 0.54638747307562052 0.078903031961785428 -0.29851589388468047 -0.28331494873424745 -0.88467759971618654 0.084625856706074309 0.23390031703823322 -0.36456586371575089 -1.0034989393608911
leaf_weight=39 20 23 28 20 20 20 24 20 23 20 28 25 24 39 21 20 21 21 33 22 39 20 20 20 41 20 20 38 21 25 30 27 21 20 27 24 31 23 26 23 20 33 25 35 20 48 29 20 1075 30 23 23 21 30 35 43 52 24 20 36 27 27
leaf_count=39 20 23 28 20 20 20 24 20 23 20 28 25 24 39 21 20 21 21 33 22 39 20 20 20 41 20 20 38 21 25 30 27 21 20 27 24 31 23 26 23 20 33 25 35 20 48 29 20 1075 30 23 23 21 30 35 43 52 24 20 36 27 27
internal_value=0.0058166 0.959808 0.348061 2.00097 -0.591137 4.55468 0.542315 -0.315431 -0.068119 0.594965 -0.0953804 -0.0747501 -0.0919493 -0.0690025 0.307465 1.20051 -0.195274 1.22352 -0.364545 0.616858 -1.03861 -1.96315 0.775082 -0.230848 -0.111118 -0.541644 -0.105124 -0.0941612 -0.0866341 -0.0939995 -0.439862 -0.0838813 -0.208997 0.01271 0.378248 -0.500763 -0.241809 0.692665 -0.0443301 -0.311097 -0.73825 -0.0606371 0.0819637 0.192045 0.0471278 0.233324 -0.233666 0.569143 -0.0818769 -0.19694 0.109585 -0.254144 -0.175168 0.117686 -0.271696 -0.365451 -0.455253 -0.566374 -0.376842 0.0349769 -0.525005 -0.69656
internal_weight=2723 195 175 63 112 43 84 60 2528 99 2429 2401 2376 2352 236 101 62 42 135 55 80 41 40 79 2116 79 40 2037 1999 1978 55 1923 300 171 70 129 101 50 80 54 88 1623 210 156 121 88 54 40 1413 338 53 285 206 51 155 132 79 68 44 59 97 54
internal_count=2723 195 175 63 112 43 84 60 2528 99 2429 2401 2376 2352 236 101 62 42 135 55 80 41 40 79 2116 79 40 2037 1999 1978 55 1923 300 171 70 129 101 50 80 54 88 1623 210 156 121 88 54 40 1413 338 53 285 206 51 155 132 79 68 44 59 97 54
is_linear=0
shrinkage=0.05


Tree=78
num_leaves=63
num_cat=0
split_feature=24 25 2 39 28 24 24 45 39 4 3 28 37 24 9 25 2 24 40 40 24 43 42 32 42 40 45 25 24 39 24 24 24 40 24 28 4 42 2 40 45 42 40 24 39 28 43 15 40 11 33 25 24 42 30 25 28 9 9 25 24 9
split_gain=72368.3 200333 162368 182037 227716 89600.5 161819 109045 89643.1 45687.2 54044.4 27705 13642.8 35303.7 122178 35451.6 15921.6 9289.11 8995.91 46102 12476 24412.4 18753.5 5781.44 14523.1 18781.3 3707.16 8156.72 15197.7 5628.51 5184.83 4772.78 4632.9 4550.37 3538.57 3354.03 3309.78 4672.35 2884.16 2864.34 2708.48 2486.24 2391.55 2183.47 1953.09 3511.79 2194.15 1780.82 1756.05 1504.93 1342.91 1285.54 2067.28 3594.32 2346.84 3175.36 1731.91 1734.27 1675.08 3064.2 4955.05 1859.5
threshold=174.24529379641766 3.5000000000000004 5.5000000000000009 3.5000000000000004 9.5000000000000018 214.8057415902141 270.39070904325041 7.5000000000000009 5.5000000000000009 47.500000000000007 2.5000000000000004 31.500000000000004 1.0000000180025095e-35 153.63228156400177 3.5000000000000004 3.5000000000000004 4.5000000000000009 127.972093411176 6.5000000000000009 5.5000000000000009 137.34611731998891 1.0000000180025095e-35 12.500000000000002 1.0000000180025095e-35 10.500000000000002 34.500000000000007 9.5000000000000018 2.5000000000000004 114.24813535088765 4.5000000000000009 118.11619811381279 126.08572977481235 96.520012232415908 37.500000000000007 104.32059515408139 1.5000000000000002 7.5000000000000009 16.500000000000004 2.5000000000000004 2.5000000000000004 5.5000000000000009 13.500000000000002 33.500000000000007 121.97663886572143 5.5000000000000009 18.500000000000004 1.0000000180025095e-35 1.0000000180025095e-35 3.5000000000000004 1.0000000180025095e-35 1.0000000180025095e-35 1.5000000000000002 112.47780164025578 2.5000000000000004 2.0000000000000004 2.5000000000000004 57.500000000000007 5.5000000000000009 2.5000000000000004 6.5000000000000009 86.990766324878578 3.5000000000000004
decision_type=2 2 2 2 2 2 2 2 2 2 2 2 2 2 2 2 2 2 2 2 2 2 2 2 2 2 2 2 2 2 2 2 2 2 2 2 2 2 2 2 2 2 2 2 2 2 2 2 2 2 2 2 2 2 2 2 2 2 2 2 2 2
left_child=12 -2 3 4 -3 7 -7 -5 -8 10 11 -10 16 18 -15 -16 17 34 19 35 23 22 -22 26 -25 -26 31 29 32 30 38 43 33 -29 -1 -14 41 39 -28 40 -38 -37 -31 47 45 46 -34 49 -41 50 51 -20 56 -54 -55 -56 58 -58 59 -53 -61 -60
right_child=1 2 -4 5 -6 6 8 -9 9 -11 -12 -13 13 14 15 -17 -18 -19 20 -21 21 -23 -24 24 25 -27 27 28 -30 42 -32 -33 44 -35 -36 36 37 -39 -40 48 -42 -43 -44 -45 -46 -47 -48 -49 -50 -51 -52 52 53 54 55 -57 57 -59 61 60 -62 -63
leaf_value=-0.044604667368389306 4.0272716336250305 5.9405709432810552 -2.894226845428348 -0.57805364821460992 -0.82339896593775075 -3.6880537038860903 -2.498374679606894 4.5548710287184946 2.7350362290087205 2.9234246733914255 -1.4196661686897278 0.18662547880864666 0.39535566736208766 4.123294454054399 1.0935302675338019 -1.6959494011878968 -1.5439517655517117 0.52794419023725714 -0.14338837136350668 2.2250008639574053 -2.5927742217835927 0.44983382015228274 -0.45294116226109593 -0.50810766546563668 -0.10437487368400281 1.8496996281544367 -0.21465667529365959 -0.2192078615468124 0.91357691203846658 0.18042363537896067 -1.3805886083126069 -0.74980334191410636 -0.82459245925857916 -1.190332736806436 -0.86174643981456756 -0.68158557369902328 0.031065731979906558 -0.51776280155405396 -0.81713420615954835 -0.42690356907519428 0.75926556468009954 0.0096256972281705787 -0.46395978887875877 0.32367307601553025 0.37515067577362066 0.2612343556540353 -0.096279930851676243 -0.38127046682834626 0.13749205473307019 -0.42783599208046996 -0.23388400456623026 -0.072964297556725233 -0.40023963729540513 -0.20637443922814871 0.61174163848227048 0.0010289645535605295 -0.11984507248515175 0.48027039734453986 -0.42346040053801098 -0.087518303611626228 0.95843943464485071 -0.085753790120167359
leaf_weight=20 39 31 35 20 20 32 22 20 20 22 26 22 37 21 20 24 32 26 306 24 20 24 21 32 25 23 38 28 33 30 24 26 20 21 39 36 23 31 43 21 28 20 26 32 20 27 21 49 36 29 113 102 23 20 56 34 20 28 43 23 21 575
leaf_count=20 39 31 35 20 20 32 22 20 20 22 26 22 37 21 20 24 32 26 306 24 20 24 21 32 25 23 38 28 33 30 24 26 20 21 39 36 23 31 43 21 28 20 26 32 20 27 21 49 36 29 113 102 23 20 56 34 20 28 43 23 21 575
internal_value=0.00559685 0.724778 0.234633 0.710943 3.32311 -0.0271043 -0.610534 2.03678 0.293569 0.996054 0.339089 1.43565 -0.0867207 -0.0597554 1.07997 -0.431769 -0.61108 -0.245954 -0.0934173 0.184954 -0.129559 -0.805562 -1.53376 -0.106154 0.307426 0.850491 -0.124385 -0.275643 -0.0334772 -0.529531 -0.74387 -0.0908427 -0.266603 -0.650987 -0.590193 -0.0347074 -0.117935 0.0135085 -0.540616 0.1694 0.437871 -0.438799 -0.121558 -0.0787154 -0.0476053 -0.175653 -0.462848 -0.0878665 -0.0741323 -0.0772761 -0.0695112 -0.0544848 -0.0255706 0.156423 0.275418 0.38363 -0.0555417 0.232777 -0.0739432 0.0779585 0.421783 -0.109905
internal_weight=2723 309 270 235 51 184 144 40 112 90 68 42 2414 2297 65 44 117 85 2232 256 1976 65 41 1911 80 48 1831 331 170 161 105 1500 137 49 59 232 195 139 81 108 51 56 56 1474 88 68 41 1442 57 1393 1364 1251 945 133 110 90 812 48 764 146 44 618
internal_count=2723 309 270 235 51 184 144 40 112 90 68 42 2414 2297 65 44 117 85 2232 256 1976 65 41 1911 80 48 1831 331 170 161 105 1500 137 49 59 232 195 139 81 108 51 56 56 1474 88 68 41 1442 57 1393 1364 1251 945 133 110 90 812 48 764 146 44 618
is_linear=0
shrinkage=0.05


Tree=79
num_leaves=63
num_cat=0
split_feature=16 16 45 17 17 45 39 16 1 1 45 42 25 17 45 9 41 45 8 22 39 25 9 40 28 16 25 43 25 2 12 1 25 1 28 17 16 2 40 1 16 9 3 41 17 22 9 16 17 17 42 1 2 17 17 39 17 9 18 17 28 18
split_gain=32527.8 78447.2 178322 34169.1 97509.7 30301.8 56287.8 29892.9 25672.9 47923.4 67542.6 34322.9 90782.2 62933.6 51451.8 45071.5 41417.7 33780.4 71976.9 55835.8 73495.8 116624 48859.8 51494.7 126652 71569.8 144838 63614.3 67696.4 70696.7 62214.8 49590.1 58731.3 47293.9 36979.1 32366.2 21749.9 21211.1 19865.5 15871.9 15589.1 29786.8 14235.3 13713.1 13473.4 7210.22 12190.8 5848.93 4689.76 4665.86 4559.71 4519.14 6607.39 5064.33 4726.38 3811.43 5438.83 3259.91 34445.8 4043.43 3787.71 2700.11
threshold=35.45000000000001 32.850000000000001 9.5000000000000018 9.2810000000000006 8.7230000000000025 9.5000000000000018 4.5000000000000009 32.45000000000001 58.500000000000007 57.500000000000007 5.5000000000000009 4.5000000000000009 14.000000000000002 2.2775000000000003 9.5000000000000018 6.5000000000000009 8.5000000000000018 9.5000000000000018 1.0000000180025095e-35 0.025900000000000003 1.5000000000000002 5.5000000000000009 35.500000000000007 75.500000000000014 15.500000000000002 25.150000000000002 9.5000000000000018 1.0000000180025095e-35 4.5000000000000009 4.5000000000000009 0.95000000000000007 46.500000000000007 2.5000000000000004 26.500000000000004 13.500000000000002 3.5215000000000001 27.850000000000005 2.5000000000000004 5.5000000000000009 44.500000000000007 12.65 7.5000000000000009 7.5000000000000009 4.5000000000000009 2.9675000000000007 0.0059000000000000007 6.5000000000000009 31.550000000000004 1.4645000000000004 3.1575000000000002 16.500000000000004 22.500000000000004 3.5000000000000004 2.4510000000000005 7.1010000000000009 5.5000000000000009 3.1350000000000002 1.5000000000000002 1.0000000180025095e-35 7.5490000000000013 13.500000000000002 1.0000000180025095e-35
decision_type=2 2 2 2 2 2 2 2 2 2 2 2 2 2 2 2 2 2 2 2 2 2 2 2 2 2 2 2 2 2 2 2 2 2 2 2 2 2 2 2 2 2 2 2 2 2 2 2 2 2 2 2 2 2 2 2 2 2 2 2 2 2
left_child=1 3 -3 4 7 -5 -7 8 9 11 -11 12 13 14 48 39 43 40 19 20 21 35 23 25 -25 27 30 31 29 37 -27 32 -22 -34 -20 -19 -32 -29 -35 42 41 -13 49 -17 -10 47 -47 50 -1 -15 57 52 53 -52 -53 56 -45 58 60 61 -42 -59
right_child=-2 2 -4 5 -6 6 -8 -9 44 10 -12 17 -14 15 -16 16 -18 18 34 -21 22 -23 -24 24 -26 26 -28 28 -30 -31 36 -33 33 38 -36 -37 -38 -39 -40 -41 45 -43 -44 55 -46 46 -48 -49 -50 -51 51 54 -54 -55 -56 -57 -58 59 -60 -61 -62 -63
leaf_value=-0.92260881237685677 -1.9093803522803565 -0.27686939989620785 4.4620398134365677 -0.26714595477655528 2.7993028365219796 -0.012856375944046747 -3.6787648486007352 -1.9008769285678864 -1.9250466247476063 -0.43391403561546693 3.5194787629790931 2.1765554019537841 -3.1589061788854931 -0.087235806300430707 -3.1347338564055311 1.4567185883998872 2.9020587307214742 -0.32950596202036436 -2.4561979551733506 -1.7958093750476838 3.0846950046603503 5.1908419577100062 -1.9269443769398191 4.9087159775062048 -0.018727037437034379 -1.2406277403150288 4.7324152410507203 -0.17274082138141 -2.9027046871886539 -2.6029286230694169 2.6291629942085435 -1.3935313183289988 -1.0422779873137673 0.4832156207329697 -0.01339259901084006 2.1626017012198768 0.62445973459217285 1.7884774747261636 2.3694653933743637 0.67715603172069505 0.033118334004984179 -0.27336126960557089 -1.9261551688417144 -0.67665092067718513 -0.21075161186131566 -0.23653780226196564 1.3048102483650048 0.70653199332101002 -0.026622988193162851 -1.0143887524442239 -1.5282540772677888 -0.010825129560534916 -0.080138174733993692 -0.56647660004014666 -0.71946002783446472 0.61685970564062398 0.34756214020152892 -0.092530925214844115 1.8951775823468748 0.53619737319324334 -0.60224745466373864 -0.30742624909377819
leaf_weight=31 21 52 31 79 30 20 21 20 25 20 22 21 28 36 27 24 20 28 30 23 25 21 20 21 32 34 24 29 33 21 22 26 35 35 31 23 35 25 23 20 50 28 22 24 21 27 23 20 27 21 20 125 43 46 28 23 26 736 22 22 43 182
leaf_count=31 21 52 31 79 30 20 21 20 25 20 22 21 28 36 27 24 20 28 30 23 25 21 20 21 32 34 24 29 33 21 22 26 35 35 31 23 35 25 23 20 50 28 22 24 21 27 23 20 27 21 20 125 43 46 28 23 26 736 22 22 43 182
internal_value=0.00542977 0.0210145 1.52507 -0.0272134 0.0125121 -0.847806 -1.93352 -0.0224668 -0.00635494 0.0162721 1.67048 -0.0138475 -0.486823 -0.228604 -1.37269 0.225844 0.886811 0.0629311 0.379041 0.565052 0.67441 2.14446 0.429529 0.546064 1.98831 0.332932 1.36073 -0.139607 -1.05177 -0.209819 0.429667 0.547018 0.982756 0.390861 -1.23509 0.814265 1.43028 0.751149 1.25878 -0.556306 -0.0684366 0.799035 -0.873198 0.445872 -1.16368 -0.0996398 0.484066 -0.121818 -0.513117 -0.440505 -0.134928 -0.321263 -0.565944 -0.876459 -0.144372 0.0982775 -0.14759 -0.0883878 0.16189 -0.119152 -0.263881 -0.135429
internal_weight=2723 2702 83 2619 2499 120 41 2469 2449 2403 42 2361 329 301 85 216 117 2032 596 535 512 72 440 420 53 367 115 252 108 75 91 144 118 93 61 51 57 54 58 99 1436 49 79 97 46 1387 50 1337 58 57 1317 262 109 66 153 73 50 1055 115 940 93 918
internal_count=2723 2702 83 2619 2499 120 41 2469 2449 2403 42 2361 329 301 85 216 117 2032 596 535 512 72 440 420 53 367 115 252 108 75 91 144 118 93 61 51 57 54 58 99 1436 49 79 97 46 1387 50 1337 58 57 1317 262 109 66 153 73 50 1055 115 940 93 918
is_linear=0
shrinkage=0.05


Tree=80
num_leaves=63
num_cat=0
split_feature=24 39 0 24 9 17 38 24 24 24 38 24 24 38 9 24 38 24 3 24 24 24 32 40 38 39 41 24 41 12 0 17 17 38 24 17 30 5 9 42 4 17 9 4 12 9 42 9 24 40 9 36 17 9 45 9 17 0 45 12 45 9
split_gain=66658.5 110546 137933 239633 200989 16200.1 15551 125122 40176.2 15599.7 14110.8 98167.2 43717 263569 51205.5 14755.3 8749.5 8189.23 7782.77 7218.62 4873.53 3794.87 2688.89 14903.9 4549.28 8013.4 5035.87 4454.13 4009.28 3622.01 2706.42 2533.15 2497.62 6138.92 3964.39 2908.27 2384.58 2369.49 2367.06 2137.58 1833.76 1772.92 2384.44 1976.96 1519.09 1516.49 1431.35 2094.39 1983.83 2656.57 2129.07 3150.6 5806.24 3974.35 2194.33 1746.64 1676.45 1609.27 1564.44 1393.68 2496.8 1355.52
threshold=224.59408951904368 3.5000000000000004 3.5000000000000004 433.74626823940594 5.5000000000000009 2.4315000000000002 11.500000000000002 131.8275901793161 212.9870642201835 195.23628082926251 2.5000000000000004 154.18644823066845 154.18644823066845 8.5000000000000018 4.5000000000000009 129.87151197426428 1.5000000000000002 146.83290045626259 7.5000000000000009 140.96336548573086 112.26696651971882 116.38613497358911 1.0000000180025095e-35 44.500000000000007 3.5000000000000004 3.5000000000000004 4.5000000000000009 118.62209341117598 1.5000000000000002 0.40000000000000008 3.5000000000000004 1.4475000000000002 5.4265000000000008 10.500000000000002 131.49946365561047 5.9020000000000001 2.0000000000000004 1.0000000180025095e-35 15.500000000000002 10.500000000000002 10.500000000000002 4.8410000000000002 4.5000000000000009 46.500000000000007 0.95000000000000007 37.500000000000007 20.500000000000004 1.0000000180025095e-35 90.990947138488437 31.500000000000004 4.5000000000000009 1.0000000180025095e-35 2.4385000000000008 12.500000000000002 7.5000000000000009 33.500000000000007 2.1645000000000008 10.500000000000002 1.5000000000000002 0.60000000000000009 1.5000000000000002 5.5000000000000009
decision_type=2 2 2 2 2 2 2 2 2 2 2 2 2 2 2 2 2 2 2 2 2 2 2 2 2 2 2 2 2 2 2 2 2 2 2 2 2 2 2 2 2 2 2 2 2 2 2 2 2 2 2 2 2 2 2 2 2 2 2 2 2 2
left_child=6 -2 3 -3 -4 18 8 21 9 10 11 15 17 -14 -15 16 38 19 -5 22 -18 31 24 40 25 26 -12 28 -27 37 -30 -8 34 -34 41 -35 -16 39 44 -26 -24 45 -43 -44 -1 46 47 56 49 -49 54 55 53 -53 -50 -52 58 -51 -31 60 -37 -61
right_child=1 2 4 5 -6 -7 7 -9 -10 -11 12 -13 13 14 36 -17 20 -19 -20 -21 -22 -23 23 -25 29 27 -28 -29 30 32 -32 -33 33 35 -36 59 -38 -39 -40 -41 -42 42 43 -45 -46 -47 -48 48 50 57 51 52 -54 -55 -56 -57 -58 -59 -60 61 -62 -63
leaf_value=-0.33727794120709104 3.2444798930287364 5.8188128075392349 1.3171071098327638 0.99431877012638492 -5.0452792733192453 -0.94884554641587382 -0.35808202505111697 3.9615838241577155 -2.213088013963266 1.1516053133744462 -0.42135170771678293 -2.8484283995628363 5.6676527819426168 1.2186287971905301 -1.9275142221791404 1.1692721960941952 -1.0089343606101142 -0.93901394929204673 -0.23851588335065618 0.6673181487619877 -0.047855526533993803 0.125804210404555 -0.61272043565045231 1.2884467940980739 -0.27510513981183377 -0.31876222512537716 -1.4467035085504705 -0.60614230908015188 0.79510000907239453 0.26761083508531253 0.047799375891685487 -1.1052939040887924 -0.91593194046845794 -0.44991625627927612 0.63534307133067736 0.4804557381470998 -1.0891294055718643 -0.014659219653430311 0.59347444098974977 -1.0088085110417822 0.024516561031341554 -0.24902533179769915 0.54330875291330061 -0.042219811729762864 0.138173604644835 -0.44231883601397276 -0.3686120002059376 0.014856472890427772 -0.095030629656168528 -0.77758993731604686 -0.045659189913789304 0.37691474305731915 0.8685716707542025 -0.51014377065326855 -0.4900991391319604 0.36516646098759442 0.41310662084682415 -0.23367400442400288 -0.30329887316251797 -0.27478233606119951 -0.099357648400627843 -0.030258380662785064
leaf_weight=23 39 22 24 33 24 27 28 20 21 25 29 35 22 27 20 23 35 27 20 31 21 20 22 21 20 37 21 33 20 23 29 20 25 56 21 29 25 21 20 21 22 23 40 22 55 24 33 46 221 26 620 27 28 22 41 26 43 30 23 89 48 154
leaf_count=23 39 22 24 33 24 27 28 20 21 25 29 35 22 27 20 23 35 27 20 31 21 20 22 21 20 37 21 33 20 23 29 20 25 56 21 29 25 21 20 21 22 23 40 22 55 24 33 46 221 26 620 27 28 22 41 26 43 30 23 89 48 154
internal_value=0.00533179 0.908621 0.283799 1.32095 -1.90203 0.0274115 -0.0623705 0.586906 -0.0859619 -0.0666347 -0.0798011 -0.468307 -0.041959 1.00713 -0.47498 0.015669 -0.163022 -0.0895134 0.533204 -0.0779658 -0.65578 -0.448604 -0.0896379 0.224502 -0.100109 -0.347434 -0.87202 -0.121548 0.0691738 -0.0767309 0.362722 -0.685726 -0.0632035 -0.172512 -0.0303601 -0.120771 -1.49566 -0.449262 0.122283 -0.666095 -0.300526 -0.0414444 0.178116 0.338089 -0.00445505 -0.0567165 -0.0486985 -0.0394115 -0.0585593 -0.267384 -0.0366805 0.00761605 0.307806 -0.0234939 -0.158502 -0.0285778 0.192446 -0.495506 -0.0181173 -0.0619324 0.12231 -0.120596
internal_weight=2723 189 150 102 48 80 2534 88 2446 2425 2400 212 2188 94 72 177 154 2094 53 2067 56 68 2036 65 1971 169 50 119 86 1802 49 48 1740 401 1339 376 45 62 98 41 44 1318 85 62 78 1233 1209 1176 1087 102 985 723 77 49 262 646 89 56 46 320 77 243
internal_count=2723 189 150 102 48 80 2534 88 2446 2425 2400 212 2188 94 72 177 154 2094 53 2067 56 68 2036 65 1971 169 50 119 86 1802 49 48 1740 401 1339 376 45 62 98 41 44 1318 85 62 78 1233 1209 1176 1087 102 985 723 77 49 262 646 89 56 46 320 77 243
is_linear=0
shrinkage=0.05


Tree=81
num_leaves=63
num_cat=0
split_feature=24 28 33 38 28 2 40 4 38 24 24 24 38 24 24 38 9 24 38 2 24 24 39 42 9 42 17 24 24 17 24 40 9 45 3 41 42 17 17 17 38 43 40 12 2 28 9 24 28 45 24 9 39 24 39 9 42 45 41 9 12 40
split_gain=60338.9 162301 240884 242663 94743.2 51221.6 69114.2 41244.6 14102.8 113485 36437 14133.5 12769.1 88863 39616.4 238977 46408.9 13372.5 7920.63 7819.29 7419.66 6535.49 4725.92 3649.04 2147.87 2077.49 1760.31 12288.6 6295.5 4397.87 6032.21 3944.47 4658.49 3486.58 3597.08 5707.24 4991.15 3991.74 6081.22 5400.85 3188.32 5584.3 2043.72 2378.28 3660.4 2704.43 1821.94 1608.61 1843.65 1553.87 3338.35 2678.72 3653.58 2648.65 2686.91 1430.29 1764.64 4134.54 1551.17 1398.92 1376 1340.13
threshold=224.59408951904368 8.5000000000000018 1.0000000180025095e-35 10.500000000000002 12.500000000000002 2.5000000000000004 21.500000000000004 9.5000000000000018 11.500000000000002 131.8275901793161 212.9870642201835 195.23628082926251 2.5000000000000004 154.18644823066845 154.18644823066845 8.5000000000000018 4.5000000000000009 129.87151197426428 1.5000000000000002 3.5000000000000004 146.83290045626259 140.96336548573086 5.5000000000000009 10.500000000000002 15.500000000000002 20.500000000000004 5.1885000000000003 126.08572977481235 131.8275901793161 4.8410000000000002 102.69949159021407 62.500000000000007 7.5000000000000009 8.5000000000000018 11.500000000000002 2.5000000000000004 9.5000000000000018 3.5935000000000001 2.8180000000000005 1.0655000000000003 10.500000000000002 1.0000000180025095e-35 10.500000000000002 0.95000000000000007 2.5000000000000004 7.5000000000000009 8.5000000000000018 91.91790723751275 31.500000000000004 4.5000000000000009 99.99643922018349 3.5000000000000004 4.5000000000000009 115.61300250208508 3.5000000000000004 1.0000000180025095e-35 11.500000000000002 1.5000000000000002 3.5000000000000004 13.500000000000002 0.95000000000000007 24.500000000000004
decision_type=2 2 2 2 2 2 2 2 2 2 2 2 2 2 2 2 2 2 2 2 2 2 2 2 2 2 2 2 2 2 2 2 2 2 2 2 2 2 2 2 2 2 2 2 2 2 2 2 2 2 2 2 2 2 2 2 2 2 2 2 2 2
left_child=8 2 3 -2 -3 6 -6 -7 10 23 11 12 13 17 20 -16 -17 18 24 -18 21 25 -20 -10 60 26 28 31 29 33 -31 40 -33 42 36 -36 46 38 39 -38 41 -28 43 44 -14 -45 -35 48 61 55 -51 -52 53 54 -53 -49 -57 -58 -59 -54 -1 -44
right_child=1 4 -4 -5 5 7 -8 -9 9 -11 -12 -13 14 -15 15 16 19 -19 22 -21 -22 -23 -24 -25 -26 -27 27 -29 -30 30 -32 32 -34 34 35 -37 37 -39 -40 -41 -42 -43 47 45 -46 -47 -48 49 -50 50 51 52 59 -55 -56 56 57 58 -60 -61 -62 -63
leaf_value=-0.32111669970055423 8.0554215621948231 -3.2088326517018411 -1.4596403394574704 0.78733984440565108 1.2400368013055552 -0.3682252187485045 -2.6961957045396172 2.3902869345174751 0.038830281907209642 3.7729368593579253 -2.1074633448503235 1.0962396317261918 0.67664540735450951 -2.7099630963802341 5.396591180096503 1.1598734534638269 -0.75858246483206748 1.1132445432742437 -0.19961287699639799 -2.1155307453328915 -0.89374002797263019 0.63499487921595577 -1.1219601260088026 -0.70991338223911993 0.56521375681672781 -0.42142949238585098 -0.079596416342097354 -1.3422579286212013 0.77092097614122468 1.0384579168047223 -0.0034219341991203172 0.83848963747853811 -0.15186849537044766 -0.46531362721553216 -0.42493509755248121 0.72850617598234246 0.18947221205466325 -0.70657094855462343 0.4885788864876543 -0.60349827085380203 -0.098374588860561718 -1.0438386628146354 -0.02749075143174692 0.2727365435334913 -0.021357889441916578 -0.20093339881726671 -1.1161327422183491 0.1725864270070325 0.13797934241916823 0.49076216411348939 -0.34828316602171683 -0.09741648077687369 0.0092111537968501064 0.77397365412541796 0.52920005474929455 -0.074882434943943046 -0.64492334393784401 -0.23185026734215874 0.28382758234739303 -0.43541362305030679 0.1313882909129773 -0.49320149830977122
leaf_weight=23 25 21 22 21 20 21 23 36 26 20 21 25 36 35 22 27 24 23 31 21 27 31 25 42 20 44 36 20 22 20 41 22 24 25 20 21 35 30 34 53 384 25 21 46 38 83 22 45 22 36 48 46 38 20 26 457 47 34 24 32 55 59
leaf_count=23 25 21 22 21 20 21 23 36 26 20 21 25 36 35 22 27 24 23 31 21 27 31 25 42 20 44 36 20 22 20 41 22 24 25 20 21 35 30 34 53 384 25 21 46 38 83 22 45 22 36 48 46 38 20 26 457 47 34 24 32 55 59
internal_value=0.00513843 0.864543 2.79987 4.82484 -0.23707 0.412542 -0.878703 1.38508 -0.0592746 0.559032 -0.0817408 -0.063335 -0.0758675 -0.445441 -0.0398693 0.958809 -0.452463 0.0150266 -0.155085 -1.42416 -0.0851388 -0.074147 -0.623922 -0.427143 0.116368 -0.0852533 -0.0776174 -0.157564 -0.0499417 -0.0628423 0.349337 -0.106668 0.329437 -0.0810677 -0.254116 0.169012 -0.341728 -0.19978 -0.0703874 -0.289471 -0.152397 -0.485321 -0.04501 0.0987163 0.322639 -0.0311907 -0.786963 -0.0756378 -0.262363 -0.0530227 0.0528186 -0.0242039 0.0733366 0.279175 0.132943 -0.0959417 -0.11772 -0.301655 -0.0171876 -0.197245 -0.00435515 -0.372863
internal_weight=2723 189 68 46 121 100 43 57 2534 88 2446 2425 2400 212 2188 94 72 177 154 45 2094 2067 56 68 98 2036 1992 511 1481 1459 61 491 46 1398 240 41 199 152 122 88 445 61 1158 203 74 129 47 955 102 853 246 210 162 92 72 607 562 105 58 70 78 80
internal_count=2723 189 68 46 121 100 43 57 2534 88 2446 2425 2400 212 2188 94 72 177 154 45 2094 2067 56 68 98 2036 1992 511 1481 1459 61 491 46 1398 240 41 199 152 122 88 445 61 1158 203 74 129 47 955 102 853 246 210 162 92 72 607 562 105 58 70 78 80
is_linear=0
shrinkage=0.05


Tree=82
num_leaves=63
num_cat=0
split_feature=24 25 2 24 17 40 16 24 24 40 1 11 2 16 24 24 38 38 9 43 4 39 0 1 24 24 9 9 30 22 39 30 40 25 4 2 24 24 22 37 4 1 1 4 16 25 1 16 25 24 16 40 0 16 25 16 1 17 38 38 40 40
split_gain=54607.4 224479 91127 81982.4 149696 86038.1 15165.5 86860.7 27481 455536 106756 15279.9 31496.5 10937 62934 15938.6 80489.7 152496 55689.6 11760.9 4945.52 6293.33 4368.28 19027.9 4221.24 4156.86 4163.67 3932.05 5031.3 3253.38 4200.7 2666.16 2663.53 2525.97 3842.68 4034.78 3353.92 2406.13 2717.77 4214.15 6940.35 2356.49 2322.23 3346.16 2492.22 6730.08 4171.5 2417.28 4338.7 3957.16 2211.54 2059.51 3296.07 1999.06 3702.09 2980.97 1764.22 1756.39 1709.48 4543.96 4776.36 6128.22
threshold=224.59408951904368 6.5000000000000009 4.5000000000000009 433.74626823940594 7.1010000000000009 39.500000000000007 32.750000000000007 121.35658951904365 183.09545435676037 43.500000000000007 39.500000000000007 1.0000000180025095e-35 4.5000000000000009 28.150000000000006 146.83290045626259 138.93749470712774 7.5000000000000009 2.5000000000000004 6.5000000000000009 1.0000000180025095e-35 30.000000000000004 1.5000000000000002 14.500000000000002 36.500000000000007 133.40280164025577 115.46300250208508 6.5000000000000009 5.5000000000000009 1.2500000000000002 0.0073500000000000015 4.5000000000000009 2.7500000000000004 65.500000000000014 7.5000000000000009 48.500000000000007 5.5000000000000009 86.990766324878578 101.75195533823974 0.0024500000000000004 1.0000000180025095e-35 47.500000000000007 7.5000000000000009 54.500000000000007 12.500000000000002 25.150000000000002 2.5000000000000004 32.500000000000007 13.050000000000002 1.5000000000000002 126.80333015608245 13.750000000000002 46.500000000000007 10.500000000000002 18.150000000000002 11.500000000000002 21.950000000000003 27.500000000000004 4.9890000000000017 8.5000000000000018 2.5000000000000004 15.500000000000002 42.500000000000007
decision_type=2 2 2 2 2 2 2 2 2 2 2 2 2 2 2 2 2 2 2 2 2 2 2 2 2 2 2 2 2 2 2 2 2 2 2 2 2 2 2 2 2 2 2 2 2 2 2 2 2 2 2 2 2 2 2 2 2 2 2 2 2 2
left_child=6 -2 3 4 -3 -5 8 27 11 10 -10 13 -13 15 20 22 17 -17 -18 -20 21 -15 24 32 29 31 -27 28 -8 33 -31 51 -24 37 35 41 -36 -1 39 40 -39 -35 44 -44 47 -46 -47 48 -41 50 -49 52 56 -43 55 -55 -23 -56 59 -52 -61 -62
right_child=1 2 -4 5 -6 -7 7 -9 9 -11 -12 12 -14 14 -16 16 18 -19 19 -21 -22 25 23 -25 -26 26 -28 -29 -30 30 -32 -33 -34 34 36 -37 -38 38 -40 42 -42 53 43 -45 45 46 -48 49 -50 -51 58 -53 -54 54 57 -57 -58 -59 -60 60 61 -63
leaf_value=-0.2128041721276302 4.7915780487060555 -4.395102725863457 2.1834176461207564 -1.0893961262255907 1.0668411848761818 2.3335153750111077 -1.0018559086012344 3.4056965575899398 -0.35927917324263481 -6.5413039238929755 4.2262440938534942 -0.20735568796594939 2.1389980771338259 -0.80439702394191892 -2.8692439306559776 -0.30919812597547258 1.0423970124528215 4.769080144900542 -2.0230778152091164 -0.49583468415520415 0.59655674091407229 -0.65272579371929174 -0.69419517418512933 1.1752369119780404 -0.76020087656767465 0.70781377153737202 -0.20388644482130591 0.24781192480524383 -0.0064624708039419986 -0.89864888857912129 -0.12421263400608532 0.21555748894296844 0.027382130049742187 -0.63144111071314135 0.13222514552228593 0.46427077240913228 0.93430573766204439 -0.96446533970534798 0.50914133168402176 -0.24705062785185877 0.19715570514852354 -0.39484512749128048 -0.59105071862290304 0.028732079199926798 -0.10537218764246931 0.94777929182657417 0.035636542865208225 -0.47111478910811483 0.64504735886817799 -0.75274153414226719 0.20145629140802407 -0.67362487848727937 0.21981367891654374 0.80490337598730211 0.084842734025283306 -0.017213172744149751 -0.14156957131293088 -0.53174338744878769 -0.0069935161617893024 -1.00631101064682 0.2489679016726358 -0.80259636490241337
leaf_weight=303 29 29 38 39 21 33 23 20 28 24 22 35 23 36 22 34 36 25 34 21 20 33 25 34 22 27 22 29 27 26 51 28 25 20 33 33 21 31 20 23 21 31 44 42 83 33 20 30 31 20 43 30 31 21 21 22 35 24 636 24 34 22
leaf_count=303 29 29 38 39 21 33 23 20 28 24 22 35 23 36 22 34 36 25 34 21 20 33 25 34 22 27 22 29 27 26 51 28 25 20 33 33 21 31 20 23 21 31 44 42 83 33 20 30 31 20 43 30 31 21 21 22 35 24 636 24 34 22
internal_value=0.00499238 0.822562 0.0778534 -0.590357 -2.12505 0.489845 -0.056285 0.547235 -0.081039 -1.02331 1.70156 -0.0510829 0.743494 -0.0714102 -0.361367 -0.0304626 0.463687 1.88615 -0.468993 -1.45931 -0.140654 -0.203805 -0.0703509 0.279955 -0.0869862 -0.0954442 0.302488 -0.209889 -0.475108 -0.0781563 -0.393943 -0.2208 -0.339846 -0.0635063 0.091741 -0.024423 0.455552 -0.0875875 -0.0546355 -0.0649955 -0.500386 -0.142967 -0.0436827 -0.291458 -0.0220776 0.17607 0.610701 -0.0534771 0.267405 -0.0752056 -0.0570936 -0.316481 -0.202551 -0.056251 0.0660666 0.39334 -0.395568 -0.248305 -0.0401242 -0.209956 -0.430909 -0.170892
internal_weight=2723 189 160 122 50 72 2534 99 2435 74 50 2361 58 2303 284 2019 150 59 91 55 262 242 1869 84 1785 206 49 79 50 1763 77 157 50 1686 226 172 54 1460 1157 1137 52 139 1085 86 999 136 53 863 54 809 789 129 99 119 88 43 68 45 759 123 80 56
internal_count=2723 189 160 122 50 72 2534 99 2435 74 50 2361 58 2303 284 2019 150 59 91 55 262 242 1869 84 1785 206 49 79 50 1763 77 157 50 1686 226 172 54 1460 1157 1137 52 139 1085 86 999 136 53 863 54 809 789 129 99 119 88 43 68 45 759 123 80 56
is_linear=0
shrinkage=0.05


Tree=83
num_leaves=63
num_cat=0
split_feature=24 25 1 5 41 40 28 16 24 24 24 24 11 24 16 24 24 28 28 45 28 16 24 16 24 45 24 38 28 25 38 25 24 1 17 38 16 24 28 16 16 28 24 39 42 16 28 25 0 16 16 45 40 9 18 1 1 16 1 17 39 45
split_gain=49482.2 204275 103338 113153 121607 51162.6 57770.8 13801.1 78784.2 30163.8 20393.5 52162.7 13899 31303.6 9088.18 53988.2 12954.5 96582.9 56962.1 74232.5 12928.6 30519.9 18648.4 20881.8 10071.6 7190.09 4283.86 5894.68 4467.17 3847.27 3672.72 5731.15 5508.92 9076.96 6576.35 4964.53 3261.39 2849.87 3858.84 2888.67 3371.53 2998.37 2762.26 2273.41 3168.05 2804.77 2196.61 2157.04 3010.9 2020.38 1971.15 2614.78 2180.32 2606.66 1907.65 1936.73 3121.1 1845.01 2924.19 1931.58 1839.52 1835.55
threshold=221.21921952817829 4.5000000000000009 10.500000000000002 1.0000000180025095e-35 4.5000000000000009 43.500000000000007 14.500000000000002 32.750000000000007 121.35658951904365 205.90964764593207 194.71128082926251 181.08361551292745 1.0000000180025095e-35 112.84936613844872 28.150000000000006 146.83290045626259 145.43499860995277 2.5000000000000004 5.5000000000000009 5.5000000000000009 62.500000000000007 22.550000000000004 137.34611731998891 20.050000000000004 129.87151197426428 9.5000000000000018 115.46300250208508 11.500000000000002 11.500000000000002 7.5000000000000009 8.5000000000000018 2.5000000000000004 107.67156323079692 21.500000000000004 4.3545000000000007 1.5000000000000002 22.650000000000002 81.147853070226901 25.500000000000004 21.950000000000003 18.250000000000004 9.5000000000000018 101.75195533823974 2.5000000000000004 13.500000000000002 28.850000000000005 41.500000000000007 5.5000000000000009 10.500000000000002 30.250000000000004 26.050000000000004 1.5000000000000002 8.5000000000000018 2.5000000000000004 1.0000000180025095e-35 47.500000000000007 34.500000000000007 24.150000000000002 29.500000000000004 2.5435000000000003 4.5000000000000009 2.5000000000000004
decision_type=2 2 2 2 2 2 2 2 2 2 2 2 2 2 2 2 2 2 2 2 2 2 2 2 2 2 2 2 2 2 2 2 2 2 2 2 2 2 2 2 2 2 2 2 2 2 2 2 2 2 2 2 2 2 2 2 2 2 2 2 2 2
left_child=7 -2 -3 4 5 6 -4 9 25 10 11 12 14 -14 16 26 20 -18 -19 -20 22 -22 24 -24 29 -9 27 43 -28 30 31 35 36 -34 -35 -1 -33 61 39 40 41 -39 46 -16 45 -45 57 48 49 -47 52 -52 53 -44 55 56 -37 59 -59 -32 -53 -31
right_child=1 2 3 -5 -6 -7 -8 8 -10 -11 -12 -13 13 -15 15 -17 17 18 19 -21 21 -23 23 -25 -26 -27 28 -29 -30 37 42 32 33 34 -36 54 -38 38 -40 -41 -42 -43 50 44 -46 47 -48 -49 -50 -51 51 60 -54 -55 -56 -57 -58 58 -60 -61 -62 -63
leaf_value=0.019688758704906856 5.43007631392706 3.4156001004847618 -2.9045984992113985 2.2137387703193561 -3.463183414757252 1.5157122934205194 0.4558913461046834 0.08152085062861443 3.2435204617182416 -1.6811278148355155 1.333995966544518 -2.3459055123806003 -0.14440972349582576 2.2574357356911614 -0.51637557652066735 -2.713268998861313 3.4642553080753853 -2.2108100357422464 -1.2287347159963666 1.9957168594690473 2.0239983084797859 -0.3942167239353575 -2.1898492832617324 0.040233065741402757 0.72366824153065679 -0.99456444175470438 -0.26617155008316046 -1.0143425435369664 0.61653308120590422 0.3096264624027979 -0.53174021778959935 -0.59183404720844102 0.898305036444217 0.36066832025845846 -0.85242724772010525 -0.65823681028265701 0.16346655919438319 0.35129859796036844 0.76025536968790253 -0.27659441933035855 0.56909625687284604 -0.46527846244248477 0.63656876489342684 -0.59006427318819099 0.37970822680741551 -0.048792993263764815 0.16836453004794963 0.369864477266868 0.28906251119530724 -0.71680463485717771 0.63337773095369343 0.2871412680910102 -0.087577219616549615 0.037646381131638471 -0.99901482583890699 -0.90170955696298438 0.036077455960471051 0.46347690003258846 -0.3526464409672696 -0.20535610441147811 -0.30293809108734138 -0.21831924146041271
leaf_weight=38 20 21 21 35 34 34 30 59 20 28 25 24 38 20 33 21 21 25 32 38 23 28 21 20 39 20 24 21 33 20 72 46 31 23 20 37 20 22 28 33 44 21 20 30 31 21 33 23 22 24 24 27 722 136 28 23 28 20 22 126 24 76
leaf_count=38 20 21 21 35 34 34 30 59 20 28 25 24 38 20 33 21 21 25 32 38 23 28 21 20 39 20 24 21 33 20 72 46 31 23 20 37 20 22 28 33 44 21 20 30 31 21 33 23 22 24 24 27 722 136 28 23 28 20 22 126 24 76
internal_value=0.00480453 0.77015 0.209732 -0.246616 -0.982709 0.0381558 -0.956991 -0.0545104 0.521193 -0.0781816 -0.0587941 -0.074006 -0.0498341 0.707952 -0.0692958 -0.334071 -0.0318851 0.478737 -0.210379 0.525066 -0.0633808 0.714205 -0.0852649 -1.12683 -0.0609656 -0.19987 -0.133761 -0.240228 0.246601 -0.078716 -0.108301 -0.266742 -0.0345573 0.260011 -0.209998 -0.476202 -0.363857 0.105257 0.242257 0.116065 0.266512 -0.0488922 -0.0701162 -0.146846 -0.0631889 -0.179838 -0.210039 -0.0380591 -0.181546 -0.413012 -0.02985 0.214486 -0.0509475 0.118029 -0.637472 -0.512447 -0.363057 -0.262573 0.0376081 -0.326142 0.00887506 -0.106221
internal_weight=2723 195 175 154 119 85 51 2528 99 2429 2401 2376 2352 58 2294 283 2011 116 95 70 1895 51 1844 41 1803 79 262 205 57 1764 1520 294 140 74 43 154 66 244 148 120 87 43 1226 184 151 120 273 90 67 45 953 75 878 156 116 88 65 240 42 198 51 96
internal_count=2723 195 175 154 119 85 51 2528 99 2429 2401 2376 2352 58 2294 283 2011 116 95 70 1895 51 1844 41 1803 79 262 205 57 1764 1520 294 140 74 43 154 66 244 148 120 87 43 1226 184 151 120 273 90 67 45 953 75 878 156 116 88 65 240 42 198 51 96
is_linear=0
shrinkage=0.05


Tree=84
num_leaves=63
num_cat=0
split_feature=24 25 28 9 33 28 38 24 24 24 38 24 24 38 9 0 39 16 41 24 9 17 2 25 25 38 0 2 17 17 16 9 40 28 28 0 40 9 24 16 24 17 17 24 3 45 28 9 16 12 24 40 17 25 17 17 16 40 2 45 28 25
split_gain=45790 194101 91315 289464 219022 14373.7 13331.9 104858 31964.2 12370.7 11172.5 79894.7 37696.7 198550 41907.9 12509.7 13631.2 8898.16 29760.7 13690.8 32103.6 22150.2 7169 5380.51 4778.25 7549.15 7386.38 6606.06 5489.16 6857.35 5615.54 4685.14 3806.86 3488.55 3386.68 3343.45 3304.28 5127.05 4495.03 4092.58 2386.39 2215.69 5434.18 2518.06 7957.52 5561.2 2680.93 2304.32 2175.72 2336.27 2169.05 3592.52 2154.46 2043.81 3991.95 2739.52 3118.72 2749.73 1948.61 1764.85 2768.79 1823.72
threshold=224.59408951904368 6.5000000000000009 8.5000000000000018 9.5000000000000018 1.0000000180025095e-35 24.500000000000004 11.500000000000002 131.8275901793161 212.9870642201835 195.23628082926251 2.5000000000000004 154.18644823066845 154.18644823066845 8.5000000000000018 4.5000000000000009 1.0000000180025095e-35 5.5000000000000009 13.050000000000002 6.5000000000000009 137.34611731998891 5.5000000000000009 3.5215000000000001 3.5000000000000004 2.5000000000000004 4.5000000000000009 10.500000000000002 14.500000000000002 1.0000000180025095e-35 1.1205000000000003 0.66550000000000009 19.950000000000003 9.5000000000000018 44.500000000000007 34.500000000000007 58.500000000000007 2.5000000000000004 39.500000000000007 10.500000000000002 113.72209341117598 25.850000000000005 99.3285509501966 5.1885000000000003 4.7485000000000008 102.08821907450348 3.5000000000000004 2.5000000000000004 57.500000000000007 7.5000000000000009 17.850000000000005 0.80000000000000016 89.624660550458728 21.500000000000004 2.4265000000000003 8.5000000000000018 6.5845000000000011 6.5845000000000011 20.750000000000004 34.500000000000007 2.5000000000000004 4.5000000000000009 12.500000000000002 8.5000000000000018
decision_type=2 2 2 2 2 2 2 2 2 2 2 2 2 2 2 2 2 2 2 2 2 2 2 2 2 2 2 2 2 2 2 2 2 2 2 2 2 2 2 2 2 2 2 2 2 2 2 2 2 2 2 2 2 2 2 2 2 2 2 2 2 2
left_child=6 -2 3 -3 -4 -6 8 33 9 10 11 15 17 -14 -15 -1 23 18 35 24 -21 -22 -16 58 25 27 41 -19 29 -29 52 -25 -18 -8 -7 -12 37 38 -32 -38 -27 42 43 46 45 -45 47 59 -49 -50 -51 -52 -30 54 -43 57 -57 -55 -17 60 -26 -61
right_child=1 2 4 -5 5 34 7 -9 -10 -11 12 -13 13 14 22 16 32 19 -20 20 21 -23 -24 31 26 40 -28 28 30 -31 36 -33 -34 -35 -36 -37 39 -39 -40 -41 -42 53 -44 44 -46 -47 -48 48 49 50 51 -53 -54 55 -56 56 -58 -59 -60 61 -62 -63
leaf_value=1.1115859915899193 4.4440236034393319 5.0389766912062974 -3.7799041780638394 -2.1833254420871921 2.0043822050662268 0.045857710912823674 -0.1188146695765582 3.639000208945502 -1.9706061772866683 1.0287948120557344 0.23847089646384123 -2.560688425302506 4.9849004003535153 1.1834381323866547 -0.63969661836624148 0.16230952952219094 -0.33550587969221946 0.27940775063107998 2.0063318591768091 -2.1814400542699377 -1.0771204429864882 1.0494569795608519 -1.931133117242293 1.0001156525313855 0.29469617752925215 -0.37064804503994603 0.78455981206148862 -0.66596548875172934 -0.59680914033026922 0.53873031011334171 -0.37138193099271688 0.065116898483700225 -1.1773490838067873 -0.85601437761233401 0.88359412969513373 -0.47945163380015982 -0.19661396724206431 -0.7923026514053344 0.64148307285878969 -1.0394166455899967 -0.051263772899571729 -0.74919833345846698 0.85263973082814892 0.33288647066463128 0.79580426410222671 -0.60813441101710008 0.48408334544726783 -0.69794464051723482 -0.52169087741772324 -0.32315284634458608 -0.22761100536301024 0.70006055894352137 -1.3156177366356696 -0.14599395160252851 0.076365810456099331 0.12265183819923552 -0.56739374896292305 0.5865467454067298 -0.4713752123484245 0.47566399805460657 -0.40127964618958922 -0.080520379818402807
leaf_weight=22 29 29 38 25 20 27 43 20 21 25 31 35 22 27 24 22 28 33 21 25 23 24 21 27 22 61 31 20 20 26 20 26 27 25 21 32 26 20 22 33 1048 32 20 32 38 29 20 22 29 28 20 20 30 23 26 31 33 27 25 34 37 25
leaf_count=22 29 29 38 25 20 27 43 20 21 25 31 35 22 27 24 22 28 33 21 25 23 24 21 27 22 61 31 20 20 26 20 26 27 25 21 32 26 20 22 33 1048 32 20 32 38 29 20 22 29 28 20 20 30 23 26 31 33 27 25 34 37 25
internal_value=0.00466872 0.753328 0.0609111 1.71632 -0.790525 0.910509 -0.0514437 0.549717 -0.0732896 -0.0560516 -0.067778 -0.413474 -0.0341069 0.94007 -0.347138 0.0230887 -0.137511 -0.0782681 0.422923 -0.0994157 -0.77167 0.00792779 -1.27136 0.210334 -0.0740527 -0.125272 0.0461665 -0.372924 -0.472976 0.0118179 -0.602728 0.55123 -0.762508 -0.398394 0.423022 -0.127904 -0.412639 -0.153703 0.16163 -0.677562 -0.0691539 0.00303403 0.0710197 0.0248291 0.237776 -0.116996 -0.0577853 -0.105375 -0.259695 -0.15414 0.0078262 0.241864 -1.04553 -0.145108 -0.384011 -0.0212354 -0.236331 0.253225 -0.177451 0.0510848 -0.141094 0.242495
internal_weight=2723 189 160 54 106 68 2534 88 2446 2425 2400 212 2188 94 72 177 155 2094 84 2010 72 47 45 100 1938 1359 579 250 217 46 171 53 55 68 48 63 121 62 42 59 1109 548 376 356 99 61 257 237 119 97 68 40 50 172 58 114 64 50 47 118 59 59
internal_count=2723 189 160 54 106 68 2534 88 2446 2425 2400 212 2188 94 72 177 155 2094 84 2010 72 47 45 100 1938 1359 579 250 217 46 171 53 55 68 48 63 121 62 42 59 1109 548 376 356 99 61 257 237 119 97 68 40 50 172 58 114 64 50 47 118 59 59
is_linear=0
shrinkage=0.05


Tree=85
num_leaves=63
num_cat=0
split_feature=38 38 41 2 4 0 2 2 14 38 42 16 38 10 28 3 0 41 16 16 1 37 42 3 0 0 28 28 3 1 38 16 38 16 16 36 2 16 1 3 2 4 1 45 41 16 0 28 4 2 2 28 16 3 28 4 12 26 45 4 16 28
split_gain=41320.1 52945 108516 73225.9 71699.2 74288.7 80746.2 192156 74062.2 73072.2 61123.9 45524 38568.3 47293.6 122703 32680.1 29728.3 28295.6 38091.6 75806.4 27612.6 34445.2 26905 26280.8 17045.1 42525.4 14656.7 11993.4 12945.6 7914.61 69062.4 59177.1 55097.3 35986.2 16202.1 7264.94 14559.9 6433.63 5552.18 3259.67 2610.91 3060.47 6924.08 2589.66 2448.96 2373.8 4632.39 3589.97 3891.61 3487.34 2865.3 2734.81 2750.51 2515.34 2466.45 2552.37 2339.1 2758.57 2306.26 2303.97 2213.24 2199.52
threshold=1.0000000180025095e-35 8.5000000000000018 7.5000000000000009 2.5000000000000004 3.5000000000000004 2.5000000000000004 5.5000000000000009 4.5000000000000009 1.0000000180025095e-35 6.5000000000000009 10.500000000000002 17.450000000000003 11.500000000000002 1.0000000180025095e-35 20.500000000000004 3.5000000000000004 6.5000000000000009 3.5000000000000004 18.450000000000003 25.750000000000004 10.500000000000002 1.0000000180025095e-35 11.500000000000002 7.5000000000000009 1.5000000000000002 5.5000000000000009 13.500000000000002 26.500000000000004 7.5000000000000009 36.500000000000007 10.500000000000002 27.850000000000005 10.500000000000002 29.350000000000005 24.950000000000003 1.0000000180025095e-35 4.5000000000000009 13.750000000000002 11.500000000000002 7.5000000000000009 1.5000000000000002 6.5000000000000009 56.500000000000007 6.5000000000000009 4.5000000000000009 17.250000000000004 1.5000000000000002 10.500000000000002 10.500000000000002 4.5000000000000009 5.5000000000000009 17.500000000000004 22.850000000000005 3.5000000000000004 3.5000000000000004 47.500000000000007 0.95000000000000007 1.5000000000000002 2.5000000000000004 7.5000000000000009 18.250000000000004 10.500000000000002
decision_type=2 2 2 2 2 2 2 2 2 2 2 2 2 2 2 2 2 2 2 2 2 2 2 2 2 2 2 2 2 2 2 2 2 2 2 2 2 2 2 2 2 2 2 2 2 2 2 2 2 2 2 2 2 2 2 2 2 2 2 2 2 2
left_child=24 2 4 -4 11 8 7 9 17 20 -5 26 29 14 -14 -16 -8 18 -6 -20 -7 23 27 -22 -1 -26 -2 28 -23 32 31 -31 33 34 -3 40 61 38 -34 -27 -32 42 60 45 -40 50 53 48 -48 51 56 59 -53 -47 -50 -56 -39 58 -58 -49 -42 -37
right_child=1 12 3 10 5 6 16 -9 -10 -11 -12 -13 13 -15 15 -17 -18 -19 19 -21 21 22 -24 -25 25 39 -28 -29 -30 30 35 -33 37 -35 -36 36 -38 43 44 -41 41 -43 -44 -45 -46 46 47 49 54 -51 -52 52 -54 -55 55 -57 57 -59 -60 -61 -62 -63
leaf_value=0.1281455525693794 -0.33334220273928211 -1.7817474391346886 4.7871161299660097 -0.32003857374191291 -1.4154552279578316 0.56780399965047834 -0.66659323280507865 3.1852777589622301 2.8618990971727509 2.0530583149194714 3.1914574740149764 3.1676601728200917 4.3952779682159422 -0.77801766899324232 1.4301633998622065 -1.1572524779576523 -3.0857348805155076 1.7851271971315148 2.0142412309227766 -1.7511686033294316 -3.6046519526191383 -0.25078816239908341 0.50737262609985567 -1.1127000868838766 -3.1361412638053299 -0.92114124834537514 1.521672524213791 -2.2053551018756372 -1.6537261459745212 -0.04276770578963416 0.0037290281556406112 3.673668174950973 -1.2653010218484062 -3.2699383619698619 0.11531266074180602 -0.43948694142584621 1.4296232271465388 -0.077061359639070487 -0.54765302360057821 -0.066313695586893859 -0.49215457990765571 -0.15464691194608601 -1.2501644624092363 -0.28224774315573609 0.13651672777675447 -0.77712857001536606 -0.44866638597292996 -0.10905844064983164 -0.18911697081021417 0.29022135348847278 -0.3438716725825236 0.072141846078965399 -0.33224284404633092 -0.10578159753854076 -0.13538750604177135 0.43063395491460477 0.4047489697321629 0.8417574416371908 -0.19601267858147622 0.42504736797014869 -0.032070067576490911 0.23263902487962143
leaf_weight=23 21 20 20 28 35 24 21 37 35 21 21 29 24 30 22 25 34 23 36 20 22 39 30 22 23 22 20 22 28 20 158 22 20 21 24 25 21 48 35 22 53 354 21 156 20 36 96 36 148 103 28 71 101 23 38 40 44 21 24 44 51 22
leaf_count=23 21 20 20 28 35 24 21 37 35 21 21 29 24 30 22 25 34 23 36 20 22 39 30 22 23 22 20 22 28 20 158 22 20 21 24 25 21 48 35 22 53 354 21 156 20 36 96 36 148 103 28 71 101 23 38 40 44 21 24 44 51 22
internal_value=0.00455178 0.0407412 0.458452 2.30658 0.208774 -0.0246305 -0.477595 -0.0856925 0.884449 -0.680028 1.21852 1.68523 -0.0795262 0.868271 1.5651 0.0583374 -2.19055 0.257687 -0.143522 0.662235 -0.996267 -1.22865 -0.77491 -2.4112 -1.04295 -1.44101 0.586109 -1.20803 -0.852862 -0.129192 -0.00145368 1.94398 -0.208837 -1.61322 -0.767308 -0.119948 0.367764 -0.12684 -0.571316 -0.50481 -0.172515 -0.230546 -0.442521 -0.0947868 -0.30078 -0.0620471 -0.100468 -0.0630424 -0.183679 0.0465742 0.108878 -0.0537454 -0.165836 -0.521625 -0.0696148 0.156593 0.203268 0.353689 0.192875 0.186259 -0.269038 -0.126478
internal_weight=2723 2633 588 69 519 449 300 245 149 208 49 70 2045 101 71 47 55 114 91 56 187 163 119 44 90 67 41 89 67 1944 747 42 1197 65 44 705 68 1132 75 44 637 479 125 1057 55 901 736 677 322 355 165 252 172 59 226 78 137 89 68 80 104 47
internal_count=2723 2633 588 69 519 449 300 245 149 208 49 70 2045 101 71 47 55 114 91 56 187 163 119 44 90 67 41 89 67 1944 747 42 1197 65 44 705 68 1132 75 44 637 479 125 1057 55 901 736 677 322 355 165 252 172 59 226 78 137 89 68 80 104 47
is_linear=0
shrinkage=0.05


Tree=86
num_leaves=63
num_cat=0
split_feature=24 28 12 38 42 9 9 16 24 24 40 1 11 24 16 24 24 1 1 9 40 45 45 3 39 0 45 24 0 40 24 38 38 16 1 42 1 0 39 17 17 16 1 17 9 43 17 24 16 16 17 30 17 42 28 1 16 42 1 17 43 1
split_gain=39216.4 140058 249809 108911 73398.7 33458 91327.6 13076.2 70525.7 25917.2 404962 96801 13069.5 28818.4 9054.66 52572.7 14219.4 76858.8 196369 58834.7 47008 65304.4 5674.12 4545.57 5386.62 3768.28 22833.6 4260.24 11516.9 3403.21 3238.27 2853.38 5675.34 6270.52 6870.67 7110.03 4452.62 4529.24 4416.49 2842.46 3281.36 2509.75 3112.19 2481.74 2203.78 2000.33 1977.18 1543.61 1306.95 3300.31 1824.67 1718.41 1487.56 1415.28 1613.07 4740.28 3844.51 2456.92 3241.25 2373.57 2067.61 1791.73
threshold=224.59408951904368 9.5000000000000018 0.95000000000000007 7.5000000000000009 12.500000000000002 4.5000000000000009 8.5000000000000018 32.750000000000007 121.35658951904365 183.09545435676037 43.500000000000007 39.500000000000007 1.0000000180025095e-35 112.84936613844872 28.150000000000006 146.83290045626259 138.93749470712774 41.500000000000007 31.500000000000004 7.5000000000000009 33.500000000000007 5.5000000000000009 9.5000000000000018 7.5000000000000009 1.5000000000000002 14.500000000000002 9.5000000000000018 126.80333015608245 5.5000000000000009 49.500000000000007 115.46300250208508 8.5000000000000018 1.5000000000000002 18.250000000000004 25.500000000000004 10.500000000000002 44.500000000000007 3.5000000000000004 3.5000000000000004 4.0215000000000005 6.5055000000000005 22.650000000000002 46.500000000000007 1.4205000000000003 5.5000000000000009 1.0000000180025095e-35 2.7915000000000005 110.12796694895319 15.050000000000002 14.750000000000002 4.8410000000000002 2.7500000000000004 1.1600000000000001 15.500000000000002 10.500000000000002 30.500000000000004 17.350000000000005 11.500000000000002 26.500000000000004 1.6370000000000002 1.0000000180025095e-35 40.500000000000007
decision_type=2 2 2 2 2 2 2 2 2 2 2 2 2 2 2 2 2 2 2 2 2 2 2 2 2 2 2 2 2 2 2 2 2 2 2 2 2 2 2 2 2 2 2 2 2 2 2 2 2 2 2 2 2 2 2 2 2 2 2 2 2 2
left_child=7 2 -2 -4 -3 -6 -7 9 22 12 11 -11 14 -14 16 23 25 18 20 -19 -18 -22 47 24 -16 27 -27 31 -29 30 39 32 45 36 35 -35 37 -34 -36 43 -41 42 -40 -26 -32 -1 -45 -9 49 50 51 52 -33 54 56 57 59 58 -56 -50 -61 -58
right_child=1 4 3 -5 5 6 -8 8 -10 10 -12 -13 13 -15 15 -17 17 19 -20 -21 21 -23 -24 -25 29 26 -28 28 -30 -31 44 48 33 34 38 -37 -38 -39 41 40 -42 -43 -44 46 -46 -47 -48 -49 53 -51 -52 -53 -54 -55 55 -57 61 -59 -60 60 -62 -63
leaf_value=-0.0042250621644780049 5.8165085291093401 -2.5749159137133897 -2.696142331567549 2.1881905611038213 1.7930798065220868 -2.739337315211694 1.1816411207807371 -0.13789844993182593 3.0885296535491946 -0.3773333821214479 -6.1880733106613164 3.9881414255888568 -0.12472683102656634 2.1801015307364007 -0.73854780560812427 -2.616184003249459 -1.2368779883476404 0.62718609961370619 5.1776798335711165 -2.8218813655926631 -0.85588614350273495 3.0581257563287565 -0.87556494622003456 0.5842885087501436 0.031770200823482718 -0.23086849377268837 1.6108588916970339 0.24650221191346647 -1.0454974527343324 -0.58497340989010083 0.74236210164569671 0.097543498018513558 -1.4461842644214631 0.9223068701991668 -0.96879425103465722 -0.17187120747566226 -0.15941511261847713 -0.51049767271135793 -0.055288094213375674 0.6057580013324817 -0.23188415770945345 0.12419520891995894 -0.88356097743624729 -0.80260539500801653 0.032206456164518997 0.52110016427658212 -0.18800028481653761 0.37107499888310069 -0.21249750602812997 -0.72693990122188223 0.19868918446368644 0.20160145978927613 -0.36272847054153678 -0.12164009877118612 0.09863588347901843 -0.077639845076585765 -0.17522240031803024 0.74893108117309481 0.61544391717459712 0.81318929086661051 0.20917558574738604 0.042996205269432763
leaf_weight=55 30 28 20 24 26 23 38 34 20 28 24 22 38 20 36 22 38 23 23 25 20 21 20 20 37 62 22 31 37 28 20 22 23 25 23 34 30 32 25 23 22 35 20 26 23 26 27 25 20 21 44 24 79 228 172 225 292 21 36 20 47 138
leaf_count=55 30 28 20 24 26 23 38 34 20 28 24 22 38 20 36 22 38 23 23 25 20 21 20 20 37 62 22 31 37 28 20 22 23 25 23 34 30 32 25 23 22 35 20 26 23 26 27 25 20 21 44 24 79 228 172 225 292 21 36 20 47 138
internal_value=0.00441342 0.697253 2.37863 -0.0424272 -0.395815 0.326739 -0.317018 -0.0475151 0.512888 -0.0705027 -0.985563 1.58391 -0.0414151 0.693437 -0.0602171 -0.324043 -0.0229618 0.443773 1.21676 -1.19003 0.0132115 1.17381 -0.169567 -0.122339 -0.182923 -0.0606404 0.264706 -0.0760933 -0.461389 -0.0827 -0.000836148 -0.0605715 -0.192983 -0.311792 -0.127686 0.299325 -0.657055 -0.920712 -0.372859 -0.121487 0.199997 -0.19162 -0.434723 -0.282715 0.37199 0.168635 -0.498877 0.0802751 -0.0291837 -0.150662 -0.075169 -0.172419 -0.262449 -0.00982001 0.0165294 0.0852095 -0.04382 0.244878 0.190624 0.257443 0.398859 -0.105241
internal_weight=2723 189 74 44 115 87 61 2534 99 2435 74 50 2361 58 2303 284 2019 150 102 48 79 41 79 262 242 1869 84 1785 68 206 178 1717 328 247 162 59 85 55 103 135 45 80 45 90 43 81 53 59 1389 190 169 125 101 1199 971 454 517 229 208 87 67 430
internal_count=2723 189 74 44 115 87 61 2534 99 2435 74 50 2361 58 2303 284 2019 150 102 48 79 41 79 262 242 1869 84 1785 68 206 178 1717 328 247 162 59 85 55 103 135 45 80 45 90 43 81 53 59 1389 190 169 125 101 1199 971 454 517 229 208 87 67 430
is_linear=0
shrinkage=0.05


Tree=87
num_leaves=63
num_cat=0
split_feature=38 24 24 28 4 1 17 28 0 43 40 1 17 1 24 24 16 16 41 12 28 24 24 0 38 45 40 0 12 42 24 39 24 1 4 2 18 40 28 9 24 9 24 24 38 1 17 2 16 42 17 39 42 16 40 28 4 40 4 45 40 1
split_gain=37366.9 155412 86881.8 186924 124822 219990 155253 210757 150933 143813 170830 85347.1 150015 34716.2 10327.6 21466 122859 8838.89 33973.7 4756.68 8629.16 6774.15 21136.7 6117.59 17249.9 7780.71 7325.31 10299.4 7563.59 8763.02 6023.72 5550 5497.84 4918.91 4239.75 5437.05 7055.9 3529.64 3108.32 3069.33 2557.52 2460.5 2096.54 1812.13 1756.01 1719.47 1403.44 1362.26 1289.82 1438.24 1523.95 1639.3 2758.81 1432.58 1338.11 2506.24 1317.69 1233.82 2109.11 1746.34 1420.61 2356.37
threshold=1.0000000180025095e-35 118.25845704753962 174.24529379641766 1.0000000180025095e-35 12.500000000000002 45.500000000000007 2.2975000000000008 10.500000000000002 4.5000000000000009 1.0000000180025095e-35 40.500000000000007 14.500000000000002 4.1855000000000011 37.500000000000007 165.94043577981654 153.63228156400177 19.950000000000003 12.550000000000002 5.5000000000000009 0.40000000000000008 18.500000000000004 145.43499860995277 140.96336548573086 14.500000000000002 10.500000000000002 9.5000000000000018 40.500000000000007 10.500000000000002 0.80000000000000016 10.500000000000002 126.08572977481235 4.5000000000000009 116.09484709480124 38.500000000000007 6.5000000000000009 3.5000000000000004 1.0000000180025095e-35 21.500000000000004 19.500000000000004 7.5000000000000009 126.08572977481235 4.5000000000000009 122.49446830692244 110.56608562691135 8.5000000000000018 13.500000000000002 5.6160000000000005 3.5000000000000004 13.65 16.500000000000004 1.2730000000000004 4.5000000000000009 9.5000000000000018 22.250000000000004 43.500000000000007 20.500000000000004 45.500000000000007 6.5000000000000009 7.5000000000000009 2.5000000000000004 19.500000000000004 10.500000000000002
decision_type=2 2 2 2 2 2 2 2 2 2 2 2 2 2 2 2 2 2 2 2 2 2 2 2 2 2 2 2 2 2 2 2 2 2 2 2 2 2 2 2 2 2 2 2 2 2 2 2 2 2 2 2 2 2 2 2 2 2 2 2 2 2
left_child=1 41 14 -4 9 6 -6 8 -8 11 -11 -5 13 -13 15 17 -17 18 -2 20 -19 22 23 25 -25 40 27 30 -28 -30 31 33 38 39 -33 37 -37 -36 -31 -27 42 -1 44 -22 -21 -26 -43 -47 -46 50 51 52 -50 -54 -51 -56 -53 58 -52 -60 61 -59
right_child=2 -3 3 4 5 -7 7 -9 -10 10 -12 12 -14 -15 -16 16 -18 19 -20 21 43 -23 -24 24 45 26 28 -29 29 32 -32 34 -34 -35 35 36 -38 -39 -40 -41 -42 46 -44 -45 48 47 -48 -49 49 54 57 56 53 -55 55 -57 -58 60 59 -61 -62 -63
leaf_value=-0.29118128087614542 -0.290379633002955 -4.7644692157563711 5.1711496444370439 -1.8999359069551742 3.8392551122329857 5.7297931926067065 -1.1251673446382795 -3.2378690840696041 4.898263677869525 0.19941900585008707 -6.0225782365148719 0.93863275329271956 4.941190546807789 -1.5106422111262445 -0.98619972426692648 -1.653437261581421 3.2705717906245484 -1.0757974558367449 2.1018296048587017 -0.40544869847595688 0.24351639183583085 0.62250144239734206 -1.6674474940981185 1.3616694663677897 0.27723680740311035 0.058654029592871665 -1.3068936043977739 0.93934242120810918 0.2496378052117009 -0.1032503145837631 0.447923578162988 -0.65889519351823578 -1.2437093307290759 -1.235947758603096 -0.64340069762047603 0.85479910628870126 -0.29779938451621846 0.16310662062271786 -0.84311489157054731 -0.73914550380706778 -0.46996517710825975 0.10069161860593434 0.4227299931526185 -0.3536744028826555 -0.2755292817248175 -0.49519197146807398 0.64608076986812413 0.022981038739283879 0.35822236600808982 -0.07005225754307734 -0.17159364272046973 -0.10813926330335984 -0.31690056077071599 0.099596892702910653 -0.074662504990895592 -0.78048382080736611 -0.44078890748554839 0.28032613195478917 0.094421949530129945 0.61242234845956167 0.04601585118856568 -0.19165443625930068
leaf_weight=22 45 20 22 27 26 25 20 37 20 22 21 38 20 22 29 23 26 33 21 31 26 33 20 27 20 23 27 20 37 38 29 28 27 24 33 31 22 22 22 24 33 28 24 23 51 27 20 23 40 184 26 81 48 35 32 20 47 31 33 32 649 153
leaf_count=22 45 20 22 27 26 25 20 37 20 22 21 38 20 22 29 23 26 33 21 31 26 33 20 27 20 23 27 20 37 38 29 28 27 24 33 31 22 22 22 24 33 28 24 23 51 27 20 23 40 184 26 81 48 35 32 20 47 31 33 32 649 153
internal_value=0.00428368 -0.991849 0.0386986 0.838175 0.477954 1.61884 0.575489 -0.56159 1.93244 -0.499844 -2.90693 0.485405 1.30404 0.0304411 -0.0644188 -0.0523916 0.972359 -0.0750822 0.490713 -0.0923599 -0.463739 -0.0776911 -0.0891291 -0.0729545 0.312652 -0.0922199 -0.286502 -0.12268 -0.561573 -0.390088 -0.216286 -0.31107 -0.661958 -0.666245 -0.122102 0.0217891 0.379615 -0.323557 -0.38399 -0.35554 -0.0410501 0.137896 -0.031413 -0.0381649 -0.0389948 -0.105378 0.336587 -0.260957 -0.0309493 -0.0219166 0.000741839 -0.108257 0.0221329 -0.142115 -0.134277 -0.355831 -0.232793 0.0304413 0.204209 0.354929 0.0112302 -0.111023
internal_weight=2723 90 2633 300 278 128 103 77 40 150 43 107 80 60 2333 2304 49 2255 66 2189 82 2107 2074 2054 97 1957 407 256 151 124 236 207 87 71 136 108 53 55 60 47 1550 70 1517 49 1493 70 48 50 1462 1411 1175 251 123 83 236 52 128 924 91 65 833 184
internal_count=2723 90 2633 300 278 128 103 77 40 150 43 107 80 60 2333 2304 49 2255 66 2189 82 2107 2074 2054 97 1957 407 256 151 124 236 207 87 71 136 108 53 55 60 47 1550 70 1517 49 1493 70 48 50 1462 1411 1175 251 123 83 236 52 128 924 91 65 833 184
is_linear=0
shrinkage=0.05


Tree=88
num_leaves=63
num_cat=0
split_feature=38 38 41 39 4 17 4 16 17 16 12 16 42 9 37 17 17 4 38 9 28 2 2 39 17 40 3 28 18 16 22 22 16 16 38 38 28 1 17 16 1 4 18 2 1 4 18 17 42 17 28 28 17 16 1 26 17 40 40 1 41 17
split_gain=33896.6 46205.3 98481.5 100119 63947 65977.7 53153 81519.2 71054.2 68404.9 70656.7 98955.8 64910.4 49538.3 44012.9 41354.6 40863.1 36050 33362.1 41559.2 103838 32994.5 55959.4 43237.4 38111.1 55557.7 30396.5 22920.7 21936.1 12112.8 6997.95 10554.3 8919.9 10123.3 55644.3 24176.9 116314 12662.3 6746.76 5916.87 5732.51 4287.61 17562.8 3735.52 3484.37 7373.41 3153.16 3050.19 2145.26 2114.62 3685.7 2647.01 2106.2 2091.27 2666.16 1796.76 4303.28 3585.92 2992.9 2618.47 2332.99 2309.95
threshold=1.0000000180025095e-35 8.5000000000000018 7.5000000000000009 3.5000000000000004 3.5000000000000004 2.9675000000000007 6.5000000000000009 14.65 4.4625000000000012 15.850000000000003 0.60000000000000009 19.050000000000004 2.5000000000000004 13.500000000000002 1.0000000180025095e-35 1.5755000000000001 4.8705000000000007 46.500000000000007 11.500000000000002 1.5000000000000002 20.500000000000004 2.5000000000000004 3.5000000000000004 4.5000000000000009 3.4860000000000002 34.500000000000007 3.5000000000000004 53.500000000000007 1.0000000180025095e-35 20.050000000000004 0.040400000000000005 0.012550000000000002 33.750000000000007 27.150000000000002 10.500000000000002 10.500000000000002 11.500000000000002 30.500000000000004 2.6015000000000001 13.750000000000002 11.500000000000002 2.5000000000000004 1.0000000180025095e-35 4.5000000000000009 57.500000000000007 45.500000000000007 1.0000000180025095e-35 1.2730000000000004 5.5000000000000009 0.70100000000000007 29.500000000000004 22.500000000000004 3.0035000000000003 31.350000000000005 34.500000000000007 1.5000000000000002 1.6960000000000002 10.500000000000002 45.500000000000007 50.500000000000007 5.5000000000000009 1.4475000000000002
decision_type=2 2 2 2 2 2 2 2 2 2 2 2 2 2 2 2 2 2 2 2 2 2 2 2 2 2 2 2 2 2 2 2 2 2 2 2 2 2 2 2 2 2 2 2 2 2 2 2 2 2 2 2 2 2 2 2 2 2 2 2 2 2
left_child=28 2 4 -4 5 15 8 -8 -6 -9 11 -11 -12 -13 17 -2 -5 27 30 -20 -21 23 -23 -16 25 -24 -22 -14 29 -1 31 32 33 35 37 36 -3 -35 -34 40 -37 42 -41 -42 47 -46 49 48 -43 -36 51 53 -48 54 -51 56 61 -57 59 60 -59 -49
right_child=1 18 3 16 6 -7 7 9 -10 10 12 13 14 -15 21 -17 -18 -19 19 20 26 22 24 -25 -26 -27 -28 -29 -30 -31 -32 -33 38 34 46 39 -38 -39 -40 41 43 44 -44 -45 45 -47 52 55 -50 50 -52 -53 -54 -55 -56 57 -58 58 -60 -61 -62 -63
leaf_value=0.31159405320402117 1.9588268800008866 1.2564633502130924 4.6502366252128899 2.2610067235339772 -0.090339573712812538 3.4732062993730821 2.4770031662413055 -2.521205359055446 -3.7720369356586825 3.8346934142283033 -2.8605985650149264 1.4467573690222155 -2.323019378414521 -1.6160976730481438 0.88761571547080731 -1.0810812148451805 -0.72951261430978775 0.57171146378985471 -0.73701616539109138 4.0628766935348519 1.3955073069489521 3.3369898850577222 1.0496703635528684 -1.8697529667615893 1.8770434582233433 -2.3102042309804398 -1.0999033385056716 -0.2283975042615618 -2.0814755304517418 -1.0683992450514979 0.78657379455864429 -0.97979292111264338 -0.094383878282138289 0.91919650923638108 0.42982905257493259 -1.2038450650374095 -3.7860222003252613 2.7480336624100099 -1.3113540271255706 -0.14715626473366111 -0.084262857330097293 -0.64775139972567564 1.1284682292822334 -0.7379305969364941 -1.2010816649144347 0.089467891972997926 -0.83348731886772875 0.025130217932863158 -0.20218866825412568 0.45914408818003721 -0.31136367839643325 0.56436266071951158 -0.18106750677932393 -0.43333918728611692 -0.16881277529315819 0.27506669754491136 -0.068407883275695872 -0.74354611911141033 0.052723181273074862 0.034336148635126074 -0.23307685874938033 0.54902580770137521
leaf_weight=30 20 22 25 21 35 27 34 25 20 27 21 30 38 22 28 23 23 27 30 24 22 20 27 27 27 21 25 20 28 32 20 35 20 20 23 20 22 20 26 107 70 31 35 31 21 22 20 39 189 31 86 25 32 21 35 33 677 56 46 25 39 45
leaf_count=30 20 22 25 21 35 27 34 25 20 27 21 30 38 22 28 23 23 27 30 24 22 20 27 27 27 21 25 20 28 32 20 35 20 20 23 20 22 20 26 107 70 31 35 31 21 22 20 39 189 31 86 25 32 21 35 33 677 56 46 25 39 45
internal_value=0.00412843 0.0369064 0.427126 2.18771 0.189293 1.58365 -0.0311153 0.173324 -1.47268 -0.0504903 0.140831 1.43813 -0.263526 0.144797 -0.0202887 0.3451 0.716197 -0.923095 -0.0754452 0.806065 1.45932 0.493994 1.05422 -0.475129 0.40952 -0.437321 0.0727954 -1.61693 -0.944621 -0.406234 -0.121637 -0.131484 -0.115254 -0.0978478 0.160863 -0.150847 -1.29277 1.87846 -0.795609 -0.116185 -0.449895 -0.0862923 0.172916 -0.29021 -0.116509 -0.55366 -0.0967186 -0.10012 -0.267642 -0.0135695 -0.0670016 0.121684 -0.443084 -0.0104331 0.128513 -0.0614853 -0.0263913 -0.194861 -0.289398 -0.419938 -0.538648 0.309005
internal_weight=2723 2633 588 69 519 70 449 394 55 360 335 79 256 52 235 43 44 85 2045 101 71 150 95 55 75 48 47 58 90 62 1944 1924 1889 1843 313 1530 44 40 46 1486 121 1365 142 101 1223 43 273 1180 220 221 198 112 52 87 66 960 761 199 166 120 95 84
internal_count=2723 2633 588 69 519 70 449 394 55 360 335 79 256 52 235 43 44 85 2045 101 71 150 95 55 75 48 47 58 90 62 1944 1924 1889 1843 313 1530 44 40 46 1486 121 1365 142 101 1223 43 273 1180 220 221 198 112 52 87 66 960 761 199 166 120 95 84
is_linear=0
shrinkage=0.05


Tree=89
num_leaves=63
num_cat=0
split_feature=24 25 1 17 1 0 17 16 24 24 1 1 11 24 31 22 24 1 22 24 16 42 24 24 24 4 1 45 17 42 0 25 28 28 24 33 17 1 39 16 32 42 24 36 17 17 0 37 24 25 16 16 16 45 28 1 24 17 17 4 25 17
split_gain=31910.3 170598 69467.8 104662 139530 63406.6 19797.2 12167.2 60806.8 25050.2 195814 153925 11797.2 25281.7 8914.18 8676.11 30777.4 30491.6 10878.4 17318.1 10194.7 34851.2 16926.1 6748.24 9086.46 37275.3 23444.5 5267.57 4730.62 3596.18 2266.5 2123.1 4003.74 6272.57 3484.66 2445.8 3215.99 4405.95 2951.22 2593.63 2430.07 4751.79 2784.72 3172.66 2228.68 2416.94 2815.73 1820.92 2247.81 2311.61 2443.28 3834.11 2347.33 2094.7 2729.92 2331.17 3184.61 1571.01 1859.56 2976.66 2791.06 2501.7
threshold=224.59408951904368 6.5000000000000009 14.500000000000002 7.3000000000000016 47.500000000000007 4.5000000000000009 2.4265000000000003 32.750000000000007 121.35658951904365 183.09545435676037 39.500000000000007 18.500000000000004 1.0000000180025095e-35 112.84936613844872 1.0000000180025095e-35 0.025900000000000003 175.33547094801227 37.500000000000007 0.0032500000000000007 117.81300250208507 13.050000000000002 14.500000000000002 162.67697706422021 154.18644823066845 131.49946365561047 6.5000000000000009 34.500000000000007 9.5000000000000018 2.8180000000000005 20.500000000000004 2.5000000000000004 5.5000000000000009 1.5000000000000002 1.0000000180025095e-35 108.082752293578 1.0000000180025095e-35 6.846000000000001 8.5000000000000018 1.5000000000000002 20.750000000000004 1.0000000180025095e-35 10.500000000000002 112.76584846346314 1.0000000180025095e-35 8.7230000000000025 5.7805000000000009 6.5000000000000009 1.0000000180025095e-35 96.930783093053762 3.5000000000000004 25.150000000000002 27.950000000000003 16.550000000000004 4.5000000000000009 9.5000000000000018 16.500000000000004 104.20765780600645 0.58700000000000008 1.1900000000000002 46.500000000000007 1.5000000000000002 1.4645000000000004
decision_type=2 2 2 2 2 2 2 2 2 2 2 2 2 2 2 2 2 2 2 2 2 2 2 2 2 2 2 2 2 2 2 2 2 2 2 2 2 2 2 2 2 2 2 2 2 2 2 2 2 2 2 2 2 2 2 2 2 2 2 2 2 2
left_child=7 -2 -3 4 5 6 -4 9 27 12 11 -11 14 -14 15 16 18 -17 20 28 21 30 23 24 29 -26 -27 -9 -20 31 -1 40 33 -33 35 36 37 -34 -39 -38 42 -42 47 44 45 57 -47 -22 -49 -50 52 -52 -51 55 -55 -54 -57 -44 59 60 -59 -60
right_child=1 2 3 -5 -6 -7 -8 8 -10 10 -12 -13 13 -15 -16 17 -18 -19 19 -21 22 -23 -24 -25 25 26 -28 -29 -30 -31 -32 32 34 -35 -36 -37 39 38 -40 -41 41 -43 43 -45 -46 46 -48 48 49 50 51 -53 53 54 -56 56 -58 58 61 -61 -62 -63
leaf_value=0.21625715489188832 4.0890190671284996 -2.1479458253614365 0.70439027306361079 3.6300925382700835 -3.8180933955737526 3.0415086975016381 -0.98844762294523181 0.10411867627998193 2.8892884848231368 -0.36130762811060307 2.2819847450585207 -6.1318549573989145 -0.10484851884536256 2.054181571006775 -0.82413726786503916 0.52464690674995551 1.5923456340411615 -1.7550200046499573 -0.358926779255271 1.6799274525435075 -0.58831832471348 2.2343565322671615 -1.1835477522781916 0.69667965667588372 -2.1766947065866913 -0.80146690396162179 0.9948536223699066 -0.8165682632866359 0.50786739125367131 -0.52355184201787164 -0.3308157925279811 0.16072263710200788 0.69197255434261429 -1.0283762078058152 0.61812265847126646 -0.3405503135408674 0.15726659765949957 -0.35867285405435873 0.16814959260694526 -0.48950177302936448 -0.99664997650399101 -0.03330951643340728 0.41045070850756016 -0.31413469470106065 0.44449440533774243 -0.71594378906217493 -0.0048948078889113206 -0.41175050671827995 -0.15013473775933872 0.32030194238704796 0.84755214932289979 -0.020647184541148528 0.14347952928055416 -0.21658882635611076 0.54421951918374922 -0.17536840332181833 -0.9414811456652189 -0.06056098627724818 0.53020122265383118 0.36405682792975791 -0.72460510414380286 0.05512580375138082
leaf_weight=35 29 30 38 21 20 21 30 59 20 26 28 20 38 20 36 28 28 29 31 22 20 20 34 27 25 38 33 20 30 40 39 23 35 20 29 34 26 30 187 36 20 33 31 63 34 21 38 58 480 33 21 30 21 26 20 37 21 41 30 20 25 265
leaf_count=35 29 30 38 21 20 21 30 59 20 26 28 20 38 20 36 28 28 29 31 22 20 20 34 27 25 38 33 20 30 40 39 23 35 20 29 34 26 30 187 36 20 33 31 63 34 21 38 58 480 33 21 30 21 26 20 37 21 41 30 20 25 265
internal_value=0.00401608 0.628994 -0.0196069 0.484157 -0.149386 0.70825 -0.0458791 -0.0428261 0.497742 -0.0650014 -0.964623 -2.94743 -0.0364063 0.661758 -0.054271 -0.0416853 -0.0258283 -0.645359 -0.0473154 0.510673 -0.0696148 0.43657 -0.0935544 -0.0741587 -0.08522 -0.556972 0.0355946 -0.136198 0.0686005 -0.0604228 -0.072565 -0.0498901 0.0485149 -0.403035 0.100961 0.0562024 0.100124 0.179464 0.0939829 -0.220006 -0.0796839 -0.408651 -0.0663239 0.0175783 0.0595092 0.0308249 -0.265778 -0.128406 -0.115316 -0.0897939 0.0488192 0.346175 -0.0487048 -0.147931 0.118632 -0.30275 -0.464095 0.0738524 0.0454492 -0.157909 -0.319228 0.105083
internal_weight=2723 189 160 130 109 89 68 2534 99 2435 74 46 2361 58 2303 2267 2210 57 2182 83 2099 94 2005 1971 1944 96 71 79 61 1848 74 1808 420 43 377 348 314 252 217 62 1388 53 1335 568 505 471 59 767 747 689 209 51 158 125 46 79 58 412 381 86 66 295
internal_count=2723 189 160 130 109 89 68 2534 99 2435 74 46 2361 58 2303 2267 2210 57 2182 83 2099 94 2005 1971 1944 96 71 79 61 1848 74 1808 420 43 377 348 314 252 217 62 1388 53 1335 568 505 471 59 767 747 689 209 51 158 125 46 79 58 412 381 86 66 295
is_linear=0
shrinkage=0.05


Tree=90
num_leaves=63
num_cat=0
split_feature=38 38 41 39 28 9 17 1 25 9 0 19 0 38 9 1 42 17 25 38 25 2 28 2 40 17 9 1 12 1 22 22 28 28 45 1 28 45 9 1 45 45 1 1 28 26 33 2 25 39 25 28 28 45 39 40 40 0 12 2 25 25
split_gain=31335.3 41659.2 90123.3 88910.4 51112.8 111799 38471.4 171801 179063 53502.1 62096.7 45394.9 49986 37435.3 47227.8 85253.5 41100.1 36855.4 32359.8 30870.5 122557 60655.9 35402 25144.3 19592.3 14470.1 12762.8 40881.4 12798.9 6841.53 6638.92 9417.64 5538.98 5892.9 13817.8 18543.5 7572.39 14474.9 17726.4 8636.84 54112.3 39840.8 17959.9 5608.68 4420.39 18115.7 4345.87 9652.3 3365.91 2628.99 2512.59 3891.56 4734.96 4477.3 2707.23 2499.18 4543.19 2368.98 3410.65 2383.99 2305.6 2249.64
threshold=1.0000000180025095e-35 8.5000000000000018 7.5000000000000009 3.5000000000000004 1.0000000180025095e-35 13.500000000000002 3.6575000000000002 49.500000000000007 4.5000000000000009 2.5000000000000004 7.5000000000000009 1.0000000180025095e-35 13.500000000000002 3.5000000000000004 4.5000000000000009 48.500000000000007 10.500000000000002 4.8705000000000007 4.5000000000000009 11.500000000000002 6.5000000000000009 2.5000000000000004 20.500000000000004 3.5000000000000004 14.500000000000002 1.8105000000000002 19.500000000000004 22.500000000000004 0.80000000000000016 17.500000000000004 0.040400000000000005 0.012550000000000002 83.500000000000014 36.500000000000007 6.5000000000000009 32.500000000000007 22.500000000000004 5.5000000000000009 5.5000000000000009 32.500000000000007 9.5000000000000018 9.5000000000000018 16.500000000000004 52.500000000000007 2.5000000000000004 1.5000000000000002 1.0000000180025095e-35 2.5000000000000004 10.500000000000002 3.5000000000000004 4.5000000000000009 9.5000000000000018 2.5000000000000004 1.5000000000000002 4.5000000000000009 44.500000000000007 56.500000000000007 7.5000000000000009 0.80000000000000016 2.5000000000000004 4.5000000000000009 4.5000000000000009
decision_type=2 2 2 2 2 2 2 2 2 2 2 2 2 2 2 2 2 2 2 2 2 2 2 2 2 2 2 2 2 2 2 2 2 2 2 2 2 2 2 2 2 2 2 2 2 2 2 2 2 2 2 2 2 2 2 2 2 2 2 2 2 2
left_child=18 2 4 -4 5 -2 9 8 23 10 24 12 13 14 -11 16 -16 -5 29 30 21 -21 -23 -8 -6 -15 27 -18 -29 -1 31 32 33 36 43 -36 39 55 -39 40 46 44 -42 57 45 49 48 -48 50 -41 -3 52 -52 -53 -54 -38 -57 59 -59 -35 -60 -51
right_child=1 19 3 17 6 -7 7 -9 -10 11 -12 -13 -14 25 15 -17 26 -19 -20 20 -22 22 -24 -25 -26 -27 -28 28 -30 -31 -32 -33 -34 34 35 -37 37 38 -40 41 42 -43 -44 -45 -46 -47 47 -49 -50 61 51 53 54 -55 -56 56 -58 58 60 -61 -62 -63
leaf_value=-0.93216361998157071 4.3229696873101329 -0.12124530706831807 4.4109198224544528 2.1695194738019596 -0.49213418417807775 -0.74700865154916585 1.189468610944419 3.1191881426520975 -4.2407939522266389 2.7496686478137971 -2.4701969383744635 -1.6221515900180454 -1.3827982026338577 3.3280667262985597 2.6004375560941373 -2.0568079563461503 -1.5977636642629902 -0.67102557549873987 -2.2205142968989189 1.6776714594867723 3.9888826798356103 -2.6414386166696966 -0.014005132655302685 -0.93130901990113435 1.4629035584841457 1.3577711081504822 1.3127127701947183 -0.10035423537959223 1.4180255570846638 0.1671281760763377 0.76885346038000923 -0.92665809479024674 0.54255497973877931 0.051683816217324312 -0.09255067906918979 -2.2249793010311469 0.093657497821942617 1.9957686652378603 0.047580525898016417 0.30614513364530382 -0.83857802510261537 1.8525968964716388 -2.9179063235158509 -0.86816800238421321 -0.15895645616386364 1.3847897221922876 -1.3804893020405011 -0.068645797327160835 -0.43257544897064781 -0.066052875550407356 0.3714916400114695 1.0251011426108225 -0.72476747393608099 0.087994907042559467 -0.038437913767993451 -0.73405166025819446 0.17976102094237623 0.64906594847639409 -0.31723854437123894 -0.49215475434181744 0.21747461811492319 -0.61036926782793466
leaf_weight=21 21 456 25 21 32 21 28 22 39 24 33 20 23 20 28 28 23 23 30 28 22 22 29 26 20 21 32 22 36 39 20 35 31 33 20 20 137 21 25 30 21 27 22 25 431 24 21 39 68 65 35 20 26 33 31 28 25 20 42 50 37 26
leaf_count=21 21 456 25 21 32 21 28 22 39 24 33 20 23 20 28 28 23 23 30 28 22 22 29 26 20 21 32 22 36 39 20 35 31 33 20 20 137 21 25 30 21 27 22 25 431 24 21 39 68 65 35 20 26 33 31 28 25 20 42 50 37 26
internal_value=0.00386635 0.0353817 0.405908 2.09012 0.178396 1.82945 0.0294867 -0.763243 -1.70513 0.282743 -0.808211 0.619234 0.799291 1.01876 0.719788 0.417013 0.919329 0.702663 -0.908334 -0.0712997 0.776652 -0.15651 -1.1765 0.169895 0.273124 2.37537 0.48357 0.143933 0.850064 -0.226516 -0.115734 -0.125327 -0.109994 -0.12117 -0.348125 -1.18715 -0.086176 0.174958 0.960617 -0.131094 -0.241734 0.0107108 -1.94467 -0.181043 -0.0786801 0.159355 -0.138753 -0.542977 -0.101736 -0.0930243 -0.0636382 0.117082 -0.0798391 0.454147 -0.358685 -0.0192617 -0.307569 -0.0824015 0.0825316 -0.277829 -0.0671528 -0.22657
internal_weight=2723 2633 588 69 519 42 477 115 93 362 85 277 257 234 193 169 141 44 90 2045 101 79 51 54 52 41 113 81 58 60 1944 1924 1889 1858 247 40 1611 236 46 1375 772 603 43 207 576 145 729 60 669 121 601 145 92 53 57 190 53 182 99 83 79 91
internal_count=2723 2633 588 69 519 42 477 115 93 362 85 277 257 234 193 169 141 44 90 2045 101 79 51 54 52 41 113 81 58 60 1944 1924 1889 1858 247 40 1611 236 46 1375 772 603 43 207 576 145 729 60 669 121 601 145 92 53 57 190 53 182 99 83 79 91
is_linear=0
shrinkage=0.05


Tree=91
num_leaves=63
num_cat=0
split_feature=16 16 24 17 24 25 40 17 28 17 40 24 40 1 17 24 42 40 12 2 24 17 41 42 1 45 1 12 24 28 25 37 40 40 31 24 40 25 39 24 24 24 9 16 17 27 40 9 28 43 40 16 4 17 17 40 16 17 17 45 28 39
split_gain=31575.7 60253.9 268481 33301 39042.2 271839 83042 116505 105475 94941.9 86779 23432.4 344549 74636.7 12494.5 10831.9 63348.1 75673.1 136149 71090.5 42199.6 46083.1 3681.59 2978 2642.56 10054.9 3092.02 7375.02 3481.94 13386 2912.02 2334.71 3989.98 2259.41 2036.81 2024.04 4357.39 1780.23 2828.11 6570.86 4126.2 3873.69 4663.47 2967.08 2714.11 3666.19 3043.43 2890.12 5389.83 2766.81 3055.08 2906.4 2578.41 2541.31 2294.53 2277.98 2568.5 4649.76 6061.95 6070.11 5896.51 4184.37
threshold=35.45000000000001 32.850000000000001 121.35658951904365 14.407500000000002 224.59408951904368 6.5000000000000009 15.500000000000002 5.9385000000000003 11.500000000000002 2.4215000000000004 79.500000000000014 183.09545435676037 43.500000000000007 27.500000000000004 2.4245000000000005 138.11511659021409 17.500000000000004 33.500000000000007 0.60000000000000009 3.5000000000000004 152.79206951305576 1.7435000000000003 1.5000000000000002 20.500000000000004 56.500000000000007 9.5000000000000018 54.500000000000007 0.95000000000000007 129.87151197426428 8.5000000000000018 3.5000000000000004 1.0000000180025095e-35 40.500000000000007 16.500000000000004 1.0000000180025095e-35 122.72074356835824 39.500000000000007 1.5000000000000002 1.5000000000000002 110.12796694895319 108.59332809086938 105.88971166448231 2.5000000000000004 30.450000000000003 2.2775000000000003 1.0000000180025095e-35 50.500000000000007 4.5000000000000009 39.500000000000007 1.0000000180025095e-35 25.500000000000004 20.050000000000004 2.5000000000000004 4.6755000000000004 2.0010000000000008 65.500000000000014 21.850000000000005 0.92250000000000021 4.2260000000000009 3.5000000000000004 7.5000000000000009 5.5000000000000009
decision_type=2 2 2 2 2 2 2 2 2 2 2 2 2 2 2 2 2 2 2 2 2 2 2 2 2 2 2 2 2 2 2 2 2 2 2 2 2 2 2 2 2 2 2 2 2 2 2 2 2 2 2 2 2 2 2 2 2 2 2 2 2 2
left_child=1 3 22 4 11 -6 8 9 -7 -8 -11 15 13 -13 -10 23 17 20 -19 -20 -17 -22 -3 24 26 -26 28 -28 31 -30 -29 32 33 -1 35 37 -37 -33 39 41 44 42 -39 55 46 47 54 49 52 50 -46 -52 -49 -50 -40 56 57 -42 60 -60 -59 -58
right_child=-2 2 -4 -5 5 6 7 -9 14 10 -12 12 -14 -15 -16 16 -18 18 19 -21 21 -23 -24 -25 25 -27 27 30 29 -31 -32 34 -34 -35 -36 36 -38 38 40 -41 43 -43 -44 -45 45 -47 -48 48 53 -51 51 -53 -54 -55 -56 -57 61 58 59 -61 -62 -63
leaf_value=-0.37754474856636744 -1.8827268451994117 -0.66948140006512402 6.2337628998075223 -1.8391912470340728 5.7816099216627039 4.0349003066705622 -2.4493736682154919 -3.6425555729043895 0.73792749166488647 3.8701489823772799 -0.70204026108696338 -0.56451157646179195 -5.7266213033676152 3.247388815703216 -0.93268876353899643 0.60164991186215333 2.6249039198802073 4.213295885721843 -2.0937024940763203 1.3826778639131978 -0.20786094555488002 -3.0629098424767007 0.086465782595403273 -0.45992099629148192 -0.02958555056880682 -1.2214406542674354 0.89988434452435073 -0.43089411776641323 0.35271727550488258 -1.2565998424016511 0.3427703867923646 -0.12156214030344442 -0.81640328002950313 0.34754687695276171 -0.49885264847589578 0.68463391213581481 -0.26456889629364017 0.46626251144253694 -0.052957914276094878 -0.81999484177791704 -0.39691759969506951 0.33927637772357211 -0.31418918165330101 0.73397904396057134 -0.70456370929876966 0.67577497425533473 -0.66361020286168371 0.5038162977000078 0.22050395716791571 0.088001969097152591 0.34525029935620055 -0.36200678275075071 -0.037393313203780164 1.00293734505063 -0.56146547983884809 0.52627398167595718 -0.2890360578740947 1.0043890889485678 0.4338509599729018 -0.50505480748911702 0.19193115101903679 0.4414903993102221
leaf_weight=21 21 31 20 24 22 22 21 28 20 20 20 24 24 26 23 25 25 23 27 30 25 32 32 45 77 22 28 28 25 25 20 436 25 20 22 28 20 22 200 32 27 46 115 21 35 20 27 23 22 62 21 42 264 20 24 32 79 41 32 35 49 25
leaf_count=21 21 31 20 24 22 22 21 28 20 20 20 24 24 26 23 25 25 23 27 30 25 32 32 45 77 22 28 28 25 25 20 436 25 20 22 28 20 22 200 32 27 46 115 21 35 20 27 23 22 62 21 42 264 20 24 32 79 41 32 35 49 25
internal_value=0.003851 0.0192065 1.33737 -0.0230606 -0.00556013 0.71128 -0.0456477 -1.03328 1.30174 0.203775 1.62257 -0.05799 -0.927984 1.44239 -0.156433 -0.03015 0.333875 -0.0335832 1.05381 -0.271649 -1.09443 -1.83596 -0.290079 -0.0618367 -0.0531428 -0.304058 -0.0406616 0.270116 -0.0529846 -0.460705 -0.108015 -0.0419461 -0.331851 -0.023869 -0.0312656 -0.025274 0.291703 -0.0341226 -0.00507919 -0.170513 0.0273471 -0.0530756 -0.186354 0.171587 -0.037505 0.0288744 -0.171715 0.00108099 0.0858201 -0.172584 -0.336718 -0.124465 0.00756029 0.607867 -0.109716 0.132493 0.0870525 0.198931 0.303298 -0.0567631 0.569076 -0.110849
internal_weight=2723 2702 83 2619 2595 176 154 89 65 61 40 2419 74 50 43 2345 187 162 80 57 82 57 63 2158 2113 99 2014 76 1938 50 48 1888 66 41 1822 1800 48 1752 1316 215 1101 183 137 341 760 509 251 489 329 160 98 63 287 42 224 320 288 184 157 67 90 104
internal_count=2723 2702 83 2619 2595 176 154 89 65 61 40 2419 74 50 43 2345 187 162 80 57 82 57 63 2158 2113 99 2014 76 1938 50 48 1888 66 41 1822 1800 48 1752 1316 215 1101 183 137 341 760 509 251 489 329 160 98 63 287 42 224 320 288 184 157 67 90 104
is_linear=0
shrinkage=0.05


Tree=92
num_leaves=63
num_cat=0
split_feature=16 16 24 17 24 28 33 38 42 24 2 40 16 40 11 2 16 24 24 28 16 16 24 41 4 24 17 24 3 40 45 38 38 4 0 45 17 17 16 42 3 40 40 45 16 17 4 17 17 40 42 40 41 2 2 3 17 16 16 45 24 12
split_gain=28638.2 54655.1 243501 30185.6 35418.5 135437 144983 219554 86411.4 21251.6 316923 84119.4 18051.8 20601.7 10399.3 26467.7 8157.97 42234.4 11372.5 9645.28 27268 6745.24 27832.7 33106.5 55082.6 26509.2 39128.1 22278.1 4058.74 4017.38 4521.04 3986.4 6375.38 4905.99 6039.99 3387.41 3258.97 4911.44 3451.53 4814.81 3071.66 6950.86 2855.3 2619.23 4159.33 3502.94 4717.58 3187.55 3165.94 5137.01 2650.6 2638.69 2434.14 2100.23 1901.96 1932.42 1970.19 2105.08 2542.16 1916.32 2629.22 1879.37
threshold=35.45000000000001 32.850000000000001 121.35658951904365 14.407500000000002 224.59408951904368 9.5000000000000018 1.0000000180025095e-35 10.500000000000002 12.500000000000002 183.09545435676037 4.5000000000000009 27.500000000000004 15.350000000000003 43.500000000000007 1.0000000180025095e-35 4.5000000000000009 28.150000000000006 146.83290045626259 173.13114373088686 62.500000000000007 22.550000000000004 20.250000000000004 129.87151197426428 4.5000000000000009 10.500000000000002 137.34611731998891 2.0425000000000004 145.43499860995277 7.5000000000000009 49.500000000000007 5.5000000000000009 1.0000000180025095e-35 4.5000000000000009 6.5000000000000009 6.5000000000000009 6.5000000000000009 4.3970000000000011 6.5055000000000005 30.550000000000004 10.500000000000002 2.5000000000000004 37.500000000000007 79.500000000000014 1.5000000000000002 26.050000000000004 5.1885000000000003 4.5000000000000009 4.7485000000000008 6.5055000000000005 29.500000000000004 15.500000000000002 13.500000000000002 8.5000000000000018 5.5000000000000009 5.5000000000000009 1.5000000000000002 2.6940000000000004 15.050000000000002 16.650000000000002 3.5000000000000004 108.64946365561046 0.95000000000000007
decision_type=2 2 2 2 2 2 2 2 2 2 2 2 2 2 2 2 2 2 2 2 2 2 2 2 2 2 2 2 2 2 2 2 2 2 2 2 2 2 2 2 2 2 2 2 2 2 2 2 2 2 2 2 2 2 2 2 2 2 2 2 2 2
left_child=1 3 35 4 9 6 7 -6 -7 14 11 -11 -10 -14 16 -16 18 28 19 21 -21 25 42 24 -24 31 -27 -28 29 36 -31 -1 33 34 -33 -3 38 -38 -18 -40 -35 -42 43 44 50 46 -45 -48 -47 -50 51 -23 54 -53 55 -34 57 -57 -59 -60 -61 -54
right_child=-2 2 -4 -5 5 8 -8 -9 12 10 -12 -13 13 -15 15 -17 17 -19 -20 20 -22 22 23 -25 -26 26 27 -29 -30 30 -32 32 52 40 -36 -37 37 -39 39 -41 41 -43 -44 45 -46 48 47 -49 49 -51 -52 53 61 -55 -56 56 -58 58 59 60 -62 -63
leaf_value=0.40157640304755082 -1.7928694267706438 0.033693862620152927 5.9369170095807036 -1.7509100707054139 7.1936986511230474 -2.8692170812465529 -0.87306948205699086 0.2464049868150191 1.542633140385151 3.3173287208557127 -5.9330277272787963 -0.6225891580581665 0.62254088860291701 -1.2643376389793728 -0.24341888596614203 1.9063454162826141 -0.38830150865865026 -2.3027630898356439 0.8587526642309653 1.8874031854824473 -0.38027627785628043 0.5319953768828819 3.4055590990185745 -0.71908776738426905 0.26808396787728583 -2.6093979567747851 -1.3122699144908361 0.94056348883587371 0.55668192596662613 -0.1370144651885386 -1.1297638649599893 -1.2864229456015996 -0.098481077900050215 0.32527482987745948 -0.15599560174075044 -0.70189071169605954 0.74108451145666621 -0.20657009209905355 0.53720320930884735 -0.36773503576006211 0.045632285598665473 -1.0646553362499585 0.5444134968235379 0.48560486691258853 0.63133841381918998 -0.55914565179603437 -0.12727923524793147 0.48188657607073371 -0.49406195971369748 0.30751147664338352 -0.35025598584151846 -0.077876839014161536 -0.57937562171256907 0.43485691316425801 -0.19536492452870502 -0.28966726848539315 0.19919354832578154 0.39168828645679687 -0.26311110689694228 -0.22578129381984474 0.46968255871534348 -0.099621888470969033
leaf_weight=43 21 37 20 24 24 26 22 21 23 24 21 29 38 22 35 23 87 23 36 23 29 28 23 21 34 25 20 22 20 26 20 27 192 22 21 26 26 27 30 27 39 21 20 39 30 69 327 22 39 39 40 118 32 23 107 52 212 44 54 24 29 55
leaf_count=43 21 37 20 24 24 26 22 21 23 24 21 29 38 22 35 23 87 23 36 23 29 28 23 21 34 25 20 22 20 26 20 27 192 22 21 26 26 27 30 27 39 21 20 39 30 69 327 22 39 39 40 118 32 23 107 52 212 44 54 24 29 55
internal_value=0.00381333 0.0184372 1.27386 -0.0218183 -0.00515646 0.677607 2.42916 4.02757 -0.411285 -0.0550941 -0.883614 1.18982 0.383601 -0.0786176 -0.0285812 0.626851 -0.0454724 -0.29477 -0.00970871 -0.0260507 0.639328 -0.0444645 0.0580813 0.953119 1.57106 -0.130341 -1.08484 -0.137668 -0.111089 -0.168127 -0.583605 -0.0636318 -0.0855315 -0.408913 -0.80524 -0.276026 -0.0686288 0.263339 -0.191819 0.109512 -0.169949 -0.353969 -0.0309264 -0.0464828 0.090867 -0.107905 -0.0288689 -0.0875977 -0.31488 -0.0943926 0.0106266 0.0976299 -0.032597 0.00819875 -0.00200642 0.0323352 0.0929607 -0.01839 0.0762882 -0.0557886 0.156314 -0.280718
internal_weight=2723 2702 83 2619 2595 176 67 45 109 2419 74 53 83 60 2345 58 2287 286 2001 1965 52 1913 872 78 57 1041 67 42 263 243 46 974 931 130 48 63 197 53 144 57 82 60 794 774 239 535 388 349 147 78 209 169 801 141 714 607 415 203 151 107 53 87
internal_count=2723 2702 83 2619 2595 176 67 45 109 2419 74 53 83 60 2345 58 2287 286 2001 1965 52 1913 872 78 57 1041 67 42 263 243 46 974 931 130 48 63 197 53 144 57 82 60 794 774 239 535 388 349 147 78 209 169 801 141 714 607 415 203 151 107 53 87
is_linear=0
shrinkage=0.05


Tree=93
num_leaves=63
num_cat=0
split_feature=38 24 24 25 39 9 2 1 17 25 16 40 2 16 37 24 17 2 16 41 24 9 16 41 38 40 2 32 40 38 38 16 4 39 1 9 38 17 12 1 38 25 24 9 16 24 45 25 16 24 42 40 24 33 42 25 30 12 1 17 17 4
split_gain=27553.8 132964 62902.6 170512 129864 94578.6 117809 117404 222069 118795 83394.4 47797.9 24792.2 16105.4 9232.64 32693.6 107750 15385.7 9137.28 30500.5 13373.9 19487.5 8933.04 10735.4 3608.78 5120.12 3776.24 3347 13863.9 13070.1 7321.58 8834.25 5956.36 4934.64 6462.31 3676.04 2463.86 2430.54 2408.98 2602.35 2129.88 11820.9 3880.75 2056.57 1919.84 1721.43 1648.92 1608.81 1492.32 1444.88 1005.16 1409.59 1333.64 1122.04 1354.83 1115.77 1113.72 974.041 904.053 1914.72 3633.15 3376.24
threshold=1.0000000180025095e-35 118.25845704753962 174.24529379641766 3.5000000000000004 1.5000000000000002 26.500000000000004 5.5000000000000009 46.500000000000007 2.6715000000000004 5.5000000000000009 26.950000000000003 49.500000000000007 3.5000000000000004 17.650000000000002 1.0000000180025095e-35 153.63228156400177 1.6370000000000002 4.5000000000000009 12.550000000000002 5.5000000000000009 138.93749470712774 5.5000000000000009 21.850000000000005 2.5000000000000004 11.500000000000002 40.500000000000007 3.5000000000000004 1.0000000180025095e-35 34.500000000000007 7.5000000000000009 7.5000000000000009 19.950000000000003 6.5000000000000009 4.5000000000000009 23.500000000000004 9.5000000000000018 8.5000000000000018 3.9195000000000007 0.40000000000000008 2.5000000000000004 10.500000000000002 2.5000000000000004 126.08572977481235 4.5000000000000009 28.750000000000004 111.67663886572144 4.5000000000000009 2.5000000000000004 34.45000000000001 121.35658951904365 16.500000000000004 36.500000000000007 113.62642035029192 1.0000000180025095e-35 10.500000000000002 4.5000000000000009 2.0000000000000004 0.95000000000000007 29.500000000000004 5.9385000000000003 5.4265000000000008 46.500000000000007
decision_type=2 2 2 2 2 2 2 2 2 2 2 2 2 2 2 2 2 2 2 2 2 2 2 2 2 2 2 2 2 2 2 2 2 2 2 2 2 2 2 2 2 2 2 2 2 2 2 2 2 2 2 2 2 2 2 2 2 2 2 2 2 2
left_child=1 43 14 -4 -5 6 7 9 -9 -6 11 12 13 -11 17 18 -17 22 19 -16 24 -22 23 -2 27 -26 -27 30 36 -30 31 32 -20 35 -35 45 -29 -34 44 46 41 -41 48 -1 -32 -33 -40 -45 49 50 53 52 -52 58 56 -53 -55 -56 -42 60 -60 -61
right_child=2 -3 3 4 5 -7 -8 8 -10 10 -12 -13 -14 -15 15 16 -18 -19 20 -21 21 -23 -24 -25 25 26 -28 28 29 -31 38 33 37 34 -36 -37 -38 -39 39 40 42 -43 -44 47 -46 -47 -48 -49 -50 -51 51 55 -54 54 57 -57 -58 -59 59 61 -62 -63
leaf_value=-0.20157726114210878 0.86947265487524783 -4.3413495674587432 3.7982302068441345 3.4722153244699756 2.7704013783137005 -3.3325777670315335 -2.9762370410332317 -0.65930173158645633 6.5835083141781041 -1.0065662075224375 -3.0306013709704085 1.6929629661810808 -2.0679102719348412 0.9292767614668066 -0.23384548914364794 3.4155385679858075 -0.68069062643929534 -1.4019772261065064 -1.3153634353876114 2.0862037688351811 -2.0045188405161554 -0.10216259727875393 -0.8434072654463094 -0.48245231194155552 0.17554897003173831 -1.2169384809335073 -0.29919164692914046 -0.69761696537335716 1.7919518068290892 0.0054470639001755489 0.0040862038616950695 -0.40107269969853487 -0.05606389603362634 0.92924244924025112 -0.13949115771055223 -0.85842970852851863 0.041886654143983668 -0.74920280597530875 -0.13353607672016796 -0.32966948857674233 0.060871308986097578 0.95756625030979969 -0.63410984878540033 0.099601357557155476 -0.56274272669811498 0.22492566825314003 -0.66957225587704905 0.67850944187978035 0.41262764028140481 0.27018344547260892 -0.086451311479172399 -0.13944693512230552 0.33598607987165452 -0.099469232651526518 0.25710413558327633 -0.52659373962879186 -0.59773862147917189 -0.16419491306823844 -0.040796177659796221 -0.013478825835115983 -0.69913596868515016 0.66041104775208692
leaf_weight=22 30 20 38 27 29 20 25 21 20 20 29 28 22 21 43 27 37 32 29 20 21 35 28 27 24 20 26 23 20 20 25 21 25 21 39 24 21 25 40 38 511 32 24 26 36 21 22 22 20 43 123 52 21 22 22 29 23 33 447 65 21 25
leaf_count=22 30 20 38 27 29 20 25 21 20 20 29 28 22 21 43 27 37 32 29 20 21 35 28 27 24 20 26 23 20 20 25 21 25 21 39 24 21 25 40 38 511 32 24 26 36 21 22 22 20 43 123 52 21 22 22 29 23 33 447 65 21 25
internal_value=0.00369139 -0.8517 0.0332441 0.713505 0.253342 -0.12961 0.182366 0.611404 2.94629 -0.0464054 -0.744445 0.00907813 -0.753996 -0.0164 -0.0544965 -0.0315317 1.07329 -0.485458 -0.0648745 0.523689 -0.0828688 -0.838285 -0.128068 0.231724 -0.0616561 -0.411904 -0.715721 -0.0489605 0.257989 0.920741 -0.0628151 -0.344103 -0.755098 -0.082459 0.243585 -0.378149 -0.351473 -0.410626 -0.0281805 -0.0164108 -0.00360949 0.26391 -0.0164268 0.192376 -0.334036 -0.0900055 -0.331431 0.373468 -0.00582082 -0.0119311 -0.0208244 -0.117353 -0.0229191 -0.00215661 -0.161463 -0.282848 -0.361707 0.00581729 0.0128781 -0.0310941 -0.0717754 0.178858
internal_weight=2723 90 2633 300 262 235 215 190 41 149 120 91 63 41 2333 2216 64 117 2152 63 2089 56 85 57 2033 70 46 1963 84 40 1879 205 79 126 60 66 44 50 1674 1613 1551 70 1481 70 61 42 62 48 1457 1437 1394 225 144 1169 100 81 45 55 1069 558 468 90
internal_count=2723 90 2633 300 262 235 215 190 41 149 120 91 63 41 2333 2216 64 117 2152 63 2089 56 85 57 2033 70 46 1963 84 40 1879 205 79 126 60 66 44 50 1674 1613 1551 70 1481 70 61 42 62 48 1457 1437 1394 225 144 1169 100 81 45 55 1069 558 468 90
is_linear=0
shrinkage=0.05


Tree=94
num_leaves=63
num_cat=0
split_feature=16 16 24 17 24 17 16 38 24 8 24 38 45 1 38 2 24 16 42 0 24 17 24 16 24 28 24 2 25 16 14 24 9 40 2 0 24 16 41 24 28 1 17 41 17 45 1 16 24 2 1 16 16 9 42 25 16 0 4 1 40 17
split_gain=25931.1 49141 217858 28415.7 83711.5 61007.7 22196.1 40338.8 155790 21083.6 126604 26971.7 85983.5 135654 57463.1 195826 386776 64233.5 58307.4 100912 148382 76397.2 41954.2 37910.4 40820.2 34206.1 63669.6 91239.2 29938.7 18975.3 16322 14870.4 14823.9 12436.9 9094.16 6995.49 6919.87 5549.63 5159.89 4428.99 23629.2 6633.17 3462.12 3305.74 3230.99 4060.46 2771.2 1818.68 1621.93 1392.6 1533.56 1328.85 2488.89 2607.8 2038.47 2014.29 1755.18 1973.86 1309.39 1636.15 1551.1 1239.15
threshold=35.45000000000001 32.850000000000001 121.35658951904365 9.2810000000000006 121.35658951904365 8.7230000000000025 32.45000000000001 11.500000000000002 153.63228156400177 1.0000000180025095e-35 133.40280164025577 10.500000000000002 6.5000000000000009 37.500000000000007 3.5000000000000004 1.5000000000000002 154.18644823066845 29.050000000000004 5.5000000000000009 3.5000000000000004 117.42663886572144 5.7805000000000009 168.72325618571034 14.850000000000003 174.24529379641766 14.500000000000002 175.33547094801227 3.5000000000000004 4.5000000000000009 22.050000000000004 1.0000000180025095e-35 117.89482068390326 4.5000000000000009 20.500000000000004 3.5000000000000004 4.5000000000000009 119.89451979213446 19.450000000000003 2.5000000000000004 126.08572977481235 2.5000000000000004 33.500000000000007 2.0760000000000005 1.5000000000000002 10.905500000000002 4.5000000000000009 25.500000000000004 19.450000000000003 117.72843587605057 1.5000000000000002 44.500000000000007 15.050000000000002 14.750000000000002 14.500000000000002 10.500000000000002 2.5000000000000004 15.750000000000002 2.5000000000000004 11.500000000000002 22.500000000000004 22.500000000000004 7.2025000000000015
decision_type=2 2 2 2 2 2 2 2 2 2 2 2 2 2 2 2 2 2 2 2 2 2 2 2 2 2 2 2 2 2 2 2 2 2 2 2 2 2 2 2 2 2 2 2 2 2 2 2 2 2 2 2 2 2 2 2 2 2 2 2 2 2
left_child=1 3 43 5 44 6 7 9 34 11 38 12 13 -1 17 -16 29 18 19 -14 -21 23 39 24 -20 26 30 -28 -24 -17 36 -27 -33 -30 -9 -31 42 -34 49 48 -41 -42 -25 -3 45 -5 -40 -46 51 -11 -51 52 53 54 -13 -56 57 -53 59 -50 -60 -58
right_child=-2 2 -4 4 -6 -7 -8 8 -10 10 -12 22 14 -15 15 16 -18 -19 21 20 -22 -23 28 25 -26 31 27 -29 33 35 -32 32 37 -35 -36 -37 -38 -39 46 40 41 -43 -44 -45 47 -47 -48 -49 58 50 -52 56 -54 -55 55 -57 61 -59 60 -61 -62 -63
leaf_value=5.3155366759073175 -1.7061739453402431 -0.61782137960195538 5.6184946841285353 0.072853913395493117 -3.3462869580268859 2.2197603631788687 -1.6308361794835045 -0.6861135774850845 4.6943649387359621 -0.018589393315387184 -3.7135687910185924 -0.29712648722433277 1.2289206985260051 -0.29004036944845452 -2.2569340578124333 0.94692946531555866 6.0850590536782612 -2.8745552766039264 -0.1747957476973534 0.034378528079908828 -5.8397345279511956 2.3697273760752102 -2.8174821741743528 0.25590521330492838 2.5947298988012171 -0.35500975792573108 -0.027003939368508079 -4.6361303381486376 -1.5455247399920511 0.12300070908936588 -1.2574689121723175 -0.1960835369427999 0.79175481319427488 0.019677064129800512 0.51492218070560025 -1.0459231474343686 0.87479422899392922 2.0097124652970919 0.080921401845084298 0.96884693980216974 -0.30701898582279685 -1.3116077396031973 -0.46394744803197679 0.098126119953213325 -0.087983124899864207 -0.80808603424292347 -0.57601399224819383 0.53813974388621078 0.050115598632443338 0.63944018831476568 0.10524646415114403 -0.10266259112528392 -0.68650913513842082 -0.44011876671761274 -0.048312045626151261 0.49850895652174948 -0.022757596882631133 0.54311491212674545 0.34363897344340449 0.57435089833041031 -0.14667530729469877 -0.23761947529183494
leaf_weight=20 21 31 20 26 24 30 20 37 21 28 26 30 23 22 36 32 37 20 27 22 20 36 21 34 25 36 21 21 20 21 24 20 20 32 26 31 25 21 26 23 31 36 31 32 24 25 40 21 30 31 24 20 20 39 38 29 994 27 22 29 53 71
leaf_count=20 21 31 20 26 24 30 20 37 21 28 26 30 23 22 36 32 37 20 27 22 20 36 21 34 25 36 21 21 20 21 24 20 20 32 26 31 25 21 26 23 31 36 31 32 24 25 40 21 30 31 24 20 20 39 38 29 994 27 22 29 53 71
internal_value=0.00348218 0.0173978 1.20781 -0.0207729 -0.769098 0.0154524 -0.0122173 0.00165954 1.07184 -0.036786 -0.563289 0.00552175 0.282925 2.44071 0.123555 0.938043 1.89936 -0.178103 -0.038524 -1.39909 -2.83346 0.224138 -0.105369 -0.0360116 1.18045 -0.289718 -0.746342 -2.38591 -1.26745 0.00570761 -0.126754 0.444718 0.914883 -0.600032 -0.190069 -0.58035 0.18522 1.4487 0.00748306 -0.0476971 -0.385734 -0.858222 -0.0891611 -0.258236 -0.0968937 -0.366119 -0.319801 0.209446 -0.0257342 0.268502 0.412469 -0.0432485 -0.179435 -0.100362 0.0392875 0.192149 -0.0239947 0.271798 0.139054 0.313152 -0.000154871 -0.0372959
internal_weight=2723 2702 83 2619 120 2499 2469 2449 84 2365 175 2190 625 42 583 157 121 426 406 65 42 341 1565 305 52 253 156 42 73 84 114 97 61 52 63 52 90 41 149 1492 90 67 65 63 96 51 66 45 1402 83 55 1268 156 136 97 67 1112 47 134 59 75 1065
internal_count=2723 2702 83 2619 120 2499 2469 2449 84 2365 175 2190 625 42 583 157 121 426 406 65 42 341 1565 305 52 253 156 42 73 84 114 97 61 52 63 52 90 41 149 1492 90 67 65 63 96 51 66 45 1402 83 55 1268 156 136 97 67 1112 47 134 59 75 1065
is_linear=0
shrinkage=0.05


Tree=95
num_leaves=63
num_cat=0
split_feature=16 16 24 17 24 17 16 1 1 45 42 24 24 8 17 17 16 16 1 28 9 16 9 28 17 24 4 9 24 24 0 45 24 41 41 17 45 16 0 4 17 17 45 16 16 16 24 28 9 24 40 41 0 2 28 45 45 25 16 17 28 45
split_gain=23514.5 44586.2 197589 25748.4 75870.3 55248 20132 19863.6 34619.6 47579.9 24034.1 82781.3 41141.2 103118 103186 132120 194420 156837 102629 81093.8 110920 79682.7 36233.9 28950.6 16323.4 15013.8 12007.2 9515.06 13696 13456 4116.72 12947 4846.15 3184.17 2993.26 2928.65 3679.44 2503.38 4830.79 2681.92 3041.97 2656.25 2523.95 3563.13 5455.56 3758.34 11851.3 3419.21 7219.73 3385.13 2325.83 2291.83 2069.4 1961.83 2069.67 1840.96 2474.37 1673.37 1649.12 1518.3 2525.39 2440.51
threshold=35.45000000000001 32.850000000000001 121.35658951904365 9.2810000000000006 121.35658951904365 8.7230000000000025 32.45000000000001 58.500000000000007 57.500000000000007 5.5000000000000009 4.5000000000000009 189.60845704753964 138.93749470712774 1.0000000180025095e-35 1.6570000000000003 4.2695000000000007 17.550000000000004 24.850000000000005 31.500000000000004 8.5000000000000018 2.5000000000000004 27.150000000000002 6.5000000000000009 2.5000000000000004 1.3530000000000004 114.29068042813458 7.5000000000000009 6.5000000000000009 121.97663886572143 118.89102328863798 14.500000000000002 5.5000000000000009 133.40280164025577 5.5000000000000009 1.5000000000000002 10.905500000000002 4.5000000000000009 30.450000000000003 10.500000000000002 51.500000000000007 4.5330000000000004 1.3350000000000002 9.5000000000000018 28.750000000000004 22.550000000000004 16.350000000000005 118.29939254934668 11.500000000000002 3.5000000000000004 107.94525229357799 23.500000000000004 2.5000000000000004 8.5000000000000018 1.5000000000000002 23.500000000000004 7.5000000000000009 3.5000000000000004 2.5000000000000004 19.450000000000003 7.1010000000000009 2.5000000000000004 1.5000000000000002
decision_type=2 2 2 2 2 2 2 2 2 2 2 2 2 2 2 2 2 2 2 2 2 2 2 2 2 2 2 2 2 2 2 2 2 2 2 2 2 2 2 2 2 2 2 2 2 2 2 2 2 2 2 2 2 2 2 2 2 2 2 2 2 2
left_child=1 3 34 5 35 6 7 8 10 -10 11 24 30 14 18 19 -17 -18 -14 23 -21 22 -22 -16 -1 -9 -24 29 33 53 32 -32 37 55 -3 36 -5 39 -39 42 41 -41 59 44 45 51 49 -46 -49 50 -47 -44 -51 -26 -55 56 -29 -58 -37 -12 -61 -62
right_child=-2 2 -4 4 -6 -7 -8 25 9 -11 12 -13 13 -15 15 16 17 -19 -20 20 21 -23 26 -25 27 -27 -28 28 -30 -31 31 -33 -34 -35 -36 58 -38 38 -40 40 -42 -43 43 -45 47 46 -48 48 -50 52 -52 -53 -54 54 -56 -57 57 -59 -60 60 61 -63
leaf_value=-1.1640529299122946 -1.6247429097782484 -0.58789566812571137 5.3509474173046296 0.069346115147625953 -3.1856650514781482 2.112352636206535 -1.5531772625446321 -0.20474060288457963 -0.33984835550898601 2.9792065411028656 -0.022645299718588092 -2.9043289047876999 5.1518817155838015 -2.8209531072207863 -0.46005092048645024 6.2748828198796236 -1.5988524664159529 3.9307454458872479 0.49956446481247752 -2.573746559818586 -1.2603356869842697 3.7253016509612404 1.9802589155280073 -2.5653441586861248 -0.46337594637164364 -2.0113950171144235 0.45229847397655248 0.4091464194841683 1.4304508536202567 -1.5019139815512157 -0.14329064072999692 1.3394124245643617 -0.80882873058319094 -0.34753893505367972 0.093368491385922292 -0.083759949851036075 -0.76923574099173919 -0.064369011368862417 0.82340342779954279 0.45948422154654633 0.65002137581507369 -0.1986180270896496 0.4044823896015684 -0.67490044307708741 -0.20812521050170979 -0.15426308569700822 -1.440529427009821 -0.14143822070115653 0.85064192851952147 -0.20047881068721896 -0.88223967220472255 -0.31103140625215714 0.43379961664026434 -0.20622116908240012 0.33638990073464814 0.58334494064251574 0.15577708282641003 -0.46355527527954266 0.51245581059293321 0.24123471548159922 -0.084082184777978589 -0.6952777439920288
leaf_weight=34 21 31 20 26 24 30 20 26 20 22 1061 29 24 20 29 20 32 20 23 23 22 23 22 38 26 20 31 31 20 20 44 21 20 35 32 24 25 42 23 22 26 45 23 34 48 22 24 38 34 30 22 20 21 38 31 23 20 22 21 20 33 32
leaf_count=34 21 31 20 26 24 30 20 26 20 22 1061 29 24 20 29 20 32 20 23 23 22 23 22 38 26 20 31 31 20 20 44 21 20 35 32 24 25 42 23 22 26 45 23 34 48 22 24 38 34 30 22 20 21 38 31 23 20 22 21 20 33 32
internal_value=0.00330089 0.0165523 1.15046 -0.0198063 -0.732144 0.0146768 -0.0116542 0.00156153 0.0214655 1.42744 -0.00413713 -0.399926 0.0601076 0.572932 0.80249 0.407549 2.2131 0.561859 2.93316 -0.291962 0.480894 1.21661 0.408313 -1.67434 -0.148973 -1.01643 1.11156 -0.015333 0.244971 -0.356332 -0.0385217 0.348697 -0.054075 0.0544781 -0.245727 -0.0921934 -0.348515 -0.0442607 0.257406 -0.0570311 0.201939 0.020981 -0.0736348 -0.198522 -0.138887 -0.327351 -0.471117 0.116101 0.332211 -0.213706 -0.529879 0.0720663 0.0639182 -0.101972 0.0388122 0.20317 0.0770572 -0.171755 0.199457 -0.0390509 -0.241128 -0.39103
internal_weight=2723 2702 83 2619 120 2499 2469 2449 2403 42 2361 329 2032 327 307 260 72 52 47 188 121 98 75 67 300 46 53 266 151 115 1705 65 1640 131 63 96 51 1620 65 1555 93 67 1462 316 282 162 119 120 72 95 44 43 51 95 69 96 73 42 45 1146 85 65
internal_count=2723 2702 83 2619 120 2499 2469 2449 2403 42 2361 329 2032 327 307 260 72 52 47 188 121 98 75 67 300 46 53 266 151 115 1705 65 1640 131 63 96 51 1620 65 1555 93 67 1462 316 282 162 119 120 72 95 44 43 51 95 69 96 73 42 45 1146 85 65
is_linear=0
shrinkage=0.05


Tree=96
num_leaves=63
num_cat=0
split_feature=38 24 24 28 4 43 40 28 2 28 16 45 24 4 24 24 16 16 24 12 28 24 24 0 24 45 39 16 40 42 24 24 29 3 16 42 40 40 24 24 45 16 2 24 38 2 24 40 16 28 42 0 0 16 28 28 24 16 45 45 40 24
split_gain=25113.5 113893 51171.7 148762 105893 136811 134925 82920.9 229269 149519 115565 60985.6 90660.6 24403.2 10158.4 17812.9 97567.9 7262.38 24350.1 4422.16 8305.53 5734.12 19688.2 5210.3 14255.7 7655.1 7381.6 11198.4 6248.87 6121.82 6086.61 5682.95 6068.8 4071.21 4006.96 4052.9 4006.54 3649.38 2695.32 2646.14 2628.4 2144.82 2066.3 2022.69 2587.22 1820.12 1613.46 1490.8 1319.57 1223.66 1017.55 1173.17 990.014 2428.42 1915.64 1725.45 1815.95 1376.49 1374.56 1224.49 1180.95 1382.2
threshold=1.0000000180025095e-35 118.25845704753962 174.24529379641766 1.0000000180025095e-35 12.500000000000002 1.0000000180025095e-35 40.500000000000007 10.500000000000002 2.5000000000000004 4.5000000000000009 27.050000000000004 8.5000000000000018 310.02151185015293 6.5000000000000009 165.94043577981654 153.63228156400177 19.950000000000003 13.050000000000002 116.09484709480124 0.40000000000000008 18.500000000000004 145.43499860995277 140.96336548573086 14.500000000000002 115.61300250208508 9.5000000000000018 3.5000000000000004 18.450000000000003 37.500000000000007 13.500000000000002 118.11619811381279 126.08572977481235 1.0000000180025095e-35 3.5000000000000004 27.350000000000005 10.500000000000002 35.500000000000007 43.500000000000007 104.32059515408139 124.94936613844872 4.5000000000000009 22.550000000000004 3.5000000000000004 122.49446830692244 8.5000000000000018 2.5000000000000004 110.56608562691135 33.500000000000007 13.65 18.500000000000004 16.500000000000004 11.500000000000002 9.5000000000000018 31.950000000000003 1.0000000180025095e-35 44.500000000000007 117.72843587605057 31.550000000000004 4.5000000000000009 1.5000000000000002 46.500000000000007 106.12492022337456
decision_type=2 2 2 2 2 2 2 2 2 2 2 2 2 2 2 2 2 2 2 2 2 2 2 2 2 2 2 2 2 2 2 2 2 2 2 2 2 2 2 2 2 2 2 2 2 2 2 2 2 2 2 2 2 2 2 2 2 2 2 2 2 2
left_child=1 47 14 -4 5 11 -7 9 -9 -6 -10 -5 -13 -14 15 17 -17 18 45 20 -19 22 23 25 29 39 30 28 33 40 37 32 34 -28 35 -29 -36 -27 -39 43 -25 -37 -43 44 -21 -2 -22 -1 -46 -40 52 -52 57 54 59 56 58 -50 -56 -54 61 -60
right_child=2 -3 3 4 7 6 -8 8 10 -11 -12 12 13 -15 -16 16 -18 19 -20 21 46 -23 -24 24 -26 26 27 31 -30 -31 -32 -33 -34 -35 36 41 -38 38 49 -41 -42 42 -44 -45 48 -47 -48 -49 50 -51 51 -53 53 -55 55 -57 -58 -59 60 -61 -62 -63
leaf_value=0.36703379329882169 0.17562848999219782 -4.043039794535864 4.5100709876806837 -1.4134526085131096 0.38180505322782615 -0.14764535199040954 -5.6923556298559363 -4.2332295290629069 -0.50467523711068296 5.0605279287695888 4.7830345991679604 3.9567233273528872 -1.1217387391130129 0.97379653872865612 -0.96184064710140227 -1.4430967100461325 2.9453975366663054 -1.0330018724062864 1.8296826257488945 -0.46362234013155101 0.2498623328242037 0.58381870024344495 -1.5940974539802188 -0.031633497541149455 1.4214412789317694 -0.81271834815249722 -0.80858018493279804 0.48743747258186343 -1.3119793780644735 0.58552900402634234 -1.2387604913966996 0.70400336170196542 0.56144406303763394 0.069468446587522825 -0.022553519180842811 -0.53628855475063986 -0.95766570064756606 -0.63411518780958076 -0.20580113166052363 -0.45167134543827603 -0.75772569252686062 0.36306667563590139 -0.33035138226690752 0.46405765148726386 -0.31687387257814414 -0.33839238485268186 -0.31358151096229753 -0.090025979553842381 -0.0028820474572031876 0.31015300989151001 -0.053506197671477622 -0.38854782361785573 0.087114506336775699 0.48441791090895148 -0.14268121171628639 0.35974224362642537 0.36070417385410386 -0.34845993751287463 0.41936260765527972 0.63223191093830833 -0.23816123440152126 -0.021578932631466735
leaf_weight=37 33 20 22 32 37 22 21 20 20 31 20 20 23 32 29 23 26 33 21 31 26 33 20 29 21 33 23 29 23 26 27 29 33 29 20 28 26 20 22 34 21 21 20 21 33 34 23 33 731 22 207 29 21 33 195 30 26 29 33 20 20 37
leaf_count=37 33 20 22 32 37 22 21 20 20 31 20 20 23 32 29 23 26 33 21 31 26 33 20 29 21 33 23 29 23 26 27 29 33 29 20 28 26 20 22 34 21 21 20 21 33 34 23 33 731 22 207 29 21 33 195 30 26 29 33 20 20 37
internal_value=0.00325459 -0.813378 0.0314685 0.645027 0.324073 -0.575973 -2.92347 1.37514 0.0153726 2.55725 2.19123 0.385702 1.1619 0.0930099 -0.0476693 -0.0357483 0.897728 -0.0564234 0.386299 -0.0745742 -0.432551 -0.0602925 -0.0709328 -0.0551618 0.300582 -0.0731436 -0.266155 -0.123439 -0.642229 -0.0235024 -0.585952 0.067606 -0.0400037 -0.326733 -0.180791 0.00117014 -0.560332 -0.393406 -0.167943 -0.0219085 -0.345568 -0.207175 0.024883 -0.0118427 -0.0189314 -0.0862848 -0.0154935 0.153259 -0.00906702 0.0532243 -0.00164528 -0.0961634 0.0174002 0.0794136 0.0432398 0.00396915 -0.0313768 -0.0165157 -0.0682992 0.361866 0.0926038 0.189202
internal_weight=2723 90 2633 300 278 150 43 128 60 68 40 107 75 55 2333 2304 49 2255 88 2167 82 2085 2052 2032 97 1935 405 281 75 76 124 206 177 52 144 98 46 97 64 1530 50 69 41 1496 1475 67 49 70 1444 44 1411 236 1175 415 382 341 311 760 285 41 90 70
internal_count=2723 90 2633 300 278 150 43 128 60 68 40 107 75 55 2333 2304 49 2255 88 2167 82 2085 2052 2032 97 1935 405 281 75 76 124 206 177 52 144 98 46 97 64 1530 50 69 41 1496 1475 67 49 70 1444 44 1411 236 1175 415 382 341 311 760 285 41 90 70
is_linear=0
shrinkage=0.05


end of trees

feature_importances:
reporter_avg_duration_shrunk=949
temperature_c=481
start_minute=475
reporter_event_count=475
nearest_landmark_km=448
time_slot=392
hotspot_event_count=385
veh_type_clean=294
days_to_next_holiday=288
event_cause=278
start_dow=221
start_hour=202
start_week=169
time_of_day=169
zone=116
lane_block_factor=111
corridor=103
weather_visibility_factor=85
start_month=66
priority=38
segment_length_km=35
desc_has_traffic_slow=34
event_type=33
desc_has_construction=30
is_near_tech_hub=21
desc_in_kannada=19
desc_has_bus=15
is_peak_hour=13
is_ipl_day=8
is_weekend=7
vehicle_breakdown_freq=7
requires_road_closure=6
is_fog_event=5
is_public_holiday=4
is_near_stadium=3
is_pre_holiday=2
is_near_transit=2
desc_has_water=2
is_office_return=1
is_storm_event=1
is_chronic_vehicle=1

parameters:
[boosting: gbdt]
[objective: regression]
[metric: l1]
[tree_learner: serial]
[device_type: cpu]
[data_sample_strategy: bagging]
[data: ]
[valid: ]
[num_iterations: 97]
[learning_rate: 0.05]
[num_leaves: 63]
[num_threads: 16]
[seed: 42]
[deterministic: 0]
[force_col_wise: 0]
[force_row_wise: 0]
[histogram_pool_size: -1]
[max_depth: -1]
[min_data_in_leaf: 20]
[min_sum_hessian_in_leaf: 0.001]
[bagging_fraction: 0.8]
[pos_bagging_fraction: 1]
[neg_bagging_fraction: 1]
[bagging_freq: 0]
[bagging_seed: 400]
[bagging_by_query: 0]
[feature_fraction: 0.8]
[feature_fraction_bynode: 1]
[feature_fraction_seed: 30056]
[extra_trees: 0]
[extra_seed: 12879]
[early_stopping_round: 0]
[early_stopping_min_delta: 0]
[first_metric_only: 0]
[max_delta_step: 0]
[lambda_l1: 0.1]
[lambda_l2: 1]
[linear_lambda: 0]
[min_gain_to_split: 0]
[drop_rate: 0.1]
[max_drop: 50]
[skip_drop: 0.5]
[xgboost_dart_mode: 0]
[uniform_drop: 0]
[drop_seed: 17869]
[top_rate: 0.2]
[other_rate: 0.1]
[min_data_per_group: 100]
[max_cat_threshold: 32]
[cat_l2: 10]
[cat_smooth: 10]
[max_cat_to_onehot: 4]
[top_k: 20]
[monotone_constraints: ]
[monotone_constraints_method: basic]
[monotone_penalty: 0]
[feature_contri: ]
[forcedsplits_filename: ]
[refit_decay_rate: 0.9]
[cegb_tradeoff: 1]
[cegb_penalty_split: 0]
[cegb_penalty_feature_lazy: ]
[cegb_penalty_feature_coupled: ]
[path_smooth: 0]
[interaction_constraints: ]
[verbosity: -1]
[saved_feature_importance_type: 0]
[use_quantized_grad: 0]
[num_grad_quant_bins: 4]
[quant_train_renew_leaf: 0]
[stochastic_rounding: 1]
[linear_tree: 0]
[max_bin: 255]
[max_bin_by_feature: ]
[min_data_in_bin: 3]
[bin_construct_sample_cnt: 200000]
[data_random_seed: 175]
[is_enable_sparse: 1]
[enable_bundle: 1]
[use_missing: 1]
[zero_as_missing: 0]
[feature_pre_filter: 1]
[pre_partition: 0]
[two_round: 0]
[header: 0]
[label_column: ]
[weight_column: ]
[group_column: ]
[ignore_column: ]
[categorical_feature: ]
[forcedbins_filename: ]
[precise_float_parser: 0]
[parser_config_file: ]
[objective_seed: 16083]
[num_class: 1]
[is_unbalance: 0]
[scale_pos_weight: 1]
[sigmoid: 1]
[boost_from_average: 1]
[reg_sqrt: 0]
[alpha: 0.9]
[fair_c: 1]
[poisson_max_delta_step: 0.7]
[tweedie_variance_power: 1.5]
[lambdarank_truncation_level: 30]
[lambdarank_norm: 1]
[label_gain: ]
[lambdarank_position_bias_regularization: 0]
[eval_at: ]
[multi_error_top_k: 1]
[auc_mu_weights: ]
[num_machines: 1]
[local_listen_port: 12400]
[time_out: 120]
[machine_list_filename: ]
[machines: ]
[gpu_platform_id: -1]
[gpu_device_id: -1]
[gpu_use_dp: 0]
[num_gpu: 1]

end of parameters

pandas_categorical:[]
